1,1,0.00,8.84,351.23,1061.90,0.9275,-1,-1,-1
1,2,874.76,152.63,238.79,626.83,0.8143,-1,-1,-1
1,3,546.17,271.39,94.47,315.83,0.8116,-1,-1,-1
1,4,404.00,277.98,107.39,319.40,0.8107,-1,-1,-1
1,5,740.97,330.79,42.18,124.89,0.4069,-1,-1,-1
1,6,1058.82,293.51,82.78,324.75,0.4011,-1,-1,-1
1,7,798.29,307.64,46.05,140.85,0.3545,-1,-1,-1
2,1,-0.19,5.72,345.40,1064.81,0.9308,-1,-1,-1
2,2,870.35,148.90,234.66,629.23,0.8053,-1,-1,-1
2,3,542.48,266.61,95.31,321.89,0.8085,-1,-1,-1
2,4,397.84,274.29,110.57,321.36,0.8141,-1,-1,-1
2,5,739.89,330.34,41.61,121.82,0.2920,-1,-1,-1
2,6,1054.03,291.67,86.89,329.74,0.4815,-1,-1,-1
2,7,798.16,305.51,47.86,141.02,0.2866,-1,-1,-1
3,1,-0.37,4.82,339.44,1063.66,0.9292,-1,-1,-1
3,2,865.38,152.04,227.18,628.16,0.8283,-1,-1,-1
3,3,536.80,266.02,96.78,326.76,0.8044,-1,-1,-1
3,4,390.93,274.43,108.92,322.74,0.8449,-1,-1,-1
3,5,738.34,329.93,39.77,123.39,0.3180,-1,-1,-1
3,6,1048.53,293.74,90.70,333.27,0.5741,-1,-1,-1
3,7,795.88,309.43,47.57,138.81,0.2800,-1,-1,-1
4,1,-0.26,3.24,327.06,1062.28,0.9252,-1,-1,-1
4,2,868.50,152.94,218.35,629.07,0.8343,-1,-1,-1
4,3,531.79,264.77,96.26,329.16,0.8074,-1,-1,-1
4,4,381.99,271.26,111.50,327.20,0.8422,-1,-1,-1
4,5,733.39,325.67,40.96,128.23,0.4030,-1,-1,-1
4,6,1044.03,292.93,91.18,342.38,0.5792,-1,-1,-1
4,7,793.10,318.24,41.99,128.19,0.2214,-1,-1,-1
5,1,-0.15,2.66,312.04,1063.02,0.9159,-1,-1,-1
5,2,876.97,151.48,207.00,636.31,0.8185,-1,-1,-1
5,3,526.25,262.11,97.42,334.17,0.8089,-1,-1,-1
5,4,376.12,265.20,111.69,331.71,0.8343,-1,-1,-1
5,5,730.28,321.50,43.15,126.96,0.3939,-1,-1,-1
5,6,1046.93,291.77,85.10,344.62,0.5789,-1,-1,-1
5,7,789.61,322.42,42.28,118.60,0.2389,-1,-1,-1
5,8,691.09,333.15,38.15,111.03,0.3966,-1,-1,-1
6,1,0.29,16.15,292.35,1056.26,0.8776,-1,-1,-1
6,2,883.76,151.02,197.87,628.73,0.8032,-1,-1,-1
6,3,520.23,262.00,100.99,335.93,0.7973,-1,-1,-1
6,4,371.80,262.11,111.27,334.81,0.8306,-1,-1,-1
6,5,728.14,323.15,39.84,115.66,0.3995,-1,-1,-1
6,6,1045.98,293.04,82.44,345.87,0.5868,-1,-1,-1
6,7,787.23,321.40,40.65,117.64,0.3035,-1,-1,-1
6,8,687.91,333.51,39.39,115.03,0.4193,-1,-1,-1
7,1,0.64,62.41,273.48,1009.54,0.9035,-1,-1,-1
7,2,890.80,153.08,189.57,622.09,0.8162,-1,-1,-1
7,3,515.37,260.18,102.20,343.62,0.7800,-1,-1,-1
7,4,364.02,261.06,113.77,338.16,0.8224,-1,-1,-1
7,5,726.02,321.99,39.53,121.51,0.4658,-1,-1,-1
7,6,1041.67,296.25,84.14,347.10,0.6038,-1,-1,-1
7,7,784.97,317.90,40.63,123.54,0.3463,-1,-1,-1
7,8,684.90,332.77,41.42,119.96,0.4066,-1,-1,-1
7,9,864.18,253.88,80.06,308.39,0.5747,-1,-1,-1
8,1,0.70,85.53,258.66,986.51,0.8960,-1,-1,-1
8,2,890.96,153.40,188.81,626.28,0.7932,-1,-1,-1
8,3,511.09,262.67,102.07,345.95,0.8154,-1,-1,-1
8,4,354.37,260.47,118.02,341.97,0.8266,-1,-1,-1
8,5,723.50,321.60,40.80,125.49,0.5086,-1,-1,-1
8,6,1037.78,299.56,86.97,347.17,0.6753,-1,-1,-1
8,7,782.87,307.84,47.36,138.53,0.4135,-1,-1,-1
8,8,682.47,332.53,40.63,121.57,0.5014,-1,-1,-1
8,9,862.95,263.34,73.82,300.91,0.5864,-1,-1,-1
9,1,0.21,100.33,227.77,972.85,0.8637,-1,-1,-1
9,2,888.98,154.66,186.86,625.80,0.7893,-1,-1,-1
9,3,506.54,262.88,103.27,344.85,0.8362,-1,-1,-1
9,4,348.01,260.83,119.97,343.81,0.8185,-1,-1,-1
9,5,721.35,321.43,39.39,129.96,0.5791,-1,-1,-1
9,6,1036.31,303.26,85.22,348.70,0.6622,-1,-1,-1
9,7,782.17,306.77,43.54,140.49,0.3869,-1,-1,-1
9,8,679.72,333.76,38.17,121.54,0.4068,-1,-1,-1
9,9,862.19,264.53,72.43,300.30,0.5883,-1,-1,-1
10,1,0.72,108.58,206.27,961.30,0.7273,-1,-1,-1
10,2,883.15,157.01,188.30,623.59,0.8159,-1,-1,-1
10,3,500.32,264.60,106.67,347.35,0.8257,-1,-1,-1
10,4,344.63,259.93,118.42,346.90,0.8080,-1,-1,-1
10,5,720.16,323.72,40.18,131.23,0.5863,-1,-1,-1
10,6,1036.38,301.65,82.87,352.78,0.7006,-1,-1,-1
10,7,777.98,300.28,47.97,151.59,0.4918,-1,-1,-1
10,8,676.66,336.01,40.74,123.57,0.4882,-1,-1,-1
10,9,861.53,262.12,72.33,302.87,0.5659,-1,-1,-1
11,1,1.00,113.43,178.58,954.57,0.7331,-1,-1,-1
11,2,880.32,157.01,187.58,628.61,0.8167,-1,-1,-1
11,3,493.76,263.23,109.64,352.68,0.8230,-1,-1,-1
11,4,337.84,261.84,121.11,348.99,0.7893,-1,-1,-1
11,5,719.06,325.81,39.22,130.13,0.5185,-1,-1,-1
11,6,1037.91,298.04,76.60,358.96,0.6632,-1,-1,-1
11,7,776.84,312.87,47.50,140.64,0.5637,-1,-1,-1
11,8,675.86,340.19,40.95,118.92,0.4722,-1,-1,-1
11,9,861.86,274.40,68.10,292.48,0.5335,-1,-1,-1
12,1,0.87,119.18,160.55,761.07,0.7881,-1,-1,-1
12,2,872.50,158.24,188.93,631.38,0.8355,-1,-1,-1
12,3,490.17,259.89,110.97,357.69,0.7972,-1,-1,-1
12,4,327.33,264.35,127.36,351.48,0.8275,-1,-1,-1
12,5,717.97,327.01,40.96,131.77,0.5497,-1,-1,-1
12,6,1037.18,297.13,72.80,361.79,0.6771,-1,-1,-1
12,7,774.42,317.83,51.47,136.54,0.5499,-1,-1,-1
12,8,674.03,339.85,40.90,121.06,0.4353,-1,-1,-1
12,9,863.53,250.43,67.13,315.55,0.3896,-1,-1,-1
12,10,828.34,323.69,43.53,122.98,0.3626,-1,-1,-1
13,1,0.88,139.28,139.80,625.64,0.8204,-1,-1,-1
13,2,864.36,156.16,195.06,637.26,0.8252,-1,-1,-1
13,3,483.73,256.63,114.12,361.59,0.8270,-1,-1,-1
13,4,319.20,264.77,133.19,355.51,0.8304,-1,-1,-1
13,5,717.15,327.56,40.67,132.97,0.4866,-1,-1,-1
13,6,1035.86,299.01,73.26,355.83,0.6957,-1,-1,-1
13,7,772.63,320.44,52.25,134.53,0.5424,-1,-1,-1
13,8,672.79,340.43,39.96,122.74,0.4348,-1,-1,-1
13,9,864.74,246.32,65.08,315.66,0.2633,-1,-1,-1
13,10,829.07,326.20,43.74,121.13,0.4358,-1,-1,-1
14,1,0.61,174.80,117.61,579.20,0.8184,-1,-1,-1
14,2,855.93,153.79,200.75,642.80,0.7865,-1,-1,-1
14,3,479.18,255.20,115.65,364.46,0.8363,-1,-1,-1
14,4,313.45,266.12,136.01,358.74,0.8352,-1,-1,-1
14,5,715.33,327.36,43.51,133.73,0.5339,-1,-1,-1
14,6,1034.16,293.36,73.79,358.53,0.6846,-1,-1,-1
14,7,772.66,323.07,48.95,130.89,0.5632,-1,-1,-1
14,8,672.08,342.24,37.88,120.80,0.3723,-1,-1,-1
14,9,866.55,275.23,61.21,285.43,0.1842,-1,-1,-1
14,10,828.43,325.71,44.05,122.23,0.4667,-1,-1,-1
15,1,0.35,231.30,85.98,542.46,0.5556,-1,-1,-1
15,2,844.23,153.38,207.72,639.46,0.7982,-1,-1,-1
15,3,474.99,256.55,119.30,363.05,0.8392,-1,-1,-1
15,4,313.22,268.97,133.80,360.05,0.8285,-1,-1,-1
15,5,714.02,329.65,45.67,131.45,0.5303,-1,-1,-1
15,6,1030.38,285.57,77.44,367.96,0.6677,-1,-1,-1
15,7,772.32,323.17,47.99,129.81,0.5429,-1,-1,-1
15,8,671.65,345.14,35.02,113.98,0.4073,-1,-1,-1
15,10,827.84,328.63,43.81,120.58,0.4350,-1,-1,-1
16,2,837.75,153.74,212.99,640.34,0.8021,-1,-1,-1
16,3,472.08,256.93,122.69,366.09,0.8448,-1,-1,-1
16,4,309.42,270.28,135.36,365.13,0.8398,-1,-1,-1
16,5,713.62,330.86,45.78,130.98,0.5309,-1,-1,-1
16,6,1027.19,278.20,81.50,376.99,0.6333,-1,-1,-1
16,7,771.13,324.10,49.43,129.21,0.5743,-1,-1,-1
16,8,671.02,348.76,32.99,109.95,0.4415,-1,-1,-1
16,10,828.36,333.05,42.70,116.99,0.4193,-1,-1,-1
17,2,834.94,155.14,216.89,642.72,0.8271,-1,-1,-1
17,3,470.71,258.86,123.95,367.74,0.8427,-1,-1,-1
17,4,307.84,274.61,134.57,367.66,0.8503,-1,-1,-1
17,5,713.28,330.82,46.74,134.71,0.5726,-1,-1,-1
17,6,1023.94,276.00,86.76,378.92,0.6610,-1,-1,-1
17,7,770.48,326.02,51.53,129.26,0.5935,-1,-1,-1
17,8,671.06,348.08,32.93,116.31,0.4482,-1,-1,-1
17,10,829.21,338.13,41.55,116.23,0.4209,-1,-1,-1
18,2,836.28,158.27,215.28,651.58,0.8572,-1,-1,-1
18,3,468.57,260.04,126.78,373.06,0.8379,-1,-1,-1
18,4,308.74,278.63,133.25,369.70,0.8302,-1,-1,-1
18,5,714.00,333.33,46.83,135.95,0.4783,-1,-1,-1
18,6,1021.65,261.72,89.09,392.23,0.6973,-1,-1,-1
18,7,771.80,320.67,50.81,139.52,0.4272,-1,-1,-1
18,8,671.60,351.45,33.13,117.55,0.2545,-1,-1,-1
18,10,829.39,340.13,42.23,117.33,0.3604,-1,-1,-1
19,2,841.47,160.72,205.16,657.00,0.8587,-1,-1,-1
19,3,466.64,264.50,130.29,378.33,0.8214,-1,-1,-1
19,4,297.94,281.95,143.31,377.11,0.8302,-1,-1,-1
19,5,715.23,338.23,46.12,138.08,0.4880,-1,-1,-1
19,6,1016.20,257.47,94.06,398.23,0.7188,-1,-1,-1
19,7,772.48,331.06,50.97,133.05,0.5109,-1,-1,-1
19,8,670.78,356.71,33.70,120.80,0.2714,-1,-1,-1
19,10,830.35,347.62,44.33,112.90,0.3052,-1,-1,-1
20,2,845.57,167.09,197.90,655.98,0.8635,-1,-1,-1
20,3,467.69,271.58,130.74,379.84,0.8269,-1,-1,-1
20,4,296.74,287.40,145.86,379.36,0.8285,-1,-1,-1
20,5,717.60,342.87,44.00,139.93,0.5283,-1,-1,-1
20,6,1012.64,252.17,98.32,408.10,0.7664,-1,-1,-1
20,7,773.28,335.12,51.83,131.99,0.5675,-1,-1,-1
20,8,670.32,361.44,35.86,119.73,0.1552,-1,-1,-1
20,10,829.03,356.25,48.00,108.02,0.3499,-1,-1,-1
21,2,860.01,170.21,188.69,657.13,0.8511,-1,-1,-1
21,3,472.67,274.25,133.97,387.05,0.8126,-1,-1,-1
21,4,303.48,288.98,146.24,383.84,0.8443,-1,-1,-1
21,5,725.94,346.35,40.48,119.04,0.2310,-1,-1,-1
21,6,1017.11,249.09,105.42,415.03,0.8082,-1,-1,-1
21,7,775.88,336.35,57.33,131.78,0.3785,-1,-1,-1
22,2,880.55,169.52,187.39,660.39,0.8536,-1,-1,-1
22,3,493.03,276.21,130.68,390.95,0.8249,-1,-1,-1
22,4,321.40,289.21,145.32,386.95,0.8277,-1,-1,-1
22,5,743.98,349.35,41.58,132.48,0.5238,-1,-1,-1
22,6,1032.69,249.50,107.83,419.33,0.7957,-1,-1,-1
22,7,796.23,339.96,54.44,135.17,0.5635,-1,-1,-1
23,2,886.29,171.14,188.82,664.18,0.8619,-1,-1,-1
23,3,506.16,280.70,129.85,393.79,0.8267,-1,-1,-1
23,4,331.18,291.55,145.69,387.97,0.8291,-1,-1,-1
23,5,754.34,351.27,45.43,132.18,0.3740,-1,-1,-1
23,6,1041.27,252.38,112.41,422.73,0.8008,-1,-1,-1
23,7,809.12,355.42,55.15,126.13,0.2021,-1,-1,-1
23,8,705.65,367.18,39.80,126.11,0.4193,-1,-1,-1
24,2,885.08,172.02,198.44,664.59,0.8682,-1,-1,-1
24,3,516.33,283.70,131.35,396.86,0.8446,-1,-1,-1
24,4,341.02,292.67,147.08,391.33,0.8329,-1,-1,-1
24,5,766.86,351.63,43.70,136.64,0.5114,-1,-1,-1
24,6,1048.10,254.47,118.98,419.60,0.8174,-1,-1,-1
24,7,823.01,350.40,50.39,130.38,0.5157,-1,-1,-1
24,8,716.34,367.79,41.50,126.47,0.5332,-1,-1,-1
25,2,881.53,172.47,207.03,661.70,0.8634,-1,-1,-1
25,3,524.53,284.74,134.43,403.78,0.8443,-1,-1,-1
25,4,353.14,294.50,146.37,390.26,0.8319,-1,-1,-1
25,5,778.19,351.99,46.98,139.44,0.4213,-1,-1,-1
25,6,1058.06,256.39,123.31,420.15,0.8357,-1,-1,-1
25,8,730.56,368.40,40.40,129.21,0.4549,-1,-1,-1
26,2,883.84,173.96,214.19,657.40,0.8694,-1,-1,-1
26,3,539.19,291.93,132.45,405.56,0.7980,-1,-1,-1
26,4,364.82,295.60,149.93,395.27,0.8538,-1,-1,-1
26,5,793.99,353.69,45.80,135.17,0.3048,-1,-1,-1
26,6,1067.69,259.98,131.81,423.18,0.8315,-1,-1,-1
26,8,744.74,375.28,40.82,122.64,0.3272,-1,-1,-1
27,2,884.71,176.80,223.63,657.76,0.8630,-1,-1,-1
27,3,553.21,294.17,133.13,411.37,0.8311,-1,-1,-1
27,4,379.97,299.57,146.52,397.63,0.8406,-1,-1,-1
27,5,807.18,355.59,49.27,136.98,0.3705,-1,-1,-1
27,6,1081.29,265.16,136.50,421.73,0.8297,-1,-1,-1
27,8,761.54,378.34,38.38,125.70,0.3312,-1,-1,-1
27,11,1874.67,551.71,48.77,204.46,0.3681,-1,-1,-1
28,2,884.39,184.03,231.44,658.46,0.8748,-1,-1,-1
28,3,561.19,299.87,132.54,413.66,0.8469,-1,-1,-1
28,4,385.02,305.82,148.18,399.25,0.8610,-1,-1,-1
28,5,816.98,363.22,44.40,133.35,0.4375,-1,-1,-1
28,6,1086.89,272.75,139.39,419.02,0.8357,-1,-1,-1
28,8,768.91,383.02,39.20,126.38,0.4181,-1,-1,-1
29,2,884.13,190.90,227.62,659.48,0.8794,-1,-1,-1
29,3,565.12,301.44,133.75,417.26,0.8639,-1,-1,-1
29,4,391.36,310.03,144.04,404.20,0.8420,-1,-1,-1
29,5,820.72,367.97,45.08,141.46,0.5042,-1,-1,-1
29,6,1091.16,278.43,143.05,426.98,0.8127,-1,-1,-1
29,8,773.43,387.33,40.60,128.76,0.3731,-1,-1,-1
30,2,887.60,195.80,226.31,661.04,0.8922,-1,-1,-1
30,3,569.46,301.18,136.68,418.01,0.8520,-1,-1,-1
30,4,397.34,312.70,144.40,411.01,0.8393,-1,-1,-1
30,5,827.62,371.09,47.90,141.69,0.4914,-1,-1,-1
30,6,1097.90,281.54,149.28,432.01,0.8319,-1,-1,-1
30,8,783.95,390.82,38.10,127.57,0.2927,-1,-1,-1
31,2,888.38,201.58,227.47,664.37,0.8832,-1,-1,-1
31,3,573.41,302.82,136.73,420.27,0.8358,-1,-1,-1
31,4,400.73,317.93,144.89,417.32,0.8434,-1,-1,-1
31,5,836.47,378.60,44.67,139.56,0.5141,-1,-1,-1
31,6,1102.14,285.44,153.48,435.73,0.8545,-1,-1,-1
31,8,790.26,394.26,40.23,126.47,0.4837,-1,-1,-1
32,2,889.26,208.63,230.66,667.97,0.8843,-1,-1,-1
32,3,577.64,305.37,135.17,427.67,0.8522,-1,-1,-1
32,4,402.55,323.19,145.23,419.25,0.8573,-1,-1,-1
32,5,841.44,381.28,43.27,145.00,0.5936,-1,-1,-1
32,6,1104.04,290.26,155.77,433.60,0.8577,-1,-1,-1
32,8,793.87,399.58,44.28,127.50,0.3946,-1,-1,-1
33,2,892.41,213.65,232.61,669.90,0.8824,-1,-1,-1
33,3,580.74,308.10,138.11,431.32,0.8463,-1,-1,-1
33,4,404.28,328.96,147.78,419.73,0.8584,-1,-1,-1
33,5,846.31,388.03,44.26,145.27,0.5300,-1,-1,-1
33,6,1106.31,298.06,161.78,431.55,0.8556,-1,-1,-1
33,8,799.08,402.87,43.06,127.28,0.3540,-1,-1,-1
34,2,894.08,219.72,238.66,672.60,0.8748,-1,-1,-1
34,3,584.97,309.57,136.52,434.34,0.8411,-1,-1,-1
34,4,402.04,332.86,149.22,425.85,0.8417,-1,-1,-1
34,5,848.72,392.52,46.98,147.16,0.5580,-1,-1,-1
34,6,1108.35,302.59,163.90,426.12,0.8549,-1,-1,-1
34,8,801.19,407.44,46.83,129.69,0.3366,-1,-1,-1
35,2,899.04,227.28,236.86,676.19,0.8777,-1,-1,-1
35,3,588.52,313.80,135.85,439.24,0.8298,-1,-1,-1
35,4,399.10,337.04,151.01,433.52,0.8270,-1,-1,-1
35,5,850.49,397.41,48.14,146.85,0.5382,-1,-1,-1
35,6,1110.21,307.05,165.87,421.66,0.8460,-1,-1,-1
35,8,803.28,409.90,48.96,133.57,0.4802,-1,-1,-1
36,2,903.44,233.72,233.47,678.43,0.8840,-1,-1,-1
36,3,590.88,318.72,138.96,442.31,0.8215,-1,-1,-1
36,4,394.20,341.16,152.06,439.74,0.8544,-1,-1,-1
36,5,856.07,406.40,46.65,139.45,0.2913,-1,-1,-1
36,6,1112.85,311.70,164.49,420.00,0.8511,-1,-1,-1
36,8,805.22,413.91,50.04,134.50,0.4317,-1,-1,-1
37,2,904.60,241.89,232.71,678.01,0.8903,-1,-1,-1
37,3,592.92,322.95,135.98,446.69,0.8043,-1,-1,-1
37,4,389.93,343.99,150.03,446.29,0.8667,-1,-1,-1
37,5,860.62,413.88,43.97,134.52,0.4539,-1,-1,-1
37,6,1117.02,315.80,163.13,424.18,0.8437,-1,-1,-1
37,8,806.47,422.48,50.71,130.91,0.3632,-1,-1,-1
38,2,909.83,248.60,228.92,677.62,0.8889,-1,-1,-1
38,3,594.00,328.68,135.53,450.52,0.8260,-1,-1,-1
38,4,383.36,348.10,152.67,448.93,0.8689,-1,-1,-1
38,5,864.54,418.16,41.28,135.84,0.6132,-1,-1,-1
38,6,1118.07,321.41,163.86,422.15,0.8462,-1,-1,-1
38,8,808.03,431.57,53.04,129.88,0.3789,-1,-1,-1
39,2,918.35,255.46,222.49,679.17,0.8845,-1,-1,-1
39,3,592.04,333.75,138.06,459.35,0.8165,-1,-1,-1
39,4,377.23,352.05,156.10,453.23,0.8803,-1,-1,-1
39,5,864.48,425.10,42.92,134.86,0.5070,-1,-1,-1
39,6,1122.56,328.18,160.64,427.23,0.8541,-1,-1,-1
39,8,810.14,439.21,50.97,120.09,0.3247,-1,-1,-1
40,2,924.25,258.09,217.05,684.82,0.8764,-1,-1,-1
40,3,586.41,342.15,143.49,467.29,0.7966,-1,-1,-1
40,4,371.27,356.16,158.66,456.29,0.8741,-1,-1,-1
40,5,863.23,428.18,46.66,143.78,0.5481,-1,-1,-1
40,6,1125.74,334.70,158.90,431.28,0.8540,-1,-1,-1
40,8,808.95,445.09,53.63,126.91,0.2436,-1,-1,-1
41,2,925.84,260.04,212.82,683.89,0.8803,-1,-1,-1
41,3,582.32,343.47,145.08,474.04,0.8026,-1,-1,-1
41,4,359.15,356.56,165.93,459.03,0.8626,-1,-1,-1
41,5,862.54,432.73,47.59,144.90,0.4788,-1,-1,-1
41,6,1130.48,339.12,155.08,430.88,0.8501,-1,-1,-1
41,8,806.62,451.34,55.53,127.18,0.3325,-1,-1,-1
42,2,928.94,265.76,208.40,676.78,0.8822,-1,-1,-1
42,3,577.14,347.48,148.42,480.07,0.7103,-1,-1,-1
42,4,346.30,357.99,171.84,465.31,0.8717,-1,-1,-1
42,5,862.32,436.37,46.65,146.63,0.4651,-1,-1,-1
42,6,1132.65,346.78,151.30,429.12,0.8558,-1,-1,-1
42,8,806.59,458.87,54.57,127.48,0.3293,-1,-1,-1
43,2,931.07,272.89,202.52,665.64,0.8819,-1,-1,-1
43,3,572.33,352.55,144.95,482.58,0.8055,-1,-1,-1
43,4,333.17,363.25,176.57,470.18,0.8482,-1,-1,-1
43,5,859.60,442.16,46.49,139.22,0.3507,-1,-1,-1
43,6,1130.71,353.68,151.54,429.67,0.8570,-1,-1,-1
44,2,930.61,278.31,199.83,660.01,0.8857,-1,-1,-1
44,3,566.97,356.07,143.00,490.41,0.8119,-1,-1,-1
44,4,318.53,365.68,182.13,476.51,0.8581,-1,-1,-1
44,5,855.90,443.03,46.09,145.31,0.3893,-1,-1,-1
44,6,1127.97,360.82,151.98,425.88,0.8563,-1,-1,-1
45,2,929.01,284.36,198.23,660.09,0.8876,-1,-1,-1
45,3,561.12,361.31,140.60,500.03,0.8245,-1,-1,-1
45,4,304.20,371.10,187.90,486.84,0.8453,-1,-1,-1
45,5,848.71,449.40,48.62,146.48,0.4303,-1,-1,-1
45,6,1124.35,367.96,151.20,426.49,0.8407,-1,-1,-1
46,2,925.35,292.89,197.37,664.36,0.8866,-1,-1,-1
46,3,554.35,365.08,140.73,506.99,0.8212,-1,-1,-1
46,4,292.32,378.13,189.58,499.76,0.8412,-1,-1,-1
46,5,844.77,456.57,49.86,147.47,0.4774,-1,-1,-1
46,6,1120.88,376.25,150.43,431.53,0.8508,-1,-1,-1
47,2,921.29,302.18,195.13,668.19,0.8781,-1,-1,-1
47,3,546.10,370.33,143.85,513.48,0.8247,-1,-1,-1
47,4,273.07,383.63,199.19,516.57,0.8434,-1,-1,-1
47,5,841.39,468.59,49.72,138.65,0.3349,-1,-1,-1
47,6,1116.86,382.62,147.86,433.93,0.8357,-1,-1,-1
48,2,915.91,309.68,195.39,676.21,0.8773,-1,-1,-1
48,3,533.91,373.18,149.30,523.05,0.8576,-1,-1,-1
48,4,257.44,391.63,205.23,527.31,0.8569,-1,-1,-1
48,5,837.32,469.50,48.31,148.86,0.6838,-1,-1,-1
48,6,1112.83,389.79,141.39,435.28,0.8321,-1,-1,-1
49,2,909.40,318.85,194.73,682.21,0.8783,-1,-1,-1
49,3,524.62,377.39,153.30,531.17,0.8508,-1,-1,-1
49,4,240.81,399.22,211.49,534.45,0.8718,-1,-1,-1
49,5,831.78,473.57,49.77,150.78,0.4994,-1,-1,-1
49,6,1105.67,395.67,145.30,434.93,0.8529,-1,-1,-1
50,2,903.91,327.77,193.66,683.59,0.8773,-1,-1,-1
50,3,518.73,383.41,155.28,537.32,0.8386,-1,-1,-1
50,4,224.87,406.75,218.37,528.24,0.8353,-1,-1,-1
50,5,823.35,477.51,51.22,153.68,0.5769,-1,-1,-1
50,6,1099.75,400.44,143.73,438.39,0.8537,-1,-1,-1
51,2,898.97,334.93,191.18,685.23,0.8694,-1,-1,-1
51,3,510.46,386.11,157.28,544.36,0.8470,-1,-1,-1
51,4,208.79,412.66,223.26,522.84,0.8442,-1,-1,-1
51,5,816.71,480.36,54.81,155.79,0.5903,-1,-1,-1
51,6,1095.00,403.65,144.78,439.53,0.8681,-1,-1,-1
52,2,893.93,341.73,189.79,684.67,0.8758,-1,-1,-1
52,3,502.13,388.46,160.10,547.10,0.8375,-1,-1,-1
52,4,195.59,417.26,226.95,548.36,0.8291,-1,-1,-1
52,5,811.84,488.95,55.15,147.38,0.3281,-1,-1,-1
52,6,1091.45,405.16,145.92,441.95,0.8646,-1,-1,-1
53,2,889.02,347.83,189.89,682.49,0.8783,-1,-1,-1
53,3,494.74,394.68,162.67,550.34,0.8403,-1,-1,-1
53,4,185.21,420.71,224.77,562.76,0.8704,-1,-1,-1
53,5,809.95,492.19,54.04,147.07,0.6578,-1,-1,-1
53,6,1085.00,408.38,151.98,443.07,0.8652,-1,-1,-1
54,2,883.43,351.16,192.47,680.03,0.8833,-1,-1,-1
54,3,485.26,396.31,169.07,557.48,0.8509,-1,-1,-1
54,4,174.62,422.32,226.43,572.99,0.8822,-1,-1,-1
54,5,810.01,493.83,52.08,141.28,0.5959,-1,-1,-1
54,6,1078.96,409.76,157.84,445.37,0.8711,-1,-1,-1
55,2,875.23,350.61,196.19,679.93,0.8837,-1,-1,-1
55,3,476.80,396.86,176.74,565.07,0.8581,-1,-1,-1
55,4,165.70,420.85,226.16,582.65,0.8952,-1,-1,-1
55,5,807.59,493.23,52.87,142.76,0.4664,-1,-1,-1
55,6,1074.67,410.37,161.81,445.67,0.8755,-1,-1,-1
55,8,747.46,508.69,51.29,139.90,0.5133,-1,-1,-1
56,2,870.11,350.05,197.19,682.12,0.8791,-1,-1,-1
56,3,471.01,398.94,183.53,576.07,0.8728,-1,-1,-1
56,4,158.04,419.95,224.94,592.81,0.8826,-1,-1,-1
56,5,806.03,493.65,53.29,150.23,0.4626,-1,-1,-1
56,6,1074.88,412.08,162.76,441.83,0.8745,-1,-1,-1
56,8,746.22,512.34,48.37,138.81,0.2190,-1,-1,-1
57,2,863.26,349.30,199.70,685.84,0.8752,-1,-1,-1
57,3,464.16,401.84,190.47,589.41,0.8756,-1,-1,-1
57,4,146.87,419.77,226.78,600.68,0.8887,-1,-1,-1
57,5,805.45,497.29,53.21,153.47,0.3715,-1,-1,-1
57,6,1073.67,413.94,164.83,439.09,0.8673,-1,-1,-1
57,8,745.06,521.67,46.60,129.62,0.3015,-1,-1,-1
58,2,857.61,348.21,202.99,680.19,0.8682,-1,-1,-1
58,3,458.49,399.69,195.84,605.35,0.8813,-1,-1,-1
58,4,137.77,418.21,229.03,610.95,0.8760,-1,-1,-1
58,5,806.39,504.08,52.24,147.28,0.2945,-1,-1,-1
58,6,1070.74,412.52,167.59,443.53,0.8718,-1,-1,-1
58,8,746.03,519.56,43.46,128.97,0.2476,-1,-1,-1
59,2,846.83,345.28,207.48,671.95,0.8826,-1,-1,-1
59,3,453.51,395.04,195.75,620.85,0.8828,-1,-1,-1
59,4,126.96,416.86,233.60,617.90,0.8969,-1,-1,-1
59,5,803.01,503.23,52.22,146.22,0.3328,-1,-1,-1
59,6,1069.10,413.73,169.27,441.75,0.8703,-1,-1,-1
59,8,745.29,516.27,40.49,123.33,0.3158,-1,-1,-1
59,9,1024.06,427.57,63.29,332.35,0.4552,-1,-1,-1
60,2,838.11,345.26,209.93,667.16,0.8873,-1,-1,-1
60,3,450.95,396.24,193.40,626.09,0.8773,-1,-1,-1
60,4,115.02,415.79,238.12,623.87,0.9068,-1,-1,-1
60,5,799.40,500.04,53.17,142.30,0.3740,-1,-1,-1
60,6,1066.21,414.76,172.63,442.63,0.8682,-1,-1,-1
60,8,740.79,516.27,46.34,118.89,0.2684,-1,-1,-1
60,9,1024.11,434.14,60.63,321.17,0.2843,-1,-1,-1
61,2,825.97,345.79,218.61,667.58,0.8888,-1,-1,-1
61,3,445.62,398.12,194.53,636.44,0.8642,-1,-1,-1
61,4,105.13,415.39,241.79,632.41,0.9052,-1,-1,-1
61,5,797.89,498.82,53.38,140.41,0.4121,-1,-1,-1
61,6,1063.79,415.94,176.19,443.11,0.8657,-1,-1,-1
61,8,734.46,517.23,53.80,119.14,0.2880,-1,-1,-1
61,9,1023.00,437.22,60.85,314.25,0.2029,-1,-1,-1
62,2,820.04,345.04,224.78,667.93,0.8799,-1,-1,-1
62,3,444.54,397.05,194.64,644.21,0.8512,-1,-1,-1
62,4,98.48,411.99,244.06,652.01,0.9003,-1,-1,-1
62,5,797.17,495.76,52.89,141.89,0.3428,-1,-1,-1
62,6,1064.64,414.91,179.01,442.88,0.8628,-1,-1,-1
62,8,734.19,517.98,54.08,117.86,0.2739,-1,-1,-1
62,9,1023.05,433.67,61.63,314.91,0.3886,-1,-1,-1
63,2,818.13,341.76,225.63,672.63,0.8810,-1,-1,-1
63,3,442.30,392.96,198.01,651.92,0.8613,-1,-1,-1
63,4,95.91,406.47,239.84,668.35,0.8923,-1,-1,-1
63,6,1066.36,413.40,182.90,443.05,0.8705,-1,-1,-1
63,8,736.46,524.51,50.49,113.39,0.1642,-1,-1,-1
63,9,1020.49,430.53,65.84,319.70,0.7156,-1,-1,-1
64,2,818.85,340.34,223.28,676.22,0.8783,-1,-1,-1
64,3,446.32,387.31,198.51,660.59,0.8708,-1,-1,-1
64,4,91.93,402.51,237.87,676.30,0.8871,-1,-1,-1
64,6,1068.43,413.52,185.50,443.27,0.8701,-1,-1,-1
64,8,739.06,513.31,52.48,133.98,0.3749,-1,-1,-1
64,9,1021.09,432.95,67.64,316.46,0.7915,-1,-1,-1
64,5,802.04,493.02,47.98,148.00,0.3709,-1,-1,-1
65,2,816.63,338.40,226.49,679.78,0.8889,-1,-1,-1
65,3,446.29,380.53,202.42,668.77,0.8722,-1,-1,-1
65,4,83.48,401.52,239.70,678.94,0.8833,-1,-1,-1
65,6,1071.86,411.36,186.70,444.65,0.8627,-1,-1,-1
65,8,740.74,509.07,57.18,140.24,0.5810,-1,-1,-1
65,9,1022.26,434.02,70.07,313.63,0.7873,-1,-1,-1
65,5,803.59,489.62,46.38,154.80,0.4024,-1,-1,-1
66,2,818.09,336.57,226.32,682.36,0.8875,-1,-1,-1
66,3,444.75,373.41,208.99,677.02,0.8764,-1,-1,-1
66,4,75.05,400.18,243.71,678.89,0.8885,-1,-1,-1
66,6,1079.62,406.15,188.18,450.55,0.8391,-1,-1,-1
66,8,743.41,504.02,58.48,145.25,0.4662,-1,-1,-1
66,9,1023.61,433.42,73.28,312.40,0.7798,-1,-1,-1
66,5,808.23,487.26,41.28,152.33,0.3338,-1,-1,-1
67,2,818.81,336.04,226.89,683.46,0.8930,-1,-1,-1
67,3,443.92,366.65,213.75,683.95,0.8733,-1,-1,-1
67,4,65.23,395.97,246.01,682.98,0.8879,-1,-1,-1
67,6,1084.51,402.28,190.50,455.84,0.8460,-1,-1,-1
67,8,745.51,497.19,59.77,149.56,0.6053,-1,-1,-1
67,9,1024.15,430.90,76.40,309.86,0.7467,-1,-1,-1
67,5,811.10,491.28,37.56,152.57,0.2488,-1,-1,-1
68,2,820.74,334.73,227.19,684.92,0.8934,-1,-1,-1
68,3,441.96,356.90,219.81,692.41,0.8709,-1,-1,-1
68,4,51.29,392.79,251.62,681.49,0.8889,-1,-1,-1
68,6,1090.38,399.06,184.38,455.47,0.8457,-1,-1,-1
68,8,747.34,495.82,60.26,147.62,0.5304,-1,-1,-1
68,9,1026.40,424.37,78.67,313.50,0.7261,-1,-1,-1
68,5,812.87,490.38,40.33,156.62,0.1535,-1,-1,-1
69,2,827.24,330.99,224.42,685.83,0.8878,-1,-1,-1
69,3,441.90,348.20,224.47,700.75,0.8775,-1,-1,-1
69,4,37.73,384.55,260.14,685.96,0.8999,-1,-1,-1
69,6,1094.65,395.22,182.72,456.60,0.8725,-1,-1,-1
69,8,750.51,490.95,60.03,149.72,0.6034,-1,-1,-1
69,9,1030.25,419.86,78.72,314.95,0.7211,-1,-1,-1
69,5,815.38,484.99,42.91,157.83,0.2820,-1,-1,-1
70,2,828.75,328.07,225.52,684.09,0.8967,-1,-1,-1
70,3,437.98,341.26,230.99,708.72,0.8913,-1,-1,-1
70,4,19.98,376.46,270.24,695.29,0.9135,-1,-1,-1
70,6,1097.44,391.21,182.68,457.23,0.8720,-1,-1,-1
70,8,752.60,486.85,59.62,151.63,0.5373,-1,-1,-1
70,9,1032.36,416.07,79.30,315.42,0.7092,-1,-1,-1
70,5,817.48,473.26,45.47,162.34,0.3134,-1,-1,-1
70,13,1547.52,449.97,54.32,63.99,0.3552,-1,-1,-1
71,2,831.30,325.34,224.73,682.42,0.8904,-1,-1,-1
71,3,433.08,334.13,235.89,720.33,0.8901,-1,-1,-1
71,4,5.01,368.91,269.79,703.27,0.9096,-1,-1,-1
71,6,1100.03,386.81,180.83,455.24,0.8641,-1,-1,-1
71,8,752.98,484.05,60.19,152.05,0.5792,-1,-1,-1
71,9,1032.88,412.43,80.34,315.92,0.7222,-1,-1,-1
71,13,1544.36,447.28,59.05,62.67,0.4411,-1,-1,-1
72,2,831.80,320.45,225.92,682.56,0.8906,-1,-1,-1
72,3,427.92,325.25,239.82,741.68,0.8916,-1,-1,-1
72,4,-2.39,361.46,262.64,711.46,0.9195,-1,-1,-1
72,6,1102.59,384.34,179.44,452.56,0.8592,-1,-1,-1
72,8,753.91,483.27,60.40,151.44,0.5616,-1,-1,-1
72,9,1034.09,410.51,79.70,315.23,0.7229,-1,-1,-1
72,13,1550.79,445.34,53.64,61.99,0.4070,-1,-1,-1
73,2,832.88,314.55,224.92,680.07,0.8854,-1,-1,-1
73,3,421.76,315.60,243.35,758.71,0.8933,-1,-1,-1
73,4,-4.83,349.81,249.37,723.03,0.9111,-1,-1,-1
73,6,1104.15,381.31,177.65,447.23,0.8556,-1,-1,-1
73,8,753.20,477.53,57.78,153.12,0.4691,-1,-1,-1
73,9,1035.02,409.65,78.57,313.28,0.6759,-1,-1,-1
73,13,1546.57,442.46,58.56,61.41,0.4265,-1,-1,-1
74,2,832.46,309.38,224.88,669.38,0.8804,-1,-1,-1
74,3,413.90,310.00,246.91,765.69,0.8907,-1,-1,-1
74,4,-5.22,342.91,232.26,732.50,0.9064,-1,-1,-1
74,6,1105.44,378.04,174.24,443.43,0.8564,-1,-1,-1
74,8,750.64,474.78,59.17,153.26,0.5562,-1,-1,-1
74,9,1034.73,409.29,79.32,311.51,0.6850,-1,-1,-1
74,13,1546.60,440.70,61.75,61.48,0.4311,-1,-1,-1
75,2,834.88,305.17,221.16,663.91,0.8722,-1,-1,-1
75,3,404.19,303.20,250.17,773.08,0.8954,-1,-1,-1
75,4,-4.46,332.37,214.81,744.40,0.8958,-1,-1,-1
75,6,1105.42,375.54,173.47,441.17,0.8617,-1,-1,-1
75,8,748.96,471.83,58.53,153.85,0.5618,-1,-1,-1
75,9,1034.69,419.55,77.03,298.82,0.6644,-1,-1,-1
75,13,1546.18,438.63,64.29,61.67,0.4432,-1,-1,-1
75,5,817.10,456.42,44.97,160.29,0.3710,-1,-1,-1
76,2,839.43,301.15,217.13,661.85,0.8691,-1,-1,-1
76,3,393.63,296.72,254.43,777.71,0.8893,-1,-1,-1
76,4,-3.90,323.87,197.84,751.21,0.8883,-1,-1,-1
76,6,1108.25,373.44,168.86,440.24,0.8559,-1,-1,-1
76,8,747.13,471.41,61.62,149.78,0.5172,-1,-1,-1
76,9,1035.20,431.68,76.52,283.19,0.7232,-1,-1,-1
76,13,1544.27,437.82,68.48,61.81,0.4528,-1,-1,-1
76,5,816.84,452.83,44.53,162.66,0.3982,-1,-1,-1
77,2,844.45,298.65,210.26,663.29,0.8786,-1,-1,-1
77,3,383.64,293.42,257.69,777.62,0.8913,-1,-1,-1
77,4,-3.02,317.65,181.00,758.79,0.8803,-1,-1,-1
77,6,1109.21,372.09,167.23,441.91,0.8658,-1,-1,-1
77,8,745.61,470.88,64.54,149.32,0.5048,-1,-1,-1
77,9,1034.18,435.71,77.21,278.64,0.6327,-1,-1,-1
77,13,1541.68,437.70,71.65,61.13,0.4092,-1,-1,-1
77,5,816.84,450.89,44.56,160.94,0.4095,-1,-1,-1
78,2,848.88,296.17,201.51,665.77,0.8637,-1,-1,-1
78,3,369.29,289.53,263.85,783.04,0.8972,-1,-1,-1
78,4,-3.06,311.94,162.38,762.71,0.8674,-1,-1,-1
78,6,1108.44,370.90,166.45,443.25,0.8638,-1,-1,-1
78,8,742.92,466.21,65.77,155.05,0.5504,-1,-1,-1
78,9,1030.13,423.98,78.19,292.11,0.7075,-1,-1,-1
78,13,1542.34,437.27,70.09,61.46,0.4212,-1,-1,-1
78,5,814.38,450.85,45.47,161.85,0.6319,-1,-1,-1
79,2,850.94,292.37,198.03,670.82,0.8592,-1,-1,-1
79,3,353.18,284.28,267.07,788.72,0.9002,-1,-1,-1
79,4,-3.04,308.44,145.96,765.86,0.8292,-1,-1,-1
79,6,1107.78,368.14,165.46,444.92,0.8597,-1,-1,-1
79,8,741.22,468.36,56.16,152.69,0.4963,-1,-1,-1
79,9,1025.07,408.58,79.73,306.70,0.7193,-1,-1,-1
79,13,1540.09,435.86,68.86,61.68,0.3016,-1,-1,-1
79,5,810.96,449.12,46.58,165.00,0.6446,-1,-1,-1
80,2,850.33,289.38,193.20,675.17,0.8566,-1,-1,-1
80,3,334.61,276.19,274.17,795.94,0.8965,-1,-1,-1
80,4,-2.79,385.93,123.19,504.16,0.5073,-1,-1,-1
80,6,1105.35,364.60,162.75,447.48,0.8435,-1,-1,-1
80,8,737.49,468.76,52.72,153.70,0.5414,-1,-1,-1
80,9,1021.84,400.99,76.42,314.22,0.7099,-1,-1,-1
80,13,1532.84,437.22,53.95,58.93,0.2612,-1,-1,-1
80,5,802.56,446.00,54.05,170.01,0.6156,-1,-1,-1
81,2,848.90,291.07,189.88,675.85,0.8513,-1,-1,-1
81,3,317.00,267.21,278.65,803.77,0.9018,-1,-1,-1
81,4,-2.16,426.68,96.29,445.95,0.6418,-1,-1,-1
81,6,1103.10,363.63,158.04,446.57,0.8565,-1,-1,-1
81,8,731.90,463.99,52.54,154.67,0.5609,-1,-1,-1
81,9,1016.88,403.31,74.67,310.67,0.6941,-1,-1,-1
81,13,1532.60,432.84,65.18,61.96,0.3120,-1,-1,-1
81,5,796.71,444.07,55.72,169.16,0.6193,-1,-1,-1
82,2,846.44,291.66,186.40,675.40,0.8529,-1,-1,-1
82,3,295.43,254.18,292.51,817.63,0.8974,-1,-1,-1
82,4,-1.28,441.24,72.90,371.56,0.7812,-1,-1,-1
82,6,1099.12,359.34,155.30,447.74,0.8628,-1,-1,-1
82,8,725.65,456.83,53.50,158.40,0.6342,-1,-1,-1
82,9,1013.85,393.54,74.55,314.76,0.6469,-1,-1,-1
82,13,1527.23,429.95,71.25,61.32,0.2922,-1,-1,-1
82,5,792.64,440.39,56.35,169.36,0.6752,-1,-1,-1
83,2,844.50,290.88,180.30,674.34,0.8514,-1,-1,-1
83,3,272.37,241.37,301.53,829.60,0.8896,-1,-1,-1
83,4,-0.68,462.31,43.22,339.76,0.2208,-1,-1,-1
83,6,1095.46,357.24,152.45,451.19,0.8517,-1,-1,-1
83,8,720.24,452.04,58.17,157.06,0.3877,-1,-1,-1
83,9,1003.87,384.08,80.10,321.91,0.5447,-1,-1,-1
83,5,789.95,436.35,54.31,166.47,0.5778,-1,-1,-1
84,2,836.95,291.20,177.70,675.08,0.8477,-1,-1,-1
84,3,244.43,229.85,305.46,843.09,0.9033,-1,-1,-1
84,6,1087.54,354.56,153.58,455.70,0.8584,-1,-1,-1
84,8,712.32,449.77,56.35,155.84,0.5919,-1,-1,-1
84,9,995.44,377.60,80.80,322.06,0.7452,-1,-1,-1
84,5,783.31,434.54,52.87,166.39,0.5586,-1,-1,-1
85,2,826.43,289.81,176.70,672.52,0.8274,-1,-1,-1
85,3,212.37,217.34,325.03,856.44,0.9170,-1,-1,-1
85,6,1079.82,353.39,149.87,454.25,0.8484,-1,-1,-1
85,8,705.79,449.92,54.00,152.60,0.4583,-1,-1,-1
85,9,985.02,373.58,81.77,319.38,0.7617,-1,-1,-1
85,5,772.94,427.45,54.60,170.17,0.5994,-1,-1,-1
86,2,812.60,284.67,180.56,672.02,0.8417,-1,-1,-1
86,3,186.88,204.09,326.52,870.47,0.9056,-1,-1,-1
86,6,1071.75,349.09,150.32,454.47,0.8317,-1,-1,-1
86,8,695.75,444.80,56.89,154.72,0.5369,-1,-1,-1
86,9,972.39,369.00,87.80,320.15,0.8068,-1,-1,-1
86,5,767.97,420.80,49.50,175.14,0.5162,-1,-1,-1
86,17,483.17,413.13,77.07,283.89,0.7155,-1,-1,-1
87,2,798.93,279.13,186.85,675.09,0.8524,-1,-1,-1
87,3,156.81,189.93,332.91,885.37,0.9105,-1,-1,-1
87,6,1062.98,346.45,152.12,452.97,0.8507,-1,-1,-1
87,8,688.25,445.91,58.97,151.92,0.4644,-1,-1,-1
87,9,962.58,365.88,90.73,320.34,0.7798,-1,-1,-1
87,5,760.12,414.27,48.66,179.82,0.6885,-1,-1,-1
87,17,472.71,410.59,76.67,285.37,0.7297,-1,-1,-1
88,2,783.16,274.86,196.35,671.39,0.8571,-1,-1,-1
88,3,130.76,180.11,339.18,896.19,0.9155,-1,-1,-1
88,6,1053.19,340.64,152.04,454.00,0.8484,-1,-1,-1
88,8,680.01,440.65,57.55,154.29,0.6149,-1,-1,-1
88,9,950.14,359.15,95.06,323.79,0.7448,-1,-1,-1
88,5,748.76,409.88,50.03,177.71,0.4643,-1,-1,-1
88,17,449.49,407.98,90.78,286.68,0.7606,-1,-1,-1
88,13,1519.15,416.16,40.70,57.42,0.3526,-1,-1,-1
89,2,768.57,268.88,201.49,669.06,0.8476,-1,-1,-1
89,3,103.67,168.55,350.75,906.57,0.9201,-1,-1,-1
89,6,1043.68,334.44,157.84,454.16,0.8534,-1,-1,-1
89,8,672.37,436.43,58.83,156.48,0.5577,-1,-1,-1
89,9,941.11,357.45,98.39,319.33,0.8162,-1,-1,-1
89,5,743.08,407.48,44.02,180.42,0.3304,-1,-1,-1
89,17,431.31,398.58,102.46,298.00,0.7739,-1,-1,-1
89,13,1512.86,406.55,42.09,63.25,0.2759,-1,-1,-1
90,2,752.23,261.59,213.16,659.80,0.8689,-1,-1,-1
90,3,74.81,154.01,369.26,920.64,0.9241,-1,-1,-1
90,6,1037.27,328.55,158.97,458.39,0.8482,-1,-1,-1
90,8,666.40,432.87,61.60,156.16,0.4321,-1,-1,-1
90,9,936.23,354.02,97.59,316.38,0.7823,-1,-1,-1
90,5,736.64,411.47,38.95,156.85,0.1712,-1,-1,-1
90,17,420.03,390.18,106.36,303.06,0.7800,-1,-1,-1
90,13,1491.03,401.06,60.10,63.40,0.2913,-1,-1,-1
91,2,738.04,257.09,221.47,650.76,0.8808,-1,-1,-1
91,3,50.81,142.26,382.21,930.59,0.9224,-1,-1,-1
91,6,1030.84,324.21,162.82,456.71,0.8681,-1,-1,-1
91,8,659.55,426.58,56.76,156.68,0.4534,-1,-1,-1
91,9,929.63,349.66,100.24,317.72,0.7998,-1,-1,-1
91,17,411.50,386.12,106.69,305.70,0.7614,-1,-1,-1
91,13,1497.57,396.52,49.01,62.97,0.3419,-1,-1,-1
92,2,725.41,251.70,226.88,650.48,0.8787,-1,-1,-1
92,3,23.64,128.24,400.76,944.58,0.9221,-1,-1,-1
92,6,1025.06,318.42,166.39,454.78,0.8636,-1,-1,-1
92,8,654.22,423.27,59.03,157.95,0.5494,-1,-1,-1
92,9,923.71,348.27,98.68,316.95,0.7896,-1,-1,-1
92,17,402.71,384.12,108.73,307.89,0.8224,-1,-1,-1
92,13,1502.29,394.84,40.65,61.13,0.4940,-1,-1,-1
93,2,715.62,245.83,233.82,653.57,0.8890,-1,-1,-1
93,3,1.07,116.92,412.28,956.11,0.9244,-1,-1,-1
93,6,1018.49,314.05,170.56,454.50,0.8705,-1,-1,-1
93,8,652.05,420.66,56.37,157.62,0.3372,-1,-1,-1
93,9,920.88,346.77,98.66,316.90,0.7764,-1,-1,-1
93,17,395.46,379.44,109.76,312.09,0.8070,-1,-1,-1
93,13,1497.78,390.45,42.44,62.13,0.4659,-1,-1,-1
93,20,1845.06,838.91,73.85,194.70,0.3971,-1,-1,-1
94,2,708.34,241.95,232.30,657.49,0.8729,-1,-1,-1
94,3,-6.87,107.04,410.33,968.65,0.9323,-1,-1,-1
94,6,1013.67,312.45,174.27,454.02,0.8725,-1,-1,-1
94,8,649.37,417.67,58.31,161.03,0.2705,-1,-1,-1
94,9,918.07,345.96,99.94,318.51,0.8027,-1,-1,-1
94,17,388.46,378.05,112.00,310.75,0.8027,-1,-1,-1
94,13,1496.03,389.97,41.70,59.81,0.4161,-1,-1,-1
94,20,1848.08,836.69,70.77,190.10,0.1792,-1,-1,-1
94,21,1725.34,853.65,94.53,220.78,0.3618,-1,-1,-1
95,2,701.72,240.35,232.52,663.43,0.8860,-1,-1,-1
95,3,-8.89,97.62,408.08,979.23,0.9307,-1,-1,-1
95,6,1008.29,311.62,178.16,453.65,0.8644,-1,-1,-1
95,8,645.82,418.21,65.37,166.38,0.1885,-1,-1,-1
95,9,916.07,344.59,99.56,319.87,0.7810,-1,-1,-1
95,17,382.78,375.65,113.36,314.51,0.8176,-1,-1,-1
95,13,1494.22,390.63,40.85,58.43,0.3200,-1,-1,-1
95,20,1849.90,837.94,68.99,180.75,0.1789,-1,-1,-1
95,21,1724.27,855.23,95.13,219.75,0.3683,-1,-1,-1
96,2,694.05,242.07,233.04,664.41,0.9045,-1,-1,-1
96,3,-8.61,87.02,392.55,990.11,0.9349,-1,-1,-1
96,6,1004.10,311.21,182.55,455.48,0.8598,-1,-1,-1
96,8,637.26,424.75,66.97,159.06,0.3026,-1,-1,-1
96,9,912.41,345.13,101.93,319.99,0.7540,-1,-1,-1
96,17,378.22,374.79,113.02,320.41,0.8100,-1,-1,-1
96,13,1491.43,391.81,40.91,57.45,0.3030,-1,-1,-1
96,20,1848.90,838.71,70.38,181.90,0.2753,-1,-1,-1
96,21,1723.52,856.12,97.35,220.58,0.4052,-1,-1,-1
97,2,693.40,241.24,230.28,669.86,0.8996,-1,-1,-1
97,3,-6.99,76.23,378.62,1000.14,0.9338,-1,-1,-1
97,6,1002.13,310.66,186.36,456.14,0.8618,-1,-1,-1
97,8,633.93,420.22,63.68,161.48,0.5595,-1,-1,-1
97,9,906.22,343.14,106.81,319.49,0.7327,-1,-1,-1
97,17,376.04,371.09,113.76,326.00,0.8188,-1,-1,-1
97,13,1492.12,391.34,38.89,56.93,0.2899,-1,-1,-1
97,20,1849.90,835.72,69.97,183.57,0.3596,-1,-1,-1
97,21,1726.57,855.72,97.38,221.18,0.4499,-1,-1,-1
98,2,692.96,242.95,228.13,674.55,0.8996,-1,-1,-1
98,3,-5.59,59.99,366.13,1014.04,0.9344,-1,-1,-1
98,6,1001.49,310.80,190.80,458.50,0.8589,-1,-1,-1
98,8,632.70,417.29,60.99,165.53,0.6312,-1,-1,-1
98,9,906.86,343.48,105.84,320.63,0.7305,-1,-1,-1
98,17,375.35,368.97,113.94,330.32,0.8257,-1,-1,-1
98,13,1493.58,390.19,39.56,58.13,0.2973,-1,-1,-1
98,20,1848.92,839.26,71.47,204.08,0.2374,-1,-1,-1
98,21,1731.25,857.81,97.69,220.73,0.4015,-1,-1,-1
99,2,692.68,246.46,227.44,676.84,0.8985,-1,-1,-1
99,3,-3.95,48.01,353.90,1025.54,0.9272,-1,-1,-1
99,6,1002.33,311.30,195.85,460.38,0.8699,-1,-1,-1
99,8,633.28,416.75,56.53,165.57,0.6341,-1,-1,-1
99,9,908.19,343.65,105.23,320.92,0.7372,-1,-1,-1
99,17,374.60,366.97,114.58,334.06,0.8215,-1,-1,-1
99,13,1497.00,385.85,39.65,63.98,0.3079,-1,-1,-1
99,21,1732.36,858.41,106.48,218.73,0.2480,-1,-1,-1
100,2,693.96,249.45,224.55,675.82,0.8987,-1,-1,-1
100,3,-2.72,36.48,340.10,1035.47,0.9225,-1,-1,-1
100,6,1004.70,312.35,198.79,460.58,0.8763,-1,-1,-1
100,8,631.98,415.44,58.45,166.25,0.6497,-1,-1,-1
100,9,910.38,347.55,105.86,318.13,0.7437,-1,-1,-1
100,17,372.98,367.68,115.79,334.37,0.8324,-1,-1,-1
100,13,1497.31,382.15,42.19,66.35,0.4187,-1,-1,-1
101,2,699.29,250.03,218.81,675.80,0.8890,-1,-1,-1
101,3,-1.83,19.41,323.12,1054.85,0.9144,-1,-1,-1
101,6,1007.04,311.65,201.31,462.80,0.8567,-1,-1,-1
101,8,633.61,413.85,58.97,165.60,0.7019,-1,-1,-1
101,9,913.23,347.66,105.57,317.50,0.7682,-1,-1,-1
101,17,373.97,365.55,115.91,337.63,0.8241,-1,-1,-1
101,13,1503.03,381.04,41.46,66.25,0.2852,-1,-1,-1
102,2,703.10,250.83,219.87,670.99,0.8947,-1,-1,-1
102,3,-0.67,11.84,303.11,1061.54,0.9190,-1,-1,-1
102,6,1013.91,312.08,200.05,464.61,0.8305,-1,-1,-1
102,8,637.44,413.65,59.52,165.77,0.5226,-1,-1,-1
102,9,919.49,347.02,103.91,318.86,0.7921,-1,-1,-1
102,17,375.37,364.45,117.17,341.29,0.8320,-1,-1,-1
103,2,714.15,250.71,221.26,667.58,0.8881,-1,-1,-1
103,3,1.17,6.72,284.52,1065.59,0.9092,-1,-1,-1
103,6,1022.86,314.11,202.21,465.62,0.8432,-1,-1,-1
103,8,643.94,409.84,60.67,166.39,0.5543,-1,-1,-1
103,9,930.31,342.38,101.94,321.66,0.7443,-1,-1,-1
103,17,384.22,365.29,115.55,338.93,0.8036,-1,-1,-1
104,2,726.39,247.45,222.04,668.40,0.8918,-1,-1,-1
104,3,3.19,7.41,264.78,1056.47,0.8318,-1,-1,-1
104,6,1040.70,309.44,203.28,469.02,0.8580,-1,-1,-1
104,8,658.26,407.16,57.93,168.49,0.6638,-1,-1,-1
104,9,942.69,338.88,105.57,322.47,0.7347,-1,-1,-1
104,17,395.86,368.05,114.38,336.32,0.8110,-1,-1,-1
104,21,1786.87,859.17,108.18,220.40,0.3988,-1,-1,-1
104,13,1534.47,376.69,43.18,66.33,0.5239,-1,-1,-1
105,2,738.47,245.69,220.91,665.27,0.8861,-1,-1,-1
105,3,2.58,165.24,241.46,902.10,0.7804,-1,-1,-1
105,6,1052.87,308.71,202.03,469.84,0.8545,-1,-1,-1
105,8,665.31,407.98,59.47,167.12,0.3743,-1,-1,-1
105,9,953.41,334.73,104.62,327.05,0.7373,-1,-1,-1
105,17,404.29,365.99,112.81,338.17,0.8086,-1,-1,-1
105,21,1804.44,860.98,107.83,219.13,0.4959,-1,-1,-1
105,13,1546.66,374.60,45.88,67.44,0.4180,-1,-1,-1
106,2,747.77,242.54,215.84,654.39,0.8781,-1,-1,-1
106,3,1.04,225.18,160.78,729.77,0.6226,-1,-1,-1
106,6,1064.76,304.19,204.76,475.71,0.8422,-1,-1,-1
106,8,669.78,405.22,61.68,167.70,0.6817,-1,-1,-1
106,9,959.93,332.07,104.45,329.03,0.7896,-1,-1,-1
106,17,410.92,364.43,112.25,337.23,0.8012,-1,-1,-1
106,21,1817.93,858.03,103.28,221.76,0.6355,-1,-1,-1
106,13,1557.21,372.49,45.04,67.55,0.4632,-1,-1,-1
107,2,756.23,237.62,212.93,647.11,0.8782,-1,-1,-1
107,3,0.27,245.18,109.17,769.87,0.7251,-1,-1,-1
107,6,1073.03,302.96,199.32,475.32,0.8423,-1,-1,-1
107,8,671.82,403.93,65.46,169.11,0.6749,-1,-1,-1
107,9,964.86,330.42,106.43,327.79,0.7453,-1,-1,-1
107,17,414.96,361.95,112.84,338.95,0.7889,-1,-1,-1
107,21,1831.35,856.09,92.50,222.26,0.4791,-1,-1,-1
107,13,1567.66,371.49,44.65,67.04,0.3613,-1,-1,-1
108,2,762.04,234.21,210.07,645.21,0.8827,-1,-1,-1
108,6,1080.96,301.69,182.61,473.25,0.8385,-1,-1,-1
108,8,674.03,403.27,67.28,170.08,0.7285,-1,-1,-1
108,9,969.01,328.56,106.62,329.13,0.7282,-1,-1,-1
108,17,417.33,360.51,113.14,344.18,0.7963,-1,-1,-1
108,21,1843.80,863.22,79.87,216.36,0.2577,-1,-1,-1
108,13,1575.60,370.29,43.76,65.91,0.4639,-1,-1,-1
109,2,770.26,232.47,203.98,644.80,0.8752,-1,-1,-1
109,6,1085.75,298.65,174.09,470.46,0.8703,-1,-1,-1
109,8,677.79,401.27,65.43,170.80,0.6814,-1,-1,-1
109,9,972.63,327.16,99.62,327.02,0.5500,-1,-1,-1
109,17,416.18,358.46,115.38,349.05,0.8082,-1,-1,-1
109,21,1856.51,872.57,65.91,207.02,0.2921,-1,-1,-1
109,13,1583.34,372.23,43.12,63.40,0.6009,-1,-1,-1
110,2,772.82,230.67,202.90,646.40,0.8753,-1,-1,-1
110,6,1089.62,295.36,171.65,466.93,0.8720,-1,-1,-1
110,8,679.53,398.30,66.79,171.17,0.6258,-1,-1,-1
110,9,976.24,324.46,102.26,327.39,0.6674,-1,-1,-1
110,17,413.07,354.57,117.65,355.65,0.7984,-1,-1,-1
110,21,1867.65,882.50,53.53,196.72,0.1897,-1,-1,-1
110,13,1588.12,368.36,41.22,64.84,0.4033,-1,-1,-1
111,2,776.65,229.57,199.33,649.18,0.8720,-1,-1,-1
111,6,1093.51,292.23,169.28,463.41,0.8668,-1,-1,-1
111,8,682.31,395.22,66.21,173.27,0.6588,-1,-1,-1
111,9,976.39,323.81,104.54,325.60,0.6154,-1,-1,-1
111,17,411.02,352.69,119.81,355.99,0.8058,-1,-1,-1
111,21,1871.44,881.65,48.91,197.78,0.1591,-1,-1,-1
111,13,1598.08,370.21,39.30,63.18,0.4415,-1,-1,-1
112,2,778.03,228.99,197.52,649.44,0.8673,-1,-1,-1
112,6,1097.96,289.23,168.77,460.96,0.8548,-1,-1,-1
112,8,684.56,394.70,67.19,174.24,0.6444,-1,-1,-1
112,9,975.59,323.42,108.40,326.18,0.6347,-1,-1,-1
112,17,409.31,350.17,121.49,357.91,0.7482,-1,-1,-1
112,21,1878.94,880.42,40.99,198.13,0.3185,-1,-1,-1
112,13,1602.98,366.51,36.98,65.13,0.2810,-1,-1,-1
113,2,780.10,228.52,195.16,650.26,0.8647,-1,-1,-1
113,6,1103.64,286.52,166.30,462.77,0.8510,-1,-1,-1
113,8,686.44,391.43,68.08,178.88,0.7008,-1,-1,-1
113,9,979.24,323.02,108.67,325.82,0.6029,-1,-1,-1
113,17,410.16,348.06,119.68,362.48,0.7393,-1,-1,-1
113,21,1888.74,882.40,31.04,189.02,0.2275,-1,-1,-1
113,13,1609.34,371.40,37.21,57.35,0.2244,-1,-1,-1
114,2,785.23,230.12,191.41,651.25,0.8545,-1,-1,-1
114,6,1109.48,285.05,163.34,465.89,0.8578,-1,-1,-1
114,8,689.82,392.63,67.42,176.80,0.6300,-1,-1,-1
114,9,985.45,321.41,104.76,321.90,0.5935,-1,-1,-1
114,17,411.59,345.48,118.13,365.81,0.7352,-1,-1,-1
114,21,1898.82,878.83,20.73,151.73,0.1575,-1,-1,-1
114,13,1613.72,374.06,38.20,53.44,0.3497,-1,-1,-1
115,2,790.74,231.98,190.96,651.53,0.8444,-1,-1,-1
115,6,1112.85,285.66,163.04,466.16,0.8678,-1,-1,-1
115,8,693.95,391.28,66.47,178.91,0.5960,-1,-1,-1
115,9,994.23,320.96,101.29,322.63,0.7352,-1,-1,-1
115,17,410.82,344.35,120.06,368.39,0.7379,-1,-1,-1
115,13,1622.02,367.73,36.44,59.25,0.3314,-1,-1,-1
116,2,793.15,233.09,191.31,652.03,0.8507,-1,-1,-1
116,6,1115.16,285.93,163.79,464.85,0.8630,-1,-1,-1
116,8,694.33,392.49,68.34,179.46,0.5577,-1,-1,-1
116,9,994.52,322.34,106.53,320.50,0.7073,-1,-1,-1
116,17,406.04,342.97,125.13,370.42,0.7734,-1,-1,-1
116,13,1626.21,365.03,37.93,62.12,0.3822,-1,-1,-1
117,2,792.57,233.24,189.78,652.39,0.8520,-1,-1,-1
117,6,1117.36,284.65,164.11,466.77,0.8592,-1,-1,-1
117,8,691.29,389.77,73.00,179.78,0.6249,-1,-1,-1
117,9,994.49,321.04,107.44,321.08,0.6707,-1,-1,-1
117,17,402.26,342.59,128.31,370.18,0.7214,-1,-1,-1
117,13,1628.36,361.69,40.12,65.09,0.2745,-1,-1,-1
118,2,786.98,235.31,189.41,649.91,0.8565,-1,-1,-1
118,6,1118.76,285.58,165.05,469.58,0.8564,-1,-1,-1
118,8,688.97,391.56,74.80,179.66,0.6155,-1,-1,-1
118,9,986.30,322.38,115.82,321.53,0.7298,-1,-1,-1
118,17,396.59,339.91,131.23,374.75,0.7030,-1,-1,-1
118,13,1631.10,364.16,42.54,63.24,0.2301,-1,-1,-1
119,2,783.50,235.55,188.70,649.54,0.8666,-1,-1,-1
119,6,1122.08,287.33,162.64,472.29,0.8511,-1,-1,-1
119,8,689.92,392.88,73.73,179.49,0.5533,-1,-1,-1
119,9,980.81,324.23,121.74,321.98,0.7558,-1,-1,-1
119,17,391.45,338.70,132.66,376.99,0.8252,-1,-1,-1
119,13,1636.46,371.32,41.49,57.46,0.2960,-1,-1,-1
120,2,777.48,233.37,191.91,649.21,0.8781,-1,-1,-1
120,6,1122.50,287.87,161.79,474.04,0.8531,-1,-1,-1
120,8,686.84,392.29,76.11,179.03,0.5292,-1,-1,-1
120,9,974.99,324.60,125.66,323.04,0.7076,-1,-1,-1
120,17,386.63,334.64,133.10,382.88,0.8358,-1,-1,-1
120,13,1640.18,373.84,40.70,55.20,0.1915,-1,-1,-1
121,2,770.75,229.52,194.86,645.68,0.8741,-1,-1,-1
121,6,1120.47,289.56,162.41,475.44,0.8470,-1,-1,-1
121,8,683.48,393.39,79.60,182.03,0.4331,-1,-1,-1
121,9,969.73,325.62,129.20,322.48,0.6079,-1,-1,-1
121,17,380.33,333.18,134.24,386.24,0.8384,-1,-1,-1
122,2,762.67,227.92,195.56,637.84,0.8656,-1,-1,-1
122,6,1117.88,290.69,162.48,477.10,0.8407,-1,-1,-1
122,8,671.59,391.12,91.19,180.00,0.2144,-1,-1,-1
122,9,967.46,325.37,130.96,322.63,0.6373,-1,-1,-1
122,17,370.65,332.38,137.98,393.16,0.8260,-1,-1,-1
122,13,1639.04,373.21,43.84,58.61,0.3637,-1,-1,-1
123,2,751.47,226.90,200.53,635.85,0.8671,-1,-1,-1
123,6,1115.30,291.11,161.52,478.13,0.8582,-1,-1,-1
123,8,683.14,390.76,74.94,183.56,0.1899,-1,-1,-1
123,9,958.90,326.40,136.55,323.73,0.6226,-1,-1,-1
123,17,363.36,332.06,137.95,400.79,0.8541,-1,-1,-1
123,13,1635.53,372.86,46.92,59.91,0.4419,-1,-1,-1
124,2,741.23,227.05,204.43,636.53,0.8719,-1,-1,-1
124,6,1111.51,290.20,159.39,482.90,0.8490,-1,-1,-1
124,8,677.21,389.42,76.29,188.87,0.2163,-1,-1,-1
124,9,955.04,327.54,128.05,325.05,0.6119,-1,-1,-1
124,17,355.07,331.98,139.55,404.81,0.8589,-1,-1,-1
124,13,1632.81,373.16,48.05,61.99,0.4500,-1,-1,-1
125,2,731.77,227.76,208.43,639.63,0.8766,-1,-1,-1
125,6,1106.94,289.98,159.88,481.50,0.8453,-1,-1,-1
125,8,674.56,391.80,70.79,192.23,0.4488,-1,-1,-1
125,9,950.46,325.50,127.06,329.50,0.6957,-1,-1,-1
125,17,345.89,336.50,141.09,404.53,0.8449,-1,-1,-1
125,13,1628.95,372.86,47.82,63.68,0.3827,-1,-1,-1
126,2,715.65,228.89,220.22,643.71,0.8684,-1,-1,-1
126,6,1101.36,290.49,160.76,477.99,0.8445,-1,-1,-1
126,8,669.20,393.63,69.30,190.10,0.3811,-1,-1,-1
126,9,949.68,322.49,127.08,332.78,0.5801,-1,-1,-1
126,17,334.38,337.22,143.63,407.87,0.8398,-1,-1,-1
126,13,1626.34,371.25,46.88,65.08,0.4170,-1,-1,-1
127,2,708.14,231.41,224.24,645.68,0.8699,-1,-1,-1
127,6,1095.03,291.32,164.47,480.59,0.8565,-1,-1,-1
127,8,665.39,393.72,67.48,187.05,0.2699,-1,-1,-1
127,9,942.93,321.53,135.21,335.73,0.7701,-1,-1,-1
127,17,326.50,341.99,143.46,409.07,0.8474,-1,-1,-1
127,13,1623.24,372.09,45.13,65.27,0.4368,-1,-1,-1
128,2,704.43,231.65,226.04,649.52,0.8799,-1,-1,-1
128,6,1088.99,289.79,168.62,481.91,0.8707,-1,-1,-1
128,8,660.43,391.10,72.37,191.21,0.3743,-1,-1,-1
128,9,934.21,322.87,142.25,335.02,0.6097,-1,-1,-1
128,17,318.46,341.87,145.03,411.73,0.8529,-1,-1,-1
128,13,1620.65,371.10,42.93,66.26,0.3537,-1,-1,-1
129,2,706.32,234.74,222.81,648.42,0.8803,-1,-1,-1
129,6,1084.22,287.42,173.71,482.98,0.8741,-1,-1,-1
129,8,659.69,390.00,68.08,192.65,0.5352,-1,-1,-1
129,9,933.76,322.13,120.80,335.08,0.6499,-1,-1,-1
129,17,313.11,339.08,147.08,420.66,0.8337,-1,-1,-1
129,13,1617.85,368.42,44.46,68.83,0.3775,-1,-1,-1
130,2,705.93,236.50,222.92,648.77,0.8819,-1,-1,-1
130,6,1081.96,286.77,174.99,482.98,0.8673,-1,-1,-1
130,8,659.27,389.41,64.10,193.15,0.5534,-1,-1,-1
130,9,933.51,320.75,110.12,335.07,0.7350,-1,-1,-1
130,17,309.67,335.29,148.87,429.62,0.8403,-1,-1,-1
130,13,1618.37,367.19,42.97,69.91,0.4037,-1,-1,-1
131,2,706.26,238.44,223.76,648.95,0.8799,-1,-1,-1
131,6,1080.20,284.61,176.74,482.72,0.8664,-1,-1,-1
131,8,657.45,389.44,63.80,193.53,0.5872,-1,-1,-1
131,9,928.91,319.26,110.51,333.78,0.7373,-1,-1,-1
131,17,307.69,332.82,147.49,435.09,0.8388,-1,-1,-1
131,13,1619.08,365.68,42.94,69.84,0.3853,-1,-1,-1
131,22,1011.82,371.74,69.72,222.47,0.5433,-1,-1,-1
132,2,707.83,238.99,222.86,649.17,0.8754,-1,-1,-1
132,6,1079.84,282.91,176.14,481.90,0.8633,-1,-1,-1
132,8,656.90,389.07,64.08,194.82,0.5689,-1,-1,-1
132,9,925.64,317.79,111.09,333.83,0.7338,-1,-1,-1
132,17,307.56,332.84,144.50,436.95,0.8288,-1,-1,-1
132,13,1619.45,364.54,42.25,69.65,0.4079,-1,-1,-1
132,22,1012.87,367.69,69.77,226.41,0.5587,-1,-1,-1
133,2,710.95,239.48,222.11,647.63,0.8755,-1,-1,-1
133,6,1077.32,282.41,178.92,482.04,0.8684,-1,-1,-1
133,8,656.99,389.48,62.95,195.31,0.4431,-1,-1,-1
133,9,925.30,316.65,108.57,335.78,0.7472,-1,-1,-1
133,17,297.10,330.98,152.78,441.31,0.8196,-1,-1,-1
133,13,1620.95,364.05,41.88,70.72,0.3851,-1,-1,-1
133,22,1012.75,367.70,72.02,225.84,0.5767,-1,-1,-1
134,2,713.38,239.57,218.37,648.94,0.8765,-1,-1,-1
134,6,1075.04,283.87,182.54,484.85,0.8678,-1,-1,-1
134,8,655.87,391.77,66.64,195.24,0.5319,-1,-1,-1
134,9,926.93,318.23,103.09,337.32,0.7328,-1,-1,-1
134,17,290.02,327.02,155.61,451.94,0.8404,-1,-1,-1
134,13,1622.24,364.63,41.82,71.70,0.3575,-1,-1,-1
134,22,1011.69,367.74,73.52,224.15,0.6110,-1,-1,-1
135,2,715.92,240.69,215.77,648.20,0.8799,-1,-1,-1
135,6,1073.47,285.07,184.37,487.78,0.8648,-1,-1,-1
135,8,652.77,393.69,70.79,195.69,0.5433,-1,-1,-1
135,9,926.67,318.56,99.80,340.46,0.7100,-1,-1,-1
135,17,286.62,329.61,155.08,454.09,0.8316,-1,-1,-1
135,13,1623.27,364.94,44.89,73.07,0.2683,-1,-1,-1
135,22,1010.80,369.77,75.77,220.35,0.6540,-1,-1,-1
136,2,720.88,240.63,212.48,643.78,0.8737,-1,-1,-1
136,6,1072.40,286.82,187.42,489.73,0.8664,-1,-1,-1
136,8,647.42,394.63,77.85,196.90,0.6849,-1,-1,-1
136,9,926.36,319.76,99.28,340.04,0.7320,-1,-1,-1
136,17,282.16,328.02,157.68,459.30,0.8389,-1,-1,-1
136,13,1626.62,366.00,45.35,71.82,0.2401,-1,-1,-1
136,22,1011.24,365.48,77.21,228.04,0.7067,-1,-1,-1
137,2,723.38,240.84,211.91,630.57,0.8832,-1,-1,-1
137,6,1071.22,289.58,191.99,491.85,0.8635,-1,-1,-1
137,8,648.48,394.97,77.79,200.43,0.6355,-1,-1,-1
137,9,927.61,319.50,97.29,341.37,0.7311,-1,-1,-1
137,17,282.59,324.78,155.90,465.11,0.8410,-1,-1,-1
137,13,1631.09,367.53,44.70,70.04,0.4990,-1,-1,-1
137,22,1013.57,368.12,77.33,226.31,0.7448,-1,-1,-1
138,2,723.65,242.82,215.77,624.32,0.8863,-1,-1,-1
138,6,1076.15,294.17,192.78,491.50,0.8619,-1,-1,-1
138,8,651.05,397.32,73.90,200.86,0.5946,-1,-1,-1
138,9,928.68,321.47,96.46,342.19,0.7457,-1,-1,-1
138,17,279.99,323.98,157.40,469.41,0.8039,-1,-1,-1
138,13,1637.03,371.08,45.42,69.66,0.3217,-1,-1,-1
138,22,1017.61,368.68,76.48,228.66,0.7450,-1,-1,-1
139,2,728.21,242.35,213.67,622.23,0.8851,-1,-1,-1
139,6,1080.63,294.98,193.71,491.45,0.8481,-1,-1,-1
139,8,651.88,395.81,72.17,203.87,0.5825,-1,-1,-1
139,9,930.12,320.63,96.45,343.59,0.7267,-1,-1,-1
139,17,272.47,320.62,162.44,474.99,0.8145,-1,-1,-1
139,13,1644.09,373.88,42.40,63.70,0.2461,-1,-1,-1
139,22,1020.80,365.00,76.13,230.24,0.7171,-1,-1,-1
140,2,739.54,241.71,205.00,626.12,0.8780,-1,-1,-1
140,6,1087.48,296.17,191.21,490.27,0.8452,-1,-1,-1
140,8,650.33,396.49,75.04,205.11,0.6321,-1,-1,-1
140,9,936.22,320.00,93.45,345.24,0.7153,-1,-1,-1
140,17,269.09,318.76,165.76,484.53,0.8302,-1,-1,-1
140,13,1647.97,369.46,45.74,66.89,0.3395,-1,-1,-1
140,22,1023.40,367.10,76.74,228.07,0.7776,-1,-1,-1
141,2,747.43,244.67,197.92,628.96,0.8735,-1,-1,-1
141,6,1092.51,296.17,189.82,494.78,0.8584,-1,-1,-1
141,8,648.66,395.54,78.47,206.74,0.7632,-1,-1,-1
141,9,935.92,321.45,95.52,344.83,0.7390,-1,-1,-1
141,17,270.42,318.79,165.23,495.15,0.8246,-1,-1,-1
141,13,1651.00,368.62,47.87,69.19,0.3900,-1,-1,-1
141,22,1025.07,366.72,79.29,228.25,0.6854,-1,-1,-1
142,2,754.25,249.85,193.44,628.56,0.8693,-1,-1,-1
142,6,1099.73,296.82,187.61,498.60,0.8516,-1,-1,-1
142,8,649.25,398.77,83.85,204.10,0.6911,-1,-1,-1
142,9,936.65,324.36,96.38,342.20,0.7641,-1,-1,-1
142,17,270.83,321.15,167.08,500.82,0.8490,-1,-1,-1
142,13,1662.13,372.62,45.97,65.22,0.2148,-1,-1,-1
142,22,1029.65,370.63,79.28,226.87,0.7248,-1,-1,-1
143,2,766.14,253.36,187.70,632.18,0.8787,-1,-1,-1
143,6,1107.04,297.39,187.31,501.90,0.8676,-1,-1,-1
143,8,653.83,400.42,84.08,204.60,0.6636,-1,-1,-1
143,9,948.95,325.86,89.20,341.39,0.7235,-1,-1,-1
143,17,269.68,324.69,170.55,504.12,0.8473,-1,-1,-1
143,13,1670.63,375.31,44.35,62.53,0.3954,-1,-1,-1
143,22,1037.05,372.18,75.24,226.32,0.7461,-1,-1,-1
144,2,772.45,255.62,185.97,632.84,0.8729,-1,-1,-1
144,6,1112.60,297.16,186.99,501.72,0.8616,-1,-1,-1
144,8,661.02,398.20,78.89,207.14,0.7032,-1,-1,-1
144,9,957.67,329.78,84.40,335.32,0.8004,-1,-1,-1
144,17,268.32,324.95,174.21,510.60,0.8578,-1,-1,-1
144,13,1673.74,371.44,49.55,66.74,0.4203,-1,-1,-1
144,22,1041.04,372.39,77.37,227.11,0.7544,-1,-1,-1
145,2,779.48,257.66,184.32,634.20,0.8604,-1,-1,-1
145,6,1120.81,296.78,186.92,501.54,0.8606,-1,-1,-1
145,8,664.44,396.75,80.02,209.78,0.7021,-1,-1,-1
145,9,962.37,329.32,83.08,337.26,0.7496,-1,-1,-1
145,17,266.07,324.13,177.77,514.45,0.8531,-1,-1,-1
145,13,1681.33,370.92,50.21,69.33,0.4225,-1,-1,-1
145,22,1043.55,374.69,78.72,224.16,0.7398,-1,-1,-1
146,2,782.52,261.60,186.75,635.92,0.8636,-1,-1,-1
146,6,1128.51,300.20,184.55,495.73,0.8743,-1,-1,-1
146,8,669.19,397.48,80.37,210.37,0.6984,-1,-1,-1
146,9,968.73,331.55,84.85,337.43,0.6872,-1,-1,-1
146,17,267.33,324.21,178.52,523.24,0.8770,-1,-1,-1
146,13,1693.08,377.20,46.55,64.13,0.3285,-1,-1,-1
146,22,1048.53,377.52,78.33,220.80,0.6479,-1,-1,-1
147,2,783.99,265.09,188.50,637.08,0.8649,-1,-1,-1
147,6,1134.15,299.52,186.58,492.37,0.8669,-1,-1,-1
147,8,670.58,396.88,81.62,214.59,0.7261,-1,-1,-1
147,9,967.41,331.65,89.21,340.01,0.7117,-1,-1,-1
147,17,263.82,325.57,181.83,529.00,0.8601,-1,-1,-1
147,13,1699.85,376.49,47.00,67.08,0.4335,-1,-1,-1
147,22,1050.95,381.15,79.83,220.57,0.6333,-1,-1,-1
148,2,789.31,266.36,185.75,636.24,0.8554,-1,-1,-1
148,6,1139.89,298.51,183.66,491.59,0.8669,-1,-1,-1
148,8,673.01,395.90,77.86,217.92,0.7259,-1,-1,-1
148,9,969.35,331.77,90.36,340.91,0.7302,-1,-1,-1
148,17,258.91,325.85,185.59,539.69,0.8683,-1,-1,-1
148,13,1701.71,375.79,50.43,68.40,0.3774,-1,-1,-1
148,22,1053.80,378.63,78.50,225.70,0.6769,-1,-1,-1
149,2,793.34,267.18,183.90,637.50,0.8615,-1,-1,-1
149,6,1146.54,299.01,180.09,489.08,0.8619,-1,-1,-1
149,8,674.77,399.88,76.86,217.92,0.6012,-1,-1,-1
149,9,972.46,335.51,87.83,338.95,0.7347,-1,-1,-1
149,17,252.87,324.08,184.35,548.76,0.8650,-1,-1,-1
149,13,1706.61,380.29,49.92,66.10,0.3492,-1,-1,-1
149,22,1055.65,378.99,77.87,228.25,0.6367,-1,-1,-1
150,2,794.09,267.56,184.05,637.41,0.8497,-1,-1,-1
150,6,1150.78,300.17,178.68,489.94,0.8642,-1,-1,-1
150,8,673.99,404.31,78.50,216.80,0.6135,-1,-1,-1
150,9,975.01,339.13,88.44,338.97,0.7371,-1,-1,-1
150,17,247.31,319.98,181.51,558.04,0.8501,-1,-1,-1
150,13,1710.88,381.78,51.33,66.90,0.4522,-1,-1,-1
150,22,1056.64,372.74,76.85,236.05,0.6724,-1,-1,-1
151,2,793.74,267.58,186.74,634.36,0.8407,-1,-1,-1
151,6,1152.76,300.05,179.37,497.72,0.8716,-1,-1,-1
151,8,674.83,408.43,77.88,214.59,0.6690,-1,-1,-1
151,9,979.32,340.83,85.49,341.08,0.7336,-1,-1,-1
151,17,236.48,318.13,184.41,567.58,0.8505,-1,-1,-1
151,13,1712.47,381.00,53.53,69.09,0.4883,-1,-1,-1
151,22,1056.69,370.58,77.04,240.21,0.5987,-1,-1,-1
152,2,791.32,266.18,190.42,627.47,0.8416,-1,-1,-1
152,6,1154.11,300.16,180.66,498.98,0.8800,-1,-1,-1
152,8,675.07,409.44,80.14,215.65,0.7135,-1,-1,-1
152,9,978.88,341.50,86.13,341.26,0.7106,-1,-1,-1
152,17,227.44,314.63,187.58,576.96,0.8508,-1,-1,-1
152,13,1715.81,379.41,54.59,70.52,0.5266,-1,-1,-1
152,22,1055.30,371.81,78.74,238.66,0.6061,-1,-1,-1
153,2,786.24,264.08,198.42,620.32,0.8417,-1,-1,-1
153,6,1157.70,301.89,179.67,498.79,0.8824,-1,-1,-1
153,8,675.23,410.12,82.82,218.54,0.7123,-1,-1,-1
153,9,982.41,341.73,83.40,344.52,0.7249,-1,-1,-1
153,17,215.93,311.76,193.73,583.26,0.8584,-1,-1,-1
153,13,1719.40,384.14,51.76,67.79,0.4316,-1,-1,-1
153,22,1055.59,372.03,79.13,239.41,0.6201,-1,-1,-1
154,2,779.74,262.13,206.86,618.31,0.8593,-1,-1,-1
154,6,1159.13,302.67,178.93,497.22,0.8732,-1,-1,-1
154,8,675.42,411.03,85.78,220.47,0.7176,-1,-1,-1
154,9,981.11,341.60,83.92,344.67,0.7266,-1,-1,-1
154,17,203.69,309.35,200.74,589.17,0.8723,-1,-1,-1
154,13,1722.68,384.93,51.16,68.27,0.4098,-1,-1,-1
154,22,1054.24,373.19,80.34,239.23,0.6569,-1,-1,-1
155,2,772.02,258.99,214.65,618.89,0.8684,-1,-1,-1
155,6,1160.35,301.97,177.71,499.38,0.8790,-1,-1,-1
155,8,672.07,407.52,95.37,223.55,0.7300,-1,-1,-1
155,9,982.72,340.04,81.29,343.34,0.7275,-1,-1,-1
155,17,191.85,305.88,206.49,593.72,0.8712,-1,-1,-1
155,13,1722.04,379.61,52.03,71.81,0.3250,-1,-1,-1
155,22,1053.39,371.89,80.39,239.46,0.7019,-1,-1,-1
156,2,766.12,257.95,222.58,621.71,0.8701,-1,-1,-1
156,6,1159.52,305.22,179.33,504.86,0.8773,-1,-1,-1
156,8,671.08,406.00,98.70,226.13,0.7667,-1,-1,-1
156,9,981.48,339.97,82.50,344.05,0.7022,-1,-1,-1
156,17,180.97,302.49,207.98,599.79,0.8714,-1,-1,-1
156,13,1721.33,381.25,52.80,71.86,0.3494,-1,-1,-1
156,22,1051.98,370.66,80.45,242.34,0.6929,-1,-1,-1
157,2,760.10,259.93,228.88,624.20,0.8773,-1,-1,-1
157,6,1156.53,308.08,178.19,507.48,0.8730,-1,-1,-1
157,8,667.56,407.40,100.06,226.47,0.7037,-1,-1,-1
157,9,974.06,341.63,89.68,346.04,0.6969,-1,-1,-1
157,17,170.38,301.01,211.19,605.22,0.8634,-1,-1,-1
157,13,1721.20,381.68,53.43,74.26,0.4146,-1,-1,-1
157,22,1049.32,370.77,81.94,243.95,0.6789,-1,-1,-1
158,2,758.33,257.45,227.54,628.42,0.8731,-1,-1,-1
158,6,1151.39,305.65,177.32,507.93,0.8644,-1,-1,-1
158,8,662.27,405.75,87.24,228.13,0.6731,-1,-1,-1
158,9,968.27,341.20,90.47,345.13,0.7419,-1,-1,-1
158,17,156.73,296.99,214.31,611.65,0.8608,-1,-1,-1
158,13,1717.37,382.88,54.85,71.58,0.4165,-1,-1,-1
158,22,1044.71,370.29,84.40,244.05,0.7392,-1,-1,-1
159,2,761.42,260.61,221.50,628.90,0.8665,-1,-1,-1
159,6,1147.14,306.23,175.58,505.54,0.8760,-1,-1,-1
159,8,658.19,402.15,86.13,230.47,0.6602,-1,-1,-1
159,9,965.21,341.38,87.82,341.48,0.6552,-1,-1,-1
159,17,139.81,294.11,217.85,621.22,0.8558,-1,-1,-1
159,13,1711.89,378.79,57.91,74.45,0.5090,-1,-1,-1
159,22,1040.22,374.81,85.50,239.52,0.7013,-1,-1,-1
160,2,764.72,263.33,215.15,630.08,0.8641,-1,-1,-1
160,6,1142.23,305.93,174.03,506.63,0.8768,-1,-1,-1
160,8,650.92,401.40,92.91,230.39,0.6728,-1,-1,-1
160,9,961.37,340.12,90.81,341.38,0.7255,-1,-1,-1
160,17,126.88,290.78,221.39,637.28,0.8640,-1,-1,-1
160,13,1707.16,375.53,58.20,77.26,0.3369,-1,-1,-1
160,22,1036.76,377.22,84.11,236.19,0.6983,-1,-1,-1
160,24,749.03,355.64,68.83,277.46,0.5043,-1,-1,-1
161,2,767.27,269.10,211.42,628.90,0.8708,-1,-1,-1
161,6,1138.17,306.58,172.57,506.54,0.8783,-1,-1,-1
161,8,645.43,399.04,92.14,235.25,0.6920,-1,-1,-1
161,9,955.85,339.54,89.38,341.50,0.6702,-1,-1,-1
161,17,112.62,289.96,225.02,654.53,0.8548,-1,-1,-1
161,13,1705.22,373.89,56.81,80.17,0.3376,-1,-1,-1
161,22,1032.33,383.01,84.82,229.95,0.7513,-1,-1,-1
161,24,737.37,361.69,71.57,274.29,0.4959,-1,-1,-1
162,2,770.49,270.76,206.70,627.25,0.8823,-1,-1,-1
162,6,1133.13,301.53,171.32,511.55,0.8730,-1,-1,-1
162,8,638.23,395.95,82.92,238.71,0.7045,-1,-1,-1
162,9,950.40,336.96,84.12,346.36,0.6473,-1,-1,-1
162,17,96.29,284.38,229.29,661.22,0.8687,-1,-1,-1
162,13,1700.03,378.74,56.70,76.69,0.4565,-1,-1,-1
162,22,1026.01,385.53,83.84,226.25,0.7440,-1,-1,-1
162,24,730.25,361.08,77.06,278.00,0.6042,-1,-1,-1
163,2,771.16,270.21,202.54,628.50,0.8929,-1,-1,-1
163,6,1123.94,299.73,174.48,512.44,0.8682,-1,-1,-1
163,8,629.71,394.16,83.17,240.63,0.7252,-1,-1,-1
163,9,945.58,332.62,85.08,350.65,0.6176,-1,-1,-1
163,17,81.33,283.17,225.65,675.84,0.8466,-1,-1,-1
163,13,1694.25,380.49,55.85,75.51,0.4454,-1,-1,-1
163,22,1019.64,386.52,84.43,224.59,0.6822,-1,-1,-1
163,24,724.25,358.45,77.52,280.47,0.6666,-1,-1,-1
164,2,767.40,268.65,203.45,625.48,0.8909,-1,-1,-1
164,6,1114.66,297.65,180.81,511.06,0.8670,-1,-1,-1
164,8,620.28,392.51,86.01,243.44,0.7236,-1,-1,-1
164,9,942.06,332.65,83.48,350.46,0.6623,-1,-1,-1
164,17,59.59,282.03,240.50,693.04,0.8833,-1,-1,-1
164,13,1689.96,381.95,57.05,72.65,0.2785,-1,-1,-1
164,22,1016.92,389.28,80.76,220.38,0.7019,-1,-1,-1
164,24,714.26,361.50,79.40,279.07,0.6743,-1,-1,-1
165,2,764.18,264.67,199.92,626.81,0.8865,-1,-1,-1
165,6,1107.79,298.12,181.72,507.42,0.8748,-1,-1,-1
165,8,611.45,392.25,85.63,244.31,0.6893,-1,-1,-1
165,9,940.55,332.27,82.35,348.28,0.6923,-1,-1,-1
165,17,39.98,280.04,248.11,711.31,0.8714,-1,-1,-1
165,13,1683.73,378.46,56.80,74.16,0.3295,-1,-1,-1
165,22,1013.75,390.63,79.31,216.21,0.6870,-1,-1,-1
165,24,707.53,363.46,79.88,277.90,0.7067,-1,-1,-1
166,2,764.67,260.35,196.42,629.92,0.8856,-1,-1,-1
166,6,1101.13,296.87,185.15,502.97,0.8767,-1,-1,-1
166,8,605.41,390.84,87.96,246.63,0.7175,-1,-1,-1
166,9,934.16,327.32,84.34,351.63,0.6958,-1,-1,-1
166,17,21.10,278.19,259.03,725.03,0.8876,-1,-1,-1
166,13,1678.75,375.65,54.88,75.00,0.3935,-1,-1,-1
166,22,1008.88,390.19,79.63,214.16,0.6682,-1,-1,-1
166,24,703.09,364.75,80.70,278.02,0.7311,-1,-1,-1
167,2,766.00,257.17,193.68,630.61,0.8746,-1,-1,-1
167,6,1095.17,292.06,189.83,506.27,0.8659,-1,-1,-1
167,8,600.78,389.61,87.21,248.80,0.7262,-1,-1,-1
167,9,933.02,325.20,84.11,350.46,0.6922,-1,-1,-1
167,17,5.98,274.48,258.80,736.91,0.8649,-1,-1,-1
167,13,1678.14,374.30,55.15,74.74,0.3861,-1,-1,-1
167,22,1007.73,395.42,78.03,209.34,0.5614,-1,-1,-1
167,24,697.65,362.96,86.09,281.06,0.7086,-1,-1,-1
168,2,771.20,254.21,187.22,623.17,0.8656,-1,-1,-1
168,6,1090.89,291.14,191.47,504.78,0.8648,-1,-1,-1
168,8,596.32,389.05,88.06,249.45,0.6914,-1,-1,-1
168,9,930.32,327.51,85.72,349.51,0.6995,-1,-1,-1
168,17,-2.60,266.79,259.36,750.62,0.8876,-1,-1,-1
168,13,1673.63,371.62,58.66,77.30,0.3810,-1,-1,-1
168,22,1006.70,381.74,77.96,225.38,0.6038,-1,-1,-1
168,24,685.96,358.93,94.55,285.51,0.7779,-1,-1,-1
169,2,775.64,250.25,184.66,615.06,0.8631,-1,-1,-1
169,6,1086.85,290.76,193.69,503.25,0.8699,-1,-1,-1
169,8,591.00,387.57,90.39,251.91,0.7354,-1,-1,-1
169,9,929.54,328.33,83.91,344.78,0.6960,-1,-1,-1
169,17,-5.72,259.59,249.56,763.11,0.9024,-1,-1,-1
169,13,1672.26,370.31,58.49,77.75,0.4161,-1,-1,-1
169,22,1004.13,377.02,79.74,227.67,0.6373,-1,-1,-1
169,24,680.20,357.07,96.90,283.25,0.7694,-1,-1,-1
170,2,778.26,248.24,181.69,611.49,0.8545,-1,-1,-1
170,6,1082.12,290.45,197.52,505.05,0.8706,-1,-1,-1
170,8,588.26,386.79,84.51,252.15,0.6209,-1,-1,-1
170,9,928.14,328.96,82.38,343.31,0.6888,-1,-1,-1
170,17,-6.06,252.74,237.14,776.11,0.9022,-1,-1,-1
170,13,1674.81,368.80,54.54,77.57,0.3143,-1,-1,-1
170,22,1003.68,372.82,80.54,231.08,0.6336,-1,-1,-1
170,24,673.46,353.85,102.99,286.88,0.7920,-1,-1,-1
171,2,778.46,246.35,180.33,612.86,0.8563,-1,-1,-1
171,6,1079.00,290.24,200.69,508.41,0.8685,-1,-1,-1
171,8,582.12,383.52,88.79,258.13,0.6407,-1,-1,-1
171,9,927.42,328.55,83.23,346.53,0.7118,-1,-1,-1
171,17,-5.63,247.52,224.93,789.13,0.9018,-1,-1,-1
171,22,1004.79,368.37,78.46,230.97,0.6713,-1,-1,-1
171,24,665.67,352.95,110.47,291.20,0.8042,-1,-1,-1
172,2,777.03,246.80,182.49,616.44,0.8505,-1,-1,-1
172,6,1075.76,290.18,203.94,509.09,0.8735,-1,-1,-1
172,8,575.16,384.26,95.99,260.79,0.6859,-1,-1,-1
172,9,927.68,335.44,81.47,337.30,0.6800,-1,-1,-1
172,17,-4.85,242.71,211.41,800.03,0.8958,-1,-1,-1
172,22,1002.83,367.27,78.61,230.37,0.6565,-1,-1,-1
172,24,659.65,351.63,116.50,294.85,0.8319,-1,-1,-1
173,2,777.75,245.32,180.67,619.66,0.8551,-1,-1,-1
173,6,1073.88,288.91,204.15,510.82,0.8676,-1,-1,-1
173,8,567.47,384.99,101.20,261.96,0.7059,-1,-1,-1
173,9,926.78,336.10,79.17,335.73,0.6681,-1,-1,-1
173,17,-4.10,237.25,199.46,814.79,0.8878,-1,-1,-1
173,22,1002.27,370.41,78.65,224.10,0.6627,-1,-1,-1
173,24,655.91,348.74,122.14,298.33,0.8320,-1,-1,-1
173,13,1674.67,363.87,53.48,76.72,0.4411,-1,-1,-1
174,2,777.42,245.61,181.87,622.19,0.8592,-1,-1,-1
174,6,1075.42,288.68,205.32,514.70,0.8718,-1,-1,-1
174,8,563.11,381.83,97.87,268.26,0.6957,-1,-1,-1
174,9,927.91,335.83,78.11,336.36,0.6467,-1,-1,-1
174,17,-3.31,233.04,190.16,827.93,0.8844,-1,-1,-1
174,22,1002.92,368.21,77.48,226.96,0.6682,-1,-1,-1
174,24,654.14,346.53,126.05,301.06,0.8181,-1,-1,-1
174,13,1676.24,362.64,54.26,75.68,0.4163,-1,-1,-1
175,2,780.29,246.78,179.28,626.33,0.8637,-1,-1,-1
175,6,1078.71,288.88,205.14,518.86,0.8728,-1,-1,-1
175,8,560.04,380.10,97.09,272.30,0.6820,-1,-1,-1
175,9,929.95,331.79,77.89,340.71,0.6397,-1,-1,-1
175,17,-2.36,228.02,181.47,838.29,0.8854,-1,-1,-1
175,22,1004.15,367.76,76.68,229.72,0.6668,-1,-1,-1
175,24,652.83,345.57,129.42,303.86,0.8183,-1,-1,-1
175,13,1679.59,362.71,55.94,75.83,0.4675,-1,-1,-1
176,2,785.19,252.41,176.52,627.74,0.8478,-1,-1,-1
176,6,1082.86,290.14,204.44,520.04,0.8720,-1,-1,-1
176,8,556.65,379.71,99.99,275.98,0.7237,-1,-1,-1
176,9,932.93,328.21,75.40,345.23,0.6380,-1,-1,-1
176,17,-1.05,227.19,174.09,846.17,0.8836,-1,-1,-1
176,22,1007.94,366.95,75.28,231.24,0.6803,-1,-1,-1
176,24,653.44,346.11,129.40,309.05,0.8106,-1,-1,-1
176,13,1685.32,364.18,51.94,72.76,0.3567,-1,-1,-1
177,2,787.40,255.94,176.36,627.45,0.8483,-1,-1,-1
177,6,1085.92,289.91,203.92,518.77,0.8747,-1,-1,-1
177,8,554.13,379.22,101.88,276.00,0.7127,-1,-1,-1
177,9,934.97,324.66,67.77,348.03,0.5910,-1,-1,-1
177,17,-1.18,224.56,164.68,853.33,0.8760,-1,-1,-1
177,22,1009.41,367.03,75.10,229.89,0.6892,-1,-1,-1
177,24,653.15,345.41,129.50,311.38,0.8152,-1,-1,-1
177,13,1685.34,359.52,56.53,74.09,0.3955,-1,-1,-1
178,2,790.93,260.53,176.87,626.33,0.8574,-1,-1,-1
178,6,1090.01,290.16,205.64,522.82,0.8786,-1,-1,-1
178,8,554.05,379.44,101.23,277.80,0.7325,-1,-1,-1
178,9,940.04,326.55,60.08,351.65,0.4100,-1,-1,-1
178,17,-0.41,222.18,156.33,857.71,0.8739,-1,-1,-1
178,22,1013.76,369.61,74.52,229.02,0.6445,-1,-1,-1
178,24,653.31,347.57,133.07,314.23,0.8252,-1,-1,-1
178,13,1690.28,359.61,57.03,74.67,0.3316,-1,-1,-1
179,2,793.31,262.63,176.65,625.14,0.8565,-1,-1,-1
179,6,1097.04,288.32,202.90,526.32,0.8804,-1,-1,-1
179,8,553.09,379.15,102.27,280.15,0.7098,-1,-1,-1
179,9,934.48,308.85,68.60,366.27,0.5764,-1,-1,-1
179,17,0.02,224.29,145.54,855.83,0.8739,-1,-1,-1
179,22,1016.12,373.12,74.84,224.62,0.6755,-1,-1,-1
179,24,651.56,348.78,139.27,315.39,0.8252,-1,-1,-1
179,13,1688.79,357.21,65.53,78.20,0.4430,-1,-1,-1
180,2,796.60,266.03,178.96,619.65,0.8629,-1,-1,-1
180,6,1103.29,289.96,202.45,524.84,0.8717,-1,-1,-1
180,8,552.88,378.83,104.13,283.58,0.7639,-1,-1,-1
180,9,941.81,316.31,61.29,358.33,0.3248,-1,-1,-1
180,17,0.42,228.15,134.93,852.85,0.8652,-1,-1,-1
180,22,1019.35,381.01,74.25,218.13,0.6118,-1,-1,-1
180,24,652.87,350.62,137.95,316.34,0.7987,-1,-1,-1
180,13,1695.51,357.69,65.84,77.13,0.4640,-1,-1,-1
181,2,798.46,266.22,182.10,618.75,0.8678,-1,-1,-1
181,6,1112.29,286.40,198.92,527.15,0.8746,-1,-1,-1
181,8,554.01,381.16,104.05,284.31,0.7259,-1,-1,-1
181,9,943.66,312.52,60.00,360.01,0.3647,-1,-1,-1
181,17,0.80,249.66,127.43,831.48,0.8624,-1,-1,-1
181,22,1020.77,374.59,76.33,224.99,0.6327,-1,-1,-1
181,24,654.23,351.21,138.91,319.93,0.8160,-1,-1,-1
181,13,1708.90,355.90,57.13,77.24,0.4132,-1,-1,-1
182,2,799.02,265.41,183.89,617.81,0.8722,-1,-1,-1
182,6,1119.84,285.81,197.39,527.08,0.8727,-1,-1,-1
182,8,555.04,382.23,106.37,286.67,0.7499,-1,-1,-1
182,9,945.48,312.46,61.98,360.98,0.4421,-1,-1,-1
182,17,0.91,275.43,118.60,805.28,0.8565,-1,-1,-1
182,22,1023.14,376.83,79.03,221.62,0.7337,-1,-1,-1
182,24,654.80,351.10,138.93,323.19,0.8203,-1,-1,-1
182,13,1714.14,354.94,58.87,77.42,0.5695,-1,-1,-1
183,2,801.18,264.06,189.02,612.74,0.8732,-1,-1,-1
183,6,1130.04,283.38,193.13,522.21,0.8705,-1,-1,-1
183,8,555.46,385.14,107.38,287.34,0.7400,-1,-1,-1
183,9,948.10,313.44,63.21,357.33,0.3323,-1,-1,-1
183,17,1.25,301.76,106.59,777.71,0.8433,-1,-1,-1
183,22,1025.90,382.13,79.96,216.93,0.6709,-1,-1,-1
183,24,655.24,349.48,142.98,325.11,0.8299,-1,-1,-1
183,13,1717.25,353.89,60.24,77.99,0.4129,-1,-1,-1
184,2,803.62,264.63,191.61,601.77,0.8759,-1,-1,-1
184,6,1134.72,282.63,192.59,517.66,0.8754,-1,-1,-1
184,8,556.08,387.93,109.87,285.53,0.7553,-1,-1,-1
184,9,951.61,307.57,65.61,366.21,0.4231,-1,-1,-1
184,17,1.35,358.65,94.04,719.10,0.8428,-1,-1,-1
184,22,1031.08,381.74,80.55,220.37,0.6439,-1,-1,-1
184,24,659.37,347.86,144.51,327.60,0.8310,-1,-1,-1
184,13,1725.60,353.75,60.90,77.80,0.4384,-1,-1,-1
185,2,804.20,262.83,193.42,598.95,0.8585,-1,-1,-1
185,6,1140.29,282.80,192.16,513.99,0.8707,-1,-1,-1
185,8,557.40,389.64,114.66,286.23,0.7168,-1,-1,-1
185,9,957.19,310.37,68.64,364.52,0.6060,-1,-1,-1
185,17,1.00,383.97,85.10,692.77,0.8066,-1,-1,-1
185,22,1036.72,383.89,78.14,217.89,0.6760,-1,-1,-1
185,24,666.90,334.87,140.35,343.39,0.8511,-1,-1,-1
185,13,1728.86,351.44,63.72,79.22,0.4087,-1,-1,-1
186,2,805.35,258.98,193.09,602.83,0.8642,-1,-1,-1
186,6,1148.72,283.85,187.28,514.33,0.8792,-1,-1,-1
186,8,558.14,390.36,118.03,288.03,0.7526,-1,-1,-1
186,9,961.97,315.54,67.32,360.95,0.5454,-1,-1,-1
186,17,0.72,396.91,82.04,679.67,0.7607,-1,-1,-1
186,22,1038.52,383.95,81.11,218.16,0.6859,-1,-1,-1
186,24,669.43,327.33,139.75,353.68,0.8471,-1,-1,-1
186,13,1737.36,351.84,62.78,79.01,0.4774,-1,-1,-1
187,2,806.80,255.04,194.42,603.95,0.8674,-1,-1,-1
187,6,1154.09,280.66,188.29,519.29,0.8827,-1,-1,-1
187,8,557.82,386.95,122.70,293.19,0.7654,-1,-1,-1
187,9,969.23,337.44,61.68,339.12,0.3722,-1,-1,-1
187,17,-0.01,414.39,64.22,661.08,0.4281,-1,-1,-1
187,22,1042.43,379.99,80.20,220.02,0.7039,-1,-1,-1
187,24,670.92,327.08,139.20,353.61,0.8514,-1,-1,-1
187,13,1751.49,353.43,57.64,77.34,0.3293,-1,-1,-1
188,2,803.13,252.77,200.45,605.88,0.8690,-1,-1,-1
188,6,1155.79,279.17,188.75,520.19,0.8860,-1,-1,-1
188,8,556.71,385.42,125.31,294.53,0.7760,-1,-1,-1
188,9,972.95,340.55,57.64,335.81,0.2904,-1,-1,-1
188,22,1039.41,377.58,83.66,222.45,0.7111,-1,-1,-1
188,24,669.40,325.08,139.51,354.01,0.8550,-1,-1,-1
188,13,1760.25,353.78,52.57,74.56,0.4170,-1,-1,-1
189,2,800.34,252.41,203.04,609.05,0.8673,-1,-1,-1
189,6,1159.45,276.67,184.04,522.80,0.8823,-1,-1,-1
189,8,554.09,382.62,129.80,298.01,0.7090,-1,-1,-1
189,9,975.50,336.96,55.67,339.58,0.2312,-1,-1,-1
189,22,1038.22,375.83,84.92,223.69,0.7260,-1,-1,-1
189,24,667.17,324.20,141.41,356.29,0.8494,-1,-1,-1
189,13,1761.49,352.26,55.59,74.82,0.4731,-1,-1,-1
190,2,802.21,251.45,200.97,612.17,0.8584,-1,-1,-1
190,6,1160.56,275.53,184.50,526.07,0.8807,-1,-1,-1
190,8,549.07,380.43,137.89,301.32,0.7275,-1,-1,-1
190,9,977.49,334.41,53.98,344.57,0.2666,-1,-1,-1
190,22,1033.80,376.10,89.32,222.20,0.7131,-1,-1,-1
190,24,669.72,322.62,138.36,360.08,0.8446,-1,-1,-1
190,13,1759.56,353.04,59.73,76.12,0.4660,-1,-1,-1
191,2,804.13,252.85,199.04,616.62,0.8553,-1,-1,-1
191,6,1161.83,277.79,184.78,528.56,0.8796,-1,-1,-1
191,8,545.95,379.15,138.06,305.18,0.6634,-1,-1,-1
191,9,978.28,331.13,55.17,351.77,0.3144,-1,-1,-1
191,22,1033.75,375.21,89.86,224.80,0.6992,-1,-1,-1
191,24,670.39,323.87,136.72,362.12,0.8074,-1,-1,-1
191,13,1759.96,355.25,60.43,78.01,0.4878,-1,-1,-1
192,2,808.63,258.79,194.06,617.90,0.8578,-1,-1,-1
192,6,1161.30,283.89,183.61,528.52,0.8861,-1,-1,-1
192,8,541.36,378.76,114.91,307.49,0.7031,-1,-1,-1
192,22,1031.97,378.47,90.01,223.44,0.7032,-1,-1,-1
192,24,666.97,325.40,139.17,362.96,0.8327,-1,-1,-1
192,13,1758.52,359.98,62.79,77.68,0.4317,-1,-1,-1
193,2,808.91,263.25,194.10,617.73,0.8680,-1,-1,-1
193,6,1160.46,285.35,180.21,530.59,0.8836,-1,-1,-1
193,8,535.66,377.79,126.15,309.09,0.6636,-1,-1,-1
193,22,1029.91,377.39,89.52,226.13,0.6985,-1,-1,-1
193,24,659.16,328.95,145.67,362.00,0.7864,-1,-1,-1
193,13,1755.46,361.64,67.41,77.58,0.4426,-1,-1,-1
194,2,806.39,267.83,196.92,615.21,0.8654,-1,-1,-1
194,6,1158.96,288.21,177.88,533.83,0.8792,-1,-1,-1
194,8,530.13,378.21,130.90,312.72,0.7531,-1,-1,-1
194,22,1031.88,378.90,86.56,227.01,0.7260,-1,-1,-1
194,24,655.53,331.68,146.17,365.14,0.8256,-1,-1,-1
194,13,1755.43,363.64,68.08,79.33,0.4233,-1,-1,-1
195,2,802.46,273.65,202.62,611.48,0.8796,-1,-1,-1
195,6,1155.67,291.58,175.93,534.54,0.8688,-1,-1,-1
195,8,522.03,380.59,119.68,316.13,0.7482,-1,-1,-1
195,22,1026.94,381.49,89.33,225.94,0.7374,-1,-1,-1
195,24,646.94,336.42,151.12,367.54,0.8445,-1,-1,-1
195,13,1756.09,367.75,66.34,79.54,0.5033,-1,-1,-1
196,2,798.64,272.29,205.42,613.92,0.8865,-1,-1,-1
196,6,1150.14,294.10,175.62,536.34,0.8562,-1,-1,-1
196,8,514.90,379.96,116.74,321.85,0.7626,-1,-1,-1
196,22,1021.68,383.51,92.03,224.01,0.7190,-1,-1,-1
196,24,643.03,340.78,151.61,367.03,0.8285,-1,-1,-1
196,13,1758.62,369.51,61.75,79.30,0.3743,-1,-1,-1
197,2,795.61,271.74,208.08,614.82,0.8946,-1,-1,-1
197,6,1145.17,294.71,174.00,536.81,0.8555,-1,-1,-1
197,8,506.71,381.76,115.54,324.15,0.7715,-1,-1,-1
197,22,1017.97,386.71,93.11,222.46,0.7607,-1,-1,-1
197,24,634.94,341.67,153.72,369.76,0.8225,-1,-1,-1
197,13,1757.68,374.43,61.71,74.96,0.3222,-1,-1,-1
198,2,795.80,273.36,207.93,615.53,0.8891,-1,-1,-1
198,6,1139.21,297.22,176.09,530.26,0.8547,-1,-1,-1
198,8,496.45,384.76,117.70,329.64,0.7919,-1,-1,-1
198,22,1014.74,390.39,92.42,221.25,0.7206,-1,-1,-1
198,24,622.42,343.48,157.86,374.54,0.8376,-1,-1,-1
198,13,1745.63,374.20,71.29,79.64,0.2466,-1,-1,-1
199,2,801.52,276.16,199.99,600.99,0.8820,-1,-1,-1
199,6,1133.74,298.60,178.47,539.83,0.8628,-1,-1,-1
199,8,488.11,387.85,120.74,332.60,0.8201,-1,-1,-1
199,22,1009.85,396.38,91.80,216.65,0.7436,-1,-1,-1
199,24,607.86,347.44,162.94,381.31,0.8337,-1,-1,-1
199,13,1751.16,379.17,63.44,78.19,0.2932,-1,-1,-1
200,2,800.09,280.42,200.85,589.41,0.8845,-1,-1,-1
200,6,1126.24,300.22,181.66,541.37,0.8614,-1,-1,-1
200,8,478.71,392.22,128.54,335.88,0.7006,-1,-1,-1
200,22,1007.81,404.45,89.07,210.96,0.6669,-1,-1,-1
200,24,605.66,349.46,155.81,383.89,0.8437,-1,-1,-1
200,13,1738.65,381.61,69.51,79.46,0.5505,-1,-1,-1
201,2,799.32,281.48,197.06,588.18,0.8869,-1,-1,-1
201,6,1117.50,303.48,185.95,534.25,0.8700,-1,-1,-1
201,8,467.65,395.19,120.41,335.67,0.7716,-1,-1,-1
201,22,1006.69,397.94,83.81,219.21,0.7349,-1,-1,-1
201,24,586.43,348.51,163.20,384.90,0.7974,-1,-1,-1
201,13,1732.65,384.40,71.91,79.36,0.4137,-1,-1,-1
202,2,796.43,282.08,195.15,590.78,0.8919,-1,-1,-1
202,6,1111.16,304.62,189.10,532.41,0.8721,-1,-1,-1
202,8,458.02,399.03,126.92,335.60,0.8073,-1,-1,-1
202,22,1004.72,403.67,80.92,215.61,0.6844,-1,-1,-1
202,24,582.31,347.49,157.30,389.01,0.8087,-1,-1,-1
202,13,1726.35,384.61,74.62,81.10,0.4250,-1,-1,-1
203,2,798.20,282.68,189.69,593.43,0.8817,-1,-1,-1
203,6,1106.43,305.06,192.38,532.05,0.8731,-1,-1,-1
203,8,445.64,398.13,115.23,342.95,0.6158,-1,-1,-1
203,22,1001.19,408.00,81.61,215.06,0.7236,-1,-1,-1
203,24,577.19,345.81,157.00,395.60,0.8280,-1,-1,-1
203,13,1726.80,384.79,70.69,82.07,0.4243,-1,-1,-1
203,28,761.18,399.09,63.09,239.87,0.4433,-1,-1,-1
204,2,804.68,284.70,180.28,595.05,0.8649,-1,-1,-1
204,6,1104.03,304.36,192.24,531.02,0.8711,-1,-1,-1
204,8,435.78,399.23,134.27,346.34,0.7254,-1,-1,-1
204,22,1002.80,412.06,78.54,216.25,0.7369,-1,-1,-1
204,24,572.40,345.23,157.14,397.82,0.8170,-1,-1,-1
204,13,1728.88,385.08,66.71,82.00,0.3567,-1,-1,-1
204,28,758.41,400.34,67.19,240.60,0.6657,-1,-1,-1
205,2,807.16,285.89,175.86,596.95,0.8643,-1,-1,-1
205,6,1102.40,303.86,193.14,529.97,0.8742,-1,-1,-1
205,8,426.32,399.25,142.54,349.02,0.7800,-1,-1,-1
205,22,1002.29,413.70,76.84,214.89,0.7015,-1,-1,-1
205,24,565.24,343.90,154.48,400.40,0.8009,-1,-1,-1
205,13,1724.31,383.23,69.38,83.90,0.4837,-1,-1,-1
205,28,757.99,397.90,68.60,244.30,0.6583,-1,-1,-1
206,2,808.40,287.38,172.96,598.80,0.8670,-1,-1,-1
206,6,1099.89,306.05,197.85,531.15,0.8668,-1,-1,-1
206,8,418.71,397.67,148.74,352.63,0.7965,-1,-1,-1
206,22,1000.47,415.40,78.05,212.16,0.6890,-1,-1,-1
206,24,559.21,342.78,155.51,404.61,0.8321,-1,-1,-1
206,13,1728.46,382.34,64.89,84.32,0.4244,-1,-1,-1
206,28,756.14,396.63,69.67,248.57,0.6905,-1,-1,-1
207,2,809.07,288.80,171.03,598.55,0.8644,-1,-1,-1
207,6,1096.83,307.21,202.80,533.04,0.8681,-1,-1,-1
207,8,412.16,395.89,149.53,356.24,0.8315,-1,-1,-1
207,22,1000.14,414.86,77.97,213.60,0.6985,-1,-1,-1
207,24,552.30,343.46,160.07,407.09,0.8531,-1,-1,-1
207,13,1733.52,382.12,60.18,84.34,0.3867,-1,-1,-1
207,28,754.01,395.87,71.67,249.25,0.6904,-1,-1,-1
208,2,809.71,289.62,169.10,598.15,0.8560,-1,-1,-1
208,6,1094.46,304.97,206.85,537.97,0.8679,-1,-1,-1
208,8,404.69,394.91,146.67,358.64,0.8412,-1,-1,-1
208,22,1002.17,411.20,75.87,212.23,0.7249,-1,-1,-1
208,24,546.43,337.71,161.51,413.28,0.8587,-1,-1,-1
208,13,1739.45,382.86,55.03,83.01,0.3025,-1,-1,-1
208,28,753.40,393.95,72.07,250.82,0.6878,-1,-1,-1
209,2,808.91,291.20,169.10,598.11,0.8554,-1,-1,-1
209,6,1094.34,305.17,209.31,540.92,0.8675,-1,-1,-1
209,8,399.02,392.47,148.12,362.29,0.8273,-1,-1,-1
209,22,1002.32,405.86,75.80,215.50,0.7163,-1,-1,-1
209,24,538.33,335.95,170.39,419.39,0.8638,-1,-1,-1
209,13,1744.86,383.30,51.67,81.24,0.3860,-1,-1,-1
209,28,753.92,393.96,69.34,252.12,0.6310,-1,-1,-1
210,2,806.46,294.24,171.26,597.52,0.8648,-1,-1,-1
210,6,1095.14,307.95,211.12,540.49,0.8719,-1,-1,-1
210,8,392.33,390.61,148.16,365.80,0.8246,-1,-1,-1
210,22,1002.03,404.83,77.13,216.26,0.5577,-1,-1,-1
210,24,532.31,338.56,175.86,422.72,0.8500,-1,-1,-1
210,13,1731.07,383.03,65.55,83.52,0.4034,-1,-1,-1
210,28,749.64,393.27,71.36,254.65,0.6423,-1,-1,-1
211,2,804.71,294.47,173.26,599.94,0.8700,-1,-1,-1
211,6,1095.89,309.71,211.30,543.99,0.8725,-1,-1,-1
211,8,384.90,389.71,148.68,367.80,0.8252,-1,-1,-1
211,22,1003.50,414.89,74.66,206.09,0.5493,-1,-1,-1
211,24,522.21,331.74,183.73,437.40,0.8323,-1,-1,-1
211,13,1741.28,382.76,56.49,83.39,0.4624,-1,-1,-1
211,28,746.35,393.77,72.13,257.59,0.6487,-1,-1,-1
212,2,799.78,293.07,180.15,600.52,0.8608,-1,-1,-1
212,6,1095.40,313.43,213.44,542.33,0.8651,-1,-1,-1
212,8,377.10,389.26,145.86,374.78,0.8260,-1,-1,-1
212,22,1000.62,407.91,77.55,214.97,0.6691,-1,-1,-1
212,24,507.73,330.77,195.72,446.80,0.8211,-1,-1,-1
212,13,1745.43,387.53,52.82,79.37,0.2429,-1,-1,-1
212,28,743.07,394.62,74.36,259.24,0.6522,-1,-1,-1
213,2,795.38,293.68,182.02,600.64,0.8643,-1,-1,-1
213,6,1094.99,312.30,213.35,545.86,0.8609,-1,-1,-1
213,8,368.46,390.06,149.56,384.44,0.8419,-1,-1,-1
213,22,997.06,404.45,80.51,220.15,0.7172,-1,-1,-1
213,24,504.87,337.06,194.51,446.58,0.8367,-1,-1,-1
213,13,1735.20,390.12,62.08,79.84,0.1893,-1,-1,-1
213,28,740.19,396.07,71.74,262.90,0.6701,-1,-1,-1
214,2,792.75,298.59,183.84,593.07,0.8604,-1,-1,-1
214,6,1096.07,318.25,213.45,545.66,0.8704,-1,-1,-1
214,8,363.92,395.78,150.77,390.33,0.8435,-1,-1,-1
214,22,996.02,410.07,82.58,219.54,0.7442,-1,-1,-1
214,24,503.73,342.59,193.47,449.25,0.8453,-1,-1,-1
214,28,739.17,401.84,70.10,261.41,0.6717,-1,-1,-1
215,2,790.22,294.62,187.36,585.60,0.8647,-1,-1,-1
215,6,1100.22,314.17,211.15,552.73,0.8719,-1,-1,-1
215,8,359.96,395.78,151.02,396.15,0.8484,-1,-1,-1
215,22,995.64,406.84,85.15,221.89,0.7167,-1,-1,-1
215,24,502.20,341.06,194.74,455.31,0.8641,-1,-1,-1
215,28,738.84,400.80,68.95,261.02,0.6940,-1,-1,-1
215,13,1747.03,393.43,56.68,76.81,0.3457,-1,-1,-1
216,2,788.38,292.66,191.10,587.15,0.8662,-1,-1,-1
216,6,1109.48,311.89,203.89,558.34,0.8833,-1,-1,-1
216,8,357.44,396.55,150.54,402.13,0.8468,-1,-1,-1
216,22,1002.26,411.79,81.53,217.93,0.7528,-1,-1,-1
216,24,500.82,338.17,193.86,465.15,0.8710,-1,-1,-1
216,28,741.00,400.68,67.70,260.18,0.6177,-1,-1,-1
216,13,1760.15,396.58,51.38,76.37,0.3601,-1,-1,-1
217,2,787.65,290.97,193.77,588.38,0.8724,-1,-1,-1
217,6,1115.73,309.80,202.11,559.94,0.8829,-1,-1,-1
217,8,355.79,397.08,150.11,403.68,0.8453,-1,-1,-1
217,22,1006.92,415.83,81.09,215.10,0.7736,-1,-1,-1
217,24,500.59,334.46,192.94,473.40,0.8697,-1,-1,-1
217,28,743.17,398.88,67.61,265.73,0.6353,-1,-1,-1
217,13,1768.62,395.07,46.93,77.95,0.3743,-1,-1,-1
218,2,790.71,290.33,194.38,590.85,0.8777,-1,-1,-1
218,6,1123.94,312.01,198.04,555.04,0.8740,-1,-1,-1
218,8,353.83,397.26,155.69,409.31,0.8514,-1,-1,-1
218,22,1011.33,421.97,80.33,209.59,0.7528,-1,-1,-1
218,24,502.25,328.42,190.45,483.57,0.8719,-1,-1,-1
218,28,747.39,397.84,65.92,269.82,0.6784,-1,-1,-1
218,13,1774.75,397.03,48.19,78.10,0.2388,-1,-1,-1
218,29,663.47,399.47,55.65,197.93,0.4524,-1,-1,-1
219,2,795.15,290.84,195.00,591.75,0.8762,-1,-1,-1
219,6,1131.26,313.39,196.61,549.43,0.8745,-1,-1,-1
219,8,353.40,397.08,162.92,414.34,0.8510,-1,-1,-1
219,22,1016.59,420.89,81.15,214.61,0.7159,-1,-1,-1
219,24,506.11,325.02,189.52,488.77,0.8773,-1,-1,-1
219,28,750.83,398.05,66.53,272.65,0.6843,-1,-1,-1
219,13,1783.21,396.24,49.95,80.63,0.3230,-1,-1,-1
219,29,666.66,406.04,56.09,186.72,0.3873,-1,-1,-1
220,2,795.86,294.14,197.44,592.78,0.8704,-1,-1,-1
220,6,1137.11,314.03,196.48,547.03,0.8721,-1,-1,-1
220,8,353.03,395.42,166.97,417.77,0.8581,-1,-1,-1
220,22,1021.01,420.00,81.20,216.14,0.7220,-1,-1,-1
220,24,509.17,322.67,188.84,492.66,0.8667,-1,-1,-1
220,28,751.76,398.24,70.48,273.41,0.6723,-1,-1,-1
220,13,1793.08,395.01,49.00,81.63,0.4107,-1,-1,-1
220,29,666.14,405.55,59.78,179.68,0.5587,-1,-1,-1
221,2,801.16,296.91,198.89,594.98,0.8588,-1,-1,-1
221,6,1145.06,314.59,198.17,546.30,0.8733,-1,-1,-1
221,8,351.97,391.26,170.54,423.46,0.8508,-1,-1,-1
221,22,1026.11,422.37,80.90,215.03,0.7114,-1,-1,-1
221,24,510.38,318.94,188.72,497.71,0.8655,-1,-1,-1
221,28,754.22,396.89,73.90,276.54,0.7019,-1,-1,-1
221,13,1799.19,394.92,51.66,84.64,0.4937,-1,-1,-1
221,29,665.67,404.89,64.08,182.91,0.5404,-1,-1,-1
222,2,807.19,299.31,197.02,597.43,0.8565,-1,-1,-1
222,6,1154.67,317.43,194.25,546.02,0.8892,-1,-1,-1
222,8,351.21,387.76,172.67,428.35,0.8545,-1,-1,-1
222,22,1026.09,423.63,85.69,216.27,0.7124,-1,-1,-1
222,24,511.57,315.84,189.06,503.25,0.8745,-1,-1,-1
222,28,757.52,396.93,76.81,278.16,0.7176,-1,-1,-1
222,13,1810.90,398.58,50.06,82.21,0.4911,-1,-1,-1
222,29,667.58,406.48,68.23,186.24,0.5040,-1,-1,-1
223,2,815.31,301.76,193.95,596.79,0.8708,-1,-1,-1
223,6,1162.74,317.38,191.43,547.55,0.8806,-1,-1,-1
223,8,348.47,385.89,175.56,431.29,0.8501,-1,-1,-1
223,22,1033.54,421.63,80.86,218.61,0.7052,-1,-1,-1
223,24,511.43,312.82,191.54,504.38,0.8740,-1,-1,-1
223,28,759.99,395.84,79.09,279.75,0.7207,-1,-1,-1
223,13,1817.13,396.61,52.13,84.89,0.4955,-1,-1,-1
223,29,668.66,407.00,70.61,189.13,0.5440,-1,-1,-1
223,31,1432.58,523.89,157.29,334.46,0.3562,-1,-1,-1
224,2,821.96,304.36,193.88,594.67,0.8798,-1,-1,-1
224,6,1169.39,313.55,189.48,553.53,0.8861,-1,-1,-1
224,8,347.29,384.75,174.93,432.78,0.8487,-1,-1,-1
224,22,1038.44,419.78,80.80,219.18,0.7568,-1,-1,-1
224,24,509.96,306.61,195.12,512.57,0.8762,-1,-1,-1
224,28,761.47,393.58,82.09,284.61,0.8185,-1,-1,-1
224,13,1823.18,395.46,55.46,87.57,0.4428,-1,-1,-1
224,29,670.83,406.76,70.81,193.95,0.4124,-1,-1,-1
224,31,1443.39,531.08,147.45,327.19,0.4132,-1,-1,-1
225,2,826.31,304.20,198.39,594.14,0.8805,-1,-1,-1
225,6,1175.97,313.57,188.79,555.07,0.8826,-1,-1,-1
225,8,346.71,383.87,170.96,435.77,0.8530,-1,-1,-1
225,22,1040.10,420.62,81.58,216.96,0.7667,-1,-1,-1
225,24,507.57,301.19,199.78,523.58,0.8704,-1,-1,-1
225,28,761.46,393.01,87.06,286.76,0.8123,-1,-1,-1
225,13,1833.64,397.34,54.20,85.02,0.4407,-1,-1,-1
225,29,672.13,405.11,70.31,199.82,0.5328,-1,-1,-1
225,31,1446.73,534.46,149.88,327.61,0.1733,-1,-1,-1
226,2,834.42,302.74,196.63,589.50,0.8722,-1,-1,-1
226,6,1179.95,313.49,187.39,557.65,0.8712,-1,-1,-1
226,8,341.27,381.95,171.15,438.99,0.8616,-1,-1,-1
226,22,1039.79,422.26,82.48,214.31,0.7552,-1,-1,-1
226,24,500.95,299.62,206.09,532.37,0.8715,-1,-1,-1
226,28,760.57,393.28,92.74,288.24,0.7940,-1,-1,-1
226,13,1837.03,395.92,58.02,86.91,0.6332,-1,-1,-1
226,29,671.79,405.37,72.12,210.57,0.6471,-1,-1,-1
226,31,1449.57,537.74,171.30,329.21,0.2230,-1,-1,-1
227,2,837.35,301.95,197.51,582.21,0.8734,-1,-1,-1
227,6,1182.98,314.24,187.93,558.62,0.8637,-1,-1,-1
227,8,334.70,379.39,171.69,447.34,0.8502,-1,-1,-1
227,22,1041.08,425.57,84.89,209.87,0.7623,-1,-1,-1
227,24,493.90,296.39,211.37,544.36,0.8762,-1,-1,-1
227,28,756.62,393.29,99.37,290.43,0.7857,-1,-1,-1
227,13,1839.51,397.39,62.55,86.05,0.4284,-1,-1,-1
227,29,671.09,404.05,73.62,216.53,0.6699,-1,-1,-1
227,31,1461.80,522.61,156.05,349.29,0.2178,-1,-1,-1
228,2,840.23,299.65,196.25,592.30,0.8665,-1,-1,-1
228,6,1184.83,314.96,187.22,562.74,0.8641,-1,-1,-1
228,8,329.70,373.53,165.96,460.04,0.8497,-1,-1,-1
228,22,1042.52,421.87,85.48,212.66,0.7658,-1,-1,-1
228,24,477.84,292.17,225.71,553.37,0.8746,-1,-1,-1
228,28,754.52,392.98,103.84,293.10,0.7977,-1,-1,-1
228,13,1841.87,397.69,65.34,85.65,0.3609,-1,-1,-1
228,29,667.37,401.78,77.83,224.40,0.6482,-1,-1,-1
228,31,1467.81,526.66,147.53,347.15,0.2617,-1,-1,-1
229,2,846.32,297.75,191.63,592.76,0.8580,-1,-1,-1
229,6,1185.29,316.39,186.96,565.13,0.8663,-1,-1,-1
229,8,321.85,370.02,163.72,471.50,0.8456,-1,-1,-1
229,22,1045.45,421.35,83.88,212.91,0.7606,-1,-1,-1
229,24,471.52,290.58,228.05,557.08,0.8691,-1,-1,-1
229,28,754.07,393.84,103.78,296.27,0.8026,-1,-1,-1
229,13,1846.97,397.23,63.30,88.04,0.4352,-1,-1,-1
229,29,663.53,401.56,80.75,227.19,0.6377,-1,-1,-1
229,31,1468.51,532.77,146.98,342.51,0.2954,-1,-1,-1
230,2,852.88,297.93,188.15,585.86,0.8512,-1,-1,-1
230,6,1186.12,317.28,186.51,565.72,0.8678,-1,-1,-1
230,8,310.23,370.88,171.55,481.05,0.8694,-1,-1,-1
230,22,1047.65,420.43,81.57,215.19,0.7609,-1,-1,-1
230,24,455.94,290.36,239.62,566.63,0.8506,-1,-1,-1
230,28,754.05,395.77,103.49,297.91,0.8080,-1,-1,-1
230,13,1849.88,399.04,65.07,89.02,0.4776,-1,-1,-1
230,29,658.93,399.65,85.06,231.68,0.6841,-1,-1,-1
230,31,1476.75,526.81,139.00,352.01,0.1985,-1,-1,-1
231,2,859.40,298.51,183.01,578.22,0.8568,-1,-1,-1
231,6,1185.28,316.58,186.61,567.61,0.8616,-1,-1,-1
231,8,296.07,374.20,176.00,483.25,0.8450,-1,-1,-1
231,22,1047.33,418.10,80.96,217.97,0.7491,-1,-1,-1
231,24,444.99,288.41,246.98,579.49,0.8316,-1,-1,-1
231,28,753.46,395.81,103.35,300.46,0.8187,-1,-1,-1
231,13,1850.90,401.12,66.38,89.40,0.5357,-1,-1,-1
231,29,653.22,398.44,90.16,242.29,0.6944,-1,-1,-1
231,31,1480.06,519.81,136.72,362.37,0.2671,-1,-1,-1
232,2,861.87,298.80,180.29,575.13,0.8499,-1,-1,-1
232,6,1183.28,316.82,186.42,570.45,0.8624,-1,-1,-1
232,8,278.60,373.06,177.85,492.99,0.8271,-1,-1,-1
232,22,1045.05,421.05,79.90,215.93,0.7540,-1,-1,-1
232,24,436.71,287.10,246.36,589.00,0.8570,-1,-1,-1
232,28,749.42,399.18,103.55,301.07,0.8366,-1,-1,-1
232,13,1851.52,402.85,66.02,90.81,0.5291,-1,-1,-1
232,29,646.43,398.68,93.11,260.39,0.7756,-1,-1,-1
232,31,1473.54,491.74,143.94,396.53,0.3150,-1,-1,-1
233,2,857.81,301.54,182.19,580.38,0.8623,-1,-1,-1
233,6,1179.72,318.72,188.68,575.73,0.8610,-1,-1,-1
233,8,257.34,371.48,188.97,507.16,0.8721,-1,-1,-1
233,22,1042.20,422.55,79.84,218.79,0.7542,-1,-1,-1
233,24,425.84,285.19,247.40,603.45,0.8819,-1,-1,-1
233,28,737.85,397.15,109.91,306.01,0.8272,-1,-1,-1
233,13,1850.04,407.77,66.90,89.40,0.5331,-1,-1,-1
233,29,637.59,404.06,95.58,274.87,0.7753,-1,-1,-1
233,31,1471.85,492.61,141.36,402.79,0.1947,-1,-1,-1
234,2,856.42,302.92,183.32,583.31,0.8706,-1,-1,-1
234,6,1174.37,321.26,192.17,575.79,0.8715,-1,-1,-1
234,8,246.17,368.77,190.25,519.82,0.8781,-1,-1,-1
234,22,1037.06,425.60,80.71,218.37,0.7210,-1,-1,-1
234,24,411.86,281.35,245.79,615.33,0.8917,-1,-1,-1
234,28,733.72,393.30,109.23,311.35,0.8217,-1,-1,-1
234,13,1848.37,411.65,67.09,86.56,0.4890,-1,-1,-1
234,29,630.29,404.07,97.46,285.37,0.7805,-1,-1,-1
234,31,1457.18,489.94,156.21,407.72,0.2209,-1,-1,-1
235,2,855.47,303.55,184.34,587.08,0.8745,-1,-1,-1
235,6,1166.04,320.92,197.03,577.68,0.8778,-1,-1,-1
235,8,231.96,364.42,191.18,532.29,0.8850,-1,-1,-1
235,22,1036.13,426.13,79.42,217.78,0.7089,-1,-1,-1
235,24,396.46,274.13,248.65,626.25,0.8764,-1,-1,-1
235,28,724.02,391.51,111.43,314.48,0.8084,-1,-1,-1
235,13,1849.84,413.23,65.67,86.48,0.4455,-1,-1,-1
235,29,623.73,404.13,96.64,291.11,0.7867,-1,-1,-1
236,2,856.51,306.38,182.04,589.01,0.8761,-1,-1,-1
236,6,1159.14,322.94,202.12,577.50,0.8717,-1,-1,-1
236,8,218.64,362.82,194.04,537.88,0.8436,-1,-1,-1
236,22,1032.83,428.32,81.19,215.06,0.6686,-1,-1,-1
236,24,385.89,269.94,245.29,635.83,0.8691,-1,-1,-1
236,28,720.69,391.92,110.44,318.64,0.7958,-1,-1,-1
236,13,1850.30,415.71,65.81,85.94,0.5009,-1,-1,-1
236,29,614.27,405.42,100.21,301.26,0.8306,-1,-1,-1
237,2,857.77,310.47,178.41,588.99,0.8785,-1,-1,-1
237,6,1154.11,324.76,206.46,573.03,0.8787,-1,-1,-1
237,8,204.32,360.78,197.67,543.99,0.8655,-1,-1,-1
237,22,1033.49,428.20,78.14,218.23,0.6900,-1,-1,-1
237,24,375.19,265.97,243.97,643.53,0.8657,-1,-1,-1
237,28,710.93,392.81,116.42,322.00,0.7996,-1,-1,-1
237,13,1849.41,416.91,66.68,87.52,0.5013,-1,-1,-1
237,29,607.04,406.15,99.99,306.25,0.7910,-1,-1,-1
238,2,857.63,312.60,175.22,591.74,0.8762,-1,-1,-1
238,6,1148.84,328.27,211.58,566.71,0.8780,-1,-1,-1
238,8,190.10,353.96,198.72,555.85,0.8589,-1,-1,-1
238,22,1034.80,427.78,75.47,221.09,0.5370,-1,-1,-1
238,24,360.99,261.03,242.05,656.56,0.8688,-1,-1,-1
238,28,710.37,389.78,114.66,326.53,0.8141,-1,-1,-1
238,13,1847.45,417.08,68.47,90.50,0.5433,-1,-1,-1
238,29,598.90,406.52,102.69,308.88,0.7957,-1,-1,-1
239,2,856.21,317.09,173.55,591.25,0.8673,-1,-1,-1
239,6,1145.21,328.39,212.79,565.00,0.8812,-1,-1,-1
239,8,175.70,350.37,195.53,565.26,0.8870,-1,-1,-1
239,22,1031.76,427.43,72.50,224.41,0.5560,-1,-1,-1
239,24,340.60,257.57,251.98,663.50,0.8638,-1,-1,-1
239,28,702.46,388.18,118.03,330.77,0.8322,-1,-1,-1
239,13,1846.85,418.70,67.09,91.21,0.5652,-1,-1,-1
239,29,591.94,405.61,102.41,313.74,0.7613,-1,-1,-1
240,2,851.60,321.68,170.51,590.19,0.8586,-1,-1,-1
240,6,1137.08,328.19,217.24,567.15,0.8883,-1,-1,-1
240,8,154.63,346.41,202.43,574.88,0.8435,-1,-1,-1
240,22,1029.60,431.94,73.17,227.27,0.5880,-1,-1,-1
240,24,313.78,253.20,273.04,671.45,0.8766,-1,-1,-1
240,28,696.47,387.98,119.41,334.49,0.8187,-1,-1,-1
240,13,1842.34,420.97,68.23,92.27,0.5894,-1,-1,-1
240,29,586.42,406.80,102.10,316.00,0.7666,-1,-1,-1
241,2,845.62,323.52,168.40,589.60,0.8659,-1,-1,-1
241,6,1131.83,327.34,217.69,569.97,0.8763,-1,-1,-1
241,8,137.07,346.21,206.25,576.33,0.8463,-1,-1,-1
241,22,1021.07,428.93,78.03,226.78,0.5001,-1,-1,-1
241,24,302.69,250.05,268.90,678.36,0.8829,-1,-1,-1
241,28,690.87,388.99,121.03,335.70,0.8160,-1,-1,-1
241,13,1840.17,423.77,68.29,89.92,0.4503,-1,-1,-1
241,29,578.01,407.04,102.82,322.86,0.8254,-1,-1,-1
242,2,836.30,324.32,169.00,588.86,0.8502,-1,-1,-1
242,6,1128.27,327.93,217.20,570.29,0.8683,-1,-1,-1
242,8,105.73,341.26,224.29,588.63,0.8460,-1,-1,-1
242,22,1013.60,425.49,78.38,231.52,0.5246,-1,-1,-1
242,24,283.35,245.74,277.90,693.17,0.8867,-1,-1,-1
242,28,682.58,389.11,122.44,338.38,0.8129,-1,-1,-1
242,13,1831.67,422.12,74.23,92.89,0.4365,-1,-1,-1
242,29,568.80,404.86,103.78,328.64,0.8342,-1,-1,-1
243,2,827.01,321.15,172.64,590.95,0.8413,-1,-1,-1
243,6,1123.54,329.00,215.94,571.32,0.8705,-1,-1,-1
243,8,83.41,338.97,231.07,597.34,0.8169,-1,-1,-1
243,22,1007.82,425.91,78.49,239.34,0.5491,-1,-1,-1
243,24,253.78,241.82,298.05,714.24,0.8872,-1,-1,-1
243,28,678.76,389.37,118.71,342.65,0.8160,-1,-1,-1
243,13,1826.53,420.96,72.78,93.98,0.5540,-1,-1,-1
243,29,555.41,403.65,110.74,332.08,0.8133,-1,-1,-1
243,31,1441.55,473.81,159.95,425.27,0.4279,-1,-1,-1
244,2,817.49,318.90,176.83,591.41,0.8401,-1,-1,-1
244,6,1117.56,331.36,216.54,571.07,0.8608,-1,-1,-1
244,8,64.32,336.56,233.57,621.03,0.8240,-1,-1,-1
244,22,1004.33,425.82,78.75,236.68,0.6818,-1,-1,-1
244,24,222.22,237.46,319.55,748.46,0.8653,-1,-1,-1
244,28,674.14,391.52,115.81,343.26,0.8384,-1,-1,-1
244,13,1823.11,420.95,71.75,92.92,0.5690,-1,-1,-1
244,29,544.21,401.43,113.91,338.28,0.7688,-1,-1,-1
244,31,1430.64,476.36,170.55,424.55,0.1553,-1,-1,-1
245,2,805.32,317.73,182.49,587.72,0.8472,-1,-1,-1
245,6,1113.33,332.63,216.19,571.25,0.8654,-1,-1,-1
245,8,29.92,335.52,250.09,633.96,0.8575,-1,-1,-1
245,22,1002.02,416.54,76.98,240.99,0.5799,-1,-1,-1
245,24,202.48,235.79,328.15,752.30,0.8577,-1,-1,-1
245,28,666.14,392.82,117.82,345.82,0.8307,-1,-1,-1
245,13,1820.65,421.53,69.59,92.75,0.5656,-1,-1,-1
245,29,532.41,399.63,115.46,345.15,0.7878,-1,-1,-1
245,31,1418.64,481.42,177.52,425.00,0.2285,-1,-1,-1
246,2,795.03,317.13,189.89,580.54,0.8484,-1,-1,-1
246,6,1108.99,333.22,217.96,572.89,0.8730,-1,-1,-1
246,8,11.98,334.22,248.48,643.69,0.8508,-1,-1,-1
246,22,998.30,417.57,75.63,235.15,0.6104,-1,-1,-1
246,24,182.77,232.96,339.01,789.33,0.8851,-1,-1,-1
246,28,654.91,392.38,121.93,351.99,0.8207,-1,-1,-1
246,13,1817.86,421.61,68.52,92.29,0.5318,-1,-1,-1
246,29,520.96,398.10,120.54,350.76,0.8028,-1,-1,-1
246,31,1411.48,482.79,178.92,427.62,0.2362,-1,-1,-1
247,2,788.50,317.27,194.12,577.44,0.8435,-1,-1,-1
247,6,1104.43,335.28,220.26,573.63,0.8730,-1,-1,-1
247,8,-3.61,335.11,248.42,656.44,0.8650,-1,-1,-1
247,22,994.47,427.15,74.75,225.63,0.5131,-1,-1,-1
247,24,151.86,230.25,357.72,811.21,0.8751,-1,-1,-1
247,28,646.41,393.28,125.76,355.63,0.8229,-1,-1,-1
247,13,1811.76,421.13,69.80,92.68,0.5252,-1,-1,-1
247,29,512.42,398.50,119.51,358.69,0.7664,-1,-1,-1
247,31,1408.96,490.78,177.85,425.02,0.2179,-1,-1,-1
248,2,782.89,320.32,201.11,576.66,0.8274,-1,-1,-1
248,6,1099.77,336.69,221.93,580.44,0.8771,-1,-1,-1
248,8,-8.28,336.40,240.45,674.93,0.8500,-1,-1,-1
248,22,991.59,426.54,73.18,235.06,0.4322,-1,-1,-1
248,24,117.76,230.26,379.91,816.03,0.8777,-1,-1,-1
248,28,639.76,397.14,126.12,358.36,0.7828,-1,-1,-1
248,13,1814.39,424.67,61.96,92.09,0.3503,-1,-1,-1
248,29,504.54,400.52,117.83,366.12,0.8087,-1,-1,-1
248,31,1406.72,488.25,174.48,430.60,0.2698,-1,-1,-1
249,2,778.51,323.07,197.88,577.82,0.8299,-1,-1,-1
249,6,1099.60,338.92,220.52,585.23,0.8771,-1,-1,-1
249,8,-9.40,349.16,217.11,686.24,0.8294,-1,-1,-1
249,22,988.34,436.02,72.51,241.56,0.3223,-1,-1,-1
249,24,95.16,227.25,386.27,835.49,0.8828,-1,-1,-1
249,28,631.93,397.05,130.50,366.03,0.7802,-1,-1,-1
249,13,1807.09,425.51,68.18,91.54,0.4907,-1,-1,-1
249,29,496.37,403.37,121.96,375.83,0.7965,-1,-1,-1
249,31,1407.46,483.59,172.42,435.91,0.3766,-1,-1,-1
249,34,940.60,370.51,66.33,378.53,0.5873,-1,-1,-1
250,2,775.49,322.72,197.85,581.52,0.8366,-1,-1,-1
250,6,1100.76,339.75,219.58,588.20,0.8789,-1,-1,-1
250,8,-7.20,346.04,195.81,714.72,0.8306,-1,-1,-1
250,22,986.95,447.41,68.60,280.36,0.1914,-1,-1,-1
250,24,79.29,222.87,388.12,849.34,0.8587,-1,-1,-1
250,28,628.42,397.00,132.16,371.92,0.8157,-1,-1,-1
250,13,1809.89,426.18,66.82,90.75,0.3874,-1,-1,-1
250,29,492.32,406.29,121.97,380.86,0.7877,-1,-1,-1
250,31,1409.11,481.36,171.51,439.26,0.2032,-1,-1,-1
250,34,937.88,373.07,70.74,378.58,0.5605,-1,-1,-1
251,2,774.00,326.53,196.78,584.76,0.8483,-1,-1,-1
251,6,1102.25,339.92,218.18,591.72,0.8795,-1,-1,-1
251,8,-5.88,342.29,180.23,730.08,0.8393,-1,-1,-1
251,22,984.34,454.31,71.87,290.86,0.3726,-1,-1,-1
251,24,68.63,218.68,382.16,859.83,0.8853,-1,-1,-1
251,28,625.03,398.91,134.01,376.14,0.8166,-1,-1,-1
251,13,1809.85,428.90,69.29,88.47,0.3565,-1,-1,-1
251,29,486.29,411.54,126.17,383.34,0.8384,-1,-1,-1
251,31,1409.76,488.45,171.68,441.13,0.2013,-1,-1,-1
251,34,938.58,372.82,68.55,382.13,0.4815,-1,-1,-1
252,2,773.47,329.22,193.00,589.24,0.8510,-1,-1,-1
252,6,1103.36,341.69,217.32,592.12,0.8808,-1,-1,-1
252,8,-4.17,340.28,162.60,736.21,0.8276,-1,-1,-1
252,22,983.50,452.43,70.08,303.12,0.2926,-1,-1,-1
252,24,62.69,213.16,373.52,866.84,0.8886,-1,-1,-1
252,28,614.33,400.14,142.74,380.02,0.8205,-1,-1,-1
252,13,1807.68,430.33,75.37,88.14,0.3158,-1,-1,-1
252,29,479.09,414.31,131.10,384.93,0.8335,-1,-1,-1
252,34,936.99,364.19,74.78,393.46,0.4311,-1,-1,-1
253,2,772.81,329.77,192.49,594.95,0.8523,-1,-1,-1
253,6,1107.41,340.60,215.96,594.99,0.8716,-1,-1,-1
253,8,-3.52,337.26,144.15,742.29,0.8348,-1,-1,-1
253,24,61.26,204.69,361.07,870.75,0.9057,-1,-1,-1
253,28,604.63,397.98,150.78,380.45,0.8342,-1,-1,-1
253,13,1811.69,427.10,73.68,88.70,0.3179,-1,-1,-1
253,29,472.77,413.40,135.66,390.34,0.8362,-1,-1,-1
253,34,933.82,368.47,78.85,388.16,0.4859,-1,-1,-1
254,2,774.27,333.65,194.18,595.63,0.8485,-1,-1,-1
254,6,1111.62,340.40,213.14,593.38,0.8703,-1,-1,-1
254,8,-1.35,337.56,127.18,741.85,0.8302,-1,-1,-1
254,24,49.57,199.01,357.51,875.84,0.9119,-1,-1,-1
254,28,602.69,399.18,153.56,381.57,0.8475,-1,-1,-1
254,13,1816.98,425.72,71.60,83.72,0.3259,-1,-1,-1
254,29,469.98,416.34,135.86,395.83,0.8381,-1,-1,-1
254,34,940.59,384.60,102.07,379.14,0.6336,-1,-1,-1
255,2,776.77,337.88,198.58,594.13,0.8591,-1,-1,-1
255,6,1115.71,338.72,213.82,591.44,0.8779,-1,-1,-1
255,8,-0.26,334.81,108.83,744.49,0.7595,-1,-1,-1
255,24,33.48,190.53,363.88,885.44,0.9113,-1,-1,-1
255,28,600.94,399.48,156.63,384.37,0.8398,-1,-1,-1
255,13,1821.28,423.56,74.39,88.63,0.4649,-1,-1,-1
255,29,468.57,416.76,135.67,400.69,0.8349,-1,-1,-1
255,34,944.68,393.91,115.55,372.74,0.6914,-1,-1,-1
256,2,783.91,344.74,194.86,590.27,0.8654,-1,-1,-1
256,6,1121.00,340.83,215.24,586.24,0.8771,-1,-1,-1
256,8,0.31,334.44,94.10,742.84,0.7025,-1,-1,-1
256,24,16.75,181.06,373.06,897.04,0.9073,-1,-1,-1
256,28,597.99,401.46,162.07,388.19,0.8378,-1,-1,-1
256,13,1823.84,424.10,81.38,91.43,0.5412,-1,-1,-1
256,29,466.68,416.55,139.28,407.08,0.8296,-1,-1,-1
256,34,948.93,397.00,125.61,372.37,0.6654,-1,-1,-1
257,2,789.87,350.48,194.46,584.57,0.8738,-1,-1,-1
257,6,1127.52,341.55,214.02,581.16,0.8827,-1,-1,-1
257,8,0.21,397.11,81.89,674.35,0.5348,-1,-1,-1
257,24,6.46,178.74,374.58,894.81,0.9081,-1,-1,-1
257,28,596.32,401.07,163.48,395.43,0.8301,-1,-1,-1
257,13,1830.79,425.01,78.97,92.43,0.3615,-1,-1,-1
257,29,465.00,416.18,140.95,412.13,0.8237,-1,-1,-1
257,34,954.16,416.00,129.71,355.45,0.5353,-1,-1,-1
258,2,796.28,350.50,191.74,584.39,0.8658,-1,-1,-1
258,6,1134.01,340.49,212.00,580.89,0.8778,-1,-1,-1
258,8,0.14,432.06,63.74,626.05,0.2448,-1,-1,-1
258,24,-0.81,173.41,375.31,897.59,0.9188,-1,-1,-1
258,28,594.16,400.41,165.10,403.61,0.8385,-1,-1,-1
258,13,1829.62,421.82,85.09,95.19,0.4487,-1,-1,-1
258,29,463.31,413.66,140.47,416.19,0.8266,-1,-1,-1
258,34,960.26,435.22,129.80,335.59,0.5041,-1,-1,-1
259,2,800.30,350.86,190.97,586.14,0.8703,-1,-1,-1
259,6,1139.11,340.40,209.42,581.03,0.8936,-1,-1,-1
259,24,-4.01,167.72,373.75,902.21,0.9222,-1,-1,-1
259,28,588.89,403.01,169.59,403.74,0.8511,-1,-1,-1
259,13,1843.61,421.77,75.27,94.40,0.4242,-1,-1,-1
259,29,459.64,410.54,138.74,416.58,0.8327,-1,-1,-1
259,34,963.62,431.11,129.38,340.66,0.5850,-1,-1,-1
260,2,804.45,348.96,191.39,587.66,0.8502,-1,-1,-1
260,6,1144.97,340.01,206.15,585.75,0.8958,-1,-1,-1
260,24,-4.83,159.63,369.51,910.85,0.9303,-1,-1,-1
260,28,584.72,407.18,173.56,403.25,0.8413,-1,-1,-1
260,13,1850.85,423.00,69.58,93.85,0.3697,-1,-1,-1
260,29,453.97,407.82,141.73,421.48,0.8238,-1,-1,-1
260,34,975.43,433.40,121.21,336.50,0.5954,-1,-1,-1
261,2,814.23,345.33,185.57,578.41,0.8507,-1,-1,-1
261,6,1148.55,339.93,204.31,588.25,0.9039,-1,-1,-1
261,24,-4.93,150.99,363.06,921.07,0.9334,-1,-1,-1
261,28,584.60,409.48,171.72,405.94,0.8245,-1,-1,-1
261,13,1853.73,423.59,66.97,94.45,0.3954,-1,-1,-1
261,29,449.96,404.49,143.67,425.38,0.8190,-1,-1,-1
261,34,977.39,433.09,121.73,338.59,0.6728,-1,-1,-1
261,36,784.28,455.07,56.37,203.11,0.5751,-1,-1,-1
262,2,821.00,342.64,182.03,570.84,0.8615,-1,-1,-1
262,6,1151.97,339.39,203.34,590.36,0.9056,-1,-1,-1
262,24,-4.52,142.86,353.70,930.30,0.9327,-1,-1,-1
262,28,589.12,410.40,162.95,409.10,0.7842,-1,-1,-1
262,13,1859.74,423.09,60.95,95.07,0.4683,-1,-1,-1
262,29,445.81,403.17,144.18,432.19,0.8476,-1,-1,-1
262,34,978.53,431.32,124.13,341.20,0.6619,-1,-1,-1
262,36,784.09,455.24,58.05,206.88,0.5740,-1,-1,-1
263,2,826.22,341.15,176.99,566.11,0.8499,-1,-1,-1
263,6,1156.01,337.20,202.23,593.35,0.9056,-1,-1,-1
263,24,-4.03,130.75,341.81,941.81,0.9310,-1,-1,-1
263,28,588.55,408.04,157.06,417.38,0.7176,-1,-1,-1
263,13,1863.94,422.98,56.44,94.27,0.3672,-1,-1,-1
263,29,440.38,400.25,144.52,439.58,0.8473,-1,-1,-1
263,34,983.57,428.61,123.67,343.78,0.6631,-1,-1,-1
263,36,784.17,451.94,60.44,211.56,0.5935,-1,-1,-1
264,2,827.11,339.71,176.03,564.07,0.8389,-1,-1,-1
264,6,1158.71,335.56,202.21,595.41,0.8980,-1,-1,-1
264,24,-3.45,122.14,327.96,948.54,0.9193,-1,-1,-1
264,28,585.77,404.27,154.07,424.36,0.7753,-1,-1,-1
264,13,1865.84,420.62,48.44,93.88,0.3387,-1,-1,-1
264,29,428.81,395.22,154.15,452.65,0.8479,-1,-1,-1
264,34,984.78,423.51,130.14,349.61,0.6287,-1,-1,-1
264,36,786.25,448.85,59.58,216.22,0.6359,-1,-1,-1
265,2,829.89,331.66,171.02,567.07,0.8412,-1,-1,-1
265,6,1160.02,333.43,202.67,597.78,0.8975,-1,-1,-1
265,24,-2.99,113.26,310.27,954.94,0.8964,-1,-1,-1
265,28,585.15,397.28,146.48,428.76,0.7814,-1,-1,-1
265,13,1868.70,419.42,49.30,94.79,0.3796,-1,-1,-1
265,29,416.81,393.43,161.70,456.62,0.8465,-1,-1,-1
265,34,993.61,416.51,128.39,354.37,0.7842,-1,-1,-1
265,36,786.37,444.98,61.67,226.67,0.6928,-1,-1,-1
266,2,832.67,325.51,168.68,573.96,0.8497,-1,-1,-1
266,6,1161.39,331.43,202.56,600.84,0.8977,-1,-1,-1
266,24,-2.23,114.25,287.46,948.52,0.8294,-1,-1,-1
266,28,576.93,390.98,149.88,429.68,0.7626,-1,-1,-1
266,13,1875.78,419.09,43.47,95.28,0.4602,-1,-1,-1
266,29,407.41,394.84,161.14,457.49,0.8255,-1,-1,-1
266,34,997.15,410.84,136.85,357.81,0.7643,-1,-1,-1
266,36,786.03,443.23,64.66,230.31,0.7497,-1,-1,-1
267,2,836.66,323.03,165.33,577.21,0.8438,-1,-1,-1
267,6,1163.21,329.95,202.57,603.06,0.8954,-1,-1,-1
267,24,-1.87,194.79,259.28,862.21,0.8200,-1,-1,-1
267,28,554.51,381.86,169.25,441.96,0.8281,-1,-1,-1
267,13,1881.60,418.30,38.03,95.07,0.4997,-1,-1,-1
267,29,403.14,390.28,156.48,464.84,0.8343,-1,-1,-1
267,34,1005.34,406.87,134.73,358.89,0.7735,-1,-1,-1
267,36,786.23,441.91,67.36,235.03,0.7605,-1,-1,-1
268,2,842.42,323.11,158.13,579.13,0.8449,-1,-1,-1
268,6,1163.95,327.99,202.78,604.60,0.8972,-1,-1,-1
268,24,-1.34,225.88,220.05,784.43,0.8356,-1,-1,-1
268,28,551.08,375.54,169.36,450.84,0.8388,-1,-1,-1
268,13,1884.16,416.66,35.42,95.64,0.4886,-1,-1,-1
268,29,400.32,389.04,154.88,469.73,0.8425,-1,-1,-1
268,34,1010.50,404.50,132.79,361.58,0.8020,-1,-1,-1
268,36,785.60,440.92,70.79,237.38,0.7925,-1,-1,-1
269,2,846.55,323.16,151.97,579.43,0.8460,-1,-1,-1
269,6,1163.29,324.67,203.33,610.40,0.8879,-1,-1,-1
269,24,-1.14,224.49,187.74,806.76,0.8226,-1,-1,-1
269,28,546.96,364.85,168.30,461.53,0.8324,-1,-1,-1
269,13,1885.35,413.45,33.74,98.29,0.4549,-1,-1,-1
269,29,393.66,380.90,156.02,480.42,0.8693,-1,-1,-1
269,34,1006.18,401.14,140.15,368.53,0.7269,-1,-1,-1
269,36,784.44,438.08,71.40,237.26,0.7775,-1,-1,-1
270,2,836.44,319.72,162.01,581.68,0.8153,-1,-1,-1
270,6,1162.03,318.84,203.08,614.48,0.8820,-1,-1,-1
270,24,-1.14,222.16,156.37,606.41,0.5928,-1,-1,-1
270,28,542.13,353.29,171.01,471.69,0.8409,-1,-1,-1
270,13,1887.67,410.50,31.20,100.23,0.3747,-1,-1,-1
270,29,385.04,371.67,161.77,488.73,0.8759,-1,-1,-1
270,34,1004.41,397.13,145.66,372.12,0.6432,-1,-1,-1
270,36,782.72,434.35,71.77,235.01,0.7537,-1,-1,-1
271,2,833.89,319.57,163.00,579.59,0.7982,-1,-1,-1
271,6,1161.25,316.11,202.37,612.63,0.8905,-1,-1,-1
271,24,-0.62,220.40,128.43,583.63,0.3995,-1,-1,-1
271,28,536.05,347.74,174.46,475.55,0.8420,-1,-1,-1
271,13,1890.48,405.94,28.26,103.40,0.3265,-1,-1,-1
271,29,375.55,365.13,168.22,494.98,0.8748,-1,-1,-1
271,34,1008.68,395.89,141.82,373.73,0.7599,-1,-1,-1
271,36,780.80,430.65,72.15,233.74,0.7621,-1,-1,-1
272,2,837.05,316.98,152.48,577.30,0.8421,-1,-1,-1
272,6,1159.12,309.70,200.67,611.45,0.8949,-1,-1,-1
272,24,-0.98,239.09,99.50,566.33,0.3167,-1,-1,-1
272,28,529.23,342.75,175.18,478.68,0.8575,-1,-1,-1
272,13,1887.87,402.97,30.45,102.31,0.3504,-1,-1,-1
272,29,359.35,353.15,170.88,505.79,0.8720,-1,-1,-1
272,34,1009.15,392.88,140.07,373.26,0.7888,-1,-1,-1
272,36,776.35,425.24,72.37,230.47,0.7922,-1,-1,-1
273,2,831.84,315.79,152.89,572.88,0.8370,-1,-1,-1
273,6,1155.31,304.79,200.47,610.33,0.8988,-1,-1,-1
273,28,522.92,338.13,173.34,480.54,0.8675,-1,-1,-1
273,13,1883.29,397.77,34.74,103.75,0.4527,-1,-1,-1
273,29,343.67,343.83,170.77,512.77,0.8806,-1,-1,-1
273,34,1007.66,390.66,139.49,374.70,0.7886,-1,-1,-1
273,36,769.33,419.27,74.10,229.27,0.7438,-1,-1,-1
273,39,960.79,359.32,67.45,397.89,0.3733,-1,-1,-1
273,40,703.40,449.79,44.10,138.83,0.3993,-1,-1,-1
274,2,826.68,307.99,153.51,575.77,0.8514,-1,-1,-1
274,6,1150.57,300.74,202.35,606.52,0.8962,-1,-1,-1
274,28,516.86,332.96,179.10,488.47,0.8621,-1,-1,-1
274,13,1880.07,391.24,37.53,107.23,0.4737,-1,-1,-1
274,29,331.21,333.84,168.25,518.45,0.8699,-1,-1,-1
274,34,1000.69,386.91,144.58,377.50,0.7955,-1,-1,-1
274,36,765.06,412.95,72.66,238.51,0.7062,-1,-1,-1
274,40,699.30,444.14,42.47,139.32,0.4362,-1,-1,-1
275,2,815.38,301.65,163.23,575.38,0.8569,-1,-1,-1
275,6,1141.25,294.37,208.90,601.99,0.8891,-1,-1,-1
275,28,506.69,325.48,185.01,496.07,0.8632,-1,-1,-1
275,13,1874.05,391.63,43.47,103.94,0.4513,-1,-1,-1
275,29,316.64,322.58,174.75,525.06,0.8607,-1,-1,-1
275,34,990.84,381.08,151.78,381.23,0.8149,-1,-1,-1
275,36,758.40,404.42,72.11,247.78,0.6667,-1,-1,-1
275,40,693.93,439.54,41.32,137.08,0.1539,-1,-1,-1
275,41,-1.35,663.87,199.18,414.38,0.5323,-1,-1,-1
276,2,806.74,290.90,164.29,579.83,0.8376,-1,-1,-1
276,6,1135.91,288.65,212.12,596.62,0.8892,-1,-1,-1
276,28,498.21,317.82,187.49,505.25,0.8690,-1,-1,-1
276,13,1870.64,389.97,46.36,101.78,0.3670,-1,-1,-1
276,29,301.21,315.62,180.75,531.39,0.8737,-1,-1,-1
276,34,983.94,373.99,154.59,386.00,0.8269,-1,-1,-1
276,36,752.60,398.32,70.31,252.04,0.6720,-1,-1,-1
276,39,941.58,326.00,61.55,414.32,0.4672,-1,-1,-1
277,2,798.30,282.84,164.72,571.23,0.8437,-1,-1,-1
277,6,1130.30,280.86,215.04,595.47,0.8845,-1,-1,-1
277,28,488.46,306.03,188.73,509.55,0.8567,-1,-1,-1
277,13,1868.38,385.05,48.86,99.20,0.3431,-1,-1,-1
277,29,288.10,303.66,178.88,545.16,0.8822,-1,-1,-1
277,34,988.58,366.76,145.81,392.56,0.7621,-1,-1,-1
277,36,744.54,391.69,69.09,250.37,0.6606,-1,-1,-1
277,39,938.69,323.93,65.64,413.72,0.4955,-1,-1,-1
278,2,788.01,277.20,167.41,564.23,0.8565,-1,-1,-1
278,6,1124.88,274.44,215.44,596.03,0.8730,-1,-1,-1
278,28,480.03,297.66,185.77,523.31,0.8625,-1,-1,-1
278,13,1864.72,379.69,52.93,98.27,0.3428,-1,-1,-1
278,29,273.77,298.56,178.03,553.93,0.8596,-1,-1,-1
278,34,979.99,356.38,151.68,398.41,0.7673,-1,-1,-1
278,36,739.81,386.70,65.41,243.15,0.6236,-1,-1,-1
278,39,935.57,337.26,84.02,390.62,0.4708,-1,-1,-1
279,2,778.29,268.99,173.72,563.14,0.8400,-1,-1,-1
279,6,1121.66,266.33,217.22,596.63,0.8720,-1,-1,-1
279,28,472.89,292.22,185.05,530.70,0.8795,-1,-1,-1
279,13,1862.52,374.12,55.77,98.26,0.4471,-1,-1,-1
279,29,259.13,291.88,185.38,566.55,0.8748,-1,-1,-1
279,34,977.00,346.40,153.71,402.18,0.7965,-1,-1,-1
279,36,733.81,377.14,66.13,243.10,0.6374,-1,-1,-1
279,39,928.48,312.42,78.41,402.56,0.6063,-1,-1,-1
280,2,774.10,260.15,173.64,562.07,0.8440,-1,-1,-1
280,6,1118.55,257.00,219.64,600.21,0.8695,-1,-1,-1
280,28,468.57,281.61,184.51,542.80,0.8745,-1,-1,-1
280,13,1862.79,369.34,56.74,96.71,0.4233,-1,-1,-1
280,29,246.89,279.19,188.18,579.50,0.8668,-1,-1,-1
280,34,979.76,335.53,150.99,406.88,0.7759,-1,-1,-1
280,36,730.39,369.93,66.01,246.21,0.6925,-1,-1,-1
280,39,926.06,300.54,77.53,407.52,0.4332,-1,-1,-1
281,2,774.92,251.15,173.71,557.21,0.8472,-1,-1,-1
281,6,1119.61,249.84,219.06,600.53,0.8827,-1,-1,-1
281,28,463.92,271.57,187.28,552.95,0.8880,-1,-1,-1
281,13,1865.44,362.97,54.86,96.13,0.4041,-1,-1,-1
281,29,235.27,270.18,196.86,589.67,0.8720,-1,-1,-1
281,34,982.32,322.06,149.72,416.67,0.7969,-1,-1,-1
281,36,729.01,364.99,62.84,239.17,0.6353,-1,-1,-1
281,39,923.58,282.39,81.99,417.20,0.6055,-1,-1,-1
282,2,765.86,238.61,183.14,565.88,0.8554,-1,-1,-1
282,6,1117.76,240.09,220.12,604.55,0.8778,-1,-1,-1
282,28,458.90,250.61,191.84,568.88,0.8817,-1,-1,-1
282,13,1869.12,354.08,51.52,98.75,0.3750,-1,-1,-1
282,29,225.36,253.51,203.88,599.80,0.8827,-1,-1,-1
282,34,985.27,308.64,146.73,421.92,0.7748,-1,-1,-1
282,36,727.41,355.28,62.67,245.07,0.6162,-1,-1,-1
282,39,920.63,270.72,79.94,414.60,0.4664,-1,-1,-1
283,2,762.96,230.34,187.28,567.98,0.8243,-1,-1,-1
283,6,1118.88,229.40,221.78,607.34,0.8830,-1,-1,-1
283,28,453.44,232.52,197.42,577.06,0.8749,-1,-1,-1
283,13,1871.17,345.00,50.08,101.28,0.4124,-1,-1,-1
283,29,213.43,239.60,212.31,610.20,0.8723,-1,-1,-1
283,34,985.72,298.53,148.03,428.45,0.7853,-1,-1,-1
283,36,726.38,346.11,62.51,250.50,0.6342,-1,-1,-1
283,39,920.23,261.37,76.54,415.25,0.5179,-1,-1,-1
283,40,663.39,378.36,37.52,140.50,0.3457,-1,-1,-1
284,2,763.58,222.62,189.05,568.68,0.8239,-1,-1,-1
284,6,1120.87,220.58,223.10,613.52,0.8841,-1,-1,-1
284,28,445.11,220.83,206.85,577.72,0.8762,-1,-1,-1
284,13,1873.83,328.94,47.84,109.34,0.2819,-1,-1,-1
284,29,204.53,226.77,216.89,626.59,0.8726,-1,-1,-1
284,34,981.00,288.84,157.66,434.88,0.7918,-1,-1,-1
284,36,725.38,340.67,63.72,247.03,0.6229,-1,-1,-1
284,39,919.61,253.23,75.02,418.42,0.5830,-1,-1,-1
284,40,663.84,371.17,38.09,142.31,0.2371,-1,-1,-1
285,2,766.39,214.82,187.10,572.21,0.8502,-1,-1,-1
285,6,1122.67,212.36,225.15,618.36,0.8894,-1,-1,-1
285,28,437.70,207.94,215.75,589.32,0.8818,-1,-1,-1
285,13,1878.31,318.38,43.54,112.34,0.3146,-1,-1,-1
285,29,194.80,213.74,222.48,636.11,0.8813,-1,-1,-1
285,34,981.95,281.35,161.30,439.63,0.7201,-1,-1,-1
285,36,725.81,332.77,64.97,250.53,0.6384,-1,-1,-1
285,39,921.84,246.17,72.94,420.76,0.3620,-1,-1,-1
285,40,664.75,364.02,37.92,140.52,0.4339,-1,-1,-1
286,2,770.69,209.53,184.46,573.42,0.8569,-1,-1,-1
286,6,1125.15,205.84,225.83,622.77,0.8912,-1,-1,-1
286,28,434.63,193.30,219.58,597.28,0.8973,-1,-1,-1
286,29,182.66,201.33,226.60,646.02,0.8712,-1,-1,-1
286,34,979.50,272.37,170.82,450.79,0.7822,-1,-1,-1
286,36,725.30,324.34,68.01,253.52,0.6691,-1,-1,-1
286,39,921.68,236.66,74.71,424.90,0.4866,-1,-1,-1
286,40,666.21,359.63,37.75,143.81,0.4435,-1,-1,-1
287,2,777.03,202.93,179.15,574.31,0.8645,-1,-1,-1
287,6,1126.45,200.28,231.61,621.64,0.8860,-1,-1,-1
287,28,432.05,179.30,222.72,607.17,0.9020,-1,-1,-1
287,29,173.04,187.80,229.39,655.19,0.8781,-1,-1,-1
287,34,977.19,261.98,181.59,458.17,0.7521,-1,-1,-1
287,36,726.25,314.20,71.53,259.17,0.7315,-1,-1,-1
287,39,922.85,230.39,78.77,423.87,0.5899,-1,-1,-1
287,40,670.08,350.04,35.60,148.11,0.3270,-1,-1,-1
288,2,779.06,198.73,180.57,571.67,0.8553,-1,-1,-1
288,6,1137.58,192.13,229.07,624.70,0.8755,-1,-1,-1
288,28,430.38,166.77,224.44,618.84,0.8978,-1,-1,-1
288,29,166.81,177.19,229.31,662.58,0.8819,-1,-1,-1
288,34,985.07,256.60,182.60,463.27,0.6569,-1,-1,-1
288,36,730.08,305.19,71.01,261.23,0.7743,-1,-1,-1
288,39,921.82,225.34,82.44,417.08,0.4559,-1,-1,-1
288,40,672.59,341.07,39.02,151.36,0.4633,-1,-1,-1
289,2,782.36,191.06,185.29,570.45,0.8407,-1,-1,-1
289,6,1146.45,185.20,230.28,627.83,0.8709,-1,-1,-1
289,28,422.49,160.01,234.14,633.75,0.9002,-1,-1,-1
289,29,155.10,163.79,233.94,674.82,0.8979,-1,-1,-1
289,34,1001.10,253.58,172.64,468.20,0.6332,-1,-1,-1
289,36,732.23,298.67,73.28,267.41,0.7495,-1,-1,-1
289,39,927.52,222.74,77.52,407.02,0.5351,-1,-1,-1
289,40,677.80,334.64,39.41,152.77,0.3446,-1,-1,-1
290,2,788.22,188.36,189.85,570.37,0.8398,-1,-1,-1
290,6,1157.93,182.11,225.82,625.58,0.8728,-1,-1,-1
290,28,416.81,153.45,241.79,650.83,0.9081,-1,-1,-1
290,29,148.28,151.14,234.24,686.68,0.9036,-1,-1,-1
290,34,1019.42,246.77,162.03,478.73,0.7887,-1,-1,-1
290,36,735.11,295.17,74.23,267.46,0.7408,-1,-1,-1
290,39,936.77,223.94,93.09,408.45,0.4267,-1,-1,-1
290,40,683.98,331.94,40.53,153.75,0.4235,-1,-1,-1
291,2,796.41,183.82,185.43,567.21,0.8225,-1,-1,-1
291,6,1171.77,178.11,218.27,623.49,0.8647,-1,-1,-1
291,28,410.73,148.36,249.53,660.39,0.9073,-1,-1,-1
291,29,137.94,140.05,238.79,696.93,0.9061,-1,-1,-1
291,34,1028.80,239.05,161.36,489.08,0.7918,-1,-1,-1
291,36,738.53,288.22,76.13,269.04,0.7280,-1,-1,-1
291,39,943.16,215.78,92.02,411.23,0.3623,-1,-1,-1
291,40,688.91,322.49,37.97,157.16,0.2136,-1,-1,-1
292,2,798.72,180.91,188.02,562.01,0.8277,-1,-1,-1
292,6,1181.94,173.13,216.88,619.45,0.8789,-1,-1,-1
292,28,405.54,147.38,256.43,672.08,0.9081,-1,-1,-1
292,29,129.40,133.87,237.09,710.54,0.9045,-1,-1,-1
292,34,1034.08,233.34,165.47,492.65,0.8050,-1,-1,-1
292,36,740.48,283.25,79.82,272.27,0.7389,-1,-1,-1
292,39,948.02,208.29,87.28,414.75,0.3782,-1,-1,-1
292,40,694.21,318.90,35.59,155.95,0.1979,-1,-1,-1
293,2,808.17,176.24,184.41,555.64,0.8413,-1,-1,-1
293,6,1191.85,170.51,214.32,612.50,0.8885,-1,-1,-1
293,28,400.86,144.66,260.00,687.75,0.9056,-1,-1,-1
293,29,113.48,131.57,245.18,731.43,0.8795,-1,-1,-1
293,34,1038.81,229.98,175.13,497.10,0.8316,-1,-1,-1
293,36,744.69,278.88,82.91,274.36,0.7462,-1,-1,-1
293,39,958.92,202.15,91.18,415.36,0.6723,-1,-1,-1
293,40,699.46,314.63,33.82,158.01,0.2122,-1,-1,-1
294,2,818.92,173.51,180.04,553.55,0.8255,-1,-1,-1
294,6,1207.59,169.99,209.56,611.53,0.8750,-1,-1,-1
294,28,398.66,143.77,262.00,701.28,0.9051,-1,-1,-1
294,29,87.36,131.61,266.20,752.82,0.8919,-1,-1,-1
294,34,1047.10,226.87,179.40,500.99,0.8480,-1,-1,-1
294,36,750.92,278.51,86.79,274.68,0.7557,-1,-1,-1
294,39,965.90,200.30,96.43,426.52,0.7163,-1,-1,-1
294,40,709.20,315.52,33.96,155.43,0.2384,-1,-1,-1
295,2,827.90,179.85,179.67,550.71,0.8326,-1,-1,-1
295,6,1223.27,171.09,202.45,613.65,0.8756,-1,-1,-1
295,28,394.81,142.08,265.90,726.21,0.9052,-1,-1,-1
295,29,62.08,130.35,285.38,769.02,0.8917,-1,-1,-1
295,34,1054.36,222.27,183.68,511.10,0.8541,-1,-1,-1
295,36,757.17,278.83,89.15,277.10,0.7890,-1,-1,-1
295,39,972.58,201.05,91.43,430.63,0.6428,-1,-1,-1
295,40,716.20,313.34,32.98,157.44,0.2351,-1,-1,-1
296,2,837.42,177.16,174.65,553.99,0.8425,-1,-1,-1
296,6,1235.81,172.13,197.31,616.77,0.8678,-1,-1,-1
296,28,389.09,137.05,272.50,746.14,0.9054,-1,-1,-1
296,29,38.45,129.57,300.17,782.08,0.8953,-1,-1,-1
296,34,1062.00,213.02,184.62,530.37,0.8658,-1,-1,-1
296,36,760.55,277.23,92.23,279.43,0.7959,-1,-1,-1
296,39,975.28,199.95,95.76,430.44,0.6075,-1,-1,-1
296,31,1480.97,426.02,144.21,365.65,0.3443,-1,-1,-1
297,2,849.43,177.72,165.04,555.79,0.8250,-1,-1,-1
297,6,1249.84,172.23,192.94,624.30,0.8732,-1,-1,-1
297,28,381.66,131.07,277.86,760.80,0.9119,-1,-1,-1
297,29,26.94,126.61,304.78,800.82,0.8992,-1,-1,-1
297,34,1070.71,208.33,191.69,539.85,0.8557,-1,-1,-1
297,36,767.34,276.43,90.68,279.64,0.7941,-1,-1,-1
297,39,980.08,205.01,108.88,418.55,0.6993,-1,-1,-1
297,31,1499.43,429.96,136.06,365.31,0.2650,-1,-1,-1
298,2,856.83,179.29,163.60,556.37,0.8205,-1,-1,-1
298,6,1261.57,171.90,188.90,629.96,0.8680,-1,-1,-1
298,28,375.01,120.85,281.89,777.72,0.9056,-1,-1,-1
298,29,22.25,123.46,302.73,817.58,0.9005,-1,-1,-1
298,34,1077.80,204.63,195.60,547.83,0.8600,-1,-1,-1
298,36,772.59,277.65,90.17,276.36,0.8060,-1,-1,-1
298,39,985.82,211.86,106.13,418.83,0.6983,-1,-1,-1
298,31,1511.32,430.69,140.58,366.69,0.1901,-1,-1,-1
299,2,865.43,180.53,157.77,556.05,0.8376,-1,-1,-1
299,6,1266.16,169.57,189.42,635.62,0.8652,-1,-1,-1
299,28,366.96,108.63,285.46,795.72,0.9076,-1,-1,-1
299,29,15.77,114.33,304.22,843.46,0.8968,-1,-1,-1
299,34,1079.90,203.23,205.00,554.25,0.8725,-1,-1,-1
299,36,777.43,277.21,91.34,279.13,0.7901,-1,-1,-1
299,39,991.32,205.25,101.65,426.28,0.6974,-1,-1,-1
300,2,868.74,183.45,156.33,558.44,0.8302,-1,-1,-1
300,6,1262.66,168.86,199.40,640.33,0.8556,-1,-1,-1
300,28,354.18,98.06,296.18,812.28,0.9086,-1,-1,-1
300,29,5.82,107.30,310.20,871.47,0.8934,-1,-1,-1
300,34,1085.21,201.29,212.74,568.44,0.8651,-1,-1,-1
300,36,780.99,277.07,94.10,280.05,0.7577,-1,-1,-1
300,39,997.46,202.76,98.71,426.92,0.7377,-1,-1,-1
301,2,872.03,182.85,154.66,559.08,0.8477,-1,-1,-1
301,6,1257.51,166.74,210.88,647.60,0.8449,-1,-1,-1
301,28,340.94,84.62,305.77,831.39,0.9150,-1,-1,-1
301,29,-3.89,98.40,311.60,892.26,0.9062,-1,-1,-1
301,34,1089.34,199.97,217.49,583.13,0.8557,-1,-1,-1
301,36,782.81,277.02,95.76,279.73,0.7729,-1,-1,-1
301,39,1003.18,201.89,103.54,425.91,0.7581,-1,-1,-1
302,2,875.13,184.17,153.13,558.97,0.8386,-1,-1,-1
302,6,1261.15,168.62,210.85,649.79,0.8352,-1,-1,-1
302,28,325.17,75.34,317.47,844.42,0.8990,-1,-1,-1
302,29,-7.76,86.13,301.45,915.36,0.8998,-1,-1,-1
302,34,1095.07,198.37,217.25,585.71,0.8599,-1,-1,-1
302,36,782.05,277.19,98.63,280.96,0.7841,-1,-1,-1
302,39,1006.93,201.29,102.19,426.53,0.7562,-1,-1,-1
303,2,878.28,184.65,149.65,558.21,0.8489,-1,-1,-1
303,6,1264.59,170.53,207.90,650.78,0.8203,-1,-1,-1
303,28,310.94,61.36,327.27,862.28,0.9052,-1,-1,-1
303,29,-8.84,68.49,286.67,941.31,0.9199,-1,-1,-1
303,34,1102.24,198.46,211.21,586.58,0.8447,-1,-1,-1
303,36,781.27,277.50,100.53,281.36,0.7871,-1,-1,-1
303,39,1009.19,202.12,97.95,426.52,0.7692,-1,-1,-1
304,2,875.71,184.40,149.98,560.58,0.8531,-1,-1,-1
304,6,1271.13,170.93,201.20,653.17,0.8168,-1,-1,-1
304,28,297.44,55.61,336.40,875.05,0.9151,-1,-1,-1
304,29,-8.41,52.08,258.73,962.49,0.9052,-1,-1,-1
304,34,1104.88,197.04,208.34,607.81,0.8094,-1,-1,-1
304,36,782.95,278.43,98.12,281.06,0.7858,-1,-1,-1
304,39,1010.22,205.94,97.37,423.65,0.7773,-1,-1,-1
305,2,869.24,186.72,153.87,563.71,0.8585,-1,-1,-1
305,6,1278.17,170.76,192.99,655.45,0.8156,-1,-1,-1
305,28,288.07,47.94,341.29,910.39,0.9232,-1,-1,-1
305,29,-6.85,37.72,227.17,982.25,0.8994,-1,-1,-1
305,34,1105.29,197.27,208.84,619.69,0.8278,-1,-1,-1
305,36,782.88,279.51,96.81,281.40,0.7692,-1,-1,-1
305,39,1010.02,210.01,96.86,420.62,0.7823,-1,-1,-1
306,2,861.98,185.90,158.51,563.54,0.8554,-1,-1,-1
306,6,1281.80,170.10,187.75,653.39,0.8278,-1,-1,-1
306,28,272.46,43.48,350.83,944.50,0.9223,-1,-1,-1
306,29,-5.54,31.49,203.13,1000.88,0.9008,-1,-1,-1
306,34,1104.51,196.20,210.24,640.34,0.8549,-1,-1,-1
306,36,782.59,278.97,96.56,285.25,0.7622,-1,-1,-1
306,39,1008.81,209.56,97.18,422.37,0.7791,-1,-1,-1
307,2,858.18,184.36,158.85,555.26,0.8394,-1,-1,-1
307,6,1291.04,168.81,178.02,656.11,0.8340,-1,-1,-1
307,28,252.57,38.01,365.44,974.65,0.9121,-1,-1,-1
307,29,-4.45,30.17,180.00,1027.29,0.8719,-1,-1,-1
307,34,1103.79,194.23,214.56,653.42,0.8694,-1,-1,-1
307,36,781.23,276.31,94.73,290.09,0.7258,-1,-1,-1
307,39,1004.75,211.68,100.55,420.35,0.7993,-1,-1,-1
308,2,855.32,182.16,159.78,552.24,0.8266,-1,-1,-1
308,6,1293.11,166.89,173.51,657.96,0.8201,-1,-1,-1
308,28,237.95,33.09,369.45,1003.80,0.9127,-1,-1,-1
308,29,-3.21,97.48,152.49,965.19,0.7840,-1,-1,-1
308,34,1102.75,190.70,220.69,668.86,0.8625,-1,-1,-1
308,36,779.32,275.91,93.18,289.80,0.7536,-1,-1,-1
308,39,1001.67,212.22,102.03,423.40,0.7788,-1,-1,-1
309,2,850.22,182.92,163.14,551.29,0.8233,-1,-1,-1
309,6,1293.36,168.85,167.48,654.25,0.8161,-1,-1,-1
309,28,219.75,33.26,375.76,1022.73,0.9073,-1,-1,-1
309,29,-1.68,151.51,128.77,903.75,0.8346,-1,-1,-1
309,34,1098.12,189.21,226.02,679.14,0.8719,-1,-1,-1
309,36,776.75,278.94,88.43,282.86,0.7653,-1,-1,-1
309,39,999.11,212.82,103.19,425.16,0.7740,-1,-1,-1
310,2,846.63,181.54,167.37,547.57,0.8141,-1,-1,-1
310,6,1295.96,166.60,163.85,659.90,0.8174,-1,-1,-1
310,28,199.59,26.94,385.63,1033.53,0.9192,-1,-1,-1
310,29,-1.13,175.78,109.35,635.09,0.7403,-1,-1,-1
310,34,1096.45,179.77,231.93,696.03,0.8822,-1,-1,-1
310,36,776.17,276.89,85.13,286.31,0.7568,-1,-1,-1
310,39,998.13,211.53,105.29,425.80,0.7729,-1,-1,-1
311,2,834.50,183.09,180.31,547.53,0.8267,-1,-1,-1
311,6,1299.90,165.59,160.51,656.61,0.8228,-1,-1,-1
311,28,182.74,16.60,391.97,1058.38,0.9179,-1,-1,-1
311,29,-0.44,196.63,92.09,523.66,0.7667,-1,-1,-1
311,34,1095.48,174.50,238.52,705.55,0.8850,-1,-1,-1
311,36,776.18,273.58,82.66,289.90,0.7440,-1,-1,-1
311,39,998.32,209.38,102.77,427.86,0.7597,-1,-1,-1
312,2,827.20,183.42,187.97,550.75,0.8291,-1,-1,-1
312,6,1307.12,164.78,156.10,650.53,0.8074,-1,-1,-1
312,28,164.86,7.15,399.91,1073.21,0.9187,-1,-1,-1
312,34,1100.36,163.91,240.83,720.32,0.8852,-1,-1,-1
312,36,774.66,271.94,81.37,292.76,0.7624,-1,-1,-1
312,39,998.93,206.65,102.31,432.26,0.7451,-1,-1,-1
313,2,820.13,183.52,194.47,553.82,0.8409,-1,-1,-1
313,6,1307.95,163.88,154.83,649.60,0.8350,-1,-1,-1
313,28,142.83,2.38,413.07,1075.40,0.9193,-1,-1,-1
313,34,1103.34,150.05,244.55,740.60,0.9039,-1,-1,-1
313,36,771.46,270.35,81.51,296.23,0.7454,-1,-1,-1
313,39,999.40,207.98,102.48,432.01,0.7385,-1,-1,-1
314,2,815.89,183.65,195.95,553.69,0.8281,-1,-1,-1
314,6,1307.26,160.90,156.29,653.04,0.8442,-1,-1,-1
314,28,121.25,-0.32,427.50,1077.50,0.9262,-1,-1,-1
314,34,1102.78,140.92,249.73,757.05,0.9016,-1,-1,-1
314,36,767.38,270.27,83.79,294.64,0.7470,-1,-1,-1
314,39,997.71,209.87,99.45,433.28,0.7382,-1,-1,-1
315,2,817.67,182.57,191.47,552.09,0.8237,-1,-1,-1
315,6,1311.96,157.66,152.63,646.61,0.8538,-1,-1,-1
315,28,92.06,-1.62,448.44,1078.42,0.9281,-1,-1,-1
315,34,1105.40,132.99,250.86,781.65,0.8932,-1,-1,-1
315,36,765.08,269.09,84.15,296.32,0.7851,-1,-1,-1
315,39,995.36,214.99,103.18,424.96,0.7510,-1,-1,-1
316,2,816.74,182.84,191.18,552.36,0.8325,-1,-1,-1
316,6,1312.14,154.47,153.41,647.95,0.8472,-1,-1,-1
316,28,58.46,-2.32,470.86,1078.42,0.9244,-1,-1,-1
316,34,1109.20,126.27,253.22,807.35,0.8757,-1,-1,-1
316,36,761.72,266.16,85.00,298.11,0.8013,-1,-1,-1
316,39,995.59,214.70,99.48,429.03,0.7439,-1,-1,-1
317,2,815.53,181.33,191.78,553.33,0.8486,-1,-1,-1
317,6,1317.32,150.08,147.52,655.24,0.8295,-1,-1,-1
317,28,26.48,-1.02,491.95,1079.57,0.9127,-1,-1,-1
317,34,1111.26,116.56,259.86,832.51,0.8755,-1,-1,-1
317,36,760.72,263.64,84.93,299.41,0.8029,-1,-1,-1
317,39,993.46,215.43,99.16,428.46,0.7489,-1,-1,-1
318,2,816.31,180.99,189.77,550.65,0.8554,-1,-1,-1
318,6,1320.80,147.72,142.76,659.95,0.8408,-1,-1,-1
318,28,2.55,-0.59,500.08,1077.12,0.9352,-1,-1,-1
318,34,1114.08,109.81,267.29,849.71,0.8674,-1,-1,-1
318,36,756.97,261.56,87.27,298.81,0.8060,-1,-1,-1
318,39,990.31,213.42,102.26,427.16,0.7451,-1,-1,-1
319,2,814.81,177.03,190.46,553.05,0.8725,-1,-1,-1
319,6,1324.71,144.25,138.27,661.09,0.7978,-1,-1,-1
319,28,-6.70,1.59,494.88,1072.73,0.9363,-1,-1,-1
319,34,1117.39,99.25,274.96,876.67,0.8562,-1,-1,-1
319,36,747.08,260.03,96.13,300.82,0.7688,-1,-1,-1
319,39,987.37,210.50,104.54,427.86,0.7700,-1,-1,-1
320,2,811.74,172.20,192.79,552.19,0.8588,-1,-1,-1
320,6,1333.56,139.42,130.55,664.60,0.7605,-1,-1,-1
320,28,-9.78,2.63,479.21,1070.55,0.9442,-1,-1,-1
320,34,1120.53,94.23,281.23,898.83,0.8739,-1,-1,-1
320,36,742.91,257.76,98.75,304.48,0.7759,-1,-1,-1
320,39,984.41,206.31,107.09,428.36,0.7800,-1,-1,-1
321,2,807.94,166.97,195.30,556.14,0.8602,-1,-1,-1
321,6,1340.33,134.43,126.72,665.02,0.6845,-1,-1,-1
321,28,-9.57,1.64,456.20,1071.10,0.9350,-1,-1,-1
321,34,1128.72,88.14,285.36,930.04,0.8598,-1,-1,-1
321,36,739.85,255.46,99.70,306.67,0.7508,-1,-1,-1
321,39,981.67,203.06,109.74,427.88,0.7954,-1,-1,-1
322,2,816.21,165.31,186.95,554.60,0.8672,-1,-1,-1
322,6,1352.58,137.95,118.01,469.99,0.1695,-1,-1,-1
322,28,-8.28,3.78,431.05,1068.48,0.9326,-1,-1,-1
322,34,1136.81,80.51,311.32,959.53,0.8697,-1,-1,-1
322,36,736.41,252.55,100.64,309.20,0.7628,-1,-1,-1
322,39,979.03,198.98,111.02,427.28,0.8071,-1,-1,-1
323,2,819.70,162.85,182.10,549.74,0.8679,-1,-1,-1
323,28,-6.58,4.22,402.10,1064.45,0.9174,-1,-1,-1
323,34,1141.49,71.07,328.35,982.45,0.8946,-1,-1,-1
323,36,732.00,250.29,103.34,312.95,0.7614,-1,-1,-1
323,39,976.27,196.71,113.01,423.76,0.7987,-1,-1,-1
324,2,820.58,166.61,178.47,539.40,0.8713,-1,-1,-1
324,28,-5.72,5.78,369.04,1064.74,0.9323,-1,-1,-1
324,34,1151.23,62.18,329.98,1006.48,0.9057,-1,-1,-1
324,36,728.52,251.18,103.44,316.34,0.7618,-1,-1,-1
324,39,974.72,196.06,114.08,422.42,0.7913,-1,-1,-1
325,2,826.87,166.08,171.64,538.71,0.8730,-1,-1,-1
325,28,-4.17,7.01,332.19,1062.74,0.9180,-1,-1,-1
325,34,1160.10,51.23,328.41,1025.79,0.9014,-1,-1,-1
325,36,722.95,251.95,106.18,318.03,0.7679,-1,-1,-1
325,39,974.60,195.13,114.39,423.95,0.7900,-1,-1,-1
326,2,829.78,165.04,168.55,540.37,0.8596,-1,-1,-1
326,28,-2.83,7.27,319.16,1063.12,0.8382,-1,-1,-1
326,34,1166.79,35.06,331.44,1043.15,0.9037,-1,-1,-1
326,36,715.48,250.74,111.89,320.87,0.8043,-1,-1,-1
326,39,974.81,193.87,114.18,427.37,0.7916,-1,-1,-1
327,2,831.79,167.07,166.68,542.14,0.8587,-1,-1,-1
327,28,-1.41,8.18,256.99,1063.09,0.7919,-1,-1,-1
327,34,1175.94,24.21,338.29,1055.62,0.8797,-1,-1,-1
327,36,712.64,252.35,113.20,321.77,0.8102,-1,-1,-1
327,39,975.69,195.41,112.94,428.99,0.8010,-1,-1,-1
328,2,832.51,166.97,165.47,543.36,0.8507,-1,-1,-1
328,28,-0.84,8.06,193.02,1059.42,0.5431,-1,-1,-1
328,34,1181.67,11.32,355.39,1068.54,0.8862,-1,-1,-1
328,36,712.62,251.07,110.70,320.52,0.8148,-1,-1,-1
328,39,975.92,194.91,111.94,429.88,0.7967,-1,-1,-1
329,2,839.33,165.46,162.29,550.22,0.8470,-1,-1,-1
329,28,0.09,43.11,136.45,737.81,0.6088,-1,-1,-1
329,34,1192.71,3.18,366.56,1074.37,0.8879,-1,-1,-1
329,36,710.52,249.96,113.25,323.56,0.8111,-1,-1,-1
329,39,977.23,196.45,111.80,431.00,0.7772,-1,-1,-1
330,2,844.32,163.87,159.23,558.75,0.8477,-1,-1,-1
330,34,1209.59,-0.09,369.48,1080.00,0.9027,-1,-1,-1
330,36,710.15,250.21,113.88,327.80,0.8103,-1,-1,-1
330,39,981.51,199.25,113.03,430.25,0.7864,-1,-1,-1
330,43,557.97,300.31,49.83,161.56,0.3658,-1,-1,-1
331,2,847.98,170.77,157.53,559.17,0.8283,-1,-1,-1
331,34,1226.32,-1.38,382.98,1077.14,0.9053,-1,-1,-1
331,36,711.38,251.65,112.69,331.20,0.7929,-1,-1,-1
331,39,985.93,202.69,113.22,431.21,0.7897,-1,-1,-1
332,2,853.07,178.05,155.06,560.39,0.8326,-1,-1,-1
332,34,1241.51,-1.43,394.09,1075.90,0.9074,-1,-1,-1
332,36,710.80,253.83,113.77,331.23,0.8175,-1,-1,-1
332,39,988.63,205.37,113.35,433.79,0.7769,-1,-1,-1
333,2,853.22,182.85,154.53,561.58,0.8341,-1,-1,-1
333,34,1260.27,-1.53,403.37,1079.76,0.8985,-1,-1,-1
333,36,708.09,255.45,115.82,331.87,0.8159,-1,-1,-1
333,39,989.16,209.01,113.23,432.74,0.7654,-1,-1,-1
333,44,826.12,235.60,65.18,287.57,0.4485,-1,-1,-1
334,2,851.21,188.93,156.50,562.06,0.8281,-1,-1,-1
334,34,1270.27,0.87,424.35,1074.30,0.8801,-1,-1,-1
334,36,704.76,256.34,118.44,336.20,0.8240,-1,-1,-1
334,39,989.47,215.11,115.35,431.80,0.7871,-1,-1,-1
334,44,824.81,237.22,66.68,268.14,0.4503,-1,-1,-1
335,2,850.53,194.13,155.19,558.88,0.8273,-1,-1,-1
335,34,1274.73,0.95,456.08,1072.06,0.8815,-1,-1,-1
335,36,702.43,257.71,119.68,339.23,0.8353,-1,-1,-1
335,39,991.46,220.22,115.28,431.54,0.7874,-1,-1,-1
335,44,823.38,238.43,68.21,322.34,0.4023,-1,-1,-1
336,2,847.29,196.00,155.73,560.96,0.8166,-1,-1,-1
336,34,1304.66,0.72,470.90,1074.08,0.8630,-1,-1,-1
336,36,699.48,259.80,120.26,340.22,0.8275,-1,-1,-1
336,39,989.54,222.57,118.51,434.21,0.7735,-1,-1,-1
336,44,819.88,238.97,69.19,327.99,0.4088,-1,-1,-1
337,2,843.57,197.05,158.73,561.57,0.8060,-1,-1,-1
337,34,1326.72,-1.20,509.33,1081.16,0.8613,-1,-1,-1
337,36,693.26,259.29,122.28,347.82,0.8259,-1,-1,-1
337,39,985.74,223.72,119.50,436.30,0.7441,-1,-1,-1
337,44,815.65,236.36,71.37,343.30,0.3178,-1,-1,-1
337,45,1247.41,165.53,190.73,644.73,0.8166,-1,-1,-1
338,2,836.12,197.95,165.78,561.80,0.8052,-1,-1,-1
338,34,1314.34,-2.39,580.94,1081.56,0.8668,-1,-1,-1
338,36,688.45,263.73,124.32,348.54,0.8236,-1,-1,-1
338,39,982.83,226.33,125.09,439.99,0.7655,-1,-1,-1
338,44,811.89,239.32,72.37,367.68,0.4703,-1,-1,-1
338,45,1240.25,164.61,202.52,664.55,0.7974,-1,-1,-1
339,2,829.44,192.50,172.89,559.49,0.8116,-1,-1,-1
339,34,1313.18,-3.29,614.68,1076.85,0.8687,-1,-1,-1
339,36,684.14,267.17,126.37,353.26,0.8340,-1,-1,-1
339,39,980.99,228.58,127.57,440.87,0.7800,-1,-1,-1
339,44,809.93,245.31,71.48,375.47,0.5078,-1,-1,-1
339,45,1237.02,162.23,205.42,692.46,0.7664,-1,-1,-1
340,2,823.63,188.64,176.49,554.32,0.8297,-1,-1,-1
340,34,1314.55,-2.94,628.32,1073.81,0.9069,-1,-1,-1
340,36,681.11,267.09,124.57,354.91,0.8166,-1,-1,-1
340,39,979.47,227.75,127.12,440.80,0.7770,-1,-1,-1
340,44,806.37,246.06,71.87,376.24,0.5409,-1,-1,-1
340,45,1237.12,165.83,188.09,691.28,0.7245,-1,-1,-1
341,2,821.41,188.94,175.78,546.98,0.8322,-1,-1,-1
341,34,1315.61,-1.42,620.89,1066.86,0.7952,-1,-1,-1
341,36,678.42,266.71,122.88,356.22,0.8114,-1,-1,-1
341,39,979.81,226.63,125.34,439.07,0.7800,-1,-1,-1
341,44,802.05,245.57,72.99,376.68,0.5495,-1,-1,-1
341,45,1232.77,161.84,206.97,701.05,0.8385,-1,-1,-1
342,2,815.80,188.35,181.06,546.15,0.8411,-1,-1,-1
342,34,1323.49,-1.25,608.24,1066.60,0.7250,-1,-1,-1
342,36,673.17,262.85,125.75,361.98,0.8048,-1,-1,-1
342,39,981.01,225.85,122.86,438.02,0.7764,-1,-1,-1
342,44,800.09,243.21,72.29,376.08,0.4384,-1,-1,-1
342,45,1230.78,162.35,210.28,696.87,0.8681,-1,-1,-1
343,2,810.50,190.35,184.79,544.43,0.8417,-1,-1,-1
343,34,1332.96,-0.13,594.33,1060.69,0.8406,-1,-1,-1
343,36,668.24,258.98,126.09,365.31,0.8083,-1,-1,-1
343,39,977.65,225.71,125.90,436.72,0.7748,-1,-1,-1
343,44,787.21,239.85,80.20,378.60,0.4871,-1,-1,-1
343,45,1227.54,162.19,212.58,693.59,0.8766,-1,-1,-1
344,2,809.16,187.62,185.63,550.12,0.8396,-1,-1,-1
344,34,1360.75,-0.33,565.23,1063.71,0.6126,-1,-1,-1
344,36,663.64,257.07,125.41,366.06,0.8234,-1,-1,-1
344,39,977.96,224.15,124.97,437.58,0.7763,-1,-1,-1
344,44,783.78,237.59,79.67,391.57,0.5836,-1,-1,-1
344,45,1225.59,160.45,212.48,699.02,0.8709,-1,-1,-1
345,2,804.31,186.29,188.93,554.28,0.8207,-1,-1,-1
345,34,1398.36,1.73,524.90,1024.86,0.2912,-1,-1,-1
345,36,659.61,254.12,124.00,371.04,0.8163,-1,-1,-1
345,39,979.56,222.71,123.25,433.64,0.7705,-1,-1,-1
345,44,780.95,234.90,78.61,397.55,0.5976,-1,-1,-1
345,45,1221.34,150.51,219.66,708.99,0.8771,-1,-1,-1
346,2,797.05,187.21,191.40,555.51,0.8372,-1,-1,-1
346,34,1446.21,4.16,476.93,911.98,0.4363,-1,-1,-1
346,36,654.58,250.81,123.60,372.63,0.8278,-1,-1,-1
346,39,971.75,218.48,129.81,432.20,0.7825,-1,-1,-1
346,44,774.83,233.10,79.60,395.79,0.5101,-1,-1,-1
346,45,1212.27,147.54,235.01,713.76,0.8884,-1,-1,-1
347,2,794.89,188.72,187.39,554.21,0.8247,-1,-1,-1
347,34,1491.41,8.48,429.69,917.36,0.7921,-1,-1,-1
347,36,645.94,248.80,124.79,373.34,0.8121,-1,-1,-1
347,39,966.43,217.17,129.74,429.75,0.7905,-1,-1,-1
347,44,766.81,232.53,84.40,392.44,0.5978,-1,-1,-1
347,45,1199.10,147.29,246.64,710.41,0.8844,-1,-1,-1
348,2,796.23,189.47,184.46,552.71,0.8371,-1,-1,-1
348,34,1555.08,17.55,365.66,917.94,0.8336,-1,-1,-1
348,36,637.89,244.92,126.89,376.83,0.8082,-1,-1,-1
348,39,963.42,215.42,129.71,427.83,0.7691,-1,-1,-1
348,44,759.45,230.05,88.65,398.24,0.6802,-1,-1,-1
348,45,1191.84,143.62,253.38,708.30,0.8904,-1,-1,-1
349,2,796.94,189.76,183.47,553.38,0.8326,-1,-1,-1
349,34,1629.77,43.66,291.18,840.55,0.6174,-1,-1,-1
349,36,629.59,237.93,130.38,386.72,0.8215,-1,-1,-1
349,39,959.96,214.35,131.75,428.47,0.7863,-1,-1,-1
349,44,757.15,226.23,88.71,403.90,0.6884,-1,-1,-1
349,45,1184.56,141.97,257.75,700.04,0.8941,-1,-1,-1
349,43,487.91,302.49,55.56,176.47,0.3408,-1,-1,-1
350,2,796.25,191.73,183.28,549.79,0.8525,-1,-1,-1
350,36,622.77,235.73,132.10,389.61,0.8170,-1,-1,-1
350,39,960.00,216.09,128.39,428.56,0.7826,-1,-1,-1
350,44,753.47,224.70,91.52,408.89,0.7423,-1,-1,-1
350,45,1177.43,142.52,260.98,694.02,0.9023,-1,-1,-1
350,43,482.80,306.83,58.05,174.33,0.3176,-1,-1,-1
351,2,794.42,192.37,185.09,546.39,0.8548,-1,-1,-1
351,36,617.62,236.84,132.80,393.26,0.8097,-1,-1,-1
351,39,963.10,217.07,121.42,429.66,0.7629,-1,-1,-1
351,44,749.48,222.26,92.57,414.18,0.7205,-1,-1,-1
351,45,1169.33,143.78,265.25,692.91,0.9032,-1,-1,-1
351,43,477.42,303.22,57.19,179.85,0.3567,-1,-1,-1
352,2,797.12,191.33,181.71,546.70,0.8531,-1,-1,-1
352,36,611.38,235.54,133.57,397.07,0.8203,-1,-1,-1
352,39,960.24,217.21,120.89,432.46,0.7863,-1,-1,-1
352,44,742.58,219.38,96.44,420.00,0.7638,-1,-1,-1
352,45,1161.80,143.74,270.33,696.20,0.9019,-1,-1,-1
352,43,471.08,302.38,58.22,179.60,0.2604,-1,-1,-1
352,48,1081.14,328.43,68.58,183.03,0.4208,-1,-1,-1
353,2,799.16,189.64,181.10,547.97,0.8543,-1,-1,-1
353,36,606.41,230.62,131.23,401.83,0.8319,-1,-1,-1
353,39,958.09,216.56,119.30,431.99,0.7815,-1,-1,-1
353,44,735.53,213.99,100.10,426.98,0.7588,-1,-1,-1
353,45,1156.07,143.01,270.78,700.31,0.9062,-1,-1,-1
353,43,464.95,297.56,52.99,182.48,0.2633,-1,-1,-1
353,48,1072.92,322.63,64.97,184.42,0.2705,-1,-1,-1
354,2,796.75,191.16,180.20,541.02,0.8789,-1,-1,-1
354,36,595.98,228.85,134.72,403.20,0.8404,-1,-1,-1
354,39,957.25,217.82,115.12,430.65,0.8012,-1,-1,-1
354,44,727.13,212.36,106.21,431.17,0.7820,-1,-1,-1
354,45,1149.22,143.54,271.23,705.57,0.9093,-1,-1,-1
354,48,1056.13,321.13,73.52,185.40,0.4925,-1,-1,-1
355,2,795.55,190.27,177.12,534.92,0.8715,-1,-1,-1
355,36,587.85,228.60,133.22,405.45,0.8503,-1,-1,-1
355,39,951.84,219.03,112.92,429.06,0.8026,-1,-1,-1
355,44,717.51,208.67,113.24,438.03,0.7994,-1,-1,-1
355,45,1143.59,143.60,273.17,709.13,0.9114,-1,-1,-1
355,48,1045.42,318.22,78.47,187.67,0.6036,-1,-1,-1
356,2,794.14,188.06,175.18,530.42,0.8466,-1,-1,-1
356,36,574.22,225.46,139.47,410.98,0.7327,-1,-1,-1
356,39,945.33,219.89,112.53,428.72,0.7972,-1,-1,-1
356,44,711.42,206.97,112.75,441.88,0.7955,-1,-1,-1
356,45,1136.38,142.55,277.52,711.81,0.9122,-1,-1,-1
356,48,1037.92,315.65,77.07,189.08,0.4225,-1,-1,-1
357,2,792.83,188.57,172.56,526.11,0.8535,-1,-1,-1
357,36,566.94,223.98,137.44,416.10,0.8209,-1,-1,-1
357,39,939.68,217.00,111.00,430.50,0.7734,-1,-1,-1
357,44,699.40,204.32,118.28,447.46,0.8155,-1,-1,-1
357,45,1133.36,141.26,275.14,715.41,0.9101,-1,-1,-1
357,48,1034.04,320.85,68.58,184.22,0.5091,-1,-1,-1
358,2,786.63,185.47,171.41,533.33,0.8455,-1,-1,-1
358,36,555.28,221.33,138.18,416.40,0.8380,-1,-1,-1
358,39,936.02,216.14,108.32,433.84,0.7532,-1,-1,-1
358,44,685.97,200.01,124.73,453.37,0.8256,-1,-1,-1
358,45,1127.07,141.39,276.45,718.16,0.9096,-1,-1,-1
358,48,1024.88,319.26,67.83,183.34,0.6307,-1,-1,-1
358,43,420.66,293.97,59.23,187.88,0.4940,-1,-1,-1
359,2,786.06,182.47,164.83,537.40,0.8551,-1,-1,-1
359,36,540.63,221.44,141.02,420.06,0.8263,-1,-1,-1
359,39,925.87,216.53,109.83,437.27,0.7785,-1,-1,-1
359,44,673.05,195.87,134.00,453.97,0.7881,-1,-1,-1
359,45,1120.60,140.88,278.48,719.93,0.9081,-1,-1,-1
359,48,1015.48,315.02,69.50,188.73,0.4343,-1,-1,-1
360,2,780.59,180.08,163.60,542.86,0.8694,-1,-1,-1
360,36,526.30,220.52,144.85,426.74,0.8213,-1,-1,-1
360,39,917.73,215.02,108.67,441.51,0.8035,-1,-1,-1
360,44,658.84,193.78,140.23,458.82,0.8507,-1,-1,-1
360,45,1114.57,140.62,278.38,723.33,0.9102,-1,-1,-1
360,48,1005.38,315.51,69.86,188.21,0.5756,-1,-1,-1
361,2,774.06,179.51,163.10,544.87,0.8704,-1,-1,-1
361,36,511.88,219.08,147.04,430.86,0.8108,-1,-1,-1
361,39,912.39,215.00,105.30,443.79,0.8198,-1,-1,-1
361,44,650.03,191.14,141.69,466.63,0.8319,-1,-1,-1
361,45,1109.95,140.99,276.61,726.04,0.9073,-1,-1,-1
361,48,994.74,314.03,72.75,190.57,0.6077,-1,-1,-1
361,43,391.33,293.79,56.86,188.44,0.4515,-1,-1,-1
362,2,768.90,181.01,161.62,549.76,0.8697,-1,-1,-1
362,36,494.57,222.50,151.32,431.89,0.8174,-1,-1,-1
362,39,905.72,216.73,103.88,441.06,0.7839,-1,-1,-1
362,44,634.77,191.92,150.74,467.50,0.8564,-1,-1,-1
362,45,1106.05,141.71,274.64,725.92,0.9080,-1,-1,-1
362,48,988.17,317.99,73.94,187.81,0.6273,-1,-1,-1
362,43,382.61,298.24,55.59,188.96,0.3405,-1,-1,-1
363,2,764.39,183.86,159.29,549.04,0.8489,-1,-1,-1
363,36,481.66,222.39,153.17,441.89,0.7930,-1,-1,-1
363,39,900.10,213.67,100.54,441.61,0.7352,-1,-1,-1
363,44,619.67,191.78,158.67,470.48,0.8522,-1,-1,-1
363,45,1101.81,140.47,274.55,732.51,0.9079,-1,-1,-1
363,48,981.91,319.36,74.57,190.11,0.5428,-1,-1,-1
363,43,374.96,300.38,52.26,187.93,0.2836,-1,-1,-1
364,2,763.10,188.84,155.17,549.53,0.8127,-1,-1,-1
364,36,466.17,219.92,159.45,454.10,0.7915,-1,-1,-1
364,39,896.92,211.32,98.43,441.22,0.7013,-1,-1,-1
364,44,607.07,189.91,167.46,479.03,0.8517,-1,-1,-1
364,45,1101.01,137.78,273.09,736.06,0.9065,-1,-1,-1
364,48,973.42,314.08,78.80,195.81,0.5646,-1,-1,-1
364,43,367.11,299.26,56.25,191.51,0.2815,-1,-1,-1
365,2,762.89,193.21,156.02,548.63,0.8136,-1,-1,-1
365,36,442.32,221.53,178.06,458.88,0.8289,-1,-1,-1
365,39,895.76,210.48,93.84,445.24,0.6422,-1,-1,-1
365,44,593.06,191.59,179.39,483.98,0.8247,-1,-1,-1
365,45,1101.57,137.55,270.78,737.83,0.8993,-1,-1,-1
365,48,968.37,316.44,81.12,195.94,0.5228,-1,-1,-1
366,2,760.64,199.04,154.28,544.62,0.8147,-1,-1,-1
366,36,438.03,222.64,174.70,462.08,0.8047,-1,-1,-1
366,39,893.80,212.36,89.96,441.48,0.6741,-1,-1,-1
366,44,586.06,195.90,182.63,483.97,0.8613,-1,-1,-1
366,45,1099.74,138.34,269.06,732.66,0.9022,-1,-1,-1
366,48,963.49,321.17,83.27,194.05,0.4408,-1,-1,-1
366,43,357.32,304.44,60.76,189.48,0.3822,-1,-1,-1
367,2,760.42,198.58,153.08,543.98,0.8246,-1,-1,-1
367,36,434.51,222.02,170.40,466.49,0.7961,-1,-1,-1
367,39,893.88,208.50,87.54,441.05,0.6700,-1,-1,-1
367,44,587.28,193.45,180.46,489.79,0.8711,-1,-1,-1
367,45,1100.14,135.56,269.05,727.46,0.9027,-1,-1,-1
367,48,963.05,314.02,82.86,198.52,0.4084,-1,-1,-1
367,43,354.77,307.90,66.05,186.47,0.3066,-1,-1,-1
368,2,760.24,198.40,153.91,545.37,0.8272,-1,-1,-1
368,36,431.60,221.09,173.64,471.81,0.8178,-1,-1,-1
368,39,894.27,206.78,84.99,437.68,0.6241,-1,-1,-1
368,44,590.17,192.85,175.18,498.31,0.8602,-1,-1,-1
368,45,1100.30,133.81,268.49,722.77,0.9023,-1,-1,-1
368,48,959.74,310.46,83.48,199.45,0.4083,-1,-1,-1
368,43,355.18,310.43,59.91,184.18,0.2228,-1,-1,-1
369,2,759.77,196.02,158.73,546.86,0.8538,-1,-1,-1
369,36,426.71,220.61,173.86,474.38,0.8275,-1,-1,-1
369,39,895.16,204.39,83.45,437.67,0.5821,-1,-1,-1
369,44,590.02,191.12,171.06,505.26,0.8628,-1,-1,-1
369,45,1102.64,133.42,266.22,717.16,0.9053,-1,-1,-1
369,48,959.14,313.77,85.19,197.71,0.4777,-1,-1,-1
369,43,354.20,308.47,56.96,187.55,0.2115,-1,-1,-1
370,2,759.74,194.72,163.20,542.16,0.8225,-1,-1,-1
370,36,422.66,221.70,174.61,476.37,0.8258,-1,-1,-1
370,39,895.95,205.40,83.77,437.86,0.6350,-1,-1,-1
370,44,587.24,192.83,169.08,509.56,0.8552,-1,-1,-1
370,45,1104.35,133.18,264.91,716.45,0.9057,-1,-1,-1
370,48,960.97,289.51,80.33,221.14,0.2563,-1,-1,-1
371,2,758.91,195.67,165.45,539.07,0.8487,-1,-1,-1
371,36,418.65,223.44,177.34,479.33,0.8529,-1,-1,-1
371,39,897.64,207.20,83.70,440.03,0.6906,-1,-1,-1
371,44,584.29,194.60,168.49,516.62,0.8636,-1,-1,-1
371,45,1106.44,133.40,261.61,720.25,0.9057,-1,-1,-1
371,48,963.15,303.86,80.01,208.44,0.2852,-1,-1,-1
372,2,761.41,195.42,164.18,539.48,0.8480,-1,-1,-1
372,36,415.81,223.68,178.22,481.77,0.8710,-1,-1,-1
372,39,901.01,208.47,81.44,442.31,0.6807,-1,-1,-1
372,44,580.37,193.59,170.04,524.30,0.8650,-1,-1,-1
372,45,1110.77,133.12,256.78,726.45,0.9056,-1,-1,-1
372,48,963.98,312.92,78.90,200.80,0.4478,-1,-1,-1
373,2,762.12,198.14,166.07,539.18,0.8569,-1,-1,-1
373,36,413.25,225.32,177.57,483.64,0.8659,-1,-1,-1
373,39,902.25,209.96,80.65,439.97,0.6628,-1,-1,-1
373,44,574.90,193.34,174.30,529.25,0.8676,-1,-1,-1
373,45,1113.40,136.72,254.04,729.84,0.8971,-1,-1,-1
373,48,965.47,320.79,81.36,196.97,0.4450,-1,-1,-1
374,2,763.18,198.32,167.47,540.42,0.8473,-1,-1,-1
374,36,409.10,225.90,176.56,487.52,0.8637,-1,-1,-1
374,39,903.32,210.68,83.53,443.41,0.6749,-1,-1,-1
374,44,568.88,191.97,178.62,533.28,0.8708,-1,-1,-1
374,45,1115.50,139.44,250.88,735.24,0.8923,-1,-1,-1
374,48,966.85,327.05,83.03,193.31,0.4815,-1,-1,-1
375,2,765.54,200.72,166.63,543.33,0.8540,-1,-1,-1
375,36,403.57,228.99,175.19,489.14,0.8467,-1,-1,-1
375,39,906.39,211.18,81.79,446.42,0.6613,-1,-1,-1
375,44,561.44,191.53,186.20,541.55,0.8769,-1,-1,-1
375,45,1118.48,141.23,246.55,741.15,0.8946,-1,-1,-1
375,48,967.26,330.18,82.05,195.25,0.5219,-1,-1,-1
376,2,768.86,203.47,164.69,546.48,0.8527,-1,-1,-1
376,36,396.52,229.48,173.23,499.35,0.8512,-1,-1,-1
376,39,908.60,217.72,81.22,447.24,0.6485,-1,-1,-1
376,44,557.65,191.40,189.14,549.15,0.8626,-1,-1,-1
376,45,1121.35,143.37,240.39,746.93,0.8951,-1,-1,-1
376,48,967.46,322.33,83.57,206.73,0.3915,-1,-1,-1
377,2,773.15,206.20,162.26,549.31,0.8858,-1,-1,-1
377,36,393.47,226.23,171.90,512.96,0.8409,-1,-1,-1
377,39,913.19,222.52,77.20,447.38,0.7023,-1,-1,-1
377,44,550.96,188.64,194.45,554.15,0.8651,-1,-1,-1
377,45,1122.42,150.60,238.35,748.18,0.8949,-1,-1,-1
377,48,971.08,333.91,82.09,199.67,0.4276,-1,-1,-1
378,2,780.05,211.07,157.97,547.94,0.8389,-1,-1,-1
378,36,388.73,222.20,172.03,524.56,0.8225,-1,-1,-1
378,39,915.81,230.07,76.80,441.32,0.7252,-1,-1,-1
378,44,544.80,187.80,200.16,555.91,0.8593,-1,-1,-1
378,45,1123.52,156.39,237.22,748.67,0.8988,-1,-1,-1
378,48,973.61,338.42,81.55,198.41,0.3578,-1,-1,-1
379,2,780.55,214.02,159.62,551.68,0.8405,-1,-1,-1
379,36,385.54,220.76,168.23,533.99,0.8023,-1,-1,-1
379,39,917.93,234.94,75.79,437.20,0.6470,-1,-1,-1
379,44,537.65,188.91,205.69,560.85,0.8640,-1,-1,-1
379,45,1124.50,157.39,235.89,754.32,0.8961,-1,-1,-1
379,48,972.86,338.76,82.93,201.16,0.4147,-1,-1,-1
379,51,737.33,318.64,51.12,197.38,0.4671,-1,-1,-1
380,2,783.51,216.69,158.80,550.01,0.8446,-1,-1,-1
380,36,377.41,216.33,172.88,546.35,0.8124,-1,-1,-1
380,39,916.69,238.72,79.68,434.55,0.7160,-1,-1,-1
380,44,532.93,187.63,208.51,568.32,0.8708,-1,-1,-1
380,45,1124.44,159.17,234.79,757.10,0.8913,-1,-1,-1
380,48,976.97,345.01,80.16,196.84,0.3369,-1,-1,-1
380,51,736.79,317.37,56.13,202.47,0.5990,-1,-1,-1
381,2,784.46,220.03,159.54,548.55,0.8391,-1,-1,-1
381,36,373.94,212.86,173.88,556.90,0.8111,-1,-1,-1
381,39,916.63,242.56,80.39,432.94,0.7357,-1,-1,-1
381,44,524.11,184.79,213.08,577.66,0.8744,-1,-1,-1
381,45,1121.93,158.92,234.32,756.46,0.8836,-1,-1,-1
381,48,979.58,344.06,78.58,198.67,0.3934,-1,-1,-1
381,51,735.17,316.42,59.27,209.71,0.6484,-1,-1,-1
382,2,784.86,220.28,159.20,546.08,0.8464,-1,-1,-1
382,36,370.42,210.43,177.18,566.78,0.8097,-1,-1,-1
382,39,918.27,244.08,82.16,434.27,0.7016,-1,-1,-1
382,44,520.71,182.71,214.49,588.59,0.8719,-1,-1,-1
382,45,1119.25,157.46,232.84,760.04,0.8809,-1,-1,-1
382,48,981.89,351.20,76.79,192.47,0.4970,-1,-1,-1
382,51,733.00,316.60,61.48,213.03,0.6497,-1,-1,-1
383,2,785.41,218.32,159.37,543.03,0.8410,-1,-1,-1
383,36,364.54,207.20,177.30,571.31,0.8215,-1,-1,-1
383,39,918.97,243.85,83.56,436.78,0.6836,-1,-1,-1
383,44,513.32,179.48,220.03,599.67,0.8766,-1,-1,-1
383,45,1114.26,154.84,233.18,762.09,0.8807,-1,-1,-1
383,48,983.30,353.09,74.57,190.32,0.4695,-1,-1,-1
383,51,731.48,317.08,61.39,210.58,0.6420,-1,-1,-1
384,2,785.83,217.59,160.78,541.34,0.8469,-1,-1,-1
384,36,356.48,205.85,180.42,574.19,0.8231,-1,-1,-1
384,39,919.76,244.82,93.97,435.46,0.5748,-1,-1,-1
384,44,506.31,177.27,223.05,607.80,0.8649,-1,-1,-1
384,45,1110.21,152.88,234.30,766.40,0.8834,-1,-1,-1
384,48,981.92,351.60,75.68,192.40,0.2774,-1,-1,-1
384,51,728.05,319.14,62.55,211.20,0.6527,-1,-1,-1
385,2,785.73,217.90,163.04,543.13,0.8421,-1,-1,-1
385,36,348.56,208.53,187.12,574.99,0.8392,-1,-1,-1
385,39,919.40,246.39,99.55,434.98,0.6019,-1,-1,-1
385,44,504.75,176.12,222.75,616.52,0.8603,-1,-1,-1
385,45,1106.88,155.84,238.53,763.13,0.8836,-1,-1,-1
385,48,979.73,351.22,76.01,195.64,0.2946,-1,-1,-1
385,51,726.48,321.56,64.55,212.65,0.6967,-1,-1,-1
386,2,782.50,215.56,166.85,536.12,0.8175,-1,-1,-1
386,36,341.48,206.86,185.25,574.10,0.8334,-1,-1,-1
386,39,920.88,244.72,91.30,429.89,0.5447,-1,-1,-1
386,44,495.36,173.12,229.85,622.48,0.8639,-1,-1,-1
386,45,1098.56,156.60,248.41,758.75,0.8873,-1,-1,-1
386,48,978.33,350.68,75.78,196.78,0.3374,-1,-1,-1
386,51,726.87,320.10,62.29,211.35,0.6583,-1,-1,-1
387,2,778.86,213.87,169.20,532.28,0.8361,-1,-1,-1
387,36,332.45,201.69,187.18,583.99,0.8386,-1,-1,-1
387,39,919.44,244.82,83.94,430.57,0.6185,-1,-1,-1
387,44,486.11,169.04,235.46,631.47,0.8618,-1,-1,-1
387,45,1088.35,156.59,259.86,752.48,0.8935,-1,-1,-1
387,48,977.79,349.88,75.98,197.65,0.3530,-1,-1,-1
387,51,722.53,318.05,64.94,212.39,0.6781,-1,-1,-1
388,2,777.73,212.01,170.81,531.71,0.8346,-1,-1,-1
388,36,322.09,194.40,190.40,595.32,0.8474,-1,-1,-1
388,39,918.03,241.31,85.01,433.14,0.5095,-1,-1,-1
388,44,478.91,166.44,237.70,646.34,0.8644,-1,-1,-1
388,45,1083.49,157.93,266.17,746.67,0.8875,-1,-1,-1
388,48,976.27,348.56,76.14,199.11,0.3800,-1,-1,-1
388,51,718.85,317.26,67.78,211.46,0.7096,-1,-1,-1
389,2,778.34,209.84,167.03,536.46,0.8424,-1,-1,-1
389,36,314.97,187.04,190.82,604.83,0.8410,-1,-1,-1
389,39,916.67,242.37,83.87,433.84,0.5923,-1,-1,-1
389,44,476.46,162.16,236.52,657.86,0.8636,-1,-1,-1
389,45,1081.70,157.57,268.74,747.75,0.8912,-1,-1,-1
389,48,974.54,334.04,79.91,216.32,0.3127,-1,-1,-1
389,51,717.14,316.85,68.88,212.60,0.6896,-1,-1,-1
390,2,777.66,210.03,164.43,539.47,0.8470,-1,-1,-1
390,36,306.40,183.67,195.81,609.60,0.8351,-1,-1,-1
390,39,915.34,242.28,81.73,433.45,0.6597,-1,-1,-1
390,44,475.86,156.58,235.53,669.05,0.8716,-1,-1,-1
390,45,1078.11,157.12,273.92,750.10,0.8854,-1,-1,-1
390,48,975.80,337.01,79.14,214.96,0.3821,-1,-1,-1
390,51,715.28,316.77,71.26,213.25,0.7295,-1,-1,-1
391,2,773.67,209.62,164.70,542.47,0.8497,-1,-1,-1
391,36,295.37,180.64,200.80,614.51,0.8369,-1,-1,-1
391,39,911.74,238.37,83.65,436.26,0.6525,-1,-1,-1
391,44,474.39,149.77,236.94,678.90,0.8718,-1,-1,-1
391,45,1069.39,157.24,283.30,754.51,0.8882,-1,-1,-1
391,48,976.51,340.76,75.45,211.42,0.5996,-1,-1,-1
391,51,711.63,316.23,74.26,213.67,0.7365,-1,-1,-1
392,2,771.18,210.79,164.11,545.62,0.8335,-1,-1,-1
392,36,286.71,175.74,202.99,624.64,0.8498,-1,-1,-1
392,39,908.95,235.83,82.94,439.10,0.6605,-1,-1,-1
392,44,473.96,143.90,235.91,689.18,0.8749,-1,-1,-1
392,45,1062.29,156.61,290.07,762.98,0.8942,-1,-1,-1
392,48,976.67,335.40,73.89,215.97,0.4814,-1,-1,-1
392,51,708.00,314.70,77.43,214.97,0.7611,-1,-1,-1
393,2,769.22,216.75,165.85,540.05,0.8214,-1,-1,-1
393,36,273.61,171.83,209.12,633.31,0.8571,-1,-1,-1
393,39,906.28,238.02,84.23,437.05,0.6173,-1,-1,-1
393,44,471.93,139.41,234.13,696.69,0.8784,-1,-1,-1
393,45,1058.08,156.79,293.97,768.51,0.8968,-1,-1,-1
393,48,974.72,331.07,74.78,219.57,0.5624,-1,-1,-1
393,51,706.12,313.97,78.37,216.79,0.7597,-1,-1,-1
394,2,767.16,218.64,163.05,538.72,0.8077,-1,-1,-1
394,36,260.65,165.21,216.89,642.67,0.8638,-1,-1,-1
394,39,904.80,234.99,82.32,435.98,0.6200,-1,-1,-1
394,44,465.70,133.43,235.85,704.92,0.8821,-1,-1,-1
394,45,1055.57,156.19,295.68,771.82,0.9047,-1,-1,-1
394,48,972.62,329.90,76.55,219.98,0.6048,-1,-1,-1
394,51,703.01,313.34,79.18,216.25,0.7511,-1,-1,-1
395,2,761.95,220.07,164.34,538.80,0.8036,-1,-1,-1
395,36,231.32,160.52,238.94,648.62,0.8655,-1,-1,-1
395,39,901.75,232.73,81.88,436.84,0.6272,-1,-1,-1
395,44,461.33,127.33,234.95,714.57,0.8771,-1,-1,-1
395,45,1052.51,155.91,298.05,776.27,0.9004,-1,-1,-1
395,48,970.98,338.23,74.17,210.49,0.6178,-1,-1,-1
395,51,700.84,311.77,79.00,217.46,0.7430,-1,-1,-1
396,2,759.28,222.24,162.77,535.30,0.8089,-1,-1,-1
396,36,223.33,157.33,235.09,659.88,0.8676,-1,-1,-1
396,39,899.80,235.73,81.74,433.90,0.6879,-1,-1,-1
396,44,454.96,118.48,237.11,726.12,0.8803,-1,-1,-1
396,45,1050.76,155.91,300.56,777.88,0.8991,-1,-1,-1
396,48,969.32,338.19,73.66,210.06,0.6420,-1,-1,-1
396,51,697.79,309.75,78.65,218.49,0.7347,-1,-1,-1
396,52,1028.14,378.71,44.10,170.05,0.3486,-1,-1,-1
397,2,756.70,222.07,160.57,532.05,0.8137,-1,-1,-1
397,36,198.54,155.70,251.33,667.26,0.8704,-1,-1,-1
397,39,897.04,237.71,81.90,430.12,0.6889,-1,-1,-1
397,44,445.49,110.55,242.08,736.84,0.8861,-1,-1,-1
397,45,1050.23,155.75,300.45,779.90,0.8981,-1,-1,-1
397,48,967.89,337.16,75.19,210.12,0.6280,-1,-1,-1
397,51,695.73,309.14,75.65,219.94,0.7448,-1,-1,-1
397,52,1025.66,379.34,45.78,167.30,0.2349,-1,-1,-1
398,2,752.14,218.93,159.76,536.01,0.8313,-1,-1,-1
398,36,174.40,148.74,268.67,684.61,0.8857,-1,-1,-1
398,39,894.06,238.30,82.82,430.11,0.6817,-1,-1,-1
398,44,435.31,102.17,248.95,747.58,0.8952,-1,-1,-1
398,45,1049.76,155.61,298.34,781.46,0.8983,-1,-1,-1
398,48,967.52,338.11,75.61,208.46,0.6032,-1,-1,-1
398,51,693.07,307.12,72.79,221.54,0.7581,-1,-1,-1
398,52,1024.78,379.33,46.93,165.93,0.2232,-1,-1,-1
399,2,747.26,216.37,158.97,537.42,0.8550,-1,-1,-1
399,36,142.80,144.18,288.00,697.83,0.8968,-1,-1,-1
399,39,888.42,238.22,87.31,430.48,0.7182,-1,-1,-1
399,44,426.90,94.34,254.05,757.07,0.8931,-1,-1,-1
399,45,1050.35,155.20,295.39,784.55,0.8965,-1,-1,-1
399,48,966.94,336.19,75.86,210.59,0.6217,-1,-1,-1
399,51,691.09,304.64,69.67,224.22,0.7868,-1,-1,-1
399,52,1025.07,379.01,45.80,163.58,0.2288,-1,-1,-1
400,2,740.63,216.36,159.43,531.63,0.8431,-1,-1,-1
400,36,126.16,141.50,294.33,705.81,0.8944,-1,-1,-1
400,39,882.01,238.82,91.36,431.27,0.7515,-1,-1,-1
400,44,418.69,90.05,262.76,764.59,0.8945,-1,-1,-1
400,45,1050.17,154.93,294.01,787.82,0.8989,-1,-1,-1
400,48,964.93,330.98,81.04,216.94,0.5428,-1,-1,-1
400,51,690.03,305.01,67.09,223.63,0.7740,-1,-1,-1
401,2,731.72,216.27,163.55,521.72,0.8635,-1,-1,-1
401,36,114.56,139.59,294.75,717.91,0.8956,-1,-1,-1
401,39,877.76,235.89,93.47,437.31,0.7814,-1,-1,-1
401,44,412.22,84.85,270.20,775.16,0.8992,-1,-1,-1
401,45,1051.26,154.56,290.73,784.89,0.8997,-1,-1,-1
401,48,964.57,330.06,83.40,217.73,0.6046,-1,-1,-1
401,51,687.31,304.12,66.02,223.80,0.7248,-1,-1,-1
402,2,727.78,213.41,165.44,520.38,0.8793,-1,-1,-1
402,36,109.52,136.23,290.32,728.04,0.8979,-1,-1,-1
402,39,874.65,235.11,96.93,438.67,0.8049,-1,-1,-1
402,44,405.75,79.90,277.74,791.21,0.8986,-1,-1,-1
402,45,1054.29,149.65,286.07,790.78,0.8973,-1,-1,-1
402,48,965.75,329.76,81.19,216.83,0.6071,-1,-1,-1
402,51,686.80,302.46,63.86,225.47,0.5678,-1,-1,-1
403,2,725.34,212.71,166.04,521.42,0.8771,-1,-1,-1
403,36,102.53,135.09,284.99,746.61,0.8964,-1,-1,-1
403,39,873.21,236.41,98.14,438.80,0.8048,-1,-1,-1
403,44,398.41,75.62,285.88,813.32,0.9080,-1,-1,-1
403,45,1058.10,149.54,281.82,796.21,0.8966,-1,-1,-1
403,48,968.86,338.93,77.65,208.00,0.5808,-1,-1,-1
403,51,686.74,303.09,62.82,227.87,0.5819,-1,-1,-1
404,2,723.13,212.86,166.61,523.88,0.8641,-1,-1,-1
404,36,92.42,132.13,283.26,768.03,0.9013,-1,-1,-1
404,39,872.87,237.49,99.12,443.27,0.8013,-1,-1,-1
404,44,389.66,73.58,292.70,835.90,0.9093,-1,-1,-1
404,45,1063.19,149.50,281.81,796.57,0.8900,-1,-1,-1
404,48,970.33,339.31,78.22,210.24,0.6394,-1,-1,-1
404,51,686.26,304.32,62.62,228.75,0.5457,-1,-1,-1
405,2,724.56,214.24,164.37,524.81,0.8623,-1,-1,-1
405,36,78.04,129.85,288.56,782.49,0.8914,-1,-1,-1
405,39,872.91,238.59,99.38,442.15,0.8014,-1,-1,-1
405,44,378.21,73.31,302.56,842.60,0.9082,-1,-1,-1
405,45,1063.85,150.50,285.34,793.26,0.8890,-1,-1,-1
405,48,972.01,338.97,79.65,211.24,0.6546,-1,-1,-1
405,51,687.21,304.11,61.32,229.81,0.5209,-1,-1,-1
406,2,723.46,215.66,166.47,526.06,0.8494,-1,-1,-1
406,36,58.66,128.79,301.04,791.59,0.8919,-1,-1,-1
406,39,873.23,239.23,101.47,439.71,0.7962,-1,-1,-1
406,44,367.19,71.75,313.78,853.11,0.9054,-1,-1,-1
406,45,1065.57,150.05,287.40,785.90,0.8773,-1,-1,-1
406,48,975.35,342.14,83.12,211.51,0.6672,-1,-1,-1
406,51,688.71,304.68,61.97,231.48,0.4913,-1,-1,-1
407,2,725.86,217.31,165.24,527.58,0.8586,-1,-1,-1
407,36,55.14,122.75,301.71,805.05,0.8889,-1,-1,-1
407,39,873.53,239.13,102.47,441.49,0.7980,-1,-1,-1
407,44,357.09,72.51,325.99,861.61,0.9049,-1,-1,-1
407,45,1070.71,149.60,284.66,780.82,0.8777,-1,-1,-1
407,48,978.20,345.81,84.18,209.21,0.6538,-1,-1,-1
407,51,689.69,305.36,63.52,234.96,0.5944,-1,-1,-1
408,2,725.76,219.55,166.88,528.42,0.8644,-1,-1,-1
408,36,41.42,118.09,311.57,814.58,0.9036,-1,-1,-1
408,39,872.89,239.80,104.71,441.35,0.7925,-1,-1,-1
408,44,350.72,70.13,332.15,875.65,0.9037,-1,-1,-1
408,45,1076.20,149.21,280.88,779.14,0.8891,-1,-1,-1
408,48,980.98,338.09,84.99,218.17,0.6138,-1,-1,-1
408,51,693.24,305.19,60.94,237.50,0.4714,-1,-1,-1
409,2,728.53,220.91,166.70,532.59,0.8604,-1,-1,-1
409,36,42.28,114.56,310.54,826.23,0.9047,-1,-1,-1
409,39,873.55,241.70,106.94,438.22,0.8037,-1,-1,-1
409,44,350.87,67.82,330.47,894.65,0.9088,-1,-1,-1
409,45,1083.45,149.95,276.15,782.66,0.8948,-1,-1,-1
409,48,986.53,342.55,79.60,212.90,0.6596,-1,-1,-1
409,51,699.17,306.73,55.35,240.43,0.4868,-1,-1,-1
410,2,731.91,223.58,165.82,533.90,0.8372,-1,-1,-1
410,36,38.71,111.30,314.11,836.99,0.9032,-1,-1,-1
410,39,875.37,240.54,113.52,438.24,0.7897,-1,-1,-1
410,44,355.25,65.29,322.04,912.33,0.9161,-1,-1,-1
410,45,1090.98,151.20,272.20,785.75,0.8921,-1,-1,-1
410,48,993.91,345.84,76.21,210.09,0.6302,-1,-1,-1
410,51,704.37,308.82,56.77,242.19,0.6066,-1,-1,-1
411,2,733.82,224.47,168.87,535.44,0.8014,-1,-1,-1
411,36,30.21,105.39,313.69,847.77,0.9078,-1,-1,-1
411,39,880.55,239.68,113.56,438.38,0.7873,-1,-1,-1
411,44,356.33,61.18,318.17,925.62,0.9158,-1,-1,-1
411,45,1099.33,149.66,267.40,793.71,0.8893,-1,-1,-1
411,48,999.77,349.73,80.04,207.93,0.6636,-1,-1,-1
411,51,710.00,308.80,54.94,242.26,0.5889,-1,-1,-1
412,2,736.13,225.70,171.16,533.03,0.8136,-1,-1,-1
412,36,19.82,96.52,314.12,859.89,0.9169,-1,-1,-1
412,39,887.62,236.38,110.55,442.54,0.7515,-1,-1,-1
412,44,352.42,55.76,318.95,954.44,0.9129,-1,-1,-1
412,45,1103.33,152.36,269.22,798.31,0.8924,-1,-1,-1
412,48,1003.93,347.14,82.39,211.45,0.7011,-1,-1,-1
412,51,715.66,308.27,55.11,240.83,0.5474,-1,-1,-1
412,53,653.27,342.60,54.25,191.20,0.6276,-1,-1,-1
412,52,1068.81,376.25,50.62,166.49,0.3602,-1,-1,-1
413,2,740.73,225.97,172.00,529.72,0.8176,-1,-1,-1
413,36,5.12,89.52,320.40,869.79,0.9265,-1,-1,-1
413,39,891.09,231.53,113.39,445.12,0.7523,-1,-1,-1
413,44,346.07,48.72,323.89,977.04,0.9111,-1,-1,-1
413,45,1105.61,153.46,273.46,802.84,0.8973,-1,-1,-1
413,48,1010.28,344.65,80.12,213.50,0.5990,-1,-1,-1
413,51,723.14,306.57,53.81,241.06,0.4628,-1,-1,-1
413,53,653.17,345.62,57.93,187.90,0.6632,-1,-1,-1
413,52,1075.32,376.39,50.42,175.17,0.2039,-1,-1,-1
414,2,748.75,226.44,168.73,526.80,0.8209,-1,-1,-1
414,36,-2.32,82.35,321.37,880.65,0.9296,-1,-1,-1
414,39,893.61,232.66,119.48,445.47,0.7818,-1,-1,-1
414,44,337.66,38.93,326.78,996.87,0.9023,-1,-1,-1
414,45,1109.71,153.49,274.06,807.00,0.8896,-1,-1,-1
414,48,1016.45,341.51,78.74,216.52,0.6412,-1,-1,-1
414,51,727.38,303.55,55.95,241.86,0.4855,-1,-1,-1
414,53,653.85,342.49,63.49,195.75,0.6433,-1,-1,-1
414,52,1080.55,378.39,51.45,166.05,0.1647,-1,-1,-1
415,2,752.69,224.15,168.72,528.02,0.8248,-1,-1,-1
415,36,-4.50,76.70,319.48,887.36,0.9252,-1,-1,-1
415,39,899.19,236.84,118.73,441.89,0.8091,-1,-1,-1
415,44,328.30,27.27,335.53,1017.32,0.9130,-1,-1,-1
415,45,1115.26,153.20,272.75,810.17,0.8864,-1,-1,-1
415,48,1020.43,346.93,82.05,212.84,0.6748,-1,-1,-1
415,51,731.20,302.27,56.69,238.12,0.4367,-1,-1,-1
415,53,654.69,341.93,67.11,190.06,0.6432,-1,-1,-1
415,52,1089.69,375.59,48.00,155.18,0.2052,-1,-1,-1
416,2,750.47,221.01,174.26,524.69,0.8437,-1,-1,-1
416,36,-5.45,66.69,315.25,907.03,0.9217,-1,-1,-1
416,39,903.70,236.57,120.03,444.97,0.7922,-1,-1,-1
416,44,317.94,14.48,343.97,1037.25,0.9137,-1,-1,-1
416,45,1119.55,151.74,272.05,814.34,0.8904,-1,-1,-1
416,48,1022.91,348.44,84.53,211.47,0.5939,-1,-1,-1
416,51,734.40,297.41,59.01,240.17,0.2755,-1,-1,-1
416,53,655.49,340.92,68.40,187.73,0.6560,-1,-1,-1
416,52,1092.66,374.91,47.99,150.49,0.2267,-1,-1,-1
417,2,747.80,220.98,179.28,522.27,0.8358,-1,-1,-1
417,36,-6.05,57.13,311.56,941.55,0.9180,-1,-1,-1
417,39,905.75,236.84,120.79,445.10,0.7983,-1,-1,-1
417,44,298.31,5.00,360.19,1053.89,0.9090,-1,-1,-1
417,45,1123.48,150.95,269.54,822.44,0.8915,-1,-1,-1
417,48,1027.69,345.42,83.18,213.27,0.6628,-1,-1,-1
417,51,735.45,296.14,59.94,240.93,0.2239,-1,-1,-1
417,53,655.72,341.01,69.43,188.70,0.6611,-1,-1,-1
417,52,1098.28,374.45,43.63,153.63,0.2416,-1,-1,-1
418,2,746.40,219.33,182.09,521.26,0.8438,-1,-1,-1
418,36,-6.10,48.94,289.37,975.80,0.9162,-1,-1,-1
418,39,908.71,234.20,122.50,445.08,0.7837,-1,-1,-1
418,44,279.64,0.11,374.68,1062.83,0.9150,-1,-1,-1
418,45,1126.42,148.31,268.02,826.63,0.8920,-1,-1,-1
418,48,1030.52,337.82,83.34,218.42,0.6669,-1,-1,-1
418,53,655.08,339.73,69.73,190.89,0.6720,-1,-1,-1
418,52,1096.95,371.87,44.85,175.55,0.2357,-1,-1,-1
419,2,744.79,212.43,182.88,528.55,0.8540,-1,-1,-1
419,36,-5.60,41.32,269.40,992.21,0.9105,-1,-1,-1
419,39,909.96,233.73,121.25,443.96,0.7780,-1,-1,-1
419,44,259.17,-0.99,390.00,1069.10,0.9215,-1,-1,-1
419,45,1126.65,146.81,268.53,826.04,0.8903,-1,-1,-1
419,48,1032.06,336.80,84.37,219.26,0.6329,-1,-1,-1
419,53,652.65,337.70,69.55,198.69,0.6742,-1,-1,-1
419,52,1097.91,371.26,42.48,181.03,0.2180,-1,-1,-1
420,2,742.25,209.16,184.21,532.46,0.8565,-1,-1,-1
420,36,-4.64,37.56,251.81,1005.84,0.9036,-1,-1,-1
420,39,909.42,234.85,123.34,445.66,0.7858,-1,-1,-1
420,44,241.81,-0.49,401.59,1075.43,0.9256,-1,-1,-1
420,45,1126.39,144.08,269.40,827.47,0.8896,-1,-1,-1
420,48,1031.65,333.66,89.23,224.80,0.6363,-1,-1,-1
420,53,650.06,337.29,68.72,204.60,0.6768,-1,-1,-1
420,52,1099.94,370.93,39.23,185.08,0.1737,-1,-1,-1
421,2,741.38,209.87,185.61,530.96,0.8575,-1,-1,-1
421,36,-3.67,27.43,234.97,994.07,0.9001,-1,-1,-1
421,39,908.63,234.66,122.77,444.41,0.7930,-1,-1,-1
421,44,222.75,0.07,415.02,1076.67,0.9258,-1,-1,-1
421,45,1123.53,139.64,274.22,830.36,0.8914,-1,-1,-1
421,48,1031.53,334.04,90.81,224.27,0.6429,-1,-1,-1
421,53,648.51,336.54,69.47,205.63,0.6759,-1,-1,-1
422,2,739.64,210.45,184.47,537.99,0.8470,-1,-1,-1
422,36,-3.33,17.10,216.71,992.87,0.8890,-1,-1,-1
422,39,907.14,235.17,122.54,445.14,0.7922,-1,-1,-1
422,44,202.56,-0.76,425.19,1080.05,0.9196,-1,-1,-1
422,45,1119.55,132.20,279.01,835.50,0.8866,-1,-1,-1
422,48,1031.09,337.50,90.00,220.50,0.5484,-1,-1,-1
422,53,644.22,334.15,69.89,209.44,0.6858,-1,-1,-1
423,2,737.65,210.98,179.75,537.91,0.8480,-1,-1,-1
423,36,-2.55,12.47,196.10,996.98,0.8902,-1,-1,-1
423,39,906.44,237.38,121.79,444.87,0.7744,-1,-1,-1
423,44,185.76,-1.13,430.45,1082.14,0.9226,-1,-1,-1
423,45,1112.01,127.76,286.91,839.08,0.8932,-1,-1,-1
423,48,1030.39,340.15,90.24,218.95,0.5631,-1,-1,-1
423,53,640.00,332.57,72.93,213.11,0.7179,-1,-1,-1
424,2,736.35,213.43,175.03,533.54,0.8378,-1,-1,-1
424,36,-1.94,9.02,175.26,1005.60,0.8764,-1,-1,-1
424,39,902.86,240.28,126.21,442.43,0.7510,-1,-1,-1
424,44,164.39,-0.07,439.12,1082.29,0.9272,-1,-1,-1
424,45,1106.60,126.69,294.12,838.73,0.9005,-1,-1,-1
424,48,1028.41,340.88,88.16,218.76,0.6042,-1,-1,-1
424,53,636.26,332.11,76.02,213.73,0.7002,-1,-1,-1
425,2,731.92,213.16,176.24,535.57,0.8378,-1,-1,-1
425,36,-1.55,6.14,150.20,1011.83,0.8435,-1,-1,-1
425,39,899.15,239.23,127.74,440.67,0.7745,-1,-1,-1
425,44,138.14,-0.72,455.55,1079.80,0.9243,-1,-1,-1
425,45,1100.88,125.17,300.46,832.23,0.9028,-1,-1,-1
425,48,1028.07,338.70,86.17,219.36,0.6205,-1,-1,-1
425,53,632.00,327.65,76.47,218.92,0.7007,-1,-1,-1
426,2,731.74,212.96,173.39,535.50,0.8401,-1,-1,-1
426,36,-1.51,5.10,129.71,805.65,0.5761,-1,-1,-1
426,39,894.86,237.00,132.95,442.14,0.7949,-1,-1,-1
426,44,111.00,-0.68,469.72,1077.67,0.9262,-1,-1,-1
426,45,1093.31,125.34,309.78,820.63,0.9032,-1,-1,-1
426,48,1026.57,334.85,85.34,220.04,0.6323,-1,-1,-1
426,53,629.63,326.22,74.93,217.99,0.6849,-1,-1,-1
426,54,559.62,316.72,43.18,196.36,0.4465,-1,-1,-1
427,2,728.28,214.51,176.83,536.92,0.8309,-1,-1,-1
427,36,-0.55,110.14,98.38,598.59,0.7123,-1,-1,-1
427,39,895.51,236.49,132.91,442.52,0.7799,-1,-1,-1
427,44,76.63,0.72,489.99,1073.67,0.9224,-1,-1,-1
427,45,1086.98,127.62,316.52,813.05,0.9002,-1,-1,-1
427,48,1025.14,332.91,84.91,222.62,0.5850,-1,-1,-1
427,53,625.88,326.63,74.16,220.99,0.7200,-1,-1,-1
427,54,549.90,329.59,50.88,183.28,0.5200,-1,-1,-1
428,2,720.39,218.65,181.38,531.69,0.8338,-1,-1,-1
428,36,0.13,149.22,102.42,773.87,0.4082,-1,-1,-1
428,39,892.28,236.23,136.03,442.32,0.7977,-1,-1,-1
428,44,46.49,2.35,510.99,1070.65,0.9213,-1,-1,-1
428,45,1081.56,129.26,321.41,813.35,0.9039,-1,-1,-1
428,48,1024.79,332.81,81.56,223.33,0.5001,-1,-1,-1
428,53,620.75,327.04,74.37,221.27,0.7153,-1,-1,-1
428,54,541.98,316.02,55.46,194.03,0.5875,-1,-1,-1
429,2,711.42,216.66,186.03,538.94,0.8318,-1,-1,-1
429,36,-0.27,176.76,100.61,595.68,0.2036,-1,-1,-1
429,39,892.99,235.05,133.03,441.53,0.7767,-1,-1,-1
429,44,10.33,2.46,534.30,1070.81,0.9302,-1,-1,-1
429,45,1076.37,130.92,322.93,815.77,0.9048,-1,-1,-1
429,48,1027.10,331.03,77.72,226.88,0.4861,-1,-1,-1
429,53,615.72,328.25,71.59,222.28,0.7550,-1,-1,-1
429,54,536.93,319.72,57.14,194.09,0.5871,-1,-1,-1
430,2,704.28,215.15,179.68,544.06,0.8380,-1,-1,-1
430,39,894.00,234.36,129.54,437.18,0.7792,-1,-1,-1
430,44,-4.87,3.19,540.88,1070.30,0.9266,-1,-1,-1
430,45,1070.28,133.05,328.54,819.19,0.9091,-1,-1,-1
430,48,1030.95,329.86,74.67,224.36,0.4601,-1,-1,-1
430,53,612.26,325.72,71.35,224.49,0.7131,-1,-1,-1
430,54,532.41,331.50,55.34,178.02,0.4662,-1,-1,-1
431,2,695.60,212.85,175.17,551.49,0.8261,-1,-1,-1
431,39,893.13,233.46,128.33,434.47,0.7827,-1,-1,-1
431,44,-10.07,3.61,535.11,1070.02,0.9298,-1,-1,-1
431,45,1067.38,133.74,329.92,823.17,0.9050,-1,-1,-1
431,48,1034.12,329.07,72.30,225.04,0.3721,-1,-1,-1
431,53,606.72,326.16,75.03,227.85,0.6761,-1,-1,-1
431,54,527.29,334.24,55.07,182.26,0.4575,-1,-1,-1
432,2,686.34,209.76,175.51,566.03,0.8333,-1,-1,-1
432,39,893.72,231.75,127.16,432.71,0.7884,-1,-1,-1
432,44,-10.27,4.82,527.20,1069.68,0.9352,-1,-1,-1
432,45,1065.85,134.07,331.23,827.59,0.9038,-1,-1,-1
432,48,1036.06,328.13,71.41,224.80,0.3764,-1,-1,-1
432,53,603.79,326.61,73.84,228.77,0.6598,-1,-1,-1
432,54,522.47,342.74,55.61,209.84,0.4125,-1,-1,-1
432,56,994.94,314.92,77.65,236.88,0.4670,-1,-1,-1
433,2,680.12,206.43,178.08,562.42,0.8283,-1,-1,-1
433,39,893.77,231.16,126.21,431.08,0.7960,-1,-1,-1
433,44,-9.29,5.87,515.36,1065.08,0.9355,-1,-1,-1
433,45,1066.89,133.07,330.90,831.57,0.9033,-1,-1,-1
433,48,1040.19,326.07,66.33,234.20,0.2448,-1,-1,-1
433,53,600.90,325.13,74.40,228.67,0.6443,-1,-1,-1
433,54,519.34,343.87,55.22,191.07,0.4224,-1,-1,-1
433,56,997.09,310.44,76.38,241.06,0.5635,-1,-1,-1
434,2,676.64,202.62,176.58,572.68,0.8403,-1,-1,-1
434,39,893.42,228.35,126.39,431.54,0.7959,-1,-1,-1
434,44,-7.58,4.49,503.70,1064.50,0.9387,-1,-1,-1
434,45,1070.06,131.17,328.80,833.31,0.9013,-1,-1,-1
434,48,1043.52,323.36,65.44,233.27,0.3391,-1,-1,-1
434,53,598.18,321.66,72.77,231.54,0.6849,-1,-1,-1
434,54,518.09,333.13,55.45,187.08,0.4286,-1,-1,-1
434,56,1001.81,309.22,72.97,240.33,0.5205,-1,-1,-1
435,2,674.70,199.05,173.90,565.47,0.8254,-1,-1,-1
435,39,891.95,225.71,127.90,431.44,0.7788,-1,-1,-1
435,44,-6.19,2.68,492.11,1065.07,0.9396,-1,-1,-1
435,45,1071.69,128.57,327.98,836.43,0.9037,-1,-1,-1
435,48,1046.89,321.23,62.26,238.13,0.3119,-1,-1,-1
435,53,595.84,319.29,73.49,233.11,0.6857,-1,-1,-1
435,54,516.27,317.10,54.37,193.80,0.6671,-1,-1,-1
435,56,1001.15,305.15,72.21,240.95,0.5409,-1,-1,-1
436,2,672.46,195.99,174.29,558.01,0.7974,-1,-1,-1
436,39,896.96,224.05,123.17,431.84,0.7701,-1,-1,-1
436,44,-5.03,1.75,481.28,1066.74,0.9397,-1,-1,-1
436,45,1074.16,125.58,326.85,841.56,0.9069,-1,-1,-1
436,48,1049.50,320.07,58.53,234.22,0.2973,-1,-1,-1
436,53,595.20,317.46,73.13,233.00,0.7088,-1,-1,-1
436,54,514.60,309.52,53.51,198.79,0.6148,-1,-1,-1
436,56,999.04,302.87,73.64,242.12,0.5425,-1,-1,-1
437,2,669.55,193.50,173.62,539.35,0.8135,-1,-1,-1
437,39,900.41,223.04,120.21,432.02,0.7563,-1,-1,-1
437,44,-3.78,1.46,466.64,1071.42,0.9357,-1,-1,-1
437,45,1078.18,121.15,324.88,845.18,0.9055,-1,-1,-1
437,48,1049.25,314.52,62.06,234.11,0.4991,-1,-1,-1
437,53,592.09,313.48,74.94,232.64,0.7235,-1,-1,-1
437,54,514.31,334.16,51.76,170.86,0.5869,-1,-1,-1
437,56,996.79,301.17,72.05,241.37,0.5713,-1,-1,-1
437,57,819.89,300.86,80.84,230.38,0.6743,-1,-1,-1
438,2,663.97,194.02,175.75,530.91,0.8385,-1,-1,-1
438,39,903.69,223.18,116.87,433.61,0.7557,-1,-1,-1
438,44,-2.94,3.20,444.65,1069.97,0.9349,-1,-1,-1
438,45,1079.78,118.38,324.37,839.70,0.9003,-1,-1,-1
438,48,1050.69,313.82,61.35,232.30,0.3876,-1,-1,-1
438,53,589.36,312.57,75.25,233.78,0.7309,-1,-1,-1
438,54,512.47,335.52,51.25,170.78,0.4234,-1,-1,-1
438,56,995.19,300.87,72.44,240.06,0.5702,-1,-1,-1
438,57,816.58,300.77,83.45,231.54,0.6726,-1,-1,-1
439,2,661.23,194.60,174.82,528.07,0.8541,-1,-1,-1
439,39,905.41,223.32,114.21,435.67,0.7577,-1,-1,-1
439,44,-2.96,3.49,420.06,1070.82,0.9277,-1,-1,-1
439,45,1083.95,115.33,321.10,841.04,0.9012,-1,-1,-1
439,48,1051.18,312.53,65.12,232.84,0.4692,-1,-1,-1
439,53,585.38,312.28,75.98,234.53,0.7219,-1,-1,-1
439,54,509.98,330.83,51.64,174.00,0.4338,-1,-1,-1
439,56,994.73,300.84,72.56,237.89,0.6400,-1,-1,-1
439,57,812.34,299.52,85.47,236.83,0.7251,-1,-1,-1
440,2,657.10,193.80,175.84,527.42,0.8672,-1,-1,-1
440,39,905.07,221.58,112.96,437.54,0.7695,-1,-1,-1
440,44,-2.65,3.40,394.21,1067.00,0.9269,-1,-1,-1
440,45,1087.65,111.47,321.05,840.91,0.8845,-1,-1,-1
440,48,1052.03,308.97,67.39,236.23,0.5688,-1,-1,-1
440,53,582.60,308.72,77.46,241.45,0.7686,-1,-1,-1
440,54,506.78,325.92,52.82,178.00,0.4084,-1,-1,-1
440,56,994.15,300.35,73.92,236.61,0.7044,-1,-1,-1
440,57,808.75,297.24,85.02,239.67,0.7019,-1,-1,-1
441,2,656.28,195.58,176.97,528.55,0.8637,-1,-1,-1
441,39,906.82,222.34,111.99,437.77,0.7792,-1,-1,-1
441,44,-1.69,3.69,365.19,1065.47,0.9199,-1,-1,-1
441,45,1092.51,107.35,321.49,841.83,0.8998,-1,-1,-1
441,48,1052.68,308.02,69.83,240.33,0.6096,-1,-1,-1
441,53,582.87,306.25,76.96,246.11,0.7663,-1,-1,-1
441,54,506.38,315.78,53.86,188.93,0.4087,-1,-1,-1
441,56,994.92,298.34,75.29,238.49,0.7102,-1,-1,-1
441,57,808.59,296.43,84.04,241.65,0.6952,-1,-1,-1
442,2,657.58,198.21,176.34,529.40,0.8553,-1,-1,-1
442,39,910.13,224.42,109.37,435.73,0.7337,-1,-1,-1
442,44,-0.66,3.78,332.07,1064.93,0.9135,-1,-1,-1
442,45,1098.11,107.07,321.94,832.61,0.8974,-1,-1,-1
442,48,1056.60,313.45,70.95,237.89,0.6572,-1,-1,-1
442,53,583.79,306.01,76.29,249.10,0.7719,-1,-1,-1
442,54,509.73,326.68,51.99,177.81,0.4272,-1,-1,-1
442,56,996.18,298.11,75.58,242.10,0.6776,-1,-1,-1
442,57,811.54,297.42,86.77,238.40,0.7285,-1,-1,-1
443,2,662.35,199.47,173.26,527.26,0.8510,-1,-1,-1
443,39,911.45,225.20,109.56,435.22,0.7465,-1,-1,-1
443,44,0.44,4.79,299.63,1062.80,0.8932,-1,-1,-1
443,45,1104.08,110.51,323.32,820.83,0.8967,-1,-1,-1
443,48,1061.40,314.04,70.36,238.72,0.5989,-1,-1,-1
443,53,584.66,308.68,78.34,249.11,0.7730,-1,-1,-1
443,54,513.61,334.74,50.82,172.15,0.4492,-1,-1,-1
443,56,998.72,296.34,79.26,243.28,0.6436,-1,-1,-1
443,57,814.54,299.75,87.25,232.63,0.7590,-1,-1,-1
444,2,668.14,201.06,169.32,521.06,0.8449,-1,-1,-1
444,39,915.50,226.11,107.44,432.41,0.7102,-1,-1,-1
444,44,1.02,4.91,268.19,1060.91,0.8390,-1,-1,-1
444,45,1112.66,113.00,319.50,813.47,0.9004,-1,-1,-1
444,48,1064.01,304.14,71.74,245.66,0.5814,-1,-1,-1
444,53,586.63,307.65,79.87,250.80,0.7619,-1,-1,-1
444,54,517.13,341.77,50.50,164.30,0.4909,-1,-1,-1
444,56,1000.45,297.69,82.24,243.03,0.6359,-1,-1,-1
444,57,818.02,299.80,85.34,233.55,0.7717,-1,-1,-1
445,2,673.78,203.35,169.11,511.95,0.8418,-1,-1,-1
445,39,913.45,223.17,113.51,438.18,0.7750,-1,-1,-1
445,44,1.60,5.52,234.72,1061.01,0.3823,-1,-1,-1
445,45,1120.48,118.70,316.44,816.79,0.8972,-1,-1,-1
445,48,1071.27,303.50,72.38,243.54,0.5706,-1,-1,-1
445,53,587.11,307.78,82.24,251.17,0.7622,-1,-1,-1
445,54,521.78,334.28,50.61,172.55,0.4918,-1,-1,-1
445,56,1007.08,292.74,82.88,246.26,0.7155,-1,-1,-1
445,57,821.24,298.73,87.12,235.25,0.7829,-1,-1,-1
446,2,681.61,202.66,165.91,502.24,0.8350,-1,-1,-1
446,39,911.55,221.28,118.68,445.33,0.8087,-1,-1,-1
446,44,1.74,5.27,276.81,1062.36,0.7286,-1,-1,-1
446,45,1129.28,124.61,314.58,817.92,0.9060,-1,-1,-1
446,48,1079.07,302.00,70.57,245.39,0.6522,-1,-1,-1
446,53,587.36,309.03,86.81,250.55,0.7386,-1,-1,-1
446,54,525.28,342.51,53.21,164.54,0.5355,-1,-1,-1
446,56,1013.03,294.94,80.94,248.08,0.7714,-1,-1,-1
446,57,826.51,296.32,86.54,237.82,0.7905,-1,-1,-1
447,2,685.89,201.62,169.39,507.75,0.8358,-1,-1,-1
447,39,916.65,220.78,121.61,449.66,0.7666,-1,-1,-1
447,45,1139.90,127.07,309.96,823.09,0.9060,-1,-1,-1
447,48,1087.01,300.91,68.58,248.68,0.6898,-1,-1,-1
447,53,589.97,310.51,88.36,249.24,0.6903,-1,-1,-1
447,54,530.78,352.41,52.22,153.64,0.5007,-1,-1,-1
447,56,1018.17,293.37,83.37,250.05,0.7648,-1,-1,-1
447,57,833.60,296.06,87.41,239.03,0.7576,-1,-1,-1
448,2,690.09,201.81,175.18,517.82,0.8418,-1,-1,-1
448,39,923.10,220.04,123.36,453.37,0.7440,-1,-1,-1
448,45,1147.99,136.49,311.87,823.58,0.9052,-1,-1,-1
448,48,1095.21,303.74,69.29,248.03,0.6795,-1,-1,-1
448,53,591.55,312.32,89.88,248.82,0.6965,-1,-1,-1
448,54,536.23,335.22,52.52,175.08,0.4997,-1,-1,-1
448,56,1026.49,296.36,81.79,250.62,0.7390,-1,-1,-1
448,57,841.13,296.97,85.44,239.51,0.7970,-1,-1,-1
449,2,698.84,203.18,172.94,518.17,0.8163,-1,-1,-1
449,39,931.49,218.15,118.69,454.26,0.7732,-1,-1,-1
449,45,1154.22,142.28,313.91,823.89,0.9073,-1,-1,-1
449,48,1102.62,313.24,70.02,240.32,0.6748,-1,-1,-1
449,53,600.11,314.88,87.03,250.87,0.7451,-1,-1,-1
449,54,541.27,323.02,55.52,189.92,0.5247,-1,-1,-1
449,56,1037.00,297.48,78.20,249.92,0.7119,-1,-1,-1
449,57,846.68,297.87,85.78,239.28,0.7506,-1,-1,-1
450,2,706.23,202.32,172.20,514.21,0.8152,-1,-1,-1
450,39,931.28,218.67,119.43,453.52,0.7803,-1,-1,-1
450,45,1162.20,147.43,309.45,827.06,0.9099,-1,-1,-1
450,48,1108.13,314.58,70.96,240.32,0.7053,-1,-1,-1
450,53,606.18,314.95,84.68,251.01,0.7178,-1,-1,-1
450,54,546.58,325.60,54.48,185.17,0.4894,-1,-1,-1
450,56,1040.43,299.12,79.39,247.77,0.7050,-1,-1,-1
450,57,852.15,298.38,83.38,236.22,0.7162,-1,-1,-1
451,2,710.69,201.97,172.39,512.84,0.8243,-1,-1,-1
451,39,939.40,220.49,117.13,447.57,0.7806,-1,-1,-1
451,45,1170.53,151.86,306.22,830.68,0.9031,-1,-1,-1
451,48,1116.49,319.14,70.85,236.51,0.6994,-1,-1,-1
451,53,606.40,314.97,87.35,253.69,0.7411,-1,-1,-1
451,54,552.39,319.08,54.51,190.95,0.4583,-1,-1,-1
451,56,1050.74,291.93,74.45,253.17,0.6920,-1,-1,-1
451,57,856.53,295.30,88.82,240.39,0.7240,-1,-1,-1
452,2,718.94,201.21,167.60,511.18,0.8415,-1,-1,-1
452,39,946.36,220.71,120.54,440.57,0.7663,-1,-1,-1
452,45,1177.72,154.86,306.66,834.32,0.9043,-1,-1,-1
452,48,1124.37,317.19,71.10,240.79,0.6752,-1,-1,-1
452,53,608.05,315.42,89.47,253.52,0.7353,-1,-1,-1
452,54,558.50,319.27,53.10,186.63,0.4505,-1,-1,-1
452,56,1057.25,294.12,78.36,251.14,0.7422,-1,-1,-1
452,57,858.98,298.05,91.17,237.73,0.7779,-1,-1,-1
453,2,726.34,202.86,164.57,512.45,0.8456,-1,-1,-1
453,39,951.97,217.97,122.94,441.37,0.7951,-1,-1,-1
453,45,1185.13,157.81,305.08,838.76,0.9096,-1,-1,-1
453,48,1132.26,317.63,69.83,241.21,0.7210,-1,-1,-1
453,53,615.40,314.95,84.61,256.16,0.7705,-1,-1,-1
453,54,565.17,313.73,54.62,191.76,0.5486,-1,-1,-1
453,56,1065.40,297.60,77.42,252.34,0.7401,-1,-1,-1
453,57,870.40,297.51,84.80,240.91,0.7866,-1,-1,-1
453,58,710.96,256.64,63.36,301.92,0.3688,-1,-1,-1
454,2,733.65,202.53,164.91,512.92,0.8183,-1,-1,-1
454,39,954.57,218.93,129.72,441.48,0.7835,-1,-1,-1
454,45,1192.60,159.95,304.26,841.93,0.9112,-1,-1,-1
454,48,1140.61,313.67,70.36,245.74,0.6243,-1,-1,-1
454,53,619.78,310.63,85.43,258.22,0.7545,-1,-1,-1
454,54,572.60,319.42,52.96,186.94,0.3956,-1,-1,-1
454,56,1074.62,299.27,77.43,251.66,0.7128,-1,-1,-1
454,57,878.84,298.36,83.91,242.19,0.7317,-1,-1,-1
454,58,711.22,256.83,66.57,312.55,0.6272,-1,-1,-1
455,2,738.63,199.42,168.32,519.14,0.8354,-1,-1,-1
455,39,961.83,220.36,128.27,437.23,0.7787,-1,-1,-1
455,45,1197.17,159.23,306.57,843.90,0.9117,-1,-1,-1
455,48,1152.18,313.38,67.10,245.99,0.6148,-1,-1,-1
455,53,625.90,304.51,83.77,265.34,0.7663,-1,-1,-1
455,54,580.22,315.61,54.08,190.21,0.5637,-1,-1,-1
455,56,1082.77,300.32,75.65,251.52,0.7152,-1,-1,-1
455,57,885.95,302.79,84.29,235.04,0.6950,-1,-1,-1
455,58,716.19,257.47,67.22,311.84,0.5843,-1,-1,-1
456,2,749.92,198.80,164.04,520.20,0.8263,-1,-1,-1
456,39,966.14,213.97,128.18,442.55,0.7564,-1,-1,-1
456,45,1201.38,158.37,310.04,838.54,0.9041,-1,-1,-1
456,48,1157.91,313.35,66.55,245.71,0.5433,-1,-1,-1
456,53,630.57,301.19,84.57,268.96,0.7504,-1,-1,-1
456,54,583.33,316.62,56.24,191.36,0.5168,-1,-1,-1
456,56,1089.77,299.41,74.65,248.44,0.7142,-1,-1,-1
456,57,894.76,300.40,80.70,238.42,0.6622,-1,-1,-1
456,58,720.06,255.05,72.96,317.67,0.6255,-1,-1,-1
457,2,760.25,200.53,162.70,519.61,0.8139,-1,-1,-1
457,39,974.44,212.71,124.28,442.08,0.7678,-1,-1,-1
457,45,1205.98,156.82,314.00,836.37,0.9002,-1,-1,-1
457,48,1161.06,309.89,68.13,249.14,0.3952,-1,-1,-1
457,53,632.67,299.51,89.06,268.50,0.7410,-1,-1,-1
457,54,589.29,308.58,56.83,200.71,0.5271,-1,-1,-1
457,56,1095.11,297.46,76.31,250.24,0.6778,-1,-1,-1
457,57,901.40,298.52,81.23,239.62,0.6763,-1,-1,-1
457,58,725.24,251.80,75.83,321.16,0.6758,-1,-1,-1
458,2,768.97,199.89,160.88,518.72,0.8164,-1,-1,-1
458,39,989.11,211.30,120.25,441.10,0.7768,-1,-1,-1
458,45,1208.14,155.26,317.77,834.97,0.8970,-1,-1,-1
458,53,634.84,297.12,90.94,271.11,0.7159,-1,-1,-1
458,54,596.34,307.09,55.27,199.31,0.4871,-1,-1,-1
458,56,1102.41,293.32,73.85,255.34,0.7098,-1,-1,-1
458,57,907.59,297.91,86.19,240.00,0.7446,-1,-1,-1
458,58,727.93,250.18,76.70,319.89,0.7532,-1,-1,-1
459,2,775.88,203.46,159.79,517.01,0.8480,-1,-1,-1
459,39,996.80,206.88,121.50,444.17,0.8078,-1,-1,-1
459,45,1206.52,150.49,329.28,839.75,0.9081,-1,-1,-1
459,53,638.99,296.49,91.49,272.77,0.7246,-1,-1,-1
459,54,599.32,302.81,55.97,202.79,0.4792,-1,-1,-1
459,56,1106.45,293.14,79.14,257.02,0.7441,-1,-1,-1
459,57,912.96,297.24,83.73,238.65,0.7836,-1,-1,-1
459,58,729.91,250.20,77.54,322.53,0.7666,-1,-1,-1
460,2,783.19,203.00,156.42,513.47,0.8535,-1,-1,-1
460,39,997.48,207.11,129.42,444.78,0.7899,-1,-1,-1
460,45,1204.95,143.51,340.52,836.95,0.9100,-1,-1,-1
460,53,640.27,295.50,92.49,272.92,0.7374,-1,-1,-1
460,54,603.44,303.00,54.12,199.12,0.2773,-1,-1,-1
460,56,1109.69,294.32,80.21,255.92,0.7271,-1,-1,-1
460,57,920.33,295.99,80.91,238.49,0.7891,-1,-1,-1
460,58,732.26,247.20,79.69,328.23,0.7715,-1,-1,-1
461,2,786.57,202.79,157.39,509.77,0.8307,-1,-1,-1
461,39,1003.03,209.08,126.62,445.19,0.7848,-1,-1,-1
461,45,1203.62,137.75,347.65,833.80,0.9077,-1,-1,-1
461,53,641.80,293.61,92.57,276.05,0.7432,-1,-1,-1
461,54,610.28,293.11,52.98,205.19,0.2425,-1,-1,-1
461,56,1110.89,293.34,84.52,254.12,0.7290,-1,-1,-1
461,57,927.32,295.73,79.14,237.45,0.7530,-1,-1,-1
461,58,734.43,243.03,81.36,331.57,0.7556,-1,-1,-1
462,2,788.28,201.58,157.94,508.03,0.8076,-1,-1,-1
462,39,1003.34,208.60,128.05,450.48,0.7935,-1,-1,-1
462,45,1203.03,132.96,352.86,829.99,0.9069,-1,-1,-1
462,53,643.23,292.34,91.73,278.29,0.7775,-1,-1,-1
462,54,615.19,291.91,48.66,201.92,0.3996,-1,-1,-1
462,56,1113.66,294.05,84.48,254.12,0.6674,-1,-1,-1
462,57,931.96,295.17,79.68,235.63,0.7296,-1,-1,-1
462,58,736.42,241.90,82.37,330.27,0.7589,-1,-1,-1
463,2,787.51,198.44,160.17,511.46,0.8199,-1,-1,-1
463,39,1002.72,207.26,130.97,451.51,0.8011,-1,-1,-1
463,45,1203.19,131.36,354.40,822.36,0.9067,-1,-1,-1
463,53,642.69,291.86,91.63,279.06,0.7687,-1,-1,-1
463,54,617.01,291.94,47.63,200.06,0.2961,-1,-1,-1
463,56,1117.49,292.20,83.23,252.29,0.6627,-1,-1,-1
463,57,935.50,290.46,79.36,236.14,0.7366,-1,-1,-1
463,58,736.29,239.19,82.06,333.66,0.7517,-1,-1,-1
464,2,783.81,191.26,163.37,511.06,0.8135,-1,-1,-1
464,39,1001.97,205.58,133.94,452.16,0.8049,-1,-1,-1
464,45,1207.78,128.03,349.90,823.52,0.9036,-1,-1,-1
464,53,639.36,289.19,90.83,277.68,0.7705,-1,-1,-1
464,54,617.09,288.47,47.16,202.64,0.4230,-1,-1,-1
464,56,1117.63,287.60,82.58,253.94,0.6683,-1,-1,-1
464,57,934.87,284.98,80.21,236.63,0.7362,-1,-1,-1
464,58,734.36,237.97,82.35,333.54,0.7739,-1,-1,-1
465,2,779.83,185.93,166.27,512.17,0.8152,-1,-1,-1
465,39,1002.01,205.85,135.02,451.01,0.7877,-1,-1,-1
465,45,1209.94,123.49,346.19,829.12,0.9071,-1,-1,-1
465,53,635.82,284.46,91.03,282.89,0.7540,-1,-1,-1
465,54,615.46,286.43,46.69,203.94,0.2680,-1,-1,-1
465,56,1123.00,287.17,77.31,252.18,0.6099,-1,-1,-1
465,57,933.94,280.22,80.12,239.07,0.7204,-1,-1,-1
465,58,729.22,233.19,84.81,336.78,0.7615,-1,-1,-1
466,2,774.45,181.11,170.40,512.56,0.8060,-1,-1,-1
466,39,1002.08,204.74,135.93,447.55,0.7773,-1,-1,-1
466,45,1208.39,119.93,347.38,836.89,0.9075,-1,-1,-1
466,53,632.46,282.40,90.19,284.75,0.7079,-1,-1,-1
466,54,613.10,287.98,47.75,204.28,0.2148,-1,-1,-1
466,56,1126.19,285.78,72.01,251.66,0.5962,-1,-1,-1
466,57,933.05,276.12,80.74,241.38,0.7321,-1,-1,-1
466,58,725.39,228.60,85.43,339.88,0.7356,-1,-1,-1
467,2,769.81,180.65,177.34,508.89,0.8206,-1,-1,-1
467,39,1002.26,204.60,134.34,449.17,0.7821,-1,-1,-1
467,45,1204.57,119.03,351.27,842.86,0.9090,-1,-1,-1
467,53,624.70,277.81,94.00,291.97,0.7179,-1,-1,-1
467,56,1125.72,283.61,72.03,253.56,0.6251,-1,-1,-1
467,57,931.46,275.02,82.58,242.26,0.7591,-1,-1,-1
467,58,719.05,224.89,88.55,343.87,0.7121,-1,-1,-1
468,2,766.86,179.55,177.26,509.24,0.8275,-1,-1,-1
468,39,999.38,203.94,133.42,450.11,0.7760,-1,-1,-1
468,45,1197.79,117.89,356.53,851.81,0.9128,-1,-1,-1
468,53,618.20,275.35,94.80,296.03,0.7476,-1,-1,-1
468,56,1120.78,280.91,75.53,254.00,0.5720,-1,-1,-1
468,57,929.42,274.69,82.78,242.50,0.7661,-1,-1,-1
468,58,713.40,220.50,88.73,351.76,0.7290,-1,-1,-1
469,2,764.02,179.61,175.63,507.55,0.8287,-1,-1,-1
469,39,998.17,203.46,130.62,445.72,0.7853,-1,-1,-1
469,45,1193.67,117.42,359.21,860.62,0.9113,-1,-1,-1
469,53,612.57,270.14,92.57,301.71,0.8045,-1,-1,-1
469,56,1113.77,279.87,82.20,254.56,0.5770,-1,-1,-1
469,57,925.68,272.92,84.38,243.52,0.7715,-1,-1,-1
469,58,706.99,218.23,87.41,354.81,0.7506,-1,-1,-1
470,2,761.89,176.92,177.26,512.89,0.8397,-1,-1,-1
470,39,995.65,200.13,132.03,447.52,0.8000,-1,-1,-1
470,45,1190.18,118.14,359.30,865.44,0.9142,-1,-1,-1
470,53,602.38,267.79,97.69,303.49,0.7810,-1,-1,-1
470,56,1110.95,277.95,82.68,257.10,0.6246,-1,-1,-1
470,57,922.53,272.62,82.79,243.29,0.7863,-1,-1,-1
470,58,702.26,215.91,89.34,357.66,0.7715,-1,-1,-1
471,2,759.93,175.37,176.00,513.17,0.8405,-1,-1,-1
471,39,993.91,196.92,131.28,449.97,0.7972,-1,-1,-1
471,45,1183.36,118.02,364.51,874.64,0.9087,-1,-1,-1
471,53,595.19,265.31,98.07,307.33,0.7760,-1,-1,-1
471,56,1106.53,273.96,81.72,260.04,0.5647,-1,-1,-1
471,57,918.20,272.72,84.35,243.58,0.8015,-1,-1,-1
471,58,693.59,213.33,92.32,359.82,0.7392,-1,-1,-1
472,2,754.88,173.87,177.07,512.80,0.8624,-1,-1,-1
472,39,991.18,196.43,131.41,449.94,0.7827,-1,-1,-1
472,45,1183.39,118.11,360.61,876.40,0.9108,-1,-1,-1
472,53,590.10,264.13,98.53,308.41,0.8215,-1,-1,-1
472,56,1103.89,271.28,82.15,264.27,0.6579,-1,-1,-1
472,57,916.57,271.50,83.18,243.41,0.8049,-1,-1,-1
472,58,686.30,209.43,96.20,362.32,0.7863,-1,-1,-1
473,2,755.21,174.01,176.08,513.57,0.8752,-1,-1,-1
473,39,988.54,196.21,129.24,450.42,0.7751,-1,-1,-1
473,45,1183.33,117.68,357.67,874.16,0.9105,-1,-1,-1
473,53,585.22,262.41,98.49,310.59,0.8203,-1,-1,-1
473,56,1102.73,270.78,85.05,265.83,0.6945,-1,-1,-1
473,57,916.09,272.14,81.90,242.83,0.7931,-1,-1,-1
473,58,680.39,206.49,99.88,364.99,0.8142,-1,-1,-1
474,2,756.98,175.01,174.33,513.60,0.8765,-1,-1,-1
474,39,986.65,195.33,127.75,450.30,0.7777,-1,-1,-1
474,45,1185.06,115.17,352.11,867.83,0.9124,-1,-1,-1
474,53,581.02,261.28,96.28,311.32,0.8550,-1,-1,-1
474,56,1100.79,269.12,83.02,267.86,0.7444,-1,-1,-1
474,57,915.79,273.60,79.83,242.86,0.7575,-1,-1,-1
474,58,675.05,205.20,103.43,368.88,0.8078,-1,-1,-1
475,2,757.90,175.20,174.98,513.85,0.8669,-1,-1,-1
475,39,987.27,195.55,119.87,441.09,0.7675,-1,-1,-1
475,45,1185.32,112.14,350.34,862.79,0.9117,-1,-1,-1
475,53,575.20,259.63,97.27,312.14,0.8385,-1,-1,-1
475,56,1097.28,266.76,81.37,268.18,0.7515,-1,-1,-1
475,57,916.21,275.76,79.29,239.11,0.7596,-1,-1,-1
475,58,668.27,203.27,107.18,371.44,0.8245,-1,-1,-1
476,2,759.10,175.88,176.26,512.81,0.8655,-1,-1,-1
476,39,984.89,194.47,116.99,436.20,0.7694,-1,-1,-1
476,45,1187.14,107.61,349.01,861.97,0.9087,-1,-1,-1
476,53,571.21,258.32,95.12,314.03,0.8237,-1,-1,-1
476,56,1097.64,264.10,77.90,270.56,0.7606,-1,-1,-1
476,57,917.91,276.76,75.64,235.64,0.7492,-1,-1,-1
476,58,662.64,202.40,110.49,374.62,0.8286,-1,-1,-1
477,2,763.06,177.87,174.98,511.49,0.8643,-1,-1,-1
477,39,983.91,194.83,115.55,434.18,0.7658,-1,-1,-1
477,45,1189.85,104.54,346.94,858.01,0.9085,-1,-1,-1
477,53,569.30,260.50,94.70,315.70,0.8305,-1,-1,-1
477,56,1098.46,263.93,76.28,272.07,0.7607,-1,-1,-1
477,57,919.27,279.79,73.73,233.53,0.7565,-1,-1,-1
477,58,658.09,203.38,114.32,378.63,0.8371,-1,-1,-1
478,2,767.83,179.91,173.62,509.99,0.8511,-1,-1,-1
478,39,982.06,196.24,116.39,433.97,0.7653,-1,-1,-1
478,45,1190.79,103.10,348.11,848.82,0.9091,-1,-1,-1
478,53,561.36,263.58,98.89,321.04,0.8092,-1,-1,-1
478,56,1097.16,265.82,77.16,272.58,0.7685,-1,-1,-1
478,57,920.94,280.78,72.06,235.15,0.6692,-1,-1,-1
478,58,654.44,205.69,117.26,383.86,0.8424,-1,-1,-1
479,2,773.21,179.86,172.72,507.87,0.8614,-1,-1,-1
479,39,980.15,196.46,120.14,433.25,0.7524,-1,-1,-1
479,45,1192.29,101.88,348.97,842.28,0.9118,-1,-1,-1
479,53,553.23,262.89,105.39,324.54,0.8061,-1,-1,-1
479,56,1097.32,265.89,76.63,273.55,0.7660,-1,-1,-1
479,57,919.20,252.76,78.22,265.88,0.5594,-1,-1,-1
479,58,651.93,205.86,120.59,387.32,0.8355,-1,-1,-1
480,2,776.91,180.97,174.11,504.66,0.8562,-1,-1,-1
480,39,979.60,195.57,121.12,440.85,0.7588,-1,-1,-1
480,45,1194.37,101.46,349.60,842.82,0.9094,-1,-1,-1
480,53,548.39,264.08,107.01,327.91,0.8075,-1,-1,-1
480,56,1097.47,266.35,77.30,275.98,0.7606,-1,-1,-1
480,57,919.43,240.49,79.43,278.63,0.4917,-1,-1,-1
480,58,648.41,206.36,126.67,390.20,0.8169,-1,-1,-1
481,2,781.59,181.07,172.55,503.29,0.8589,-1,-1,-1
481,39,979.62,196.60,122.93,446.73,0.7733,-1,-1,-1
481,45,1196.91,103.08,350.19,848.95,0.9125,-1,-1,-1
481,53,545.14,267.31,108.24,329.82,0.8048,-1,-1,-1
481,56,1097.67,271.25,79.06,273.32,0.7872,-1,-1,-1
481,57,924.76,264.25,73.43,253.80,0.3706,-1,-1,-1
481,58,647.31,208.03,131.21,393.77,0.8175,-1,-1,-1
482,2,785.70,185.77,175.28,502.68,0.8504,-1,-1,-1
482,39,979.37,199.98,124.98,444.22,0.7634,-1,-1,-1
482,45,1200.05,107.00,353.50,854.76,0.9113,-1,-1,-1
482,53,544.10,272.54,108.49,329.70,0.7956,-1,-1,-1
482,56,1098.46,275.68,80.21,271.73,0.7677,-1,-1,-1
482,57,928.90,230.51,80.06,289.29,0.1598,-1,-1,-1
482,58,648.78,211.37,133.12,395.75,0.8243,-1,-1,-1
483,2,789.45,183.95,176.95,505.89,0.8503,-1,-1,-1
483,39,981.93,200.40,128.73,446.32,0.7987,-1,-1,-1
483,45,1202.40,107.88,355.61,860.39,0.9092,-1,-1,-1
483,53,545.15,271.62,106.80,331.94,0.7802,-1,-1,-1
483,56,1101.08,274.85,83.76,274.26,0.7719,-1,-1,-1
483,57,936.59,220.58,85.32,297.67,0.1995,-1,-1,-1
483,58,649.53,210.41,136.61,398.11,0.8171,-1,-1,-1
484,2,797.85,183.54,172.73,508.34,0.8524,-1,-1,-1
484,39,986.55,202.79,126.93,448.21,0.8212,-1,-1,-1
484,45,1205.15,111.32,355.03,865.95,0.9080,-1,-1,-1
484,53,546.36,270.44,104.65,337.34,0.7708,-1,-1,-1
484,56,1103.15,275.67,86.82,274.61,0.7834,-1,-1,-1
484,57,938.79,263.66,74.89,253.23,0.2221,-1,-1,-1
484,58,650.72,209.39,134.26,403.38,0.8114,-1,-1,-1
485,2,805.63,188.95,171.91,502.98,0.8441,-1,-1,-1
485,39,993.03,206.75,123.87,449.54,0.8210,-1,-1,-1
485,45,1209.02,114.10,354.80,876.91,0.9015,-1,-1,-1
485,53,545.61,271.84,106.64,341.59,0.7961,-1,-1,-1
485,56,1105.90,275.92,86.53,278.08,0.7896,-1,-1,-1
485,58,652.79,208.85,131.56,410.43,0.8025,-1,-1,-1
486,2,812.39,191.91,171.55,505.14,0.8455,-1,-1,-1
486,39,998.93,210.95,121.72,448.88,0.8142,-1,-1,-1
486,45,1215.25,118.09,351.18,888.45,0.9044,-1,-1,-1
486,53,546.14,272.29,108.99,345.57,0.7994,-1,-1,-1
486,56,1107.03,279.44,94.08,277.37,0.7856,-1,-1,-1
486,58,655.39,208.80,135.28,413.14,0.8145,-1,-1,-1
487,2,820.17,195.59,171.13,510.17,0.8609,-1,-1,-1
487,39,1005.35,217.30,121.03,448.97,0.7954,-1,-1,-1
487,45,1223.06,128.15,349.00,892.19,0.9047,-1,-1,-1
487,53,544.94,271.57,111.48,351.02,0.8128,-1,-1,-1
487,56,1113.22,283.46,93.70,279.55,0.7877,-1,-1,-1
487,58,658.02,209.83,144.54,417.97,0.8054,-1,-1,-1
488,2,826.39,202.01,172.66,509.94,0.8573,-1,-1,-1
488,39,1007.46,222.28,123.93,448.96,0.8014,-1,-1,-1
488,45,1227.25,137.19,347.36,894.19,0.9044,-1,-1,-1
488,53,544.85,272.37,112.73,354.75,0.8077,-1,-1,-1
488,56,1118.78,286.60,93.36,278.77,0.7800,-1,-1,-1
488,58,660.84,211.52,146.64,419.91,0.8047,-1,-1,-1
489,2,833.98,206.57,175.74,510.11,0.8524,-1,-1,-1
489,39,1012.36,228.22,121.44,443.80,0.7791,-1,-1,-1
489,45,1229.61,142.25,346.36,894.08,0.9077,-1,-1,-1
489,53,543.45,271.10,116.30,359.66,0.7908,-1,-1,-1
489,56,1127.53,292.02,89.94,278.06,0.7964,-1,-1,-1
489,58,663.08,211.84,151.75,422.19,0.8042,-1,-1,-1
490,2,839.51,212.86,176.96,508.86,0.8674,-1,-1,-1
490,39,1015.12,230.17,122.73,446.59,0.7752,-1,-1,-1
490,45,1231.29,144.45,348.75,892.19,0.9106,-1,-1,-1
490,53,538.13,271.93,125.73,363.03,0.7833,-1,-1,-1
490,56,1132.48,296.43,90.45,275.17,0.8022,-1,-1,-1
490,58,664.38,213.10,153.73,426.39,0.7998,-1,-1,-1
491,2,844.43,218.04,177.82,508.27,0.8652,-1,-1,-1
491,39,1016.41,229.98,122.93,447.70,0.7797,-1,-1,-1
491,45,1229.90,144.77,353.02,894.13,0.9101,-1,-1,-1
491,53,532.89,272.88,131.32,365.63,0.7804,-1,-1,-1
491,56,1135.53,300.03,92.13,273.85,0.8188,-1,-1,-1
491,58,664.64,213.68,158.14,429.79,0.8139,-1,-1,-1
492,2,848.12,223.72,177.70,507.42,0.8459,-1,-1,-1
492,39,1015.09,232.14,125.12,450.45,0.7853,-1,-1,-1
492,45,1226.80,143.67,362.79,894.77,0.9084,-1,-1,-1
492,53,527.65,273.43,139.20,367.16,0.8083,-1,-1,-1
492,56,1136.59,303.97,95.02,274.53,0.8235,-1,-1,-1
492,58,665.37,213.87,158.75,432.49,0.8301,-1,-1,-1
493,2,851.08,229.94,174.55,505.76,0.8308,-1,-1,-1
493,39,1015.16,233.26,127.27,452.09,0.8115,-1,-1,-1
493,45,1224.03,139.61,362.10,901.31,0.8987,-1,-1,-1
493,53,523.26,274.34,143.09,369.41,0.7979,-1,-1,-1
493,56,1136.06,308.47,98.76,273.00,0.8216,-1,-1,-1
493,58,661.42,213.81,160.65,436.13,0.8135,-1,-1,-1
494,2,854.84,231.27,173.87,498.11,0.8309,-1,-1,-1
494,39,1014.49,233.78,127.58,449.55,0.8161,-1,-1,-1
494,45,1219.51,136.00,356.02,895.62,0.8984,-1,-1,-1
494,53,519.40,275.20,145.35,374.90,0.8201,-1,-1,-1
494,56,1134.80,310.89,101.76,272.06,0.7900,-1,-1,-1
494,58,659.64,213.38,159.71,442.55,0.8270,-1,-1,-1
495,2,858.21,231.29,172.17,496.33,0.8384,-1,-1,-1
495,39,1010.49,234.50,128.94,448.04,0.8096,-1,-1,-1
495,45,1214.41,132.88,355.21,888.98,0.9057,-1,-1,-1
495,53,515.15,277.00,146.56,379.40,0.7912,-1,-1,-1
495,56,1135.63,312.44,100.77,273.47,0.7830,-1,-1,-1
495,58,655.45,213.02,162.35,449.89,0.8195,-1,-1,-1
496,2,859.82,230.57,172.75,495.55,0.8123,-1,-1,-1
496,39,1009.68,234.65,129.22,445.94,0.8064,-1,-1,-1
496,45,1213.08,128.71,353.20,882.98,0.9090,-1,-1,-1
496,53,511.60,279.82,145.87,382.20,0.8009,-1,-1,-1
496,56,1139.15,312.83,98.52,274.79,0.7660,-1,-1,-1
496,58,646.70,213.14,170.78,454.60,0.8376,-1,-1,-1
497,2,860.56,230.00,174.41,476.59,0.8112,-1,-1,-1
497,39,1008.55,234.19,129.71,446.20,0.8106,-1,-1,-1
497,45,1211.49,123.19,352.82,885.49,0.9162,-1,-1,-1
497,53,508.10,281.99,145.52,384.52,0.8175,-1,-1,-1
497,56,1140.71,312.70,97.83,277.58,0.7446,-1,-1,-1
497,58,639.11,212.84,177.47,457.04,0.8459,-1,-1,-1
498,2,860.04,229.62,176.89,462.06,0.8129,-1,-1,-1
498,39,1007.36,235.01,130.25,446.85,0.8241,-1,-1,-1
498,45,1209.62,119.20,353.37,893.64,0.9115,-1,-1,-1
498,53,505.50,284.98,141.35,384.31,0.8260,-1,-1,-1
498,56,1141.13,312.77,97.75,279.06,0.7723,-1,-1,-1
498,58,634.03,212.67,179.06,460.60,0.8765,-1,-1,-1
499,2,859.55,228.12,178.36,480.36,0.8189,-1,-1,-1
499,39,1006.89,233.54,129.81,448.78,0.8061,-1,-1,-1
499,45,1209.59,115.71,352.56,903.45,0.9119,-1,-1,-1
499,53,498.72,286.66,143.84,387.20,0.8104,-1,-1,-1
499,56,1142.42,312.09,96.38,282.17,0.7389,-1,-1,-1
499,58,629.09,213.51,176.67,463.97,0.8768,-1,-1,-1
500,2,859.27,227.03,177.37,484.78,0.8309,-1,-1,-1
500,39,1007.08,232.81,127.21,452.22,0.8009,-1,-1,-1
500,45,1207.44,114.04,354.08,914.90,0.9101,-1,-1,-1
500,53,492.78,288.85,143.35,390.93,0.8253,-1,-1,-1
500,56,1141.23,312.46,97.28,284.90,0.7397,-1,-1,-1
500,58,624.00,213.50,173.97,471.33,0.8412,-1,-1,-1
501,2,857.93,226.82,179.02,489.47,0.8406,-1,-1,-1
501,39,1006.69,233.05,127.28,453.57,0.8120,-1,-1,-1
501,45,1206.92,113.37,354.15,924.05,0.9116,-1,-1,-1
501,53,486.30,285.20,143.92,398.17,0.8324,-1,-1,-1
501,56,1142.31,312.22,96.07,284.96,0.7572,-1,-1,-1
501,58,620.59,212.16,171.85,480.34,0.8424,-1,-1,-1
502,2,857.95,227.25,180.41,489.07,0.8463,-1,-1,-1
502,39,1004.15,234.41,128.50,453.48,0.8181,-1,-1,-1
502,45,1207.15,113.23,353.34,930.20,0.9147,-1,-1,-1
502,53,480.03,283.71,142.45,404.36,0.8263,-1,-1,-1
502,56,1141.61,311.58,96.88,284.22,0.7962,-1,-1,-1
502,58,615.42,212.47,174.59,484.91,0.8389,-1,-1,-1
503,2,855.50,225.55,180.19,494.41,0.8427,-1,-1,-1
503,39,1001.42,234.41,130.75,450.67,0.8122,-1,-1,-1
503,45,1206.78,113.81,352.45,934.20,0.9156,-1,-1,-1
503,53,470.81,278.81,142.71,410.45,0.8174,-1,-1,-1
503,56,1138.66,309.35,97.13,285.20,0.8150,-1,-1,-1
503,58,608.50,207.59,168.68,488.56,0.8485,-1,-1,-1
504,2,852.67,224.12,182.49,493.20,0.8410,-1,-1,-1
504,39,1000.71,232.95,129.53,449.27,0.8054,-1,-1,-1
504,45,1205.85,114.31,352.70,938.66,0.9172,-1,-1,-1
504,53,461.87,274.90,144.76,415.13,0.8148,-1,-1,-1
504,56,1136.83,305.86,98.49,288.15,0.8099,-1,-1,-1
504,58,601.36,198.55,168.93,498.71,0.8538,-1,-1,-1
505,2,853.69,224.04,183.50,495.47,0.8216,-1,-1,-1
505,39,1002.92,230.46,122.43,449.38,0.7631,-1,-1,-1
505,45,1206.55,114.20,352.88,942.97,0.9194,-1,-1,-1
505,53,452.22,270.10,145.21,421.89,0.8092,-1,-1,-1
505,56,1135.35,302.81,98.14,288.67,0.8118,-1,-1,-1
505,58,591.69,194.91,172.54,504.42,0.8638,-1,-1,-1
506,2,853.75,223.49,183.94,501.26,0.8188,-1,-1,-1
506,39,1002.00,231.15,120.19,442.84,0.7540,-1,-1,-1
506,45,1206.48,112.93,353.94,945.94,0.9161,-1,-1,-1
506,53,441.48,266.71,151.13,427.61,0.8197,-1,-1,-1
506,56,1130.49,299.48,103.04,290.19,0.8077,-1,-1,-1
506,58,582.59,189.24,170.64,508.50,0.8521,-1,-1,-1
507,2,856.97,226.56,179.25,501.44,0.8123,-1,-1,-1
507,39,1000.31,232.33,119.03,441.02,0.7592,-1,-1,-1
507,45,1208.34,111.71,352.71,939.31,0.9159,-1,-1,-1
507,53,432.07,263.49,151.40,434.29,0.8504,-1,-1,-1
507,56,1128.77,297.62,103.22,290.98,0.8148,-1,-1,-1
507,58,573.33,186.78,170.59,509.61,0.8500,-1,-1,-1
508,2,854.37,228.45,177.50,499.49,0.8231,-1,-1,-1
508,39,1001.46,228.64,111.35,445.11,0.7309,-1,-1,-1
508,45,1209.47,108.17,350.83,936.09,0.9172,-1,-1,-1
508,53,418.90,259.85,151.35,439.70,0.8384,-1,-1,-1
508,56,1130.24,295.90,99.51,290.75,0.7945,-1,-1,-1
508,58,562.80,181.39,170.50,518.17,0.8463,-1,-1,-1
509,2,853.30,228.39,175.05,494.96,0.8009,-1,-1,-1
509,39,1000.92,226.87,100.95,448.17,0.7385,-1,-1,-1
509,45,1208.73,104.51,349.59,935.63,0.9158,-1,-1,-1
509,53,407.90,255.89,150.73,444.20,0.8459,-1,-1,-1
509,56,1126.92,294.64,97.65,290.23,0.7946,-1,-1,-1
509,58,550.59,175.39,172.87,526.13,0.8654,-1,-1,-1
510,2,850.58,228.35,173.87,490.69,0.7937,-1,-1,-1
510,39,997.72,227.02,98.47,448.25,0.7138,-1,-1,-1
510,45,1206.17,100.77,355.39,934.12,0.9113,-1,-1,-1
510,53,393.90,254.40,151.07,450.25,0.8394,-1,-1,-1
510,56,1121.69,292.98,98.48,290.75,0.8059,-1,-1,-1
510,58,536.74,171.03,178.14,534.38,0.8796,-1,-1,-1
510,60,1077.49,309.78,51.19,207.70,0.4561,-1,-1,-1
511,2,855.50,226.40,165.30,485.90,0.7536,-1,-1,-1
511,39,993.19,221.09,99.64,456.33,0.6838,-1,-1,-1
511,45,1203.59,94.88,359.27,925.65,0.9119,-1,-1,-1
511,53,377.00,252.01,157.60,459.37,0.8520,-1,-1,-1
511,56,1118.44,289.46,97.85,293.83,0.8112,-1,-1,-1
511,58,523.35,169.67,179.48,538.11,0.8656,-1,-1,-1
511,60,1071.19,310.25,57.31,205.34,0.5243,-1,-1,-1
512,2,855.53,221.45,161.80,482.73,0.7487,-1,-1,-1
512,39,990.09,217.21,100.87,462.60,0.6845,-1,-1,-1
512,45,1203.21,88.44,356.95,912.64,0.9077,-1,-1,-1
512,53,363.38,251.03,159.65,468.53,0.8264,-1,-1,-1
512,56,1114.47,285.50,98.03,296.57,0.7845,-1,-1,-1
512,58,511.44,167.77,183.21,546.05,0.8665,-1,-1,-1
512,60,1066.98,307.72,59.50,202.56,0.4561,-1,-1,-1
513,2,852.76,215.83,161.30,482.68,0.8257,-1,-1,-1
513,39,988.68,219.24,88.78,455.53,0.6101,-1,-1,-1
513,45,1205.22,82.95,353.80,903.10,0.9028,-1,-1,-1
513,53,350.99,246.62,161.79,478.90,0.8540,-1,-1,-1
513,56,1111.65,283.03,98.02,296.77,0.7459,-1,-1,-1
513,58,500.90,162.11,188.10,557.72,0.8584,-1,-1,-1
513,60,1061.35,307.82,63.27,203.16,0.5037,-1,-1,-1
514,2,851.41,207.69,159.85,486.21,0.7775,-1,-1,-1
514,39,987.33,213.66,88.68,453.20,0.6747,-1,-1,-1
514,45,1208.84,75.21,350.79,899.56,0.9053,-1,-1,-1
514,53,340.71,245.91,164.76,478.98,0.8290,-1,-1,-1
514,56,1108.86,278.15,99.73,297.51,0.7838,-1,-1,-1
514,58,488.88,157.64,195.25,569.53,0.8477,-1,-1,-1
514,60,1059.01,300.89,63.42,210.97,0.4243,-1,-1,-1
515,2,850.80,204.35,158.41,486.16,0.7922,-1,-1,-1
515,39,987.34,210.67,88.95,453.19,0.6658,-1,-1,-1
515,45,1212.32,68.72,347.66,903.08,0.9065,-1,-1,-1
515,53,329.50,244.82,168.63,482.22,0.8546,-1,-1,-1
515,56,1105.64,274.50,101.45,298.81,0.8048,-1,-1,-1
515,58,480.25,154.61,197.81,579.30,0.8480,-1,-1,-1
515,60,1056.94,294.63,60.14,219.04,0.4458,-1,-1,-1
516,2,849.65,201.57,158.34,486.33,0.8171,-1,-1,-1
516,39,987.49,205.99,88.12,450.05,0.6721,-1,-1,-1
516,45,1216.05,62.81,343.91,908.04,0.9067,-1,-1,-1
516,53,318.45,243.82,172.75,490.27,0.8640,-1,-1,-1
516,56,1104.78,272.28,101.09,299.18,0.8176,-1,-1,-1
516,58,470.58,151.10,204.30,586.30,0.8653,-1,-1,-1
516,60,1054.47,294.65,61.21,217.49,0.4496,-1,-1,-1
517,2,851.26,199.21,155.79,488.91,0.8157,-1,-1,-1
517,39,988.25,204.14,85.28,441.87,0.6637,-1,-1,-1
517,45,1219.52,59.69,341.74,916.53,0.9086,-1,-1,-1
517,53,308.99,241.01,172.88,502.50,0.8548,-1,-1,-1
517,56,1105.68,270.92,101.23,300.81,0.8210,-1,-1,-1
517,58,464.50,150.41,208.56,595.50,0.8866,-1,-1,-1
517,60,1054.88,295.20,61.43,214.98,0.5303,-1,-1,-1
518,2,852.62,197.64,153.43,491.86,0.7926,-1,-1,-1
518,39,988.51,201.81,82.45,438.34,0.6679,-1,-1,-1
518,45,1220.93,57.35,341.25,926.97,0.9090,-1,-1,-1
518,53,299.43,236.46,174.30,515.64,0.8635,-1,-1,-1
518,56,1104.35,269.06,103.83,304.26,0.8105,-1,-1,-1
518,58,458.58,147.66,212.82,605.10,0.8801,-1,-1,-1
518,60,1054.01,289.88,58.16,218.49,0.4946,-1,-1,-1
519,2,852.36,196.02,153.78,493.81,0.7936,-1,-1,-1
519,39,988.33,199.31,81.23,436.99,0.6413,-1,-1,-1
519,45,1221.89,56.20,340.70,933.12,0.9035,-1,-1,-1
519,53,290.45,231.33,176.84,527.89,0.8635,-1,-1,-1
519,56,1102.13,265.05,106.42,307.65,0.8084,-1,-1,-1
519,58,451.82,143.62,217.48,615.10,0.8662,-1,-1,-1
519,60,1055.35,290.07,57.43,220.40,0.5483,-1,-1,-1
520,2,853.97,193.96,152.69,495.75,0.7848,-1,-1,-1
520,39,988.38,196.78,80.88,438.56,0.6353,-1,-1,-1
520,45,1226.58,55.11,337.95,941.15,0.9025,-1,-1,-1
520,53,279.78,226.49,181.76,535.85,0.8732,-1,-1,-1
520,56,1102.81,264.37,107.53,306.35,0.8028,-1,-1,-1
520,58,447.16,139.71,222.14,624.19,0.8581,-1,-1,-1
520,60,1056.47,286.55,54.73,221.81,0.5429,-1,-1,-1
521,2,857.77,196.35,150.78,496.33,0.7857,-1,-1,-1
521,39,990.73,196.83,80.84,439.61,0.6700,-1,-1,-1
521,45,1232.03,58.09,335.83,947.03,0.9021,-1,-1,-1
521,53,273.47,227.07,184.63,538.74,0.8840,-1,-1,-1
521,56,1107.71,264.69,108.41,307.15,0.7963,-1,-1,-1
521,58,445.76,136.27,225.38,631.74,0.8568,-1,-1,-1
521,60,1059.94,293.65,56.00,215.29,0.5818,-1,-1,-1
522,2,859.52,196.90,150.32,493.94,0.8085,-1,-1,-1
522,39,990.90,194.90,80.94,441.22,0.6515,-1,-1,-1
522,45,1234.88,56.71,331.23,954.91,0.9047,-1,-1,-1
522,53,266.15,222.96,187.54,545.19,0.8765,-1,-1,-1
522,56,1108.98,261.96,107.65,307.09,0.7993,-1,-1,-1
522,58,442.77,130.31,228.73,639.51,0.8673,-1,-1,-1
522,60,1060.53,286.24,56.17,216.12,0.5765,-1,-1,-1
523,2,863.18,196.24,148.48,493.17,0.8158,-1,-1,-1
523,39,991.31,192.72,81.69,445.15,0.6679,-1,-1,-1
523,45,1236.29,54.26,326.58,963.30,0.9078,-1,-1,-1
523,53,256.15,217.41,195.46,552.92,0.8786,-1,-1,-1
523,56,1109.04,259.37,109.11,306.17,0.7869,-1,-1,-1
523,58,437.33,120.10,233.64,652.89,0.8747,-1,-1,-1
523,60,1060.79,284.43,58.76,215.75,0.6364,-1,-1,-1
524,2,868.77,197.93,145.74,492.15,0.8326,-1,-1,-1
524,39,994.05,196.34,79.84,449.12,0.6184,-1,-1,-1
524,45,1237.93,53.40,323.57,963.96,0.9066,-1,-1,-1
524,53,248.92,215.25,200.48,561.57,0.8795,-1,-1,-1
524,56,1107.99,258.38,112.50,306.88,0.7971,-1,-1,-1
524,58,433.49,117.24,237.36,659.63,0.8760,-1,-1,-1
524,60,1061.04,282.35,61.02,217.05,0.6623,-1,-1,-1
525,2,873.48,199.28,147.79,491.23,0.8533,-1,-1,-1
525,39,995.84,200.08,82.54,442.17,0.5602,-1,-1,-1
525,45,1238.20,49.85,326.15,966.70,0.9048,-1,-1,-1
525,53,241.50,212.85,203.56,567.45,0.8767,-1,-1,-1
525,56,1111.48,256.93,114.11,307.24,0.8081,-1,-1,-1
525,58,432.17,113.08,241.47,667.36,0.8756,-1,-1,-1
525,60,1064.80,280.65,61.83,218.65,0.6512,-1,-1,-1
526,2,878.41,199.65,148.81,493.17,0.8614,-1,-1,-1
526,39,997.83,202.00,86.09,444.71,0.5395,-1,-1,-1
526,45,1241.48,48.41,327.11,966.73,0.9025,-1,-1,-1
526,53,233.49,210.53,206.53,574.59,0.8671,-1,-1,-1
526,56,1114.90,256.24,116.90,310.24,0.8281,-1,-1,-1
526,58,429.78,110.74,247.26,672.91,0.8780,-1,-1,-1
526,60,1069.66,278.19,60.45,220.96,0.7114,-1,-1,-1
527,2,881.80,200.76,150.34,492.17,0.8386,-1,-1,-1
527,39,998.93,203.75,89.25,447.27,0.6071,-1,-1,-1
527,45,1245.69,49.06,325.75,964.89,0.9087,-1,-1,-1
527,53,225.88,206.57,207.80,583.87,0.8560,-1,-1,-1
527,56,1118.06,258.36,119.05,309.76,0.8429,-1,-1,-1
527,58,425.85,110.07,254.13,676.36,0.8746,-1,-1,-1
527,60,1072.88,278.83,62.18,224.25,0.7562,-1,-1,-1
528,2,881.21,200.37,154.84,492.94,0.8259,-1,-1,-1
528,39,1000.57,203.66,91.64,450.30,0.5891,-1,-1,-1
528,45,1245.50,47.28,329.61,965.34,0.9093,-1,-1,-1
528,53,222.39,205.61,209.69,590.52,0.8461,-1,-1,-1
528,56,1124.68,260.06,114.49,310.51,0.8395,-1,-1,-1
528,58,421.36,107.86,259.69,682.59,0.8841,-1,-1,-1
528,60,1078.30,278.48,62.72,225.03,0.7221,-1,-1,-1
529,2,879.77,199.66,156.91,491.02,0.8119,-1,-1,-1
529,39,1003.09,203.87,90.61,452.16,0.6237,-1,-1,-1
529,45,1245.26,47.74,332.91,958.74,0.9104,-1,-1,-1
529,53,220.63,205.44,210.61,605.45,0.8254,-1,-1,-1
529,56,1132.20,261.59,110.42,311.65,0.8125,-1,-1,-1
529,58,416.89,104.84,267.51,692.72,0.8815,-1,-1,-1
529,60,1084.50,282.60,60.09,226.29,0.7214,-1,-1,-1
530,2,887.63,197.93,148.19,490.97,0.7795,-1,-1,-1
530,39,1008.16,207.39,88.20,452.23,0.7042,-1,-1,-1
530,45,1248.11,48.85,338.71,946.12,0.9049,-1,-1,-1
530,53,213.89,205.31,216.55,624.92,0.8276,-1,-1,-1
530,56,1137.38,262.38,108.35,313.44,0.8001,-1,-1,-1
530,58,407.17,101.52,278.52,709.37,0.8805,-1,-1,-1
530,60,1089.34,293.47,61.14,215.04,0.6529,-1,-1,-1
531,2,882.90,196.68,155.19,491.38,0.7961,-1,-1,-1
531,39,1011.30,207.68,91.15,457.08,0.7154,-1,-1,-1
531,45,1249.85,49.22,342.90,940.58,0.9106,-1,-1,-1
531,53,208.66,207.22,218.37,635.37,0.8439,-1,-1,-1
531,56,1143.76,264.77,106.61,312.46,0.8073,-1,-1,-1
531,58,402.44,95.65,283.45,734.93,0.8831,-1,-1,-1
531,60,1094.29,294.19,63.13,213.96,0.7252,-1,-1,-1
532,2,887.12,197.84,155.91,488.26,0.8203,-1,-1,-1
532,39,1014.20,203.83,91.84,461.57,0.6442,-1,-1,-1
532,45,1251.82,47.90,347.06,946.60,0.9081,-1,-1,-1
532,53,203.00,209.62,222.00,638.30,0.8572,-1,-1,-1
532,56,1147.58,265.32,106.00,313.78,0.8129,-1,-1,-1
532,58,397.41,92.24,288.62,754.06,0.8871,-1,-1,-1
532,60,1099.59,294.58,61.37,215.59,0.7338,-1,-1,-1
533,2,892.29,199.69,154.30,486.39,0.8351,-1,-1,-1
533,39,1016.59,203.59,92.18,461.09,0.7146,-1,-1,-1
533,45,1253.94,48.12,352.81,952.47,0.9008,-1,-1,-1
533,53,197.59,212.41,222.65,642.93,0.8669,-1,-1,-1
533,56,1151.96,268.50,105.51,314.86,0.8024,-1,-1,-1
533,58,389.95,90.41,296.36,763.93,0.8827,-1,-1,-1
533,60,1103.56,288.58,61.76,222.61,0.6590,-1,-1,-1
534,2,895.81,200.92,153.53,493.19,0.8349,-1,-1,-1
534,39,1017.18,199.81,92.01,465.35,0.6619,-1,-1,-1
534,45,1259.48,45.41,357.18,962.60,0.9035,-1,-1,-1
534,53,189.13,214.78,222.90,645.66,0.8753,-1,-1,-1
534,56,1154.97,269.96,106.30,316.24,0.7684,-1,-1,-1
534,58,381.80,89.09,303.17,768.62,0.8851,-1,-1,-1
534,60,1106.77,287.54,63.61,229.55,0.5997,-1,-1,-1
535,2,896.98,203.52,153.54,493.18,0.8421,-1,-1,-1
535,39,1018.27,199.21,93.84,470.70,0.6859,-1,-1,-1
535,45,1263.28,43.54,358.11,974.11,0.9082,-1,-1,-1
535,53,179.84,211.33,227.02,669.09,0.8801,-1,-1,-1
535,56,1154.88,270.04,110.84,317.30,0.7878,-1,-1,-1
535,58,374.29,86.20,305.53,779.10,0.8756,-1,-1,-1
535,60,1107.82,288.49,61.27,231.50,0.4041,-1,-1,-1
536,2,899.73,204.61,152.33,494.32,0.8321,-1,-1,-1
536,39,1019.07,197.31,93.17,469.77,0.7120,-1,-1,-1
536,45,1263.72,41.71,364.16,984.35,0.9050,-1,-1,-1
536,53,168.41,208.85,232.63,681.79,0.8807,-1,-1,-1
536,56,1155.31,269.66,111.83,317.98,0.8016,-1,-1,-1
536,58,369.53,82.39,303.99,802.26,0.8700,-1,-1,-1
536,60,1109.11,292.38,59.70,226.62,0.3572,-1,-1,-1
537,2,902.21,208.33,151.20,493.61,0.8227,-1,-1,-1
537,39,1019.58,198.14,93.01,465.74,0.6987,-1,-1,-1
537,45,1264.27,40.68,369.69,992.68,0.9050,-1,-1,-1
537,53,153.39,205.98,239.51,694.16,0.8765,-1,-1,-1
537,56,1156.01,270.00,111.72,318.48,0.7667,-1,-1,-1
537,58,362.13,78.76,304.39,825.40,0.8744,-1,-1,-1
537,60,1111.95,286.21,64.09,238.82,0.3741,-1,-1,-1
538,2,903.66,211.17,151.54,491.56,0.8179,-1,-1,-1
538,39,1019.81,199.17,98.19,462.13,0.7039,-1,-1,-1
538,45,1266.41,40.26,374.38,1000.04,0.9048,-1,-1,-1
538,53,137.82,199.97,243.79,707.98,0.8730,-1,-1,-1
538,56,1157.88,268.76,110.50,320.86,0.8009,-1,-1,-1
538,58,351.24,69.00,302.01,846.25,0.8846,-1,-1,-1
538,60,1114.28,283.02,63.96,244.55,0.3618,-1,-1,-1
539,2,902.76,211.02,151.01,491.85,0.8156,-1,-1,-1
539,39,1019.50,198.66,102.11,454.81,0.7194,-1,-1,-1
539,45,1267.51,38.83,377.57,1007.55,0.9043,-1,-1,-1
539,53,115.03,190.31,249.98,721.42,0.8693,-1,-1,-1
539,56,1155.43,265.66,110.54,323.20,0.7895,-1,-1,-1
539,58,341.23,55.86,306.36,865.00,0.8803,-1,-1,-1
539,60,1115.53,275.95,62.99,252.48,0.2925,-1,-1,-1
540,2,902.58,212.50,151.11,491.28,0.8095,-1,-1,-1
540,39,1019.86,198.66,95.54,454.47,0.6252,-1,-1,-1
540,45,1270.92,40.66,375.81,1014.62,0.9040,-1,-1,-1
540,53,98.79,181.57,246.49,735.65,0.8850,-1,-1,-1
540,56,1152.21,266.38,109.41,323.24,0.7977,-1,-1,-1
540,58,327.44,50.51,309.77,875.99,0.8769,-1,-1,-1
540,60,1113.61,289.97,53.77,236.77,0.2243,-1,-1,-1
541,2,902.52,216.20,148.50,485.65,0.8054,-1,-1,-1
541,39,1018.05,200.13,95.90,454.19,0.7099,-1,-1,-1
541,45,1271.22,48.30,376.84,1013.71,0.9000,-1,-1,-1
541,53,78.42,179.49,251.36,745.43,0.8952,-1,-1,-1
541,56,1140.08,268.61,115.43,322.50,0.7809,-1,-1,-1
541,58,307.41,43.39,310.73,888.68,0.8858,-1,-1,-1
542,2,897.88,212.59,149.80,487.48,0.7966,-1,-1,-1
542,39,1016.05,197.97,88.95,454.93,0.6572,-1,-1,-1
542,45,1271.52,50.80,377.83,1010.27,0.8952,-1,-1,-1
542,53,55.09,168.69,256.41,755.81,0.8870,-1,-1,-1
542,56,1138.80,266.44,112.36,323.64,0.8209,-1,-1,-1
542,58,290.71,33.95,307.82,902.89,0.8866,-1,-1,-1
542,64,584.37,291.31,70.00,248.96,0.6278,-1,-1,-1
543,2,892.62,209.51,151.77,489.21,0.8217,-1,-1,-1
543,39,1015.93,194.96,84.27,455.49,0.6308,-1,-1,-1
543,45,1274.37,50.86,376.77,1006.28,0.8989,-1,-1,-1
543,53,30.59,159.89,262.09,770.27,0.8898,-1,-1,-1
543,56,1132.97,264.99,111.57,322.59,0.7960,-1,-1,-1
543,58,264.21,21.41,319.68,919.56,0.8778,-1,-1,-1
543,64,580.77,287.55,74.25,254.59,0.6000,-1,-1,-1
544,2,890.83,206.57,151.91,487.43,0.8171,-1,-1,-1
544,39,1014.42,192.06,84.88,459.48,0.5612,-1,-1,-1
544,45,1276.78,52.16,375.58,1008.01,0.8984,-1,-1,-1
544,53,6.57,154.50,269.53,782.45,0.8870,-1,-1,-1
544,56,1120.81,263.67,118.61,326.40,0.8359,-1,-1,-1
544,58,251.74,12.13,315.83,936.96,0.8982,-1,-1,-1
544,64,578.55,286.88,74.84,257.78,0.6436,-1,-1,-1
545,2,888.82,204.93,151.47,484.61,0.8096,-1,-1,-1
545,39,1011.69,198.02,85.12,459.57,0.6114,-1,-1,-1
545,45,1278.97,53.98,373.42,1004.25,0.9041,-1,-1,-1
545,53,-4.93,147.42,261.15,799.97,0.8815,-1,-1,-1
545,56,1110.92,264.67,123.36,328.24,0.8421,-1,-1,-1
545,58,225.22,4.36,326.08,951.45,0.8899,-1,-1,-1
545,64,576.93,289.14,73.50,256.14,0.6476,-1,-1,-1
546,2,884.39,202.92,154.69,484.23,0.8077,-1,-1,-1
546,39,1008.89,198.67,90.85,448.78,0.4939,-1,-1,-1
546,45,1278.75,54.47,372.97,1002.23,0.9042,-1,-1,-1
546,53,-8.50,141.15,245.42,821.33,0.8869,-1,-1,-1
546,56,1108.09,267.46,120.93,325.87,0.8204,-1,-1,-1
546,58,203.10,1.99,335.81,962.25,0.9040,-1,-1,-1
546,64,573.78,288.56,71.64,254.55,0.6968,-1,-1,-1
547,2,878.73,201.43,155.34,484.34,0.8089,-1,-1,-1
547,39,1002.48,200.36,101.61,448.30,0.6084,-1,-1,-1
547,45,1277.74,53.80,371.12,995.42,0.9079,-1,-1,-1
547,53,-8.57,132.90,228.02,838.29,0.8793,-1,-1,-1
547,56,1108.44,267.89,113.57,324.17,0.7743,-1,-1,-1
547,58,182.45,-0.32,344.31,970.37,0.8975,-1,-1,-1
547,64,568.75,289.19,64.17,254.67,0.6278,-1,-1,-1
547,65,1637.55,299.83,59.25,149.76,0.3412,-1,-1,-1
548,2,873.58,202.26,156.15,485.18,0.8155,-1,-1,-1
548,39,999.01,202.10,112.63,447.26,0.6327,-1,-1,-1
548,45,1277.05,53.15,369.42,983.57,0.9042,-1,-1,-1
548,53,-7.61,126.23,211.17,845.35,0.8606,-1,-1,-1
548,56,1098.54,269.40,115.78,325.14,0.8082,-1,-1,-1
548,58,159.96,0.32,358.10,986.46,0.8996,-1,-1,-1
548,64,563.20,288.33,62.21,258.11,0.6732,-1,-1,-1
548,65,1632.42,293.63,61.46,156.94,0.3879,-1,-1,-1
549,2,868.13,202.23,153.11,488.61,0.8357,-1,-1,-1
549,39,994.05,213.15,126.17,434.97,0.6795,-1,-1,-1
549,45,1276.32,51.25,366.42,972.04,0.9045,-1,-1,-1
549,53,-6.15,125.66,198.99,851.16,0.8491,-1,-1,-1
549,56,1095.12,271.10,113.27,323.93,0.8208,-1,-1,-1
549,58,122.41,-0.31,389.40,1018.53,0.8784,-1,-1,-1
549,64,555.99,290.91,63.25,255.42,0.6639,-1,-1,-1
549,65,1629.41,294.88,60.69,157.39,0.4339,-1,-1,-1
550,2,865.06,203.40,152.98,491.27,0.8401,-1,-1,-1
550,39,987.96,209.11,99.96,442.97,0.4565,-1,-1,-1
550,45,1275.73,49.30,363.91,970.53,0.9036,-1,-1,-1
550,53,-5.62,149.62,167.06,834.82,0.8165,-1,-1,-1
550,56,1094.34,272.06,106.68,323.53,0.8089,-1,-1,-1
550,58,93.26,0.68,399.40,1054.07,0.8849,-1,-1,-1
550,64,547.48,287.93,69.42,259.55,0.6644,-1,-1,-1
550,65,1624.60,291.58,62.04,162.92,0.4782,-1,-1,-1
551,2,863.59,207.05,149.75,488.31,0.8466,-1,-1,-1
551,39,983.64,208.20,87.45,434.38,0.3073,-1,-1,-1
551,45,1275.27,48.47,362.93,978.38,0.8996,-1,-1,-1
551,53,-3.34,219.37,147.90,769.76,0.8400,-1,-1,-1
551,56,1092.69,273.87,104.24,321.62,0.7984,-1,-1,-1
551,58,66.59,0.60,407.07,1072.49,0.8871,-1,-1,-1
551,64,541.71,283.29,65.55,265.59,0.7285,-1,-1,-1
551,65,1620.78,285.90,64.16,170.03,0.4936,-1,-1,-1
551,66,1023.18,285.50,111.01,341.20,0.6775,-1,-1,-1
552,2,859.25,211.19,148.78,482.45,0.8403,-1,-1,-1
552,39,976.46,211.18,86.16,418.55,0.4471,-1,-1,-1
552,45,1275.58,48.33,360.86,986.57,0.8993,-1,-1,-1
552,53,-2.64,235.34,128.46,758.38,0.7942,-1,-1,-1
552,56,1092.68,276.09,99.16,320.66,0.7477,-1,-1,-1
552,58,31.31,1.84,422.42,1076.23,0.9076,-1,-1,-1
552,64,535.04,283.29,68.34,267.13,0.7327,-1,-1,-1
552,65,1618.33,280.16,66.52,177.02,0.3785,-1,-1,-1
552,66,1014.88,283.64,121.43,347.27,0.6556,-1,-1,-1
553,2,853.68,215.44,146.99,480.42,0.8142,-1,-1,-1
553,39,972.85,212.92,86.00,419.99,0.5708,-1,-1,-1
553,45,1278.65,48.09,356.39,993.93,0.8958,-1,-1,-1
553,53,-1.37,237.25,115.71,762.80,0.4724,-1,-1,-1
553,56,1095.03,276.70,90.80,319.71,0.7463,-1,-1,-1
553,58,3.97,2.01,436.31,1074.00,0.9053,-1,-1,-1
553,64,530.38,288.91,69.63,263.35,0.7054,-1,-1,-1
553,65,1615.76,280.17,67.92,178.91,0.3162,-1,-1,-1
553,66,1013.33,273.99,123.91,361.46,0.6269,-1,-1,-1
554,2,851.66,220.10,140.25,479.89,0.8401,-1,-1,-1
554,39,966.25,214.12,85.45,451.27,0.6283,-1,-1,-1
554,45,1276.37,47.80,353.74,1001.02,0.9025,-1,-1,-1
554,56,1095.44,277.86,89.56,325.49,0.6851,-1,-1,-1
554,58,-6.61,3.38,436.32,1070.96,0.9109,-1,-1,-1
554,64,527.12,287.77,70.29,267.21,0.7207,-1,-1,-1
554,65,1613.26,284.67,70.83,174.66,0.5706,-1,-1,-1
554,66,1016.21,268.96,120.27,370.64,0.6176,-1,-1,-1
555,2,852.05,222.71,134.47,481.34,0.8490,-1,-1,-1
555,39,961.17,215.67,86.70,460.26,0.6513,-1,-1,-1
555,45,1271.50,50.31,353.23,1005.62,0.9051,-1,-1,-1
555,56,1096.97,279.60,83.97,332.92,0.4513,-1,-1,-1
555,58,-9.30,3.55,404.33,1069.17,0.8840,-1,-1,-1
555,64,523.48,289.32,73.10,268.31,0.7478,-1,-1,-1
555,65,1607.99,289.04,75.55,172.04,0.6567,-1,-1,-1
555,66,1016.10,267.99,121.67,375.78,0.6409,-1,-1,-1
556,2,850.53,223.96,133.56,481.30,0.8436,-1,-1,-1
556,39,960.24,217.62,89.96,463.81,0.7287,-1,-1,-1
556,45,1268.89,53.61,352.41,1011.70,0.9004,-1,-1,-1
556,58,-8.76,5.65,369.90,1065.12,0.9233,-1,-1,-1
556,64,521.19,290.76,71.51,269.82,0.7285,-1,-1,-1
556,65,1607.17,291.52,76.89,172.52,0.6456,-1,-1,-1
556,66,1018.02,263.24,124.94,383.11,0.6034,-1,-1,-1
557,2,847.07,221.86,135.02,482.78,0.8355,-1,-1,-1
557,39,959.78,215.04,92.53,464.55,0.7583,-1,-1,-1
557,45,1270.46,55.14,347.24,1012.59,0.8958,-1,-1,-1
557,58,-7.23,4.52,348.88,1065.92,0.9183,-1,-1,-1
557,64,518.00,292.10,71.19,269.83,0.7237,-1,-1,-1
557,65,1605.81,289.36,78.06,175.55,0.5227,-1,-1,-1
557,66,1036.26,260.59,123.12,381.89,0.7520,-1,-1,-1
558,2,841.67,220.16,139.24,486.24,0.8390,-1,-1,-1
558,39,960.48,216.17,93.09,461.81,0.8013,-1,-1,-1
558,45,1276.03,56.43,337.82,1014.26,0.8954,-1,-1,-1
558,58,-5.33,4.27,336.35,1065.98,0.8744,-1,-1,-1
558,64,516.95,292.84,71.98,270.59,0.7387,-1,-1,-1
558,65,1605.37,288.34,81.81,176.85,0.4425,-1,-1,-1
558,66,1047.51,256.23,118.80,388.64,0.7893,-1,-1,-1
559,2,835.41,221.11,145.61,483.59,0.8351,-1,-1,-1
559,39,958.79,215.17,97.43,457.28,0.7990,-1,-1,-1
559,45,1282.93,57.76,327.91,1012.49,0.9023,-1,-1,-1
559,58,-3.89,6.07,347.14,1066.24,0.8954,-1,-1,-1
559,64,519.43,290.79,70.18,275.94,0.7439,-1,-1,-1
559,65,1604.29,290.86,90.39,176.35,0.5066,-1,-1,-1
559,66,1049.77,254.76,120.25,392.82,0.7929,-1,-1,-1
560,2,827.84,224.20,154.20,477.33,0.8428,-1,-1,-1
560,39,957.05,219.07,101.69,448.40,0.7662,-1,-1,-1
560,45,1288.37,59.94,318.45,1008.79,0.8923,-1,-1,-1
560,58,-2.41,5.47,348.20,1065.57,0.7991,-1,-1,-1
560,64,520.84,291.80,70.72,277.53,0.7423,-1,-1,-1
560,65,1602.67,292.52,99.13,176.02,0.6289,-1,-1,-1
560,66,1060.43,260.32,114.30,387.47,0.7205,-1,-1,-1
561,2,824.20,221.59,158.87,474.96,0.8465,-1,-1,-1
561,39,956.96,216.96,107.34,446.65,0.7845,-1,-1,-1
561,45,1293.77,56.70,317.03,1010.19,0.8955,-1,-1,-1
561,58,-1.37,5.12,338.65,1064.05,0.8637,-1,-1,-1
561,64,523.46,287.62,74.28,280.77,0.7176,-1,-1,-1
561,65,1605.52,284.94,112.22,181.42,0.5902,-1,-1,-1
561,66,1076.70,266.92,113.12,376.44,0.7060,-1,-1,-1
562,2,820.31,219.50,163.15,472.42,0.8435,-1,-1,-1
562,39,956.14,215.01,112.48,451.16,0.7993,-1,-1,-1
562,45,1298.41,55.49,313.81,1015.80,0.9003,-1,-1,-1
562,58,-0.54,10.36,333.51,1058.79,0.8349,-1,-1,-1
562,64,525.65,288.50,74.53,279.81,0.6948,-1,-1,-1
562,65,1613.90,284.99,112.78,182.07,0.6893,-1,-1,-1
562,66,1091.26,269.21,112.75,380.05,0.7616,-1,-1,-1
563,2,819.72,218.91,165.70,474.54,0.8472,-1,-1,-1
563,39,958.80,215.82,114.22,453.45,0.8122,-1,-1,-1
563,45,1303.78,57.78,319.40,1015.88,0.8957,-1,-1,-1
563,58,0.38,8.09,320.65,1061.20,0.8743,-1,-1,-1
563,64,528.92,288.87,74.01,281.30,0.7386,-1,-1,-1
563,65,1626.32,283.78,116.47,184.72,0.5994,-1,-1,-1
563,66,1103.23,270.25,123.65,382.62,0.7909,-1,-1,-1
564,2,822.80,219.23,166.36,478.55,0.8586,-1,-1,-1
564,39,963.72,215.07,116.40,459.41,0.7958,-1,-1,-1
564,45,1308.20,54.69,332.14,1020.16,0.8986,-1,-1,-1
564,58,1.00,6.86,308.49,1064.23,0.8592,-1,-1,-1
564,64,534.75,292.29,72.88,280.55,0.7500,-1,-1,-1
564,65,1641.55,280.31,111.55,189.70,0.6529,-1,-1,-1
564,66,1115.27,270.03,140.38,387.56,0.7522,-1,-1,-1
564,60,1068.70,271.64,93.72,343.86,0.5487,-1,-1,-1
565,2,831.30,223.32,163.86,478.20,0.8559,-1,-1,-1
565,39,971.64,216.98,117.95,462.57,0.7980,-1,-1,-1
565,45,1311.00,54.27,349.14,1024.25,0.9026,-1,-1,-1
565,58,1.76,10.37,291.57,1058.84,0.7606,-1,-1,-1
565,64,542.85,300.16,72.89,275.34,0.7164,-1,-1,-1
565,65,1656.23,280.64,114.02,195.20,0.6561,-1,-1,-1
565,66,1131.29,270.43,157.64,391.40,0.7972,-1,-1,-1
565,60,1080.67,274.00,93.72,342.30,0.6710,-1,-1,-1
566,2,838.64,225.82,161.91,477.78,0.8489,-1,-1,-1
566,39,976.61,216.24,121.30,462.63,0.7562,-1,-1,-1
566,45,1316.45,53.88,360.87,1018.09,0.8979,-1,-1,-1
566,58,1.57,9.09,271.69,1060.33,0.7997,-1,-1,-1
566,64,549.07,302.75,72.47,273.70,0.7247,-1,-1,-1
566,65,1672.01,281.13,107.25,196.19,0.7202,-1,-1,-1
566,66,1141.10,272.69,175.70,394.65,0.7253,-1,-1,-1
566,60,1087.66,273.27,100.63,343.24,0.6530,-1,-1,-1
567,2,845.26,230.02,162.04,478.78,0.8364,-1,-1,-1
567,39,981.60,221.10,119.17,452.60,0.7654,-1,-1,-1
567,45,1321.98,54.16,375.25,1010.51,0.9166,-1,-1,-1
567,58,0.92,6.21,250.50,1063.34,0.7286,-1,-1,-1
567,64,553.76,304.31,73.49,273.01,0.7415,-1,-1,-1
567,65,1688.59,281.84,105.62,195.17,0.6559,-1,-1,-1
567,66,1147.09,271.42,198.30,399.79,0.7991,-1,-1,-1
567,60,1092.99,273.11,106.19,350.16,0.7414,-1,-1,-1
568,2,849.63,231.04,163.71,479.86,0.8452,-1,-1,-1
568,39,987.10,224.53,121.07,452.75,0.8194,-1,-1,-1
568,45,1318.10,54.54,394.84,1014.81,0.9163,-1,-1,-1
568,58,0.10,11.27,223.33,1063.44,0.3048,-1,-1,-1
568,64,558.81,302.07,75.78,275.37,0.7537,-1,-1,-1
568,65,1702.79,282.96,105.63,197.64,0.6213,-1,-1,-1
568,66,1154.13,278.66,197.40,397.14,0.8633,-1,-1,-1
568,56,1096.52,271.98,114.77,353.78,0.7461,-1,-1,-1
569,2,854.48,232.75,163.29,480.59,0.8512,-1,-1,-1
569,39,995.85,226.87,119.77,459.30,0.8181,-1,-1,-1
569,45,1322.18,55.15,405.33,1016.61,0.9098,-1,-1,-1
569,64,564.24,301.26,78.00,278.31,0.7623,-1,-1,-1
569,65,1715.80,285.54,104.34,199.27,0.6675,-1,-1,-1
569,66,1158.56,283.17,198.43,396.84,0.8655,-1,-1,-1
569,56,1102.30,274.80,113.85,354.36,0.7733,-1,-1,-1
570,2,861.92,239.76,159.36,476.61,0.8607,-1,-1,-1
570,39,1006.09,230.70,116.62,461.05,0.8220,-1,-1,-1
570,45,1320.99,53.77,421.98,1020.61,0.9010,-1,-1,-1
570,64,568.36,297.53,79.62,283.27,0.7628,-1,-1,-1
570,65,1729.03,288.32,103.77,199.41,0.6612,-1,-1,-1
570,66,1167.93,282.39,199.56,402.10,0.8486,-1,-1,-1
570,56,1109.07,275.92,117.23,353.39,0.7814,-1,-1,-1
571,2,869.03,244.31,157.52,474.51,0.8511,-1,-1,-1
571,39,1012.50,233.31,113.69,463.56,0.7977,-1,-1,-1
571,45,1327.40,54.32,423.98,1020.75,0.9150,-1,-1,-1
571,64,572.06,301.79,79.30,283.10,0.7940,-1,-1,-1
571,65,1740.38,289.60,104.31,201.40,0.5994,-1,-1,-1
571,66,1174.11,280.99,203.14,409.91,0.8297,-1,-1,-1
571,56,1111.15,274.64,125.68,356.79,0.8052,-1,-1,-1
572,2,874.58,241.25,157.14,476.31,0.8207,-1,-1,-1
572,39,1016.32,233.95,114.81,462.74,0.7808,-1,-1,-1
572,45,1329.10,53.82,431.34,1022.45,0.9047,-1,-1,-1
572,64,576.63,304.52,77.31,280.90,0.8195,-1,-1,-1
572,65,1751.72,290.09,105.42,202.40,0.5635,-1,-1,-1
572,66,1191.40,281.54,195.31,411.89,0.8294,-1,-1,-1
572,56,1117.48,274.62,129.38,359.99,0.7914,-1,-1,-1
573,2,880.12,239.90,154.23,476.79,0.8284,-1,-1,-1
573,39,1022.04,234.00,114.78,460.10,0.7582,-1,-1,-1
573,45,1333.14,54.56,440.06,1022.35,0.8942,-1,-1,-1
573,64,580.37,307.41,75.41,279.71,0.7774,-1,-1,-1
573,65,1762.25,292.59,104.77,202.11,0.6063,-1,-1,-1
573,66,1210.92,283.89,182.08,411.99,0.8170,-1,-1,-1
573,56,1121.73,275.66,133.03,360.49,0.8219,-1,-1,-1
574,2,884.08,239.89,156.92,477.35,0.8418,-1,-1,-1
574,39,1026.23,235.97,115.49,457.20,0.7595,-1,-1,-1
574,45,1339.67,54.09,443.64,1021.82,0.9082,-1,-1,-1
574,64,584.44,306.67,75.66,280.94,0.7112,-1,-1,-1
574,65,1774.22,293.94,106.47,204.10,0.5545,-1,-1,-1
574,66,1231.28,283.66,170.49,415.03,0.7738,-1,-1,-1
574,56,1126.57,277.68,133.66,362.05,0.8300,-1,-1,-1
575,2,886.66,239.52,157.52,475.98,0.8422,-1,-1,-1
575,39,1030.34,236.19,113.65,459.44,0.7712,-1,-1,-1
575,45,1347.79,55.92,440.54,1017.29,0.9107,-1,-1,-1
575,64,588.33,305.31,75.12,281.88,0.6911,-1,-1,-1
575,65,1788.86,295.48,100.70,201.69,0.2668,-1,-1,-1
575,66,1248.49,283.11,159.72,418.28,0.7158,-1,-1,-1
575,56,1132.21,277.93,132.87,364.45,0.8404,-1,-1,-1
576,2,889.19,239.44,156.81,473.90,0.8240,-1,-1,-1
576,39,1031.32,236.77,113.43,457.39,0.7832,-1,-1,-1
576,45,1355.15,59.13,438.00,1012.67,0.9128,-1,-1,-1
576,64,591.29,312.21,74.37,276.60,0.7103,-1,-1,-1
576,65,1790.68,296.54,110.65,204.42,0.5532,-1,-1,-1
576,66,1268.28,281.89,146.67,423.20,0.7407,-1,-1,-1
576,56,1137.83,275.79,133.54,368.50,0.8364,-1,-1,-1
577,2,891.85,237.35,155.05,471.74,0.8183,-1,-1,-1
577,39,1031.22,229.57,113.02,469.68,0.7901,-1,-1,-1
577,45,1359.78,59.74,436.97,1011.07,0.9074,-1,-1,-1
577,64,588.92,315.17,77.37,273.86,0.6705,-1,-1,-1
577,65,1796.67,295.90,114.11,202.84,0.6057,-1,-1,-1
577,66,1289.57,285.66,139.70,425.29,0.7620,-1,-1,-1
577,56,1139.96,274.13,135.18,371.13,0.8281,-1,-1,-1
578,2,893.26,236.77,154.06,471.37,0.8287,-1,-1,-1
578,39,1031.24,225.98,112.94,475.34,0.7903,-1,-1,-1
578,45,1366.04,62.06,438.08,1008.74,0.9024,-1,-1,-1
578,64,589.35,315.17,77.58,274.82,0.6977,-1,-1,-1
578,65,1800.59,298.67,116.65,202.48,0.5934,-1,-1,-1
578,66,1313.45,283.39,126.77,431.08,0.7279,-1,-1,-1
578,56,1142.52,274.03,129.31,373.30,0.8225,-1,-1,-1
579,2,890.90,240.29,153.83,471.57,0.8384,-1,-1,-1
579,39,1028.52,231.21,114.46,473.48,0.7846,-1,-1,-1
579,45,1379.71,69.45,429.74,1001.47,0.9034,-1,-1,-1
579,64,588.89,311.03,75.25,286.02,0.7375,-1,-1,-1
579,65,1803.05,304.01,118.35,207.49,0.6257,-1,-1,-1
579,66,1329.09,285.12,123.30,440.48,0.7859,-1,-1,-1
579,56,1142.11,276.78,129.93,376.76,0.8297,-1,-1,-1
580,2,890.98,241.65,150.53,468.78,0.8433,-1,-1,-1
580,39,1023.72,233.62,118.07,469.08,0.7732,-1,-1,-1
580,45,1390.43,71.72,424.67,997.24,0.9024,-1,-1,-1
580,64,585.54,305.82,75.28,293.58,0.6821,-1,-1,-1
580,65,1807.56,304.47,114.44,211.50,0.6578,-1,-1,-1
580,66,1335.10,284.57,125.27,448.20,0.7711,-1,-1,-1
580,56,1140.86,275.52,129.72,379.72,0.8006,-1,-1,-1
581,2,887.38,242.03,150.33,466.64,0.8374,-1,-1,-1
581,39,1019.99,234.04,121.81,464.48,0.7766,-1,-1,-1
581,45,1405.32,69.97,418.40,995.81,0.9016,-1,-1,-1
581,64,583.21,306.65,73.20,293.40,0.7290,-1,-1,-1
581,65,1815.42,304.56,106.76,215.13,0.6042,-1,-1,-1
581,66,1338.30,283.30,141.54,454.02,0.7721,-1,-1,-1
581,56,1143.98,281.69,123.10,373.78,0.7878,-1,-1,-1
582,2,885.73,244.40,147.03,465.11,0.8437,-1,-1,-1
582,39,1016.71,233.88,125.35,462.38,0.7830,-1,-1,-1
582,45,1420.02,70.48,415.09,999.72,0.9084,-1,-1,-1
582,64,581.41,307.50,72.58,293.82,0.7595,-1,-1,-1
582,65,1825.66,304.73,96.50,216.12,0.5273,-1,-1,-1
582,66,1340.52,284.47,159.50,453.69,0.8257,-1,-1,-1
582,56,1146.37,284.15,119.16,371.45,0.7750,-1,-1,-1
582,67,1230.69,311.03,62.63,282.60,0.4564,-1,-1,-1
583,2,883.07,247.93,144.81,470.10,0.8494,-1,-1,-1
583,39,1013.39,233.26,128.53,463.55,0.7637,-1,-1,-1
583,45,1428.81,72.32,415.84,1000.14,0.9085,-1,-1,-1
583,64,577.54,309.95,73.69,293.56,0.7643,-1,-1,-1
583,65,1835.34,306.54,86.09,217.85,0.5306,-1,-1,-1
583,66,1343.46,286.12,164.77,452.73,0.8011,-1,-1,-1
583,56,1143.99,281.90,118.37,376.26,0.7814,-1,-1,-1
583,67,1232.81,312.36,62.15,283.70,0.5579,-1,-1,-1
584,2,876.56,249.59,145.98,475.03,0.8481,-1,-1,-1
584,39,1011.97,234.34,129.89,466.56,0.7649,-1,-1,-1
584,45,1437.06,71.29,416.77,1001.62,0.9091,-1,-1,-1
584,64,574.30,306.68,74.15,294.83,0.7628,-1,-1,-1
584,65,1840.70,307.83,79.84,223.21,0.5698,-1,-1,-1
584,66,1343.29,283.33,167.95,456.70,0.7984,-1,-1,-1
584,56,1142.25,283.84,120.26,377.33,0.7715,-1,-1,-1
584,67,1232.18,312.35,63.74,283.31,0.5493,-1,-1,-1
585,2,868.48,251.23,145.87,475.83,0.8628,-1,-1,-1
585,39,1006.86,233.59,132.90,469.08,0.7864,-1,-1,-1
585,45,1442.81,71.74,417.25,997.71,0.9091,-1,-1,-1
585,64,571.85,307.55,72.23,293.22,0.7818,-1,-1,-1
585,65,1847.64,305.30,72.14,227.54,0.5225,-1,-1,-1
585,66,1342.83,282.42,166.41,454.12,0.7660,-1,-1,-1
585,56,1140.79,284.10,120.97,379.15,0.7751,-1,-1,-1
585,67,1229.97,310.71,64.45,277.46,0.4711,-1,-1,-1
586,2,862.30,252.75,146.27,475.00,0.8472,-1,-1,-1
586,39,1006.04,234.12,129.97,469.72,0.8059,-1,-1,-1
586,45,1451.20,70.91,414.73,1000.53,0.9039,-1,-1,-1
586,64,567.72,299.67,72.94,301.66,0.7590,-1,-1,-1
586,65,1851.71,305.85,67.99,230.42,0.4458,-1,-1,-1
586,66,1343.16,283.36,167.89,453.21,0.7407,-1,-1,-1
586,56,1139.63,284.23,124.63,378.99,0.7452,-1,-1,-1
586,67,1227.28,308.91,65.22,273.21,0.2325,-1,-1,-1
587,2,859.93,253.83,144.61,473.41,0.8498,-1,-1,-1
587,39,1005.80,235.88,125.58,469.13,0.8082,-1,-1,-1
587,45,1458.33,67.98,411.96,1005.83,0.8985,-1,-1,-1
587,64,563.53,303.34,72.57,299.58,0.7180,-1,-1,-1
587,65,1854.34,307.95,65.37,229.02,0.4822,-1,-1,-1
587,66,1343.70,283.62,174.59,458.06,0.7565,-1,-1,-1
587,56,1139.59,283.28,125.38,381.50,0.7568,-1,-1,-1
587,67,1228.91,319.80,60.92,212.01,0.2322,-1,-1,-1
588,2,858.14,254.68,141.60,472.28,0.8395,-1,-1,-1
588,39,1001.92,238.51,124.52,466.84,0.7908,-1,-1,-1
588,45,1464.52,66.21,407.01,1006.84,0.9020,-1,-1,-1
588,64,557.22,313.21,72.83,291.74,0.7263,-1,-1,-1
588,65,1856.62,308.45,62.62,226.89,0.5368,-1,-1,-1
588,66,1343.12,283.87,182.17,460.51,0.7545,-1,-1,-1
588,56,1139.91,284.95,127.04,380.61,0.7228,-1,-1,-1
589,2,854.09,253.73,138.22,473.78,0.8394,-1,-1,-1
589,39,997.02,237.59,127.47,469.05,0.7997,-1,-1,-1
589,45,1468.81,63.47,407.84,1010.92,0.9034,-1,-1,-1
589,64,552.05,319.60,70.94,285.76,0.7147,-1,-1,-1
589,65,1860.61,310.44,59.10,223.54,0.4636,-1,-1,-1
589,66,1343.03,283.03,192.16,467.07,0.7695,-1,-1,-1
589,56,1139.59,283.77,133.02,383.72,0.7718,-1,-1,-1
590,2,849.72,252.73,137.71,476.02,0.8381,-1,-1,-1
590,39,985.10,239.25,136.17,468.24,0.8109,-1,-1,-1
590,45,1469.01,62.39,412.59,1012.82,0.9074,-1,-1,-1
590,64,548.80,318.61,71.47,287.59,0.7132,-1,-1,-1
590,65,1864.42,312.82,55.19,222.35,0.3903,-1,-1,-1
590,66,1350.24,280.33,193.30,474.73,0.7315,-1,-1,-1
590,56,1138.87,284.68,138.84,386.13,0.8111,-1,-1,-1
591,2,838.91,250.70,144.70,474.66,0.8402,-1,-1,-1
591,39,982.60,240.36,134.72,465.93,0.8065,-1,-1,-1
591,45,1469.35,60.87,416.62,1012.20,0.9094,-1,-1,-1
591,64,543.36,318.93,73.62,288.30,0.7380,-1,-1,-1
591,65,1868.20,315.32,51.61,219.98,0.3592,-1,-1,-1
591,66,1370.36,278.94,177.34,479.55,0.7154,-1,-1,-1
591,56,1139.26,282.39,139.55,389.96,0.8227,-1,-1,-1
592,2,830.25,250.29,147.73,470.44,0.8340,-1,-1,-1
592,39,982.13,239.80,132.50,468.08,0.8133,-1,-1,-1
592,45,1469.00,59.49,420.04,1011.64,0.9062,-1,-1,-1
592,64,539.60,311.28,77.28,298.46,0.7279,-1,-1,-1
592,65,1871.42,330.03,48.21,201.57,0.3211,-1,-1,-1
592,66,1394.95,276.52,154.77,483.22,0.5634,-1,-1,-1
592,56,1140.68,279.17,137.57,393.94,0.8066,-1,-1,-1
593,2,824.67,250.08,148.28,466.41,0.8351,-1,-1,-1
593,39,982.36,239.37,129.45,470.49,0.8158,-1,-1,-1
593,45,1466.99,59.79,424.45,1012.02,0.8957,-1,-1,-1
593,64,537.19,306.89,78.88,305.86,0.7113,-1,-1,-1
593,65,1874.42,344.20,45.13,184.65,0.2294,-1,-1,-1
593,66,1414.86,299.68,142.82,460.72,0.4434,-1,-1,-1
593,56,1141.90,280.02,135.98,396.28,0.8259,-1,-1,-1
593,68,1107.56,317.94,52.86,243.10,0.6204,-1,-1,-1
594,2,816.45,250.81,154.38,463.66,0.8364,-1,-1,-1
594,39,981.77,241.15,127.32,471.60,0.8134,-1,-1,-1
594,45,1471.16,61.29,420.01,1012.75,0.8955,-1,-1,-1
594,64,534.66,309.95,76.16,303.72,0.7301,-1,-1,-1
594,65,1876.18,356.13,43.26,170.98,0.2526,-1,-1,-1
594,66,1429.53,316.66,131.57,446.20,0.2186,-1,-1,-1
594,56,1145.32,281.64,132.80,397.24,0.8040,-1,-1,-1
594,68,1108.26,318.14,54.21,244.07,0.6118,-1,-1,-1
595,2,809.78,250.70,158.16,463.68,0.8525,-1,-1,-1
595,39,981.83,243.05,126.66,471.82,0.8038,-1,-1,-1
595,45,1479.71,62.51,414.44,1010.92,0.9088,-1,-1,-1
595,64,531.46,308.16,80.36,309.85,0.7636,-1,-1,-1
595,56,1147.83,282.05,131.08,398.58,0.7976,-1,-1,-1
595,68,1106.70,314.98,57.34,247.71,0.6608,-1,-1,-1
596,2,804.02,250.63,162.61,463.75,0.8475,-1,-1,-1
596,39,978.14,243.23,132.54,472.57,0.8120,-1,-1,-1
596,45,1487.15,59.95,406.32,1013.07,0.9160,-1,-1,-1
596,64,529.68,309.22,81.86,310.92,0.7563,-1,-1,-1
596,56,1148.70,278.53,131.72,402.75,0.7774,-1,-1,-1
596,68,1106.27,312.22,59.12,250.59,0.5398,-1,-1,-1
597,2,800.98,249.05,163.62,466.69,0.8449,-1,-1,-1
597,39,976.92,243.87,136.74,473.45,0.8105,-1,-1,-1
597,45,1497.31,55.84,395.71,1017.66,0.9159,-1,-1,-1
597,64,530.31,307.09,79.33,312.89,0.7630,-1,-1,-1
597,56,1152.36,276.80,136.41,404.51,0.7709,-1,-1,-1
597,68,1105.84,313.11,60.81,250.76,0.5786,-1,-1,-1
598,2,800.08,251.97,164.57,472.10,0.8462,-1,-1,-1
598,39,979.22,249.51,139.15,479.03,0.8237,-1,-1,-1
598,45,1507.08,57.83,384.68,1016.02,0.9145,-1,-1,-1
598,64,530.74,306.69,77.43,316.65,0.7488,-1,-1,-1
598,56,1152.86,281.86,145.49,403.81,0.8050,-1,-1,-1
598,68,1107.77,317.08,60.82,245.54,0.4597,-1,-1,-1
599,2,800.48,254.12,165.60,473.46,0.8502,-1,-1,-1
599,39,984.78,251.79,138.34,479.07,0.8189,-1,-1,-1
599,45,1511.15,58.07,383.28,1016.98,0.9196,-1,-1,-1
599,64,531.36,310.19,82.24,317.96,0.7501,-1,-1,-1
599,56,1155.38,284.01,151.22,403.61,0.8042,-1,-1,-1
599,68,1108.18,316.68,61.99,248.99,0.3649,-1,-1,-1
600,2,804.11,255.52,163.37,475.05,0.8405,-1,-1,-1
600,39,991.14,251.31,136.47,482.73,0.8011,-1,-1,-1
600,45,1513.82,55.36,388.14,1021.69,0.9233,-1,-1,-1
600,64,533.76,310.78,85.72,319.31,0.7339,-1,-1,-1
600,56,1161.41,286.58,152.54,402.19,0.8259,-1,-1,-1
600,68,1111.63,318.02,61.71,246.63,0.2297,-1,-1,-1
601,2,808.10,258.68,159.08,476.58,0.8455,-1,-1,-1
601,39,995.37,251.88,134.43,483.16,0.7934,-1,-1,-1
601,45,1514.28,55.75,397.26,1022.90,0.9238,-1,-1,-1
601,64,536.56,312.82,84.35,319.48,0.7298,-1,-1,-1
601,56,1166.54,284.00,154.69,406.62,0.7892,-1,-1,-1
601,68,1116.72,325.19,61.87,239.33,0.3975,-1,-1,-1
602,2,813.30,263.22,157.82,477.40,0.8390,-1,-1,-1
602,39,996.45,252.58,135.54,485.38,0.7935,-1,-1,-1
602,45,1513.90,57.63,404.99,1019.61,0.9214,-1,-1,-1
602,64,540.00,317.27,84.15,317.46,0.7173,-1,-1,-1
602,56,1181.72,282.56,146.15,412.07,0.7395,-1,-1,-1
602,68,1120.17,329.49,64.82,242.52,0.5208,-1,-1,-1
603,2,822.11,269.53,153.51,475.61,0.8151,-1,-1,-1
603,39,1003.90,256.81,129.90,481.90,0.7885,-1,-1,-1
603,45,1518.91,60.96,403.70,1016.77,0.9261,-1,-1,-1
603,64,543.79,326.09,82.49,314.46,0.7382,-1,-1,-1
603,56,1192.88,285.39,145.25,418.43,0.7150,-1,-1,-1
603,68,1125.45,343.10,65.10,233.22,0.5776,-1,-1,-1
603,70,1183.28,311.07,84.35,375.12,0.3739,-1,-1,-1
604,2,827.17,275.16,153.60,471.48,0.8231,-1,-1,-1
604,39,1010.51,261.11,126.28,478.70,0.8131,-1,-1,-1
604,45,1524.59,63.08,399.10,1014.63,0.9279,-1,-1,-1
604,64,549.79,332.70,83.62,312.68,0.7057,-1,-1,-1
604,56,1203.35,288.13,144.90,420.91,0.7598,-1,-1,-1
604,68,1132.23,348.79,63.75,231.98,0.6594,-1,-1,-1
604,70,1190.46,315.55,82.33,305.66,0.4477,-1,-1,-1
605,2,835.08,277.16,153.35,470.87,0.8312,-1,-1,-1
605,39,1015.35,260.76,126.24,472.78,0.8095,-1,-1,-1
605,45,1527.61,62.78,396.09,1015.81,0.9181,-1,-1,-1
605,64,554.74,334.87,81.17,313.40,0.7406,-1,-1,-1
605,56,1211.09,289.46,145.27,422.14,0.7430,-1,-1,-1
605,68,1136.79,351.56,65.55,232.29,0.6532,-1,-1,-1
605,70,1197.87,326.65,80.01,274.83,0.3806,-1,-1,-1
606,2,843.98,278.00,152.12,473.00,0.8152,-1,-1,-1
606,39,1018.64,260.78,126.14,469.77,0.7926,-1,-1,-1
606,45,1535.41,63.67,387.71,1012.54,0.9222,-1,-1,-1
606,64,560.60,330.54,79.21,318.77,0.7155,-1,-1,-1
606,56,1222.94,290.17,145.53,425.08,0.6470,-1,-1,-1
606,68,1142.63,353.20,67.02,233.35,0.6472,-1,-1,-1
606,70,1205.86,323.97,76.63,280.79,0.5184,-1,-1,-1
607,2,852.99,279.51,148.53,471.74,0.8364,-1,-1,-1
607,39,1028.44,262.08,121.07,468.79,0.8069,-1,-1,-1
607,45,1543.93,65.41,379.22,1008.64,0.9140,-1,-1,-1
607,64,567.19,327.79,83.12,322.94,0.8041,-1,-1,-1
607,56,1237.10,291.61,140.84,425.06,0.6692,-1,-1,-1
607,68,1150.67,344.85,66.79,242.33,0.6659,-1,-1,-1
607,70,1216.06,326.70,73.91,344.42,0.4794,-1,-1,-1
608,2,856.16,278.34,150.94,467.53,0.8294,-1,-1,-1
608,39,1035.77,263.52,124.23,464.51,0.7966,-1,-1,-1
608,45,1553.29,66.84,369.41,1003.94,0.9174,-1,-1,-1
608,64,572.28,328.57,82.80,322.23,0.7613,-1,-1,-1
608,56,1246.38,291.36,146.16,429.48,0.5395,-1,-1,-1
608,68,1156.99,345.30,67.84,241.92,0.7179,-1,-1,-1
608,70,1222.83,320.00,87.87,343.26,0.5471,-1,-1,-1
609,2,862.29,277.15,147.97,465.75,0.8197,-1,-1,-1
609,39,1039.15,262.13,130.97,468.42,0.8252,-1,-1,-1
609,45,1561.71,69.16,359.99,1002.00,0.9201,-1,-1,-1
609,64,576.03,330.22,83.79,323.23,0.7840,-1,-1,-1
609,56,1258.58,287.06,140.98,436.61,0.7261,-1,-1,-1
609,68,1162.20,348.63,70.80,242.18,0.6238,-1,-1,-1
609,70,1231.38,325.50,87.53,317.56,0.5667,-1,-1,-1
610,2,870.87,277.68,143.47,463.56,0.8262,-1,-1,-1
610,39,1043.06,263.82,132.48,471.47,0.8223,-1,-1,-1
610,45,1569.19,71.97,352.01,1001.19,0.9221,-1,-1,-1
610,64,579.68,329.29,87.67,326.91,0.7515,-1,-1,-1
610,56,1272.14,286.55,142.05,436.00,0.7586,-1,-1,-1
610,68,1166.76,349.60,71.34,241.02,0.5562,-1,-1,-1
610,70,1238.02,327.71,87.29,314.16,0.6000,-1,-1,-1
611,2,874.49,278.02,143.63,463.76,0.8167,-1,-1,-1
611,39,1043.29,267.41,133.64,470.19,0.7849,-1,-1,-1
611,45,1580.43,70.74,339.55,1004.35,0.9176,-1,-1,-1
611,64,583.60,330.67,85.18,326.74,0.7413,-1,-1,-1
611,56,1282.52,288.70,137.26,439.28,0.6796,-1,-1,-1
611,68,1167.67,348.23,71.94,241.97,0.6941,-1,-1,-1
611,70,1243.64,332.77,85.10,307.71,0.5941,-1,-1,-1
612,2,878.23,280.80,141.61,459.77,0.8333,-1,-1,-1
612,39,1035.64,273.18,141.52,470.80,0.8125,-1,-1,-1
612,45,1595.35,74.52,323.65,1004.13,0.9152,-1,-1,-1
612,64,586.34,333.59,80.05,323.45,0.7757,-1,-1,-1
612,56,1289.56,291.42,138.19,432.79,0.6940,-1,-1,-1
612,68,1170.95,348.24,71.87,245.83,0.6507,-1,-1,-1
612,70,1245.86,339.27,82.25,300.54,0.6033,-1,-1,-1
613,2,878.84,282.73,143.96,459.97,0.8368,-1,-1,-1
613,39,1031.89,276.06,149.20,475.60,0.8460,-1,-1,-1
613,45,1607.56,77.49,311.25,998.08,0.9119,-1,-1,-1
613,64,587.41,333.93,79.34,323.76,0.7660,-1,-1,-1
613,56,1298.36,295.09,134.99,438.29,0.6174,-1,-1,-1
613,68,1174.93,352.94,71.41,240.45,0.6580,-1,-1,-1
613,70,1247.02,337.09,84.89,309.17,0.5560,-1,-1,-1
614,2,882.89,286.98,143.73,463.50,0.8328,-1,-1,-1
614,39,1031.32,278.38,156.63,478.79,0.8504,-1,-1,-1
614,45,1620.13,80.43,298.80,996.34,0.9143,-1,-1,-1
614,64,587.90,335.85,79.11,325.51,0.7686,-1,-1,-1
614,56,1307.73,297.91,132.17,445.94,0.6624,-1,-1,-1
614,68,1180.30,359.05,68.65,240.11,0.6001,-1,-1,-1
614,70,1255.50,327.36,89.71,332.24,0.4749,-1,-1,-1
615,2,886.30,289.04,145.19,464.99,0.8358,-1,-1,-1
615,39,1031.35,280.19,158.24,478.73,0.8322,-1,-1,-1
615,45,1635.04,82.08,284.03,993.53,0.9026,-1,-1,-1
615,64,589.43,342.96,80.25,322.67,0.7330,-1,-1,-1
615,56,1317.97,296.10,122.83,454.03,0.7265,-1,-1,-1
615,68,1182.65,360.52,68.44,241.78,0.6272,-1,-1,-1
615,70,1263.71,324.08,92.50,345.32,0.5936,-1,-1,-1
616,2,886.12,293.46,148.83,462.61,0.8301,-1,-1,-1
616,39,1031.55,282.71,163.68,478.83,0.8242,-1,-1,-1
616,45,1643.63,81.98,274.72,994.33,0.8897,-1,-1,-1
616,64,590.59,344.90,97.22,321.83,0.7145,-1,-1,-1
616,56,1324.57,298.90,120.29,457.32,0.7242,-1,-1,-1
616,68,1186.34,362.21,66.23,239.00,0.5725,-1,-1,-1
616,70,1269.11,321.91,91.87,353.68,0.6120,-1,-1,-1
617,2,885.08,295.31,151.34,466.21,0.8439,-1,-1,-1
617,39,1029.89,285.81,167.82,479.18,0.8451,-1,-1,-1
617,45,1656.67,90.59,261.26,985.92,0.8845,-1,-1,-1
617,64,589.94,342.79,95.23,327.68,0.7335,-1,-1,-1
617,56,1329.07,300.10,118.51,462.16,0.7321,-1,-1,-1
617,68,1187.29,368.86,65.27,235.08,0.6005,-1,-1,-1
617,70,1272.12,323.33,92.04,361.63,0.5931,-1,-1,-1
618,2,885.51,298.66,151.12,468.34,0.8354,-1,-1,-1
618,39,1029.03,288.60,172.74,480.93,0.8495,-1,-1,-1
618,45,1665.92,99.82,251.63,976.58,0.8813,-1,-1,-1
618,64,588.97,337.57,87.41,335.70,0.7859,-1,-1,-1
618,56,1329.75,301.37,119.83,465.39,0.7378,-1,-1,-1
618,68,1188.16,372.00,65.19,240.00,0.5618,-1,-1,-1
618,70,1273.07,326.86,93.54,365.68,0.5692,-1,-1,-1
619,2,883.27,300.68,148.58,466.83,0.8363,-1,-1,-1
619,39,1026.74,289.31,173.97,482.35,0.8099,-1,-1,-1
619,45,1668.03,104.66,249.04,969.72,0.8953,-1,-1,-1
619,64,586.49,336.40,83.12,337.74,0.7605,-1,-1,-1
619,56,1329.72,301.91,127.63,466.58,0.7372,-1,-1,-1
619,68,1186.50,369.49,66.69,245.70,0.5268,-1,-1,-1
619,70,1273.52,327.47,97.35,371.32,0.6000,-1,-1,-1
619,71,1242.67,359.21,72.83,311.90,0.4382,-1,-1,-1
620,2,880.94,303.05,142.24,465.14,0.8231,-1,-1,-1
620,39,1026.61,289.14,175.55,482.09,0.7865,-1,-1,-1
620,45,1679.10,111.07,238.70,963.45,0.8854,-1,-1,-1
620,64,581.87,337.94,84.07,341.28,0.6974,-1,-1,-1
620,56,1331.20,302.19,125.09,468.92,0.7530,-1,-1,-1
620,68,1184.72,372.53,65.45,237.41,0.5807,-1,-1,-1
620,70,1269.10,328.25,101.91,377.78,0.6078,-1,-1,-1
620,71,1243.27,358.96,73.13,318.53,0.4093,-1,-1,-1
621,2,875.94,302.72,137.20,462.10,0.8241,-1,-1,-1
621,39,1025.70,288.35,165.50,481.37,0.6811,-1,-1,-1
621,45,1686.39,119.57,230.83,954.87,0.8791,-1,-1,-1
621,64,578.47,336.68,82.27,345.04,0.7251,-1,-1,-1
621,56,1330.65,303.94,123.52,466.47,0.7444,-1,-1,-1
621,68,1183.14,375.48,65.55,229.20,0.5060,-1,-1,-1
621,70,1266.68,329.29,105.57,381.26,0.6266,-1,-1,-1
621,71,1242.36,359.77,70.10,325.60,0.2891,-1,-1,-1
622,2,869.35,303.12,146.13,461.24,0.8021,-1,-1,-1
622,39,1024.16,287.99,149.66,479.63,0.7517,-1,-1,-1
622,45,1688.76,120.88,228.73,954.03,0.8936,-1,-1,-1
622,64,574.60,341.14,79.26,341.46,0.7756,-1,-1,-1
622,56,1330.46,304.19,123.04,472.07,0.6599,-1,-1,-1
622,68,1184.20,378.29,62.87,201.28,0.3885,-1,-1,-1
622,70,1261.05,329.08,109.98,389.38,0.5655,-1,-1,-1
622,71,1240.75,360.38,69.38,324.27,0.3482,-1,-1,-1
622,72,1127.98,327.63,90.88,356.39,0.6475,-1,-1,-1
623,2,862.82,303.20,146.21,463.13,0.7995,-1,-1,-1
623,39,1018.19,288.46,145.60,479.57,0.7784,-1,-1,-1
623,45,1692.71,120.98,225.23,955.25,0.8980,-1,-1,-1
623,64,569.35,340.69,84.37,344.06,0.7378,-1,-1,-1
623,56,1329.51,306.27,124.68,475.17,0.6553,-1,-1,-1
623,68,1182.08,381.38,63.01,191.58,0.3111,-1,-1,-1
623,70,1255.98,330.47,113.43,393.88,0.5243,-1,-1,-1
623,71,1240.59,359.99,66.00,325.16,0.2700,-1,-1,-1
623,72,1121.03,329.12,95.60,370.03,0.7148,-1,-1,-1
624,2,853.94,304.45,154.25,460.26,0.8459,-1,-1,-1
624,39,1014.08,288.21,140.67,477.12,0.8128,-1,-1,-1
624,45,1695.73,117.15,222.03,957.70,0.8972,-1,-1,-1
624,64,564.67,340.47,85.36,343.03,0.7642,-1,-1,-1
624,56,1327.76,307.89,123.56,472.85,0.7073,-1,-1,-1
624,68,1178.85,377.76,62.28,194.39,0.2679,-1,-1,-1
624,70,1254.27,330.22,110.77,399.49,0.6017,-1,-1,-1
624,72,1118.75,332.14,96.40,382.18,0.6832,-1,-1,-1
625,2,849.50,304.68,155.40,456.54,0.8465,-1,-1,-1
625,39,1009.00,285.32,136.45,474.17,0.7938,-1,-1,-1
625,45,1698.73,113.77,219.34,960.29,0.9029,-1,-1,-1
625,64,558.45,341.86,85.66,343.83,0.7331,-1,-1,-1
625,56,1328.73,305.99,120.04,475.96,0.7268,-1,-1,-1
625,68,1177.82,381.19,58.60,188.61,0.2988,-1,-1,-1
625,70,1245.45,331.14,114.80,404.06,0.6452,-1,-1,-1
625,72,1115.98,334.14,95.15,395.39,0.7388,-1,-1,-1
626,2,846.14,303.87,153.38,455.88,0.8216,-1,-1,-1
626,39,1003.82,285.86,134.72,474.46,0.7883,-1,-1,-1
626,45,1702.26,115.61,215.96,957.70,0.9060,-1,-1,-1
626,64,552.39,344.38,83.36,344.37,0.7145,-1,-1,-1
626,56,1327.01,305.02,120.78,477.98,0.7759,-1,-1,-1
626,68,1178.25,391.43,55.41,166.05,0.2061,-1,-1,-1
626,70,1241.30,331.53,116.81,407.24,0.6938,-1,-1,-1
626,72,1109.80,335.22,95.68,398.52,0.7471,-1,-1,-1
627,2,839.64,302.15,156.34,457.42,0.8351,-1,-1,-1
627,39,996.89,283.42,138.46,476.90,0.7868,-1,-1,-1
627,45,1704.49,117.83,213.87,954.22,0.9040,-1,-1,-1
627,64,545.80,343.10,83.26,349.63,0.7491,-1,-1,-1
627,56,1325.73,304.38,121.46,478.61,0.7618,-1,-1,-1
627,68,1176.47,394.37,54.98,159.48,0.1835,-1,-1,-1
627,70,1236.17,330.63,117.57,410.94,0.6726,-1,-1,-1
627,72,1106.83,334.84,92.95,401.26,0.7333,-1,-1,-1
628,2,828.94,301.41,163.22,456.87,0.8428,-1,-1,-1
628,39,989.07,280.55,147.45,477.46,0.7588,-1,-1,-1
628,45,1702.42,116.05,216.04,954.49,0.9047,-1,-1,-1
628,64,540.71,339.52,82.03,354.02,0.7774,-1,-1,-1
628,56,1324.31,302.50,121.52,480.18,0.7794,-1,-1,-1
628,70,1235.03,330.44,114.43,412.46,0.6841,-1,-1,-1
628,72,1100.86,331.37,98.33,410.73,0.7134,-1,-1,-1
629,2,824.91,300.81,166.01,456.47,0.8503,-1,-1,-1
629,39,982.99,282.35,135.45,475.50,0.7742,-1,-1,-1
629,45,1684.95,112.73,234.00,956.65,0.8829,-1,-1,-1
629,64,536.17,341.85,88.16,353.68,0.6972,-1,-1,-1
629,56,1323.44,301.10,121.31,481.69,0.7738,-1,-1,-1
629,70,1233.37,329.94,111.72,416.68,0.6715,-1,-1,-1
629,72,1093.09,328.84,106.46,418.55,0.7530,-1,-1,-1
630,2,822.89,302.31,164.50,453.92,0.8434,-1,-1,-1
630,39,975.32,281.19,132.07,475.30,0.8153,-1,-1,-1
630,45,1644.16,114.09,274.92,955.49,0.8887,-1,-1,-1
630,64,530.93,340.39,88.06,358.39,0.7634,-1,-1,-1
630,56,1322.89,300.59,120.77,483.45,0.7801,-1,-1,-1
630,70,1238.47,327.75,104.23,420.54,0.6425,-1,-1,-1
630,72,1087.09,326.89,113.64,423.13,0.7896,-1,-1,-1
631,2,820.47,303.52,165.15,454.19,0.8504,-1,-1,-1
631,39,971.49,280.70,130.26,474.62,0.8288,-1,-1,-1
631,45,1672.69,111.23,247.19,958.56,0.8920,-1,-1,-1
631,64,526.95,343.72,85.35,353.92,0.7335,-1,-1,-1
631,56,1323.63,300.63,120.83,483.72,0.7567,-1,-1,-1
631,70,1236.62,328.64,106.65,422.36,0.6411,-1,-1,-1
631,72,1083.47,326.50,122.26,424.43,0.8123,-1,-1,-1
632,2,816.29,305.51,167.05,455.11,0.8555,-1,-1,-1
632,39,970.36,280.94,127.06,474.24,0.7854,-1,-1,-1
632,45,1691.70,109.43,228.28,961.46,0.9015,-1,-1,-1
632,64,524.78,345.11,83.60,354.11,0.7611,-1,-1,-1
632,56,1325.49,302.13,123.56,484.16,0.7626,-1,-1,-1
632,70,1237.47,327.04,108.44,426.24,0.6627,-1,-1,-1
632,72,1082.35,326.12,125.73,426.43,0.8182,-1,-1,-1
633,2,814.14,307.92,168.77,455.78,0.8614,-1,-1,-1
633,39,971.25,281.65,126.05,476.41,0.7673,-1,-1,-1
633,45,1706.56,103.97,214.11,967.59,0.9040,-1,-1,-1
633,64,523.28,343.18,84.72,358.47,0.7709,-1,-1,-1
633,56,1328.26,300.95,123.22,486.42,0.7737,-1,-1,-1
633,70,1238.39,323.47,110.42,428.84,0.6770,-1,-1,-1
633,72,1085.92,326.36,123.42,429.40,0.8143,-1,-1,-1
634,2,812.83,310.01,170.08,456.91,0.8617,-1,-1,-1
634,39,970.40,282.57,127.15,474.53,0.7818,-1,-1,-1
634,45,1719.55,94.13,201.76,978.19,0.9050,-1,-1,-1
634,64,521.72,347.25,86.70,359.56,0.7821,-1,-1,-1
634,56,1332.58,303.20,123.16,487.77,0.7410,-1,-1,-1
634,70,1238.19,321.65,115.17,432.20,0.6784,-1,-1,-1
634,72,1090.37,327.85,123.45,432.26,0.8320,-1,-1,-1
635,2,812.49,310.60,172.23,459.09,0.8566,-1,-1,-1
635,39,975.47,282.94,123.90,478.44,0.7796,-1,-1,-1
635,45,1724.58,89.22,196.61,979.08,0.8870,-1,-1,-1
635,64,521.01,349.44,87.07,361.15,0.7916,-1,-1,-1
635,56,1336.45,300.46,124.74,491.63,0.6899,-1,-1,-1
635,70,1244.40,320.34,112.72,432.39,0.5888,-1,-1,-1
635,72,1094.79,325.72,125.38,437.87,0.8293,-1,-1,-1
635,71,1234.96,347.04,72.26,380.11,0.3707,-1,-1,-1
636,2,812.96,313.68,174.24,457.77,0.8368,-1,-1,-1
636,39,981.07,284.79,124.10,483.40,0.7953,-1,-1,-1
636,45,1722.55,85.86,198.76,985.77,0.8775,-1,-1,-1
636,64,520.36,353.79,86.42,363.15,0.7788,-1,-1,-1
636,56,1340.42,302.11,128.95,492.90,0.7264,-1,-1,-1
636,70,1248.08,317.55,113.74,436.35,0.6003,-1,-1,-1
636,72,1099.79,327.15,124.70,441.19,0.8237,-1,-1,-1
636,71,1238.73,337.80,69.35,390.63,0.3304,-1,-1,-1
637,2,817.11,319.04,172.44,449.46,0.8470,-1,-1,-1
637,39,987.71,292.61,118.89,483.99,0.7989,-1,-1,-1
637,45,1722.17,86.59,198.68,985.54,0.8706,-1,-1,-1
637,64,519.42,359.58,88.50,362.16,0.7448,-1,-1,-1
637,56,1343.24,304.74,130.56,496.46,0.7880,-1,-1,-1
637,70,1251.30,319.59,113.99,431.89,0.6422,-1,-1,-1
637,72,1102.93,328.23,121.48,442.64,0.8152,-1,-1,-1
637,71,1235.69,348.98,73.57,382.27,0.4399,-1,-1,-1
638,2,825.35,318.66,165.65,445.06,0.8643,-1,-1,-1
638,39,989.85,293.87,117.18,481.39,0.8012,-1,-1,-1
638,45,1716.24,84.12,203.83,986.32,0.8831,-1,-1,-1
638,64,518.08,354.85,90.51,367.11,0.7296,-1,-1,-1
638,56,1346.22,303.79,130.20,498.75,0.7828,-1,-1,-1
638,70,1255.11,315.92,111.58,433.79,0.6174,-1,-1,-1
638,72,1104.29,329.58,124.68,439.82,0.8117,-1,-1,-1
638,71,1234.25,350.62,76.22,381.23,0.4993,-1,-1,-1
639,2,834.27,319.48,158.50,449.26,0.8582,-1,-1,-1
639,39,993.43,298.47,113.29,477.43,0.7982,-1,-1,-1
639,45,1712.66,82.95,208.33,989.37,0.8779,-1,-1,-1
639,64,519.01,363.02,92.72,361.27,0.7411,-1,-1,-1
639,56,1353.63,304.29,129.68,500.48,0.7293,-1,-1,-1
639,70,1257.35,314.25,117.93,444.20,0.6932,-1,-1,-1
639,72,1107.77,331.22,130.65,439.75,0.8286,-1,-1,-1
639,71,1237.52,351.93,71.72,379.00,0.4236,-1,-1,-1
640,2,841.12,319.28,154.78,450.15,0.8471,-1,-1,-1
640,39,998.00,301.23,112.46,476.60,0.7987,-1,-1,-1
640,45,1707.53,77.55,213.25,995.05,0.8778,-1,-1,-1
640,64,520.01,366.15,92.65,361.83,0.7257,-1,-1,-1
640,56,1362.06,300.94,128.10,509.41,0.7232,-1,-1,-1
640,70,1258.87,314.93,122.76,454.83,0.7228,-1,-1,-1
640,72,1110.08,331.48,137.23,441.63,0.8085,-1,-1,-1
640,71,1241.48,350.26,72.57,380.21,0.4239,-1,-1,-1
641,2,847.60,320.35,152.61,448.18,0.8313,-1,-1,-1
641,39,1002.62,304.77,111.18,471.31,0.7949,-1,-1,-1
641,45,1704.59,78.34,216.49,992.61,0.8735,-1,-1,-1
641,64,520.83,362.18,94.23,368.03,0.7322,-1,-1,-1
641,56,1369.54,300.12,127.75,507.98,0.7791,-1,-1,-1
641,70,1259.71,312.20,127.40,462.09,0.7417,-1,-1,-1
641,72,1114.40,330.20,144.54,444.30,0.7948,-1,-1,-1
641,71,1245.79,339.76,77.54,385.70,0.1740,-1,-1,-1
642,2,853.13,321.60,153.60,448.49,0.8220,-1,-1,-1
642,39,1005.71,308.02,114.64,471.40,0.7901,-1,-1,-1
642,45,1702.02,85.23,218.90,986.50,0.8823,-1,-1,-1
642,64,525.46,360.87,104.75,372.80,0.7056,-1,-1,-1
642,56,1377.76,302.46,128.14,511.00,0.7981,-1,-1,-1
642,70,1265.51,315.02,129.39,469.05,0.7781,-1,-1,-1
642,72,1120.71,330.90,148.95,447.25,0.7785,-1,-1,-1
643,2,857.45,321.63,153.62,445.91,0.8646,-1,-1,-1
643,39,1007.19,308.64,117.31,479.17,0.8074,-1,-1,-1
643,45,1695.18,88.84,226.27,979.79,0.8824,-1,-1,-1
643,64,527.43,361.77,104.86,374.02,0.7172,-1,-1,-1
643,56,1382.58,302.77,131.64,514.25,0.7876,-1,-1,-1
643,70,1274.67,315.35,127.48,473.62,0.6708,-1,-1,-1
643,72,1124.89,328.41,151.64,456.05,0.8043,-1,-1,-1
644,2,863.19,322.24,152.94,448.29,0.8759,-1,-1,-1
644,39,1010.62,308.71,115.05,483.84,0.7891,-1,-1,-1
644,45,1690.82,95.47,230.16,977.43,0.8597,-1,-1,-1
644,64,529.03,362.11,104.01,378.28,0.7464,-1,-1,-1
644,56,1390.73,300.51,134.15,522.27,0.8010,-1,-1,-1
644,70,1284.99,318.03,123.17,475.98,0.6626,-1,-1,-1
644,72,1131.66,323.89,153.75,467.31,0.8331,-1,-1,-1
645,2,868.21,323.61,153.35,449.98,0.8721,-1,-1,-1
645,39,1011.51,309.66,118.02,487.26,0.7786,-1,-1,-1
645,45,1686.94,200.44,233.61,874.58,0.8210,-1,-1,-1
645,64,532.24,363.72,101.82,378.32,0.7623,-1,-1,-1
645,56,1395.32,297.84,137.16,525.84,0.7464,-1,-1,-1
645,70,1295.61,314.25,118.35,481.50,0.6765,-1,-1,-1
645,72,1135.23,320.36,155.99,477.30,0.8500,-1,-1,-1
646,2,873.46,324.55,150.76,454.30,0.8632,-1,-1,-1
646,39,1008.88,308.99,124.49,487.70,0.8056,-1,-1,-1
646,45,1687.60,243.80,232.75,820.05,0.8086,-1,-1,-1
646,64,532.71,363.39,101.28,381.17,0.7654,-1,-1,-1
646,56,1404.03,295.39,133.20,529.17,0.7536,-1,-1,-1
646,70,1299.33,312.48,122.73,486.46,0.7240,-1,-1,-1
646,72,1135.78,318.17,160.18,483.05,0.8512,-1,-1,-1
647,2,876.01,325.81,151.34,456.25,0.8577,-1,-1,-1
647,39,1014.63,308.81,124.13,486.65,0.7980,-1,-1,-1
647,45,1685.65,270.90,234.36,797.04,0.8293,-1,-1,-1
647,64,533.51,363.13,101.19,383.49,0.7415,-1,-1,-1
647,56,1411.03,292.68,131.21,538.41,0.7697,-1,-1,-1
647,70,1307.41,308.81,120.89,493.35,0.6981,-1,-1,-1
647,72,1136.51,319.43,165.31,487.14,0.8492,-1,-1,-1
647,71,1277.02,343.68,75.28,411.24,0.5063,-1,-1,-1
648,2,879.60,329.00,147.59,453.01,0.8508,-1,-1,-1
648,39,1019.97,308.75,119.91,485.26,0.7955,-1,-1,-1
648,45,1686.99,284.48,232.66,786.60,0.8618,-1,-1,-1
648,64,533.73,361.37,100.54,387.30,0.7389,-1,-1,-1
648,56,1416.49,294.14,131.48,540.33,0.7606,-1,-1,-1
648,70,1308.60,308.38,125.51,498.85,0.7374,-1,-1,-1
648,72,1136.58,317.44,170.87,492.18,0.8569,-1,-1,-1
648,71,1280.74,343.98,70.91,413.39,0.4299,-1,-1,-1
649,2,881.18,331.71,146.33,450.80,0.8448,-1,-1,-1
649,39,1021.87,308.92,118.37,481.11,0.8046,-1,-1,-1
649,45,1692.81,292.40,226.86,776.86,0.8482,-1,-1,-1
649,64,534.13,360.85,101.15,389.06,0.7399,-1,-1,-1
649,56,1423.15,293.94,132.24,541.39,0.7932,-1,-1,-1
649,70,1308.14,307.09,130.61,498.97,0.7513,-1,-1,-1
649,72,1136.26,322.26,177.10,492.10,0.8706,-1,-1,-1
649,71,1283.93,344.03,67.23,417.70,0.3186,-1,-1,-1
649,73,831.29,400.93,55.67,222.44,0.5073,-1,-1,-1
650,2,880.31,334.86,151.03,450.68,0.8350,-1,-1,-1
650,39,1026.67,308.66,114.75,477.60,0.8101,-1,-1,-1
650,45,1701.99,294.71,217.32,772.94,0.8022,-1,-1,-1
650,64,533.69,360.77,104.43,390.81,0.7371,-1,-1,-1
650,56,1427.78,293.52,135.82,544.13,0.8083,-1,-1,-1
650,70,1306.77,306.13,136.51,501.62,0.7610,-1,-1,-1
650,72,1135.33,318.86,183.04,504.23,0.8690,-1,-1,-1
650,71,1286.48,344.06,66.28,415.92,0.1547,-1,-1,-1
650,73,829.62,401.95,59.11,222.73,0.4737,-1,-1,-1
651,2,880.59,335.25,155.27,449.59,0.8463,-1,-1,-1
651,39,1029.72,307.09,113.39,475.57,0.7954,-1,-1,-1
651,45,1710.24,293.63,208.66,777.81,0.5791,-1,-1,-1
651,64,533.17,360.29,106.41,391.96,0.7274,-1,-1,-1
651,56,1431.81,292.31,140.98,548.97,0.8441,-1,-1,-1
651,70,1309.75,305.15,138.37,506.77,0.7874,-1,-1,-1
651,72,1134.24,319.60,187.40,508.37,0.8501,-1,-1,-1
651,71,1285.88,344.80,69.27,411.72,0.1714,-1,-1,-1
651,73,827.56,404.98,62.18,221.08,0.5594,-1,-1,-1
652,2,878.54,336.05,159.58,446.80,0.8387,-1,-1,-1
652,39,1030.51,306.65,113.44,475.91,0.8059,-1,-1,-1
652,45,1722.93,294.51,195.98,669.98,0.6947,-1,-1,-1
652,64,531.80,361.96,112.46,391.03,0.7141,-1,-1,-1
652,56,1434.61,294.88,144.13,548.49,0.8219,-1,-1,-1
652,70,1312.33,302.51,141.01,509.76,0.7736,-1,-1,-1
652,72,1132.09,319.75,192.17,513.24,0.8327,-1,-1,-1
652,73,820.67,406.70,67.49,221.53,0.6324,-1,-1,-1
653,2,875.67,338.49,163.08,442.17,0.8443,-1,-1,-1
653,39,1031.13,306.61,113.77,477.65,0.8000,-1,-1,-1
653,45,1733.62,294.65,185.15,628.66,0.7908,-1,-1,-1
653,64,529.48,361.91,114.00,393.37,0.7024,-1,-1,-1
653,56,1438.73,293.60,144.17,554.51,0.7717,-1,-1,-1
653,70,1312.59,306.01,144.97,507.55,0.7694,-1,-1,-1
653,72,1129.01,316.49,195.12,526.32,0.8397,-1,-1,-1
653,73,815.06,404.64,70.76,228.37,0.6532,-1,-1,-1
654,2,871.59,336.29,165.71,441.00,0.8418,-1,-1,-1
654,39,1030.16,304.13,113.95,479.40,0.7950,-1,-1,-1
654,45,1746.22,291.33,172.17,655.94,0.7754,-1,-1,-1
654,64,526.10,358.99,105.41,396.79,0.7311,-1,-1,-1
654,56,1441.01,292.78,145.75,553.48,0.7605,-1,-1,-1
654,70,1313.19,304.39,146.66,509.49,0.7868,-1,-1,-1
654,72,1125.27,311.96,198.87,536.86,0.8529,-1,-1,-1
654,73,808.91,402.60,75.65,230.13,0.6981,-1,-1,-1
655,2,868.07,334.09,167.44,444.39,0.8410,-1,-1,-1
655,39,1028.40,303.33,115.51,478.81,0.7754,-1,-1,-1
655,45,1755.56,290.01,162.80,696.05,0.7632,-1,-1,-1
655,64,523.43,357.86,115.78,397.90,0.7643,-1,-1,-1
655,56,1445.42,293.19,145.18,554.06,0.7369,-1,-1,-1
655,70,1315.37,297.57,146.26,519.78,0.8103,-1,-1,-1
655,72,1120.90,310.34,203.76,543.38,0.8420,-1,-1,-1
655,73,806.00,402.03,73.51,230.29,0.6969,-1,-1,-1
656,2,864.89,333.63,166.22,443.26,0.8469,-1,-1,-1
656,39,1026.44,304.96,115.61,477.25,0.7897,-1,-1,-1
656,45,1765.70,288.41,152.24,730.19,0.7909,-1,-1,-1
656,64,517.80,358.76,112.91,402.10,0.7329,-1,-1,-1
656,56,1448.33,293.09,144.78,558.54,0.7548,-1,-1,-1
656,70,1315.42,297.05,146.88,526.12,0.8156,-1,-1,-1
656,72,1116.27,311.07,204.51,545.70,0.8422,-1,-1,-1
656,73,804.52,405.13,70.14,228.86,0.7179,-1,-1,-1
657,2,860.33,336.33,167.14,439.04,0.8642,-1,-1,-1
657,39,1025.54,307.01,114.65,480.50,0.7682,-1,-1,-1
657,45,1777.00,295.58,141.44,740.02,0.7592,-1,-1,-1
657,64,514.75,360.49,114.43,405.01,0.7421,-1,-1,-1
657,56,1450.11,293.32,145.97,560.13,0.7552,-1,-1,-1
657,70,1314.59,298.09,149.13,531.95,0.8074,-1,-1,-1
657,72,1113.51,312.01,204.25,544.01,0.8435,-1,-1,-1
657,73,802.23,402.90,67.41,235.06,0.6988,-1,-1,-1
658,2,855.21,332.55,169.64,444.20,0.8729,-1,-1,-1
658,39,1023.43,305.88,114.63,480.04,0.7671,-1,-1,-1
658,45,1788.11,292.67,130.87,756.38,0.7506,-1,-1,-1
658,64,510.16,359.42,118.44,405.81,0.8044,-1,-1,-1
658,56,1452.52,290.36,145.93,562.00,0.7765,-1,-1,-1
658,70,1312.75,295.53,151.95,537.23,0.8145,-1,-1,-1
658,72,1111.24,309.86,204.48,538.27,0.8413,-1,-1,-1
658,73,797.20,405.27,68.11,232.66,0.6549,-1,-1,-1
659,2,852.39,330.29,170.36,444.18,0.8717,-1,-1,-1
659,39,1020.63,305.38,113.80,480.12,0.7717,-1,-1,-1
659,45,1798.80,291.42,120.24,763.69,0.7334,-1,-1,-1
659,64,505.31,361.56,106.82,402.04,0.6658,-1,-1,-1
659,56,1454.87,287.88,145.91,564.71,0.7848,-1,-1,-1
659,70,1310.82,294.74,155.08,540.85,0.8342,-1,-1,-1
659,72,1108.52,306.87,207.55,547.70,0.8461,-1,-1,-1
659,73,792.24,403.85,70.23,230.00,0.6916,-1,-1,-1
660,2,850.16,328.83,170.62,443.16,0.8650,-1,-1,-1
660,39,1017.42,305.95,114.53,482.23,0.7694,-1,-1,-1
660,45,1806.65,286.41,112.50,778.07,0.7414,-1,-1,-1
660,64,500.79,362.60,102.26,400.10,0.7049,-1,-1,-1
660,56,1456.45,286.54,146.73,567.58,0.7903,-1,-1,-1
660,70,1308.56,292.27,158.59,546.17,0.8384,-1,-1,-1
660,72,1105.58,303.29,209.62,556.00,0.8483,-1,-1,-1
660,73,788.25,398.07,72.32,233.87,0.7191,-1,-1,-1
660,71,1263.58,329.33,86.49,432.59,0.3601,-1,-1,-1
661,2,847.84,327.61,169.14,445.83,0.8620,-1,-1,-1
661,39,1013.58,306.00,114.76,486.72,0.7684,-1,-1,-1
661,45,1811.74,284.37,107.34,787.83,0.7535,-1,-1,-1
661,64,496.04,361.51,119.36,405.85,0.7469,-1,-1,-1
661,56,1456.14,285.37,147.65,572.12,0.7939,-1,-1,-1
661,70,1306.74,290.11,161.51,553.07,0.8141,-1,-1,-1
661,72,1103.26,299.68,209.73,562.89,0.8684,-1,-1,-1
661,73,785.69,394.85,70.43,239.37,0.7363,-1,-1,-1
661,71,1263.58,327.90,81.79,435.32,0.3181,-1,-1,-1
662,2,846.17,328.18,168.09,450.71,0.8512,-1,-1,-1
662,39,1013.39,310.54,109.41,486.17,0.7680,-1,-1,-1
662,45,1813.35,285.29,105.40,790.39,0.7515,-1,-1,-1
662,64,490.39,360.52,111.86,408.52,0.7765,-1,-1,-1
662,56,1454.65,285.56,150.84,574.93,0.8016,-1,-1,-1
662,70,1303.89,287.11,165.11,559.39,0.8083,-1,-1,-1
662,72,1098.92,299.49,209.94,567.08,0.8827,-1,-1,-1
662,73,781.18,391.58,70.10,245.63,0.7735,-1,-1,-1
662,71,1265.74,326.36,71.01,376.02,0.2034,-1,-1,-1
663,2,838.53,328.72,169.90,449.24,0.8381,-1,-1,-1
663,39,1009.61,311.91,110.68,489.33,0.8036,-1,-1,-1
663,45,1812.74,283.13,105.62,793.68,0.7607,-1,-1,-1
663,64,482.12,357.99,111.66,412.90,0.7901,-1,-1,-1
663,56,1452.07,285.57,153.70,576.39,0.8119,-1,-1,-1
663,70,1296.11,287.57,170.84,562.51,0.8232,-1,-1,-1
663,72,1093.02,296.81,212.96,572.92,0.8785,-1,-1,-1
663,73,781.03,395.96,64.12,237.73,0.2157,-1,-1,-1
663,71,1260.86,325.74,64.48,326.68,0.1561,-1,-1,-1
664,2,832.98,331.06,172.00,444.13,0.8537,-1,-1,-1
664,39,1006.45,311.83,110.00,490.61,0.8054,-1,-1,-1
664,45,1812.30,282.37,105.95,794.82,0.7675,-1,-1,-1
664,64,474.71,355.84,119.56,416.31,0.7977,-1,-1,-1
664,56,1450.40,285.02,157.41,578.60,0.8186,-1,-1,-1
664,70,1288.20,287.99,177.47,566.15,0.8258,-1,-1,-1
664,72,1090.53,297.18,208.12,578.96,0.8738,-1,-1,-1
664,73,775.27,395.49,65.45,235.06,0.5355,-1,-1,-1
664,71,1255.14,327.86,61.97,297.27,0.1572,-1,-1,-1
665,2,838.96,332.11,159.93,436.65,0.8443,-1,-1,-1
665,39,1000.42,309.05,114.07,491.85,0.7883,-1,-1,-1
665,45,1814.01,276.24,104.47,800.90,0.7559,-1,-1,-1
665,64,468.08,355.82,113.80,418.68,0.7514,-1,-1,-1
665,56,1448.78,283.93,159.13,580.95,0.8175,-1,-1,-1
665,70,1284.85,282.53,178.59,574.48,0.8553,-1,-1,-1
665,72,1086.71,294.32,213.97,584.16,0.8690,-1,-1,-1
665,73,766.11,395.56,72.12,239.12,0.6896,-1,-1,-1
665,71,1251.30,326.89,59.20,175.29,0.3657,-1,-1,-1
666,2,841.13,332.08,155.29,439.80,0.8454,-1,-1,-1
666,39,994.75,305.68,115.59,492.13,0.7848,-1,-1,-1
666,45,1805.87,268.79,112.60,808.39,0.7588,-1,-1,-1
666,64,461.20,355.21,110.45,419.51,0.7392,-1,-1,-1
666,56,1447.71,283.05,162.43,582.86,0.8405,-1,-1,-1
666,70,1276.11,281.09,184.01,578.52,0.8586,-1,-1,-1
666,72,1084.60,291.25,219.96,593.92,0.8739,-1,-1,-1
666,73,763.56,395.44,70.92,242.24,0.6973,-1,-1,-1
666,71,1242.37,325.74,61.99,126.13,0.2794,-1,-1,-1
667,2,840.41,332.44,153.43,442.05,0.8481,-1,-1,-1
667,39,988.66,304.11,117.59,481.55,0.7903,-1,-1,-1
667,45,1795.75,263.74,123.16,811.57,0.7676,-1,-1,-1
667,64,453.67,355.06,107.64,419.89,0.7101,-1,-1,-1
667,56,1444.36,283.62,166.54,581.68,0.8500,-1,-1,-1
667,70,1273.63,275.86,183.31,584.85,0.8727,-1,-1,-1
667,72,1083.14,287.99,224.41,609.62,0.8776,-1,-1,-1
667,73,759.46,396.32,70.95,243.48,0.7137,-1,-1,-1
667,71,1233.20,325.14,62.71,103.56,0.3481,-1,-1,-1
668,2,837.00,332.27,156.14,440.53,0.8554,-1,-1,-1
668,39,982.42,302.19,119.15,486.18,0.7940,-1,-1,-1
668,45,1792.19,260.36,127.00,814.85,0.7447,-1,-1,-1
668,64,446.21,352.98,107.24,423.84,0.7816,-1,-1,-1
668,56,1442.38,284.14,171.29,581.43,0.8600,-1,-1,-1
668,70,1270.37,270.56,183.39,589.86,0.8744,-1,-1,-1
668,72,1079.55,284.87,228.97,619.08,0.8780,-1,-1,-1
668,73,755.16,391.14,72.34,250.01,0.7265,-1,-1,-1
668,71,1224.02,325.30,62.71,90.60,0.3836,-1,-1,-1
669,2,835.72,331.67,158.58,434.29,0.8532,-1,-1,-1
669,39,976.83,299.78,122.13,489.90,0.8046,-1,-1,-1
669,45,1796.09,255.47,123.55,820.54,0.7750,-1,-1,-1
669,64,440.70,346.79,109.00,432.03,0.7760,-1,-1,-1
669,56,1440.75,282.17,176.70,582.81,0.8604,-1,-1,-1
669,70,1266.59,266.30,184.61,592.80,0.8621,-1,-1,-1
669,72,1076.00,282.47,234.55,633.64,0.8838,-1,-1,-1
669,73,749.95,391.51,74.33,250.27,0.6923,-1,-1,-1
669,71,1210.16,321.68,68.74,79.41,0.2701,-1,-1,-1
670,2,834.62,330.60,156.83,431.40,0.8456,-1,-1,-1
670,39,975.18,298.59,120.35,488.77,0.8182,-1,-1,-1
670,45,1798.54,249.75,121.65,826.66,0.7924,-1,-1,-1
670,64,433.58,347.78,111.43,434.61,0.7884,-1,-1,-1
670,56,1441.14,280.73,178.92,584.75,0.8579,-1,-1,-1
670,70,1265.90,252.72,184.24,609.16,0.8559,-1,-1,-1
670,72,1073.64,280.79,238.03,649.48,0.8828,-1,-1,-1
670,73,742.58,388.80,80.03,254.54,0.7226,-1,-1,-1
670,71,1204.03,322.30,66.91,66.82,0.1632,-1,-1,-1
671,2,834.97,330.29,151.23,432.25,0.8527,-1,-1,-1
671,39,973.38,298.27,121.09,486.08,0.8109,-1,-1,-1
671,45,1798.68,243.77,121.94,832.70,0.7864,-1,-1,-1
671,64,429.51,348.98,113.39,435.17,0.8084,-1,-1,-1
671,56,1441.08,278.63,181.80,588.24,0.8560,-1,-1,-1
671,70,1269.76,254.84,182.96,610.03,0.8530,-1,-1,-1
671,72,1073.96,280.98,239.45,664.53,0.8848,-1,-1,-1
671,73,740.30,385.46,80.36,258.87,0.7258,-1,-1,-1
672,2,836.20,329.86,149.40,433.62,0.8551,-1,-1,-1
672,39,971.20,296.70,124.46,488.12,0.8137,-1,-1,-1
672,45,1797.87,228.47,123.75,844.26,0.7837,-1,-1,-1
672,64,424.94,348.62,118.71,440.02,0.7893,-1,-1,-1
672,56,1442.13,276.31,183.58,590.31,0.8604,-1,-1,-1
672,70,1270.99,247.56,185.22,622.89,0.8494,-1,-1,-1
672,72,1075.00,279.64,241.29,682.59,0.8894,-1,-1,-1
672,73,737.65,383.90,82.13,262.17,0.7199,-1,-1,-1
673,2,837.99,328.56,142.92,433.62,0.8485,-1,-1,-1
673,39,970.56,294.24,126.09,486.34,0.8159,-1,-1,-1
673,45,1794.71,168.78,127.66,903.32,0.7710,-1,-1,-1
673,64,421.12,350.68,120.21,440.32,0.7846,-1,-1,-1
673,56,1444.27,274.28,184.67,593.90,0.8488,-1,-1,-1
673,70,1273.03,242.39,186.86,635.03,0.8356,-1,-1,-1
673,72,1075.65,275.00,246.93,697.12,0.8859,-1,-1,-1
673,73,736.76,380.78,80.96,265.45,0.7209,-1,-1,-1
674,2,839.07,328.56,138.83,433.29,0.8471,-1,-1,-1
674,39,970.53,294.45,125.97,485.97,0.8089,-1,-1,-1
674,45,1789.00,156.07,133.01,915.86,0.7815,-1,-1,-1
674,64,419.56,353.00,119.61,441.05,0.7691,-1,-1,-1
674,56,1445.94,273.86,188.04,593.96,0.8413,-1,-1,-1
674,70,1277.71,240.65,183.24,650.94,0.8243,-1,-1,-1
674,72,1074.47,268.90,255.86,710.13,0.8774,-1,-1,-1
674,73,736.74,380.49,82.77,264.17,0.7020,-1,-1,-1
675,2,839.51,328.83,138.21,434.15,0.8530,-1,-1,-1
675,39,969.68,293.49,127.11,489.19,0.8130,-1,-1,-1
675,45,1781.56,191.46,139.96,879.86,0.7946,-1,-1,-1
675,64,416.96,351.00,122.09,446.77,0.7740,-1,-1,-1
675,56,1447.74,273.57,190.65,594.98,0.8448,-1,-1,-1
675,70,1282.43,245.59,184.68,662.63,0.8162,-1,-1,-1
675,72,1071.41,265.45,265.67,719.54,0.8752,-1,-1,-1
675,73,736.46,381.91,82.50,260.98,0.7086,-1,-1,-1
676,2,839.13,329.67,138.87,435.61,0.8513,-1,-1,-1
676,39,969.74,293.22,128.33,489.75,0.8219,-1,-1,-1
676,45,1774.80,212.09,146.78,857.25,0.8226,-1,-1,-1
676,64,414.77,351.45,124.83,450.18,0.7924,-1,-1,-1
676,56,1455.34,273.05,188.09,589.76,0.8382,-1,-1,-1
676,70,1288.77,239.94,187.83,676.41,0.7947,-1,-1,-1
676,72,1069.22,260.44,277.23,729.02,0.8542,-1,-1,-1
676,73,735.11,382.18,84.34,261.54,0.7251,-1,-1,-1
677,2,838.58,327.28,141.10,437.13,0.8419,-1,-1,-1
677,39,971.80,291.08,126.35,487.88,0.8249,-1,-1,-1
677,45,1764.80,226.36,156.80,842.45,0.8336,-1,-1,-1
677,64,411.54,347.51,126.51,454.14,0.7923,-1,-1,-1
677,56,1460.72,267.46,189.38,592.91,0.8357,-1,-1,-1
677,70,1295.44,230.66,201.36,695.20,0.7771,-1,-1,-1
677,72,1066.24,252.13,288.35,713.80,0.8502,-1,-1,-1
677,73,734.15,379.39,86.48,264.31,0.7434,-1,-1,-1
678,2,839.19,326.32,141.68,439.17,0.8475,-1,-1,-1
678,39,972.45,290.53,127.73,488.84,0.8164,-1,-1,-1
678,45,1758.17,232.09,163.72,839.77,0.8556,-1,-1,-1
678,64,409.22,347.51,128.26,455.51,0.7956,-1,-1,-1
678,56,1467.55,264.29,185.45,595.69,0.8227,-1,-1,-1
678,70,1301.43,226.71,205.71,705.51,0.8078,-1,-1,-1
678,72,1063.15,243.91,303.95,708.94,0.8708,-1,-1,-1
678,73,734.14,379.01,86.96,266.36,0.7409,-1,-1,-1
679,2,838.93,326.65,144.74,438.80,0.8426,-1,-1,-1
679,39,977.26,290.54,125.85,486.52,0.7904,-1,-1,-1
679,45,1752.20,240.74,169.97,833.17,0.8450,-1,-1,-1
679,64,408.24,347.37,127.72,456.04,0.7839,-1,-1,-1
679,56,1476.45,262.78,182.52,595.56,0.8157,-1,-1,-1
679,70,1309.52,226.63,203.95,721.66,0.8382,-1,-1,-1
679,72,1062.23,237.17,314.24,730.84,0.8622,-1,-1,-1
679,73,734.48,377.91,86.37,266.95,0.7336,-1,-1,-1
680,2,837.71,328.68,154.18,438.68,0.8466,-1,-1,-1
680,39,982.12,292.06,122.51,484.55,0.7718,-1,-1,-1
680,45,1745.36,245.15,177.34,814.96,0.7730,-1,-1,-1
680,64,408.70,347.18,129.15,458.91,0.7865,-1,-1,-1
680,56,1485.91,261.88,183.42,602.49,0.8343,-1,-1,-1
680,70,1318.30,233.06,207.25,730.34,0.8708,-1,-1,-1
680,72,1064.60,231.85,306.25,758.33,0.8740,-1,-1,-1
680,73,735.84,377.76,87.19,269.82,0.7452,-1,-1,-1
681,2,839.00,331.28,159.65,437.83,0.8541,-1,-1,-1
681,39,985.62,295.20,120.36,481.75,0.7800,-1,-1,-1
681,45,1739.59,249.65,183.35,740.94,0.7892,-1,-1,-1
681,64,410.72,346.25,130.57,462.36,0.7832,-1,-1,-1
681,56,1491.80,261.87,186.30,607.66,0.8323,-1,-1,-1
681,70,1328.92,237.48,204.85,733.90,0.8649,-1,-1,-1
681,72,1071.17,226.73,295.49,781.03,0.8695,-1,-1,-1
681,73,736.41,380.97,91.13,271.10,0.7562,-1,-1,-1
682,2,840.22,332.48,166.75,441.03,0.8251,-1,-1,-1
682,39,991.97,295.70,117.19,482.34,0.8021,-1,-1,-1
682,45,1735.68,254.64,187.00,597.10,0.8296,-1,-1,-1
682,64,412.91,345.40,129.03,464.91,0.7895,-1,-1,-1
682,56,1500.66,259.98,180.76,616.99,0.8326,-1,-1,-1
682,70,1340.54,235.06,202.54,741.31,0.8558,-1,-1,-1
682,72,1077.86,222.97,291.38,793.38,0.8818,-1,-1,-1
682,73,737.86,381.15,93.05,274.22,0.7625,-1,-1,-1
683,2,845.33,334.75,166.28,433.30,0.8036,-1,-1,-1
683,39,996.89,294.84,118.30,486.44,0.8023,-1,-1,-1
683,45,1740.08,259.05,182.24,536.53,0.7009,-1,-1,-1
683,64,414.17,346.34,127.01,464.83,0.7797,-1,-1,-1
683,56,1508.62,257.41,171.57,622.59,0.8320,-1,-1,-1
683,70,1350.06,232.73,212.07,751.38,0.8695,-1,-1,-1
683,72,1083.27,219.70,293.73,811.84,0.8782,-1,-1,-1
683,73,740.06,381.98,92.50,274.59,0.7641,-1,-1,-1
684,2,849.95,336.55,163.66,435.45,0.8397,-1,-1,-1
684,39,1002.60,296.35,115.65,488.78,0.8062,-1,-1,-1
684,45,1746.20,263.08,176.29,509.57,0.6230,-1,-1,-1
684,64,416.77,347.59,126.88,465.89,0.7939,-1,-1,-1
684,56,1515.52,258.43,171.44,627.53,0.8202,-1,-1,-1
684,70,1359.83,226.86,219.97,762.98,0.8636,-1,-1,-1
684,72,1090.66,216.99,295.36,842.88,0.8764,-1,-1,-1
684,73,745.88,382.53,90.99,277.56,0.7766,-1,-1,-1
685,2,860.64,333.59,157.21,438.78,0.8128,-1,-1,-1
685,39,1009.45,296.65,113.93,489.44,0.8054,-1,-1,-1
685,45,1754.28,266.93,168.25,508.85,0.4473,-1,-1,-1
685,64,420.44,342.25,128.60,472.28,0.7976,-1,-1,-1
685,56,1523.29,259.60,164.71,623.87,0.7560,-1,-1,-1
685,70,1370.49,220.96,222.63,770.00,0.8326,-1,-1,-1
685,72,1097.11,213.76,299.22,863.05,0.8874,-1,-1,-1
685,73,752.52,382.03,88.83,280.71,0.7896,-1,-1,-1
686,2,872.41,333.38,149.11,435.36,0.8561,-1,-1,-1
686,39,1017.05,294.18,116.49,490.72,0.7973,-1,-1,-1
686,45,1766.01,277.80,156.40,501.99,0.6644,-1,-1,-1
686,64,424.82,341.62,125.62,474.00,0.8144,-1,-1,-1
686,56,1541.88,266.11,149.33,619.54,0.4321,-1,-1,-1
686,70,1384.64,212.19,232.17,781.15,0.8309,-1,-1,-1
686,72,1103.67,210.01,301.18,872.48,0.8993,-1,-1,-1
686,73,757.60,382.68,88.20,279.31,0.8151,-1,-1,-1
687,2,878.58,330.19,155.51,438.56,0.8462,-1,-1,-1
687,39,1021.01,294.74,120.34,495.24,0.7959,-1,-1,-1
687,45,1784.42,297.10,138.02,529.67,0.6373,-1,-1,-1
687,64,429.14,336.94,121.02,474.28,0.7954,-1,-1,-1
687,56,1556.88,229.09,141.78,660.21,0.2545,-1,-1,-1
687,70,1395.65,203.21,258.40,795.08,0.8369,-1,-1,-1
687,72,1107.11,206.04,308.09,878.17,0.9021,-1,-1,-1
687,73,764.68,379.51,87.71,282.69,0.8178,-1,-1,-1
688,2,884.19,326.99,151.98,435.49,0.8325,-1,-1,-1
688,39,1028.94,293.32,119.15,490.86,0.8104,-1,-1,-1
688,45,1801.98,323.91,120.01,526.29,0.6849,-1,-1,-1
688,64,433.27,332.40,122.96,478.85,0.7643,-1,-1,-1
688,56,1590.70,292.47,116.12,593.27,0.1774,-1,-1,-1
688,70,1408.24,193.17,278.61,808.40,0.8663,-1,-1,-1
688,72,1109.74,197.33,315.74,885.28,0.8989,-1,-1,-1
688,73,767.04,377.16,90.93,282.49,0.7855,-1,-1,-1
689,2,891.05,322.79,150.76,432.05,0.8102,-1,-1,-1
689,39,1036.84,290.47,116.62,489.19,0.7758,-1,-1,-1
689,45,1823.02,360.97,98.28,500.58,0.5573,-1,-1,-1
689,64,436.25,328.34,123.34,477.35,0.8084,-1,-1,-1
689,70,1419.45,187.44,290.95,809.81,0.8775,-1,-1,-1
689,72,1112.65,177.26,323.30,903.07,0.8956,-1,-1,-1
689,73,770.08,372.53,95.65,283.09,0.7700,-1,-1,-1
690,2,895.98,317.54,157.64,433.59,0.7925,-1,-1,-1
690,39,1044.75,286.47,115.67,487.94,0.8154,-1,-1,-1
690,45,1847.27,400.37,73.53,477.04,0.3387,-1,-1,-1
690,64,438.35,322.10,122.48,476.71,0.7845,-1,-1,-1
690,70,1428.62,178.71,310.95,816.06,0.8656,-1,-1,-1
690,72,1112.53,168.97,334.49,906.83,0.8985,-1,-1,-1
690,73,773.83,363.44,94.21,288.27,0.7458,-1,-1,-1
690,75,869.14,379.46,49.05,227.71,0.4065,-1,-1,-1
691,2,900.97,311.88,162.43,432.72,0.8089,-1,-1,-1
691,39,1048.78,283.08,115.52,486.98,0.7609,-1,-1,-1
691,64,440.28,318.34,122.46,478.26,0.7143,-1,-1,-1
691,70,1437.86,166.11,330.47,830.71,0.8798,-1,-1,-1
691,72,1111.94,171.73,342.08,905.25,0.9032,-1,-1,-1
691,73,777.21,360.87,93.99,290.19,0.7824,-1,-1,-1
691,75,869.85,380.77,51.76,220.99,0.3541,-1,-1,-1
692,2,905.99,307.26,151.19,433.03,0.7948,-1,-1,-1
692,39,1052.94,279.65,116.89,491.11,0.7500,-1,-1,-1
692,64,440.52,313.59,123.96,483.13,0.7421,-1,-1,-1
692,70,1445.75,154.65,344.87,854.76,0.8965,-1,-1,-1
692,72,1109.29,159.60,355.90,919.53,0.8951,-1,-1,-1
692,73,779.29,355.88,93.60,293.45,0.7836,-1,-1,-1
692,75,867.80,374.79,57.08,219.13,0.5083,-1,-1,-1
693,2,909.65,302.42,148.91,435.41,0.7916,-1,-1,-1
693,39,1058.63,273.52,109.08,512.01,0.6061,-1,-1,-1
693,64,440.09,309.18,141.21,487.55,0.6777,-1,-1,-1
693,70,1452.29,144.39,358.62,885.58,0.9008,-1,-1,-1
693,72,1106.35,138.96,372.16,937.73,0.8889,-1,-1,-1
693,73,778.91,353.01,93.96,293.34,0.7797,-1,-1,-1
693,75,866.34,370.98,61.81,220.32,0.5336,-1,-1,-1
694,2,910.63,298.97,144.62,437.54,0.8126,-1,-1,-1
694,39,1062.34,267.37,100.85,518.23,0.5497,-1,-1,-1
694,64,438.76,304.09,139.35,492.21,0.6921,-1,-1,-1
694,70,1457.10,137.52,377.14,910.11,0.8983,-1,-1,-1
694,72,1103.36,126.93,391.74,949.90,0.8897,-1,-1,-1
694,73,779.62,350.88,93.88,294.48,0.7485,-1,-1,-1
694,75,865.03,367.11,62.97,218.18,0.5096,-1,-1,-1
695,2,911.60,297.79,142.94,436.19,0.8101,-1,-1,-1
695,39,1061.26,259.98,125.15,606.54,0.5273,-1,-1,-1
695,64,435.09,298.91,130.92,495.01,0.7971,-1,-1,-1
695,70,1462.51,130.16,396.36,922.66,0.8994,-1,-1,-1
695,72,1096.06,113.56,416.38,962.92,0.8794,-1,-1,-1
695,73,780.10,346.58,91.16,296.03,0.7459,-1,-1,-1
695,75,865.48,363.29,65.04,223.20,0.6098,-1,-1,-1
696,2,911.11,299.60,139.70,433.40,0.8456,-1,-1,-1
696,39,1051.69,253.13,148.58,649.64,0.6176,-1,-1,-1
696,64,432.44,296.56,127.87,497.89,0.8193,-1,-1,-1
696,70,1467.33,125.03,410.96,937.03,0.9045,-1,-1,-1
696,72,1096.17,101.57,428.70,975.58,0.8823,-1,-1,-1
696,73,777.41,343.85,92.97,297.61,0.7687,-1,-1,-1
696,75,865.96,363.43,64.50,227.38,0.6271,-1,-1,-1
697,2,914.10,296.38,135.28,431.61,0.8159,-1,-1,-1
697,39,1046.73,248.28,153.55,675.03,0.6702,-1,-1,-1
697,64,426.79,293.74,131.01,499.25,0.7916,-1,-1,-1
697,70,1475.91,115.22,418.55,955.18,0.8911,-1,-1,-1
697,72,1103.98,85.83,438.89,990.62,0.8937,-1,-1,-1
697,73,775.91,337.65,94.73,300.38,0.7628,-1,-1,-1
697,75,865.38,361.05,64.06,228.76,0.6716,-1,-1,-1
698,2,916.97,291.07,138.71,435.57,0.8322,-1,-1,-1
698,39,1046.71,230.65,164.34,703.01,0.6729,-1,-1,-1
698,64,425.59,286.63,127.67,501.62,0.7804,-1,-1,-1
698,70,1482.44,109.19,429.75,960.70,0.9017,-1,-1,-1
698,72,1105.98,69.18,446.71,1007.29,0.9040,-1,-1,-1
698,73,774.94,336.41,96.92,300.73,0.7806,-1,-1,-1
698,75,863.34,357.65,65.87,228.52,0.6887,-1,-1,-1
699,2,918.81,285.05,146.31,438.84,0.8358,-1,-1,-1
699,39,1046.90,211.88,168.42,730.11,0.6960,-1,-1,-1
699,64,422.96,280.31,135.62,504.34,0.7730,-1,-1,-1
699,70,1492.25,97.27,432.54,968.41,0.9050,-1,-1,-1
699,72,1112.58,51.11,451.20,1026.18,0.9052,-1,-1,-1
699,73,773.40,333.24,101.23,301.91,0.7892,-1,-1,-1
699,75,863.72,351.90,66.05,229.22,0.6890,-1,-1,-1
700,2,920.07,282.27,148.24,440.05,0.8453,-1,-1,-1
700,39,1050.31,197.89,164.53,748.43,0.7592,-1,-1,-1
700,64,421.18,275.83,132.42,506.17,0.7966,-1,-1,-1
700,70,1501.23,82.31,427.84,984.88,0.9101,-1,-1,-1
700,72,1124.96,33.74,452.25,1043.24,0.8995,-1,-1,-1
700,73,772.13,331.07,102.94,303.87,0.7657,-1,-1,-1
700,75,865.49,347.33,63.76,230.82,0.6504,-1,-1,-1
701,2,920.87,282.26,147.51,437.85,0.8551,-1,-1,-1
701,39,1052.82,189.54,148.06,758.27,0.7719,-1,-1,-1
701,64,417.33,271.84,130.99,511.60,0.8243,-1,-1,-1
701,70,1510.54,73.94,418.49,993.13,0.9082,-1,-1,-1
701,72,1133.82,22.54,451.98,1054.12,0.8951,-1,-1,-1
701,73,772.39,328.86,103.46,305.56,0.7537,-1,-1,-1
701,75,864.43,345.52,65.48,233.40,0.6726,-1,-1,-1
702,2,921.43,279.32,142.15,435.15,0.8406,-1,-1,-1
702,39,1047.88,180.31,165.47,768.32,0.8140,-1,-1,-1
702,64,414.35,267.10,131.25,517.14,0.8279,-1,-1,-1
702,70,1514.50,63.72,413.92,1003.14,0.9111,-1,-1,-1
702,72,1137.50,10.03,454.34,1065.28,0.8915,-1,-1,-1
702,73,773.23,324.73,99.60,306.61,0.7641,-1,-1,-1
702,75,859.76,339.54,71.18,237.62,0.7017,-1,-1,-1
703,2,922.39,276.87,136.48,432.83,0.8365,-1,-1,-1
703,39,1044.70,170.55,174.88,778.30,0.8353,-1,-1,-1
703,64,407.86,260.64,135.35,522.93,0.8182,-1,-1,-1
703,70,1521.84,50.61,406.71,1018.84,0.9060,-1,-1,-1
703,72,1145.77,0.82,455.25,1074.40,0.8957,-1,-1,-1
703,73,772.44,319.21,100.64,311.16,0.7658,-1,-1,-1
703,75,859.92,333.86,71.94,244.49,0.6811,-1,-1,-1
704,2,922.30,271.49,127.67,432.06,0.8208,-1,-1,-1
704,39,1037.98,159.55,197.93,788.13,0.8461,-1,-1,-1
704,64,400.61,253.85,137.64,524.67,0.8432,-1,-1,-1
704,70,1532.20,37.80,395.30,1032.20,0.9107,-1,-1,-1
704,72,1152.58,-4.15,456.66,1077.76,0.9024,-1,-1,-1
704,73,771.76,313.67,103.98,313.53,0.7671,-1,-1,-1
704,75,860.04,328.48,71.18,247.30,0.6798,-1,-1,-1
705,2,921.67,264.08,123.35,431.70,0.8177,-1,-1,-1
705,39,1029.88,148.16,205.38,798.43,0.8461,-1,-1,-1
705,64,395.28,249.44,142.09,524.16,0.8588,-1,-1,-1
705,70,1544.82,15.67,382.99,1051.39,0.9014,-1,-1,-1
705,72,1159.01,-5.76,456.88,1078.04,0.9049,-1,-1,-1
705,73,774.07,309.12,99.43,314.98,0.7490,-1,-1,-1
705,75,856.59,322.78,72.57,246.58,0.6570,-1,-1,-1
706,2,922.50,258.39,122.40,430.21,0.8048,-1,-1,-1
706,39,1012.67,136.72,214.46,818.90,0.8301,-1,-1,-1
706,64,391.98,242.62,142.45,529.06,0.8135,-1,-1,-1
706,70,1557.54,2.00,370.79,1066.23,0.9177,-1,-1,-1
706,72,1168.93,-6.10,461.45,1079.15,0.9111,-1,-1,-1
706,73,773.55,302.98,97.02,317.31,0.7622,-1,-1,-1
706,75,854.20,317.97,74.00,249.80,0.6823,-1,-1,-1
707,2,922.38,254.08,122.78,427.91,0.7559,-1,-1,-1
707,39,999.34,122.14,221.90,852.02,0.8320,-1,-1,-1
707,64,388.43,236.17,143.14,530.87,0.8207,-1,-1,-1
707,70,1577.76,-2.67,350.77,1076.51,0.9170,-1,-1,-1
707,72,1179.56,-5.31,471.71,1081.34,0.9135,-1,-1,-1
707,73,776.65,295.76,92.05,317.90,0.7832,-1,-1,-1
707,75,854.02,312.45,74.19,249.92,0.6649,-1,-1,-1
708,2,923.67,242.40,109.32,433.77,0.6975,-1,-1,-1
708,39,985.66,108.03,228.42,880.67,0.8467,-1,-1,-1
708,64,386.34,229.65,144.74,532.73,0.7951,-1,-1,-1
708,70,1600.41,-2.96,327.08,1079.54,0.9075,-1,-1,-1
708,72,1185.53,-4.39,488.22,1078.58,0.9134,-1,-1,-1
708,73,773.94,288.71,97.78,319.36,0.7737,-1,-1,-1
708,75,853.35,305.28,74.80,256.25,0.6083,-1,-1,-1
709,2,916.80,231.92,116.00,437.05,0.5540,-1,-1,-1
709,39,974.56,97.01,252.50,905.96,0.8608,-1,-1,-1
709,64,381.81,218.03,145.10,543.22,0.8031,-1,-1,-1
709,70,1628.29,-1.26,297.62,1084.95,0.8982,-1,-1,-1
709,72,1199.81,-3.27,502.38,1078.14,0.9183,-1,-1,-1
709,73,769.39,281.71,103.18,322.92,0.7604,-1,-1,-1
709,75,852.56,300.56,74.37,255.15,0.5358,-1,-1,-1
710,39,949.96,85.51,287.76,931.23,0.8829,-1,-1,-1
710,64,377.31,211.00,145.90,546.59,0.7941,-1,-1,-1
710,70,1659.16,-1.39,267.92,1088.16,0.8971,-1,-1,-1
710,72,1217.35,-2.79,521.01,1077.24,0.9315,-1,-1,-1
710,73,767.79,274.82,104.79,327.33,0.7692,-1,-1,-1
710,75,854.39,296.75,71.37,253.09,0.4970,-1,-1,-1
711,39,934.01,76.85,309.83,951.99,0.8934,-1,-1,-1
711,64,372.66,206.14,147.73,550.14,0.8141,-1,-1,-1
711,70,1694.97,-1.76,233.14,1076.41,0.8806,-1,-1,-1
711,72,1232.91,-4.05,562.59,1076.93,0.9216,-1,-1,-1
711,73,772.18,269.91,100.33,330.80,0.7468,-1,-1,-1
711,75,854.05,294.42,70.99,256.29,0.4929,-1,-1,-1
712,39,919.57,63.30,325.19,978.94,0.9029,-1,-1,-1
712,64,368.54,201.45,147.16,554.04,0.8205,-1,-1,-1
712,70,1732.29,-2.17,192.76,957.18,0.7733,-1,-1,-1
712,72,1252.98,-1.79,578.77,1077.04,0.9111,-1,-1,-1
712,73,764.66,265.47,108.05,334.37,0.7433,-1,-1,-1
712,75,853.23,292.49,68.49,255.01,0.5977,-1,-1,-1
713,39,909.07,51.78,330.66,1005.41,0.8966,-1,-1,-1
713,64,365.17,195.52,147.33,557.02,0.8164,-1,-1,-1
713,70,1775.81,0.88,143.87,865.96,0.5929,-1,-1,-1
713,72,1270.94,2.00,599.76,1071.22,0.9159,-1,-1,-1
713,73,759.59,260.78,114.18,337.17,0.7595,-1,-1,-1
713,75,851.73,285.72,71.41,260.05,0.5325,-1,-1,-1
714,39,899.99,43.26,330.69,1022.62,0.8874,-1,-1,-1
714,64,363.50,193.04,147.75,558.06,0.8266,-1,-1,-1
714,72,1288.09,3.44,620.95,1067.41,0.9254,-1,-1,-1
714,73,756.55,258.63,116.42,338.74,0.7820,-1,-1,-1
714,75,852.37,284.47,68.90,261.46,0.5897,-1,-1,-1
715,39,890.73,33.09,335.66,1041.36,0.8909,-1,-1,-1
715,64,357.41,190.27,154.93,562.05,0.8251,-1,-1,-1
715,72,1293.33,-1.81,640.09,1070.79,0.9282,-1,-1,-1
715,73,756.61,254.93,121.93,341.61,0.7668,-1,-1,-1
715,75,851.72,279.90,62.35,266.34,0.4190,-1,-1,-1
716,39,877.99,14.50,335.31,1058.40,0.8964,-1,-1,-1
716,64,355.04,187.82,153.33,564.85,0.8276,-1,-1,-1
716,72,1282.38,-1.76,652.76,1069.87,0.9285,-1,-1,-1
716,73,756.32,252.62,120.89,341.45,0.7613,-1,-1,-1
716,75,848.49,274.37,55.63,269.35,0.3655,-1,-1,-1
716,78,1239.01,316.32,60.09,207.61,0.5869,-1,-1,-1
717,39,860.78,2.72,344.47,1077.42,0.9083,-1,-1,-1
717,64,350.47,187.61,158.56,564.49,0.8038,-1,-1,-1
717,72,1272.31,-0.93,660.99,1068.11,0.9286,-1,-1,-1
717,73,754.38,248.60,125.37,345.71,0.8057,-1,-1,-1
717,78,1241.99,311.13,61.05,212.03,0.5068,-1,-1,-1
718,39,845.15,4.94,345.57,1076.67,0.9026,-1,-1,-1
718,64,345.98,182.79,161.92,570.94,0.8184,-1,-1,-1
718,72,1266.72,0.47,665.73,1069.19,0.9180,-1,-1,-1
718,73,753.99,245.22,118.96,350.62,0.8089,-1,-1,-1
718,78,1240.03,307.98,67.39,214.97,0.5920,-1,-1,-1
719,39,821.43,0.64,351.28,1077.28,0.8993,-1,-1,-1
719,64,342.66,179.45,160.41,575.33,0.8279,-1,-1,-1
719,72,1265.33,2.10,663.22,1069.67,0.9180,-1,-1,-1
719,73,752.38,241.34,109.26,354.73,0.7687,-1,-1,-1
719,78,1240.27,310.94,71.57,210.80,0.5578,-1,-1,-1
720,39,795.40,0.85,358.03,1076.37,0.8881,-1,-1,-1
720,64,340.84,179.40,157.92,578.51,0.8484,-1,-1,-1
720,72,1271.69,5.15,652.11,1058.98,0.9174,-1,-1,-1
720,73,754.27,241.42,91.08,355.04,0.6818,-1,-1,-1
720,78,1240.83,307.96,75.12,214.48,0.6397,-1,-1,-1
720,80,1099.12,168.49,112.89,513.65,0.7164,-1,-1,-1
721,39,770.91,-0.35,362.67,1082.85,0.9126,-1,-1,-1
721,64,336.39,174.96,159.03,586.37,0.8475,-1,-1,-1
721,72,1286.81,4.90,636.48,1061.67,0.8840,-1,-1,-1
721,73,762.51,244.84,61.32,355.44,0.1610,-1,-1,-1
721,78,1241.22,304.02,76.92,216.57,0.6067,-1,-1,-1
721,80,1094.51,165.74,125.51,519.47,0.7444,-1,-1,-1
722,39,748.89,-0.01,367.67,1080.20,0.9107,-1,-1,-1
722,64,331.99,170.57,161.42,591.88,0.8439,-1,-1,-1
722,72,1299.43,4.70,620.51,1060.44,0.9198,-1,-1,-1
722,78,1242.54,296.60,70.37,223.02,0.4932,-1,-1,-1
722,80,1089.12,162.63,137.31,520.07,0.7899,-1,-1,-1
722,81,1317.18,117.25,156.11,489.72,0.7092,-1,-1,-1
723,39,725.51,-0.06,371.98,1081.56,0.9036,-1,-1,-1
723,64,325.96,167.38,164.00,596.36,0.8462,-1,-1,-1
723,72,1310.12,4.75,609.42,1061.96,0.9026,-1,-1,-1
723,78,1244.98,307.91,66.57,213.27,0.5250,-1,-1,-1
723,80,1083.58,162.04,143.02,513.40,0.8312,-1,-1,-1
723,81,1306.64,112.59,165.21,543.45,0.7296,-1,-1,-1
724,39,699.08,0.22,386.63,1075.32,0.9060,-1,-1,-1
724,64,320.48,164.27,165.40,599.91,0.8366,-1,-1,-1
724,72,1318.46,6.39,599.21,1060.02,0.9020,-1,-1,-1
724,78,1242.29,296.49,78.50,230.06,0.1715,-1,-1,-1
724,80,1077.26,159.21,150.60,509.88,0.8440,-1,-1,-1
724,81,1269.44,108.61,194.83,619.19,0.7751,-1,-1,-1
725,39,664.40,1.40,396.41,1072.24,0.9040,-1,-1,-1
725,64,314.49,159.45,166.63,603.50,0.8384,-1,-1,-1
725,72,1328.59,7.94,585.80,1058.71,0.8822,-1,-1,-1
725,80,1072.14,157.22,153.26,507.53,0.8370,-1,-1,-1
725,81,1242.08,102.18,213.42,663.26,0.8576,-1,-1,-1
726,39,631.66,1.19,404.95,1073.95,0.9086,-1,-1,-1
726,64,308.10,156.31,166.87,607.71,0.8180,-1,-1,-1
726,72,1342.93,8.00,573.22,1058.63,0.8124,-1,-1,-1
726,80,1067.84,153.62,160.57,508.58,0.8424,-1,-1,-1
726,81,1217.13,103.20,236.15,704.45,0.8564,-1,-1,-1
727,39,596.39,-2.04,415.31,1081.86,0.9053,-1,-1,-1
727,64,287.52,145.75,172.36,618.08,0.8200,-1,-1,-1
727,72,1376.05,0.88,545.49,1071.37,0.8125,-1,-1,-1
727,80,1061.49,148.25,166.83,515.25,0.8544,-1,-1,-1
727,81,1188.13,100.16,267.93,721.12,0.8693,-1,-1,-1
728,39,557.16,-3.88,434.54,1085.83,0.9091,-1,-1,-1
728,64,276.23,136.76,171.26,625.81,0.8496,-1,-1,-1
728,72,1483.93,-0.00,438.78,1063.35,0.7386,-1,-1,-1
728,80,1058.88,143.29,155.38,516.90,0.6678,-1,-1,-1
728,81,1151.91,96.11,305.01,729.13,0.8592,-1,-1,-1
728,84,942.01,182.08,117.01,444.79,0.7892,-1,-1,-1
729,39,511.24,-6.88,454.44,1086.77,0.9076,-1,-1,-1
729,64,264.92,124.81,171.50,634.38,0.8670,-1,-1,-1
729,72,1640.93,15.20,281.49,1049.35,0.6981,-1,-1,-1
729,80,1055.93,139.86,140.39,515.45,0.7568,-1,-1,-1
729,81,1120.16,87.89,336.51,734.11,0.8772,-1,-1,-1
729,84,931.12,180.91,121.32,443.17,0.8448,-1,-1,-1
730,39,462.08,-5.85,476.05,1085.50,0.9227,-1,-1,-1
730,64,255.08,119.51,173.97,637.10,0.8433,-1,-1,-1
730,80,1050.32,137.24,138.69,517.63,0.8079,-1,-1,-1
730,81,1101.47,87.56,354.47,730.04,0.9000,-1,-1,-1
730,84,918.26,182.38,139.54,439.66,0.8500,-1,-1,-1
731,39,417.07,-1.99,489.54,1079.69,0.9070,-1,-1,-1
731,64,246.58,116.68,174.33,640.57,0.8304,-1,-1,-1
731,80,1046.96,136.77,135.21,517.37,0.7969,-1,-1,-1
731,81,1096.10,89.23,357.14,725.81,0.8963,-1,-1,-1
731,84,909.35,183.01,145.55,439.30,0.8392,-1,-1,-1
732,39,365.98,2.27,513.30,1066.34,0.9132,-1,-1,-1
732,64,244.61,109.74,163.16,647.22,0.8457,-1,-1,-1
732,80,1047.95,137.35,128.14,514.21,0.8128,-1,-1,-1
732,81,1080.53,89.45,370.35,722.46,0.8788,-1,-1,-1
732,84,904.76,184.50,153.50,436.26,0.8399,-1,-1,-1
733,39,268.56,2.37,576.60,1064.31,0.9026,-1,-1,-1
733,80,1045.09,133.41,121.96,514.07,0.8048,-1,-1,-1
733,81,1077.92,79.17,363.48,729.91,0.8630,-1,-1,-1
733,84,898.05,181.23,163.79,436.44,0.8548,-1,-1,-1
734,39,221.28,8.24,588.25,1056.92,0.9264,-1,-1,-1
734,80,1041.81,137.12,118.46,512.81,0.8040,-1,-1,-1
734,81,1067.73,81.15,358.53,737.69,0.8614,-1,-1,-1
734,84,895.28,185.14,154.65,433.41,0.8418,-1,-1,-1
735,39,164.32,8.59,613.65,1054.70,0.9090,-1,-1,-1
735,80,1034.94,138.75,114.81,516.08,0.7600,-1,-1,-1
735,81,1052.05,82.40,352.23,743.20,0.8627,-1,-1,-1
735,84,889.59,185.31,147.59,424.85,0.8574,-1,-1,-1
735,86,741.08,212.15,105.95,399.02,0.6856,-1,-1,-1
736,39,70.33,7.23,669.41,1057.63,0.8623,-1,-1,-1
736,80,1027.46,137.27,108.66,521.44,0.6484,-1,-1,-1
736,81,1038.88,79.04,335.57,734.83,0.8803,-1,-1,-1
736,84,885.71,184.41,142.44,425.41,0.8479,-1,-1,-1
736,86,713.48,186.99,125.85,409.48,0.6399,-1,-1,-1
737,39,6.52,10.03,695.83,1053.50,0.9244,-1,-1,-1
737,80,1015.71,140.23,103.74,521.18,0.6676,-1,-1,-1
737,81,1036.30,75.26,300.76,730.18,0.8519,-1,-1,-1
737,84,879.54,183.09,138.39,425.14,0.8370,-1,-1,-1
737,86,677.32,177.44,152.53,425.28,0.7138,-1,-1,-1
738,39,-18.13,7.99,694.42,1052.14,0.9043,-1,-1,-1
738,80,1004.71,143.18,91.28,516.51,0.4706,-1,-1,-1
738,81,1016.61,71.01,271.44,737.39,0.8715,-1,-1,-1
738,84,865.11,179.66,136.56,428.23,0.8223,-1,-1,-1
738,86,645.58,169.23,160.53,437.47,0.7849,-1,-1,-1
738,88,748.32,211.17,65.84,318.56,0.4611,-1,-1,-1
739,39,-26.05,5.98,672.77,1049.53,0.9128,-1,-1,-1
739,81,997.22,71.08,234.82,736.40,0.8283,-1,-1,-1
739,84,844.77,179.14,136.64,431.75,0.8440,-1,-1,-1
739,86,618.97,163.99,170.93,446.83,0.8122,-1,-1,-1
740,39,-24.17,7.19,628.01,1047.32,0.9056,-1,-1,-1
740,81,974.85,68.68,207.16,737.07,0.8287,-1,-1,-1
740,84,828.99,178.91,142.31,430.07,0.8413,-1,-1,-1
740,86,606.58,161.16,167.90,459.67,0.8233,-1,-1,-1
741,39,-18.74,5.95,572.81,1051.83,0.8885,-1,-1,-1
741,81,952.92,68.76,199.01,751.62,0.8714,-1,-1,-1
741,84,821.00,179.30,141.65,429.83,0.8178,-1,-1,-1
741,86,593.11,159.27,171.42,463.40,0.8471,-1,-1,-1
741,89,1145.98,282.94,64.34,225.99,0.5355,-1,-1,-1
742,39,-15.75,7.03,488.53,1055.40,0.8362,-1,-1,-1
742,81,923.68,68.40,205.80,759.56,0.8391,-1,-1,-1
742,84,810.30,179.35,141.25,432.84,0.8408,-1,-1,-1
742,86,577.62,156.49,174.93,467.42,0.8486,-1,-1,-1
742,89,1139.14,275.81,58.14,250.46,0.4854,-1,-1,-1
743,39,-11.00,11.27,347.37,1044.58,0.7072,-1,-1,-1
743,81,897.24,68.72,217.21,762.28,0.8161,-1,-1,-1
743,84,800.42,181.75,141.71,434.50,0.8276,-1,-1,-1
743,86,569.29,157.03,169.42,471.12,0.8279,-1,-1,-1
743,89,1123.40,260.68,63.33,272.50,0.2820,-1,-1,-1
744,81,855.64,65.93,231.15,764.13,0.8344,-1,-1,-1
744,84,782.66,181.54,145.52,431.28,0.8211,-1,-1,-1
744,86,552.61,156.15,171.93,478.94,0.8404,-1,-1,-1
744,90,1074.19,229.66,91.11,303.50,0.6839,-1,-1,-1
745,81,811.68,62.44,256.11,763.15,0.7786,-1,-1,-1
745,84,768.40,182.21,139.37,429.31,0.7264,-1,-1,-1
745,86,534.63,153.95,179.39,488.39,0.8414,-1,-1,-1
745,90,1063.72,230.17,99.80,305.38,0.7482,-1,-1,-1
745,91,-3.64,54.60,185.98,772.55,0.8732,-1,-1,-1
746,81,750.03,56.94,300.27,778.18,0.8057,-1,-1,-1
746,84,754.97,182.39,131.43,423.91,0.7472,-1,-1,-1
746,86,515.66,151.65,187.29,496.48,0.8398,-1,-1,-1
746,90,1051.54,225.04,102.19,311.98,0.7224,-1,-1,-1
746,91,-4.03,54.14,163.58,769.22,0.8566,-1,-1,-1
747,81,702.25,46.31,338.71,789.47,0.8325,-1,-1,-1
747,84,736.99,183.59,121.52,403.27,0.6153,-1,-1,-1
747,86,496.51,150.45,189.83,503.01,0.8302,-1,-1,-1
747,90,1048.62,222.86,96.58,315.88,0.7046,-1,-1,-1
747,91,-1.66,53.43,138.57,771.84,0.8304,-1,-1,-1
748,81,661.12,48.35,368.04,788.66,0.8794,-1,-1,-1
748,84,721.70,174.69,112.14,406.90,0.5253,-1,-1,-1
748,86,481.09,148.45,192.48,507.38,0.8524,-1,-1,-1
748,90,1042.40,219.83,95.00,322.09,0.7131,-1,-1,-1
748,91,-0.21,60.25,116.55,770.79,0.8120,-1,-1,-1
749,81,655.73,48.87,363.22,789.52,0.8156,-1,-1,-1
749,84,705.84,185.36,96.93,373.48,0.3420,-1,-1,-1
749,86,464.26,148.12,199.54,516.96,0.8425,-1,-1,-1
749,90,1035.12,220.30,93.43,323.31,0.6749,-1,-1,-1
749,91,-0.03,97.02,101.05,730.48,0.7607,-1,-1,-1
749,80,921.22,140.12,85.97,366.04,0.4583,-1,-1,-1
750,81,636.39,53.65,371.61,791.75,0.8596,-1,-1,-1
750,84,694.60,232.61,74.11,320.14,0.4289,-1,-1,-1
750,86,450.02,148.27,202.34,522.99,0.7513,-1,-1,-1
750,90,1030.01,225.06,93.81,321.06,0.7402,-1,-1,-1
750,91,0.07,164.86,80.92,660.88,0.7267,-1,-1,-1
750,92,981.44,237.85,81.83,320.36,0.6538,-1,-1,-1
750,80,908.37,137.81,90.38,458.53,0.3710,-1,-1,-1
751,81,618.13,52.96,381.29,801.39,0.8737,-1,-1,-1
751,84,668.11,171.47,80.43,381.81,0.2054,-1,-1,-1
751,86,435.37,148.66,206.84,539.52,0.8015,-1,-1,-1
751,90,1030.13,226.64,91.14,322.06,0.7152,-1,-1,-1
751,92,977.72,240.56,83.46,322.06,0.6533,-1,-1,-1
751,80,891.17,137.84,103.77,494.88,0.6956,-1,-1,-1
751,88,564.94,210.76,81.90,345.27,0.4249,-1,-1,-1
752,81,605.19,53.48,377.13,808.47,0.8716,-1,-1,-1
752,86,425.83,144.23,206.71,551.26,0.8283,-1,-1,-1
752,90,1029.29,227.40,90.89,322.93,0.7483,-1,-1,-1
752,92,965.51,244.18,97.75,325.00,0.6891,-1,-1,-1
752,80,876.09,138.82,114.87,515.34,0.7589,-1,-1,-1
752,88,560.85,207.51,79.09,352.58,0.3370,-1,-1,-1
753,81,595.72,49.16,368.84,819.54,0.8886,-1,-1,-1
753,86,413.13,139.95,214.77,560.61,0.8387,-1,-1,-1
753,90,1031.08,229.58,89.99,319.61,0.7371,-1,-1,-1
753,92,960.63,249.82,109.87,326.08,0.7032,-1,-1,-1
753,80,865.65,143.13,121.42,525.57,0.7679,-1,-1,-1
753,88,551.54,212.63,83.08,362.74,0.1514,-1,-1,-1
754,81,588.07,48.32,353.32,826.89,0.8870,-1,-1,-1
754,86,397.34,136.81,226.65,566.61,0.8193,-1,-1,-1
754,90,1029.70,231.52,92.39,323.73,0.7432,-1,-1,-1
754,92,956.87,252.29,115.23,327.71,0.6713,-1,-1,-1
754,80,858.13,147.31,124.86,530.13,0.7952,-1,-1,-1
754,93,1833.79,332.40,86.07,369.44,0.5081,-1,-1,-1
755,81,572.28,44.66,349.06,836.44,0.8894,-1,-1,-1
755,86,390.94,133.85,226.82,571.31,0.8486,-1,-1,-1
755,90,1031.25,230.34,94.40,326.14,0.7176,-1,-1,-1
755,92,955.60,251.90,118.99,330.16,0.6919,-1,-1,-1
755,80,851.36,148.31,129.97,534.58,0.7997,-1,-1,-1
755,93,1827.11,314.66,93.51,389.78,0.5030,-1,-1,-1
756,81,545.04,40.36,343.21,849.21,0.8892,-1,-1,-1
756,86,382.13,131.70,225.13,582.64,0.8420,-1,-1,-1
756,90,1030.98,229.84,100.24,331.06,0.7036,-1,-1,-1
756,92,954.01,252.35,119.25,333.01,0.6800,-1,-1,-1
756,80,847.24,151.66,133.95,534.24,0.8011,-1,-1,-1
756,93,1822.47,305.10,98.44,377.38,0.2996,-1,-1,-1
757,81,510.73,35.68,342.02,861.73,0.8794,-1,-1,-1
757,86,375.51,133.69,209.62,583.66,0.8539,-1,-1,-1
757,90,1030.92,230.48,105.51,333.94,0.7001,-1,-1,-1
757,92,953.66,253.06,119.06,337.52,0.7570,-1,-1,-1
757,80,842.22,156.53,140.69,529.63,0.8020,-1,-1,-1
757,93,1818.08,301.26,102.68,400.63,0.3698,-1,-1,-1
758,81,475.45,35.76,344.28,869.95,0.8791,-1,-1,-1
758,86,370.94,130.78,206.37,589.47,0.7723,-1,-1,-1
758,90,1036.03,229.67,112.52,335.31,0.7042,-1,-1,-1
758,92,955.76,252.43,125.81,342.79,0.7994,-1,-1,-1
758,80,843.30,162.43,139.55,526.95,0.8244,-1,-1,-1
758,93,1815.39,303.46,105.71,392.56,0.2965,-1,-1,-1
759,81,456.94,34.41,330.83,880.71,0.8467,-1,-1,-1
759,86,368.83,132.56,205.46,596.89,0.7958,-1,-1,-1
759,90,1042.22,230.45,112.11,344.63,0.7293,-1,-1,-1
759,92,959.30,255.25,124.33,343.84,0.8124,-1,-1,-1
759,80,843.50,167.31,137.64,527.30,0.8310,-1,-1,-1
759,93,1814.99,320.79,106.15,352.90,0.1983,-1,-1,-1
759,94,713.66,199.77,130.08,444.03,0.3988,-1,-1,-1
760,81,445.66,38.78,306.56,884.29,0.7887,-1,-1,-1
760,86,367.44,130.31,205.05,609.70,0.7835,-1,-1,-1
760,90,1049.56,229.20,108.41,358.70,0.7447,-1,-1,-1
760,92,964.55,256.03,122.15,347.53,0.8081,-1,-1,-1
760,80,843.09,169.72,136.66,527.91,0.8298,-1,-1,-1
760,93,1819.27,320.17,101.81,384.89,0.2985,-1,-1,-1
760,94,690.54,197.90,154.00,497.82,0.6897,-1,-1,-1
761,81,416.47,41.02,315.81,893.04,0.7625,-1,-1,-1
761,86,367.36,131.54,200.29,611.78,0.7332,-1,-1,-1
761,90,1056.22,229.44,105.32,363.79,0.7626,-1,-1,-1
761,92,969.24,257.38,122.27,350.12,0.8297,-1,-1,-1
761,80,844.94,172.10,134.48,530.02,0.8357,-1,-1,-1
761,93,1824.82,337.27,95.77,366.60,0.2445,-1,-1,-1
761,94,704.71,201.04,143.33,461.21,0.8250,-1,-1,-1
762,81,392.76,39.70,330.07,901.15,0.7493,-1,-1,-1
762,86,361.65,133.78,198.14,614.60,0.7187,-1,-1,-1
762,90,1062.30,230.26,100.72,364.89,0.7788,-1,-1,-1
762,92,970.87,253.14,127.82,356.77,0.8052,-1,-1,-1
762,80,845.24,173.48,134.02,530.70,0.8352,-1,-1,-1
762,93,1826.35,349.35,93.63,360.64,0.3060,-1,-1,-1
762,94,706.01,202.22,144.23,445.02,0.8180,-1,-1,-1
763,81,361.81,37.86,350.40,910.41,0.6405,-1,-1,-1
763,86,349.07,136.76,191.78,614.16,0.7548,-1,-1,-1
763,90,1065.98,230.62,104.61,367.47,0.7903,-1,-1,-1
763,92,974.46,251.35,134.77,360.52,0.8005,-1,-1,-1
763,80,847.80,173.39,133.30,528.15,0.8248,-1,-1,-1
763,93,1799.32,341.78,120.78,362.30,0.1582,-1,-1,-1
763,94,705.66,203.39,149.31,449.05,0.8338,-1,-1,-1
764,81,332.20,37.20,375.68,917.53,0.8510,-1,-1,-1
764,86,334.48,122.97,192.22,635.74,0.5571,-1,-1,-1
764,90,1071.88,229.25,102.38,372.98,0.7761,-1,-1,-1
764,92,978.98,249.60,139.32,364.25,0.8011,-1,-1,-1
764,80,848.95,172.66,135.17,531.02,0.8134,-1,-1,-1
764,93,1796.23,340.34,123.75,354.33,0.1974,-1,-1,-1
764,94,709.81,204.97,148.53,450.86,0.8353,-1,-1,-1
765,81,318.32,35.35,389.84,925.63,0.8615,-1,-1,-1
765,90,1078.32,228.00,101.86,375.42,0.7163,-1,-1,-1
765,92,983.45,249.90,142.77,368.66,0.7743,-1,-1,-1
765,80,850.62,169.39,140.36,524.99,0.8031,-1,-1,-1
765,93,1802.33,338.93,117.94,360.55,0.2332,-1,-1,-1
765,94,713.00,206.67,147.55,449.66,0.8441,-1,-1,-1
766,81,301.53,33.07,406.54,929.66,0.9034,-1,-1,-1
766,90,1082.98,228.23,102.70,379.08,0.6851,-1,-1,-1
766,92,984.45,249.11,146.17,374.11,0.7988,-1,-1,-1
766,80,854.68,166.98,138.84,517.39,0.8124,-1,-1,-1
766,93,1809.37,343.19,110.59,370.08,0.1631,-1,-1,-1
766,94,715.82,208.83,145.86,446.60,0.8415,-1,-1,-1
766,95,644.62,272.02,87.21,334.56,0.6817,-1,-1,-1
767,81,284.21,30.78,421.69,935.65,0.9007,-1,-1,-1
767,90,1087.71,225.74,113.77,386.88,0.7387,-1,-1,-1
767,92,980.18,249.05,159.11,379.08,0.8226,-1,-1,-1
767,80,855.20,163.40,140.06,514.95,0.8093,-1,-1,-1
767,94,717.38,209.52,144.51,442.83,0.8456,-1,-1,-1
767,95,635.07,271.70,96.65,340.27,0.7333,-1,-1,-1
768,81,265.42,29.43,435.32,940.80,0.9039,-1,-1,-1
768,90,1088.75,224.86,121.18,391.33,0.7689,-1,-1,-1
768,92,978.42,250.19,171.25,380.67,0.8123,-1,-1,-1
768,80,856.43,159.74,138.87,515.82,0.8115,-1,-1,-1
768,94,719.68,207.72,141.04,441.33,0.8231,-1,-1,-1
768,95,630.40,268.93,103.45,341.80,0.7525,-1,-1,-1
769,81,243.03,29.39,448.81,949.47,0.9094,-1,-1,-1
769,90,1091.25,225.53,116.29,395.74,0.7570,-1,-1,-1
769,92,976.16,251.15,182.36,385.12,0.8258,-1,-1,-1
769,80,853.68,158.04,142.84,518.15,0.8252,-1,-1,-1
769,94,720.68,207.47,138.24,440.02,0.8092,-1,-1,-1
769,95,627.59,266.41,106.54,347.36,0.7796,-1,-1,-1
770,81,219.74,25.03,459.09,961.65,0.8976,-1,-1,-1
770,90,1095.13,223.39,106.79,402.51,0.7137,-1,-1,-1
770,92,975.61,249.91,187.31,389.76,0.8339,-1,-1,-1
770,80,851.45,155.05,147.19,520.50,0.8249,-1,-1,-1
770,94,722.61,205.22,135.07,439.52,0.8266,-1,-1,-1
770,95,625.99,264.65,107.44,346.17,0.7874,-1,-1,-1
771,81,197.72,13.80,459.81,982.17,0.8926,-1,-1,-1
771,90,1098.37,219.52,102.01,409.06,0.7149,-1,-1,-1
771,92,974.41,244.76,189.79,396.18,0.8277,-1,-1,-1
771,80,846.30,151.95,151.89,521.10,0.8571,-1,-1,-1
771,94,720.38,198.12,133.61,443.21,0.8493,-1,-1,-1
771,95,624.04,256.08,108.63,348.11,0.7397,-1,-1,-1
772,81,175.87,9.74,460.19,985.42,0.8889,-1,-1,-1
772,90,1097.19,219.13,103.87,412.63,0.7854,-1,-1,-1
772,92,968.17,244.38,193.81,402.57,0.8342,-1,-1,-1
772,80,843.73,152.48,151.84,523.54,0.8601,-1,-1,-1
772,94,721.48,200.86,131.59,440.63,0.8348,-1,-1,-1
772,95,618.20,257.79,113.43,351.75,0.7896,-1,-1,-1
773,81,156.26,9.77,446.21,955.63,0.8626,-1,-1,-1
773,90,1094.22,215.17,108.51,417.85,0.7980,-1,-1,-1
773,92,963.43,241.15,197.00,407.83,0.8424,-1,-1,-1
773,80,841.34,153.48,147.32,523.33,0.8635,-1,-1,-1
773,94,720.74,199.80,127.16,438.96,0.8334,-1,-1,-1
773,95,614.79,258.03,113.42,351.74,0.8118,-1,-1,-1
774,81,140.97,3.96,413.73,947.87,0.8763,-1,-1,-1
774,90,1092.69,211.38,113.08,420.65,0.7752,-1,-1,-1
774,92,960.98,234.95,198.33,413.17,0.8587,-1,-1,-1
774,80,837.03,150.32,144.44,528.37,0.8138,-1,-1,-1
774,94,715.65,193.02,126.63,440.62,0.8312,-1,-1,-1
774,95,609.92,255.04,113.94,350.11,0.7972,-1,-1,-1
774,96,428.28,65.21,195.09,753.49,0.5839,-1,-1,-1
775,81,128.74,1.90,377.07,950.24,0.8709,-1,-1,-1
775,90,1087.86,207.10,119.00,423.87,0.7982,-1,-1,-1
775,92,958.63,229.40,200.03,415.84,0.8609,-1,-1,-1
775,80,831.10,150.88,135.48,526.39,0.7834,-1,-1,-1
775,94,710.44,189.25,130.13,442.87,0.8175,-1,-1,-1
775,95,606.39,249.98,114.83,357.38,0.7792,-1,-1,-1
775,96,404.22,56.27,215.81,772.35,0.7689,-1,-1,-1
776,81,110.38,0.72,355.81,960.33,0.8845,-1,-1,-1
776,90,1085.59,202.41,121.49,428.79,0.8109,-1,-1,-1
776,92,955.53,225.16,199.06,420.11,0.8484,-1,-1,-1
776,80,820.86,151.16,137.98,528.02,0.7806,-1,-1,-1
776,94,701.58,188.64,134.48,442.90,0.8010,-1,-1,-1
776,95,600.23,247.92,114.76,359.54,0.7789,-1,-1,-1
776,96,381.30,47.64,236.95,782.49,0.7166,-1,-1,-1
777,81,92.78,1.82,344.03,959.62,0.8973,-1,-1,-1
777,90,1083.38,199.35,127.80,433.27,0.8339,-1,-1,-1
777,92,953.24,222.58,194.55,424.71,0.8347,-1,-1,-1
777,80,813.85,152.65,140.98,528.20,0.8012,-1,-1,-1
777,94,692.79,191.64,137.27,441.58,0.7900,-1,-1,-1
777,95,592.47,247.01,114.08,365.60,0.7134,-1,-1,-1
777,96,352.46,41.99,260.06,798.88,0.7781,-1,-1,-1
778,81,74.66,2.82,331.99,974.27,0.8957,-1,-1,-1
778,90,1082.27,193.12,129.76,441.47,0.8310,-1,-1,-1
778,92,950.28,220.26,188.55,427.88,0.8403,-1,-1,-1
778,80,810.66,153.31,140.66,527.87,0.8064,-1,-1,-1
778,94,682.50,191.29,137.60,446.31,0.7418,-1,-1,-1
778,95,586.09,246.44,111.05,363.66,0.7241,-1,-1,-1
778,96,331.01,36.91,279.31,826.93,0.8288,-1,-1,-1
779,81,51.48,2.40,328.41,995.61,0.8965,-1,-1,-1
779,90,1080.08,193.66,127.01,441.98,0.8095,-1,-1,-1
779,92,951.26,216.49,179.08,434.21,0.8364,-1,-1,-1
779,80,801.09,155.09,143.90,523.55,0.7420,-1,-1,-1
779,94,673.22,191.77,137.99,441.01,0.7595,-1,-1,-1
779,95,573.90,244.70,116.69,365.91,0.7646,-1,-1,-1
779,96,324.05,32.09,280.83,855.90,0.8167,-1,-1,-1
780,81,25.96,2.03,327.43,999.10,0.9100,-1,-1,-1
780,90,1076.47,192.69,128.94,447.47,0.8100,-1,-1,-1
780,92,949.55,214.09,173.10,438.02,0.8449,-1,-1,-1
780,80,791.68,155.19,146.07,528.37,0.8078,-1,-1,-1
780,94,664.28,190.24,140.50,447.19,0.7395,-1,-1,-1
780,95,566.77,243.88,115.75,362.27,0.6801,-1,-1,-1
780,96,315.51,26.87,281.84,881.83,0.8464,-1,-1,-1
781,81,1.39,3.68,327.04,1005.25,0.9109,-1,-1,-1
781,90,1074.65,191.23,135.37,454.10,0.8180,-1,-1,-1
781,92,950.35,212.37,166.60,445.12,0.8393,-1,-1,-1
781,80,789.69,153.69,143.94,530.88,0.8175,-1,-1,-1
781,94,672.66,190.28,127.71,446.71,0.6146,-1,-1,-1
781,95,564.60,243.08,108.68,360.10,0.6030,-1,-1,-1
781,96,303.74,20.42,291.93,893.17,0.8435,-1,-1,-1
782,81,-6.17,5.28,310.30,1005.02,0.9090,-1,-1,-1
782,90,1072.73,189.36,145.10,458.55,0.8122,-1,-1,-1
782,92,950.36,209.65,164.28,453.35,0.8712,-1,-1,-1
782,80,786.11,156.48,145.60,526.66,0.8169,-1,-1,-1
782,94,673.90,191.06,126.55,444.98,0.6776,-1,-1,-1
782,95,556.85,242.31,109.20,377.09,0.6246,-1,-1,-1
782,96,282.57,12.08,314.25,912.91,0.8663,-1,-1,-1
783,81,-7.20,4.95,285.48,1011.03,0.9017,-1,-1,-1
783,90,1071.23,189.58,150.68,460.10,0.8292,-1,-1,-1
783,92,950.28,209.00,163.98,460.22,0.8782,-1,-1,-1
783,80,779.33,156.54,151.25,523.88,0.8087,-1,-1,-1
783,94,673.96,194.84,124.32,443.56,0.6683,-1,-1,-1
783,95,541.97,242.32,118.24,383.36,0.6258,-1,-1,-1
783,96,249.93,3.09,345.30,939.32,0.8584,-1,-1,-1
784,81,-6.41,5.89,262.68,1012.51,0.9015,-1,-1,-1
784,90,1069.82,189.34,155.34,466.18,0.8238,-1,-1,-1
784,92,949.80,206.98,164.29,467.19,0.8680,-1,-1,-1
784,80,782.06,155.72,143.95,523.15,0.7932,-1,-1,-1
784,94,677.50,196.58,119.55,441.72,0.7079,-1,-1,-1
784,95,541.77,241.94,113.34,386.59,0.5871,-1,-1,-1
784,96,230.07,-0.16,361.66,963.70,0.8617,-1,-1,-1
785,81,-4.38,7.94,240.38,1015.53,0.8981,-1,-1,-1
785,90,1071.54,186.09,156.92,475.67,0.8281,-1,-1,-1
785,92,948.42,205.35,165.85,471.78,0.8455,-1,-1,-1
785,80,784.15,150.79,139.46,525.84,0.7899,-1,-1,-1
785,94,681.67,196.13,115.10,440.47,0.7290,-1,-1,-1
785,95,537.57,238.89,117.43,389.36,0.6670,-1,-1,-1
785,96,216.43,-0.89,361.92,978.67,0.8932,-1,-1,-1
786,81,-2.87,7.99,222.59,1017.76,0.8743,-1,-1,-1
786,90,1072.97,181.92,160.35,486.97,0.8264,-1,-1,-1
786,92,949.14,203.13,166.69,482.12,0.8299,-1,-1,-1
786,80,784.92,147.99,139.65,524.52,0.8160,-1,-1,-1
786,94,682.69,196.28,114.05,440.19,0.7292,-1,-1,-1
786,95,514.25,233.77,127.05,395.73,0.6943,-1,-1,-1
786,96,204.81,-2.13,362.54,990.80,0.8784,-1,-1,-1
786,97,618.49,244.61,89.45,368.10,0.6327,-1,-1,-1
787,81,-2.33,28.49,203.26,1001.26,0.8781,-1,-1,-1
787,90,1077.26,178.61,163.54,495.06,0.8362,-1,-1,-1
787,92,949.48,204.67,170.84,485.87,0.8344,-1,-1,-1
787,80,789.67,145.57,136.55,525.90,0.8247,-1,-1,-1
787,94,683.44,195.43,113.25,440.82,0.7787,-1,-1,-1
787,95,521.13,234.60,118.93,393.30,0.6558,-1,-1,-1
787,96,194.51,-2.31,367.76,1001.97,0.8834,-1,-1,-1
787,97,616.72,248.58,91.42,367.52,0.6547,-1,-1,-1
788,81,-1.49,50.42,187.47,986.17,0.8716,-1,-1,-1
788,90,1081.44,179.02,167.09,501.60,0.8459,-1,-1,-1
788,92,950.32,208.20,176.25,491.41,0.8563,-1,-1,-1
788,80,792.69,146.81,136.32,524.10,0.8246,-1,-1,-1
788,94,683.74,193.11,112.82,441.32,0.7527,-1,-1,-1
788,95,520.60,235.64,112.69,397.54,0.6462,-1,-1,-1
788,96,182.23,-0.83,371.89,1004.92,0.8982,-1,-1,-1
788,97,609.21,251.40,99.02,370.32,0.7316,-1,-1,-1
788,98,1855.75,268.29,64.73,464.97,0.4963,-1,-1,-1
789,81,-0.54,76.87,176.33,971.58,0.8653,-1,-1,-1
789,90,1081.99,175.00,165.40,510.32,0.8340,-1,-1,-1
789,92,945.16,210.71,186.56,497.92,0.8388,-1,-1,-1
789,80,794.29,151.32,133.92,518.87,0.8370,-1,-1,-1
789,94,683.99,194.20,119.35,446.65,0.7679,-1,-1,-1
789,95,518.98,234.69,104.68,401.77,0.6085,-1,-1,-1
789,96,170.42,-0.83,376.43,1013.92,0.9007,-1,-1,-1
789,97,605.14,249.01,104.10,379.35,0.7483,-1,-1,-1
789,98,1846.49,280.29,74.35,471.93,0.4281,-1,-1,-1
790,81,0.26,94.85,159.01,963.61,0.8348,-1,-1,-1
790,90,1084.86,170.84,166.56,515.87,0.8421,-1,-1,-1
790,92,939.34,204.29,204.42,508.93,0.7911,-1,-1,-1
790,80,796.55,150.65,134.47,519.00,0.8472,-1,-1,-1
790,94,689.99,188.83,120.50,448.52,0.7493,-1,-1,-1
790,95,518.60,232.94,102.67,402.06,0.5653,-1,-1,-1
790,96,161.30,-1.37,385.70,1025.52,0.8938,-1,-1,-1
790,97,605.23,248.86,107.07,384.19,0.7295,-1,-1,-1
790,98,1841.16,316.75,80.62,417.53,0.4098,-1,-1,-1
791,81,0.56,105.78,142.32,958.59,0.8022,-1,-1,-1
791,90,1092.20,169.78,171.50,519.53,0.7852,-1,-1,-1
791,92,957.56,200.91,198.11,521.94,0.8014,-1,-1,-1
791,80,802.57,152.15,133.55,521.38,0.8244,-1,-1,-1
791,94,693.82,193.63,125.19,449.47,0.7748,-1,-1,-1
791,95,517.89,232.83,109.66,409.81,0.6061,-1,-1,-1
791,96,149.29,-0.20,397.97,1037.67,0.8914,-1,-1,-1
791,97,606.68,250.57,111.08,387.22,0.7471,-1,-1,-1
791,98,1841.34,359.44,80.86,368.20,0.5013,-1,-1,-1
792,81,0.76,121.73,124.36,948.19,0.5296,-1,-1,-1
792,90,1102.52,167.77,171.75,508.48,0.7371,-1,-1,-1
792,92,967.50,199.12,203.79,527.47,0.8236,-1,-1,-1
792,80,810.14,155.25,131.60,519.83,0.8027,-1,-1,-1
792,94,698.76,197.56,127.81,449.55,0.8058,-1,-1,-1
792,95,517.73,235.51,113.12,412.79,0.6414,-1,-1,-1
792,96,141.10,1.82,424.62,1047.32,0.8590,-1,-1,-1
792,97,612.99,252.21,110.62,390.80,0.7984,-1,-1,-1
792,98,1839.58,393.49,82.68,321.95,0.2535,-1,-1,-1
793,81,1.57,383.03,103.03,686.76,0.5707,-1,-1,-1
793,90,1115.63,165.58,166.28,522.25,0.8171,-1,-1,-1
793,92,972.21,194.49,212.55,534.36,0.8462,-1,-1,-1
793,80,817.62,153.57,134.55,524.23,0.8001,-1,-1,-1
793,94,704.60,195.40,129.05,450.09,0.8049,-1,-1,-1
793,95,520.45,234.36,112.14,404.42,0.5564,-1,-1,-1
793,96,123.55,2.12,458.42,1055.75,0.8892,-1,-1,-1
793,97,617.47,252.28,114.14,394.23,0.7890,-1,-1,-1
793,98,1842.20,404.39,80.93,332.52,0.3913,-1,-1,-1
793,99,0.55,139.00,50.86,433.10,0.5688,-1,-1,-1
794,81,1.76,456.85,90.69,600.20,0.5621,-1,-1,-1
794,90,1124.91,161.10,165.99,534.90,0.8546,-1,-1,-1
794,92,980.74,189.06,222.48,544.40,0.8461,-1,-1,-1
794,80,822.19,155.10,139.27,526.65,0.7788,-1,-1,-1
794,94,712.27,196.20,129.21,446.27,0.7988,-1,-1,-1
794,95,524.74,233.29,113.59,411.48,0.6187,-1,-1,-1
794,96,107.34,2.42,483.79,1071.37,0.9023,-1,-1,-1
794,97,618.38,254.17,123.20,395.98,0.7146,-1,-1,-1
794,99,0.79,155.72,41.32,411.57,0.3675,-1,-1,-1
795,81,1.56,538.23,83.05,514.83,0.4809,-1,-1,-1
795,90,1138.49,157.29,165.43,539.72,0.8199,-1,-1,-1
795,92,988.72,180.55,230.71,560.22,0.8166,-1,-1,-1
795,80,837.10,158.23,135.88,527.89,0.8233,-1,-1,-1
795,94,724.54,197.71,127.53,449.59,0.7714,-1,-1,-1
795,95,528.07,235.69,109.75,415.04,0.6668,-1,-1,-1
795,96,89.71,2.60,507.15,1075.01,0.9214,-1,-1,-1
795,97,619.49,256.78,129.05,397.32,0.7388,-1,-1,-1
795,99,0.43,176.87,30.56,397.14,0.3064,-1,-1,-1
796,81,1.43,559.04,77.32,483.44,0.5388,-1,-1,-1
796,90,1151.21,159.46,164.14,555.12,0.8438,-1,-1,-1
796,92,995.39,180.71,237.52,563.19,0.8531,-1,-1,-1
796,80,847.06,161.70,137.12,529.64,0.8367,-1,-1,-1
796,94,733.43,201.42,130.54,451.54,0.8064,-1,-1,-1
796,95,533.38,237.51,114.98,389.87,0.5599,-1,-1,-1
796,96,68.58,2.70,532.94,1075.44,0.9201,-1,-1,-1
796,97,630.90,257.44,120.90,401.89,0.7114,-1,-1,-1
797,81,0.60,568.59,71.87,490.83,0.1608,-1,-1,-1
797,90,1166.91,161.09,158.41,576.89,0.8541,-1,-1,-1
797,92,1000.61,181.39,247.80,572.45,0.8470,-1,-1,-1
797,80,856.57,168.95,132.70,527.08,0.8139,-1,-1,-1
797,94,743.01,207.22,132.72,451.83,0.7888,-1,-1,-1
797,95,534.51,240.16,117.85,361.65,0.5610,-1,-1,-1
797,96,44.41,3.88,561.21,1073.66,0.9131,-1,-1,-1
797,97,624.98,260.36,133.58,406.99,0.7170,-1,-1,-1
798,90,1177.72,162.94,160.57,593.93,0.8344,-1,-1,-1
798,92,1001.37,183.38,259.43,586.92,0.8452,-1,-1,-1
798,80,862.98,172.90,131.43,528.97,0.8025,-1,-1,-1
798,94,749.42,212.01,132.18,446.66,0.8195,-1,-1,-1
798,95,535.78,243.60,118.29,337.17,0.5452,-1,-1,-1
798,96,18.59,4.38,597.43,1068.16,0.9108,-1,-1,-1
798,97,630.16,261.72,133.99,411.66,0.7292,-1,-1,-1
799,90,1187.91,164.20,159.80,610.95,0.8225,-1,-1,-1
799,92,1001.60,184.98,268.47,603.93,0.8559,-1,-1,-1
799,80,865.21,178.15,136.10,527.70,0.7984,-1,-1,-1
799,94,751.59,215.60,133.70,446.65,0.8060,-1,-1,-1
799,95,536.03,246.28,123.43,346.55,0.5391,-1,-1,-1
799,96,1.40,3.47,625.78,1066.56,0.9041,-1,-1,-1
799,97,638.10,262.89,128.89,414.39,0.7689,-1,-1,-1
800,90,1196.37,165.53,160.89,618.93,0.8054,-1,-1,-1
800,92,1007.40,186.56,271.12,620.23,0.8320,-1,-1,-1
800,80,870.36,183.12,134.01,527.04,0.7829,-1,-1,-1
800,94,757.53,222.36,132.51,443.22,0.8025,-1,-1,-1
800,95,535.58,248.97,128.35,354.38,0.4934,-1,-1,-1
800,96,-4.05,1.77,639.58,1061.46,0.9076,-1,-1,-1
800,97,642.28,264.27,125.51,417.73,0.7709,-1,-1,-1
801,90,1203.89,165.00,160.74,628.49,0.8160,-1,-1,-1
801,92,1009.94,188.53,277.79,631.71,0.8488,-1,-1,-1
801,80,872.88,190.38,131.25,525.81,0.7762,-1,-1,-1
801,94,762.75,227.93,128.70,441.49,0.8331,-1,-1,-1
801,95,531.43,250.76,136.26,351.83,0.4646,-1,-1,-1
801,96,-6.96,1.69,644.34,1064.69,0.9127,-1,-1,-1
801,97,643.23,266.72,125.15,419.80,0.7918,-1,-1,-1
802,90,1210.31,165.32,164.63,640.43,0.8241,-1,-1,-1
802,92,1006.69,191.61,292.85,641.26,0.8425,-1,-1,-1
802,80,882.38,191.32,131.88,526.61,0.8149,-1,-1,-1
802,94,772.86,230.75,119.00,437.93,0.8247,-1,-1,-1
802,95,532.18,252.91,138.14,354.50,0.4758,-1,-1,-1
802,96,-6.45,1.27,655.23,1074.19,0.8967,-1,-1,-1
802,97,643.91,267.60,125.83,421.41,0.7840,-1,-1,-1
803,90,1219.76,161.27,169.57,655.19,0.8483,-1,-1,-1
803,92,1004.54,192.16,306.08,651.87,0.8562,-1,-1,-1
803,80,888.10,191.70,133.82,531.72,0.8155,-1,-1,-1
803,94,781.50,233.33,113.17,436.77,0.8211,-1,-1,-1
803,95,532.79,252.88,138.13,343.04,0.6077,-1,-1,-1
803,96,-7.00,0.71,658.90,1076.40,0.8457,-1,-1,-1
803,97,643.89,268.56,126.86,427.89,0.7782,-1,-1,-1
803,88,403.85,106.29,231.19,708.81,0.4071,-1,-1,-1
804,90,1233.13,162.36,170.65,659.90,0.8441,-1,-1,-1
804,92,999.01,190.82,320.27,675.17,0.8704,-1,-1,-1
804,80,890.48,190.65,137.63,534.62,0.8473,-1,-1,-1
804,94,786.72,230.01,113.33,436.23,0.8378,-1,-1,-1
804,95,531.52,253.74,136.62,345.98,0.4903,-1,-1,-1
804,96,-7.30,0.75,640.06,1079.97,0.6962,-1,-1,-1
804,97,642.45,269.54,129.98,431.01,0.7675,-1,-1,-1
804,88,396.68,87.84,231.38,728.95,0.5125,-1,-1,-1
805,90,1240.62,158.62,184.22,664.57,0.8532,-1,-1,-1
805,92,1000.48,188.40,328.54,688.30,0.8709,-1,-1,-1
805,80,894.29,188.83,137.58,537.53,0.8339,-1,-1,-1
805,94,790.41,228.63,113.10,437.20,0.8298,-1,-1,-1
805,95,527.92,253.30,142.52,325.65,0.5696,-1,-1,-1
805,96,-7.80,0.83,507.40,1075.78,0.6325,-1,-1,-1
805,97,644.91,269.64,131.38,438.57,0.8049,-1,-1,-1
805,88,387.51,43.36,231.91,781.76,0.6830,-1,-1,-1
806,90,1248.59,152.68,193.94,673.94,0.8648,-1,-1,-1
806,92,1006.16,181.20,330.94,705.44,0.8763,-1,-1,-1
806,80,901.23,185.83,133.07,538.38,0.8121,-1,-1,-1
806,94,794.11,226.22,112.87,441.56,0.7980,-1,-1,-1
806,95,525.13,251.42,146.65,314.75,0.6713,-1,-1,-1
806,96,-5.99,-1.03,563.75,1075.68,0.7614,-1,-1,-1
806,97,647.22,268.95,130.15,443.17,0.8317,-1,-1,-1
806,88,373.13,28.68,225.37,806.83,0.4084,-1,-1,-1
807,90,1257.07,144.62,204.21,687.32,0.8719,-1,-1,-1
807,92,1017.89,174.68,326.08,718.12,0.8726,-1,-1,-1
807,80,904.58,183.45,133.43,539.55,0.8236,-1,-1,-1
807,94,797.62,225.97,112.89,448.06,0.8082,-1,-1,-1
807,95,518.74,247.98,153.52,317.88,0.6206,-1,-1,-1
807,96,-6.19,-1.02,568.12,1074.96,0.8729,-1,-1,-1
807,97,648.25,268.35,131.86,447.73,0.8276,-1,-1,-1
807,88,354.70,33.04,223.66,816.75,0.2359,-1,-1,-1
808,90,1266.60,137.40,215.39,701.90,0.8791,-1,-1,-1
808,92,1027.48,168.21,324.89,732.67,0.8951,-1,-1,-1
808,80,908.23,184.64,129.13,531.38,0.7929,-1,-1,-1
808,94,801.89,223.71,114.95,450.60,0.8075,-1,-1,-1
808,95,508.13,244.68,167.79,331.64,0.6436,-1,-1,-1
808,96,-5.16,-0.75,556.32,1074.44,0.9095,-1,-1,-1
808,97,651.37,268.05,133.09,451.34,0.8312,-1,-1,-1
809,90,1276.22,127.67,223.12,714.96,0.8594,-1,-1,-1
809,92,1036.34,159.26,324.16,744.37,0.8924,-1,-1,-1
809,80,910.70,181.55,132.04,524.73,0.8240,-1,-1,-1
809,94,803.45,220.78,115.34,447.30,0.8091,-1,-1,-1
809,95,504.42,238.50,177.18,364.66,0.6298,-1,-1,-1
809,96,-4.27,-0.12,527.95,1070.16,0.9245,-1,-1,-1
809,97,649.90,265.31,137.12,455.44,0.8061,-1,-1,-1
810,90,1282.95,118.88,235.08,731.02,0.8830,-1,-1,-1
810,92,1047.43,147.92,321.48,761.99,0.8915,-1,-1,-1
810,80,910.98,180.31,137.65,526.17,0.7968,-1,-1,-1
810,94,805.47,219.72,116.85,448.46,0.8103,-1,-1,-1
810,95,500.57,234.74,180.39,455.38,0.7273,-1,-1,-1
810,96,-3.88,1.54,494.57,1067.83,0.8875,-1,-1,-1
810,97,650.44,264.18,137.97,463.61,0.8278,-1,-1,-1
810,102,757.01,265.67,69.25,285.28,0.4903,-1,-1,-1
811,90,1289.50,116.51,243.68,746.63,0.9014,-1,-1,-1
811,92,1057.50,144.32,319.43,773.86,0.8862,-1,-1,-1
811,80,912.10,182.99,138.34,521.15,0.7955,-1,-1,-1
811,94,806.06,222.24,116.88,446.52,0.8241,-1,-1,-1
811,95,500.56,234.28,171.66,495.14,0.8197,-1,-1,-1
811,96,-1.86,3.92,443.13,1065.97,0.9157,-1,-1,-1
811,97,649.22,267.23,137.88,464.88,0.8602,-1,-1,-1
811,102,762.30,265.02,61.89,288.58,0.1524,-1,-1,-1
811,103,396.20,201.60,122.86,482.28,0.5777,-1,-1,-1
812,90,1297.30,110.40,253.33,770.33,0.8951,-1,-1,-1
812,92,1066.96,136.19,316.12,786.93,0.8710,-1,-1,-1
812,80,911.35,179.20,140.19,524.69,0.7912,-1,-1,-1
812,94,803.95,219.12,115.70,446.78,0.8002,-1,-1,-1
812,95,498.18,228.73,171.49,518.02,0.8191,-1,-1,-1
812,96,-1.55,0.72,396.09,1069.90,0.8384,-1,-1,-1
812,97,648.62,263.74,139.50,469.52,0.8224,-1,-1,-1
812,102,759.76,263.49,62.75,285.74,0.4038,-1,-1,-1
812,103,358.49,115.42,155.93,677.49,0.7698,-1,-1,-1
813,90,1303.56,105.63,261.00,797.40,0.8928,-1,-1,-1
813,92,1074.86,126.93,314.19,799.28,0.8735,-1,-1,-1
813,80,911.81,175.46,140.13,524.65,0.8094,-1,-1,-1
813,94,800.58,217.34,116.57,447.58,0.8013,-1,-1,-1
813,95,496.62,221.56,168.84,533.37,0.8091,-1,-1,-1
813,96,-1.50,0.32,355.33,1064.33,0.6387,-1,-1,-1
813,97,639.56,260.17,150.51,477.74,0.7833,-1,-1,-1
813,102,758.52,259.65,62.94,286.22,0.1948,-1,-1,-1
813,103,310.57,72.60,200.58,787.36,0.8575,-1,-1,-1
814,90,1311.37,100.24,265.22,819.01,0.8865,-1,-1,-1
814,92,1086.48,111.24,310.33,834.57,0.8696,-1,-1,-1
814,80,909.95,173.36,142.86,524.79,0.7997,-1,-1,-1
814,94,796.41,216.82,119.81,448.02,0.8029,-1,-1,-1
814,95,494.10,217.07,167.28,543.09,0.8186,-1,-1,-1
814,96,-1.20,0.11,341.23,1058.19,0.7492,-1,-1,-1
814,97,626.20,256.80,165.36,483.73,0.7931,-1,-1,-1
814,102,754.96,259.54,58.17,270.83,0.2539,-1,-1,-1
814,103,265.80,48.27,240.44,845.56,0.8844,-1,-1,-1
815,90,1320.30,99.68,270.61,823.58,0.8686,-1,-1,-1
815,92,1101.77,105.35,305.26,870.83,0.8695,-1,-1,-1
815,80,909.55,173.58,142.69,527.32,0.7993,-1,-1,-1
815,94,794.21,217.66,121.20,449.03,0.7974,-1,-1,-1
815,95,491.34,215.70,166.47,551.01,0.8129,-1,-1,-1
815,96,-1.13,3.29,266.06,1057.47,0.3475,-1,-1,-1
815,97,625.32,254.47,167.78,490.68,0.7754,-1,-1,-1
815,102,752.86,260.13,57.19,267.54,0.2697,-1,-1,-1
815,103,229.60,35.18,270.43,873.13,0.8864,-1,-1,-1
816,90,1323.41,97.87,278.14,836.39,0.8635,-1,-1,-1
816,92,1112.46,106.07,297.80,898.00,0.8698,-1,-1,-1
816,80,908.80,175.61,142.32,528.40,0.8122,-1,-1,-1
816,94,788.38,220.34,126.76,449.91,0.8060,-1,-1,-1
816,95,484.10,217.30,168.03,555.52,0.8394,-1,-1,-1
816,97,625.94,252.45,166.58,495.41,0.7763,-1,-1,-1
816,102,751.24,260.14,57.62,268.09,0.2424,-1,-1,-1
816,103,210.24,26.51,283.53,886.48,0.8953,-1,-1,-1
816,104,1053.39,318.17,73.01,245.06,0.5721,-1,-1,-1
817,90,1328.88,94.37,287.07,868.02,0.8665,-1,-1,-1
817,92,1117.92,106.94,299.33,931.76,0.8778,-1,-1,-1
817,80,908.73,176.86,143.13,527.67,0.8215,-1,-1,-1
817,94,782.94,223.11,130.02,449.14,0.8146,-1,-1,-1
817,95,473.19,216.61,173.77,560.09,0.8513,-1,-1,-1
817,97,629.22,249.67,160.13,500.68,0.7745,-1,-1,-1
817,102,749.18,260.01,57.27,274.75,0.2194,-1,-1,-1
817,103,196.00,22.09,294.44,895.75,0.8957,-1,-1,-1
817,104,1054.92,308.41,76.35,256.02,0.5910,-1,-1,-1
818,90,1332.08,88.79,296.80,892.13,0.8674,-1,-1,-1
818,92,1120.88,105.93,304.56,938.46,0.8848,-1,-1,-1
818,80,909.28,179.88,140.65,528.87,0.8164,-1,-1,-1
818,94,779.75,226.33,129.85,445.67,0.8471,-1,-1,-1
818,95,459.07,217.46,184.55,566.57,0.8724,-1,-1,-1
818,97,624.65,248.51,162.46,504.76,0.8077,-1,-1,-1
818,103,184.39,18.67,302.41,920.37,0.8934,-1,-1,-1
818,104,1051.26,305.74,84.20,259.39,0.6073,-1,-1,-1
819,90,1333.70,79.76,308.28,919.38,0.8668,-1,-1,-1
819,92,1123.73,105.19,310.80,950.82,0.8785,-1,-1,-1
819,80,906.16,180.81,137.16,532.77,0.8112,-1,-1,-1
819,94,774.89,226.89,131.92,444.48,0.8612,-1,-1,-1
819,95,443.89,216.29,193.37,571.34,0.8665,-1,-1,-1
819,97,617.92,247.78,163.02,513.01,0.7946,-1,-1,-1
819,103,170.49,12.99,309.93,953.26,0.8984,-1,-1,-1
819,104,1048.22,304.42,90.37,261.38,0.5708,-1,-1,-1
820,90,1334.94,68.56,319.13,940.65,0.8613,-1,-1,-1
820,92,1129.83,102.95,315.91,972.72,0.8766,-1,-1,-1
820,80,905.01,181.28,136.55,536.15,0.8086,-1,-1,-1
820,94,768.46,226.64,136.82,442.53,0.8552,-1,-1,-1
820,95,430.80,215.34,202.15,576.51,0.8549,-1,-1,-1
820,97,614.82,242.61,167.93,522.01,0.8118,-1,-1,-1
820,103,158.07,7.04,315.13,987.87,0.9026,-1,-1,-1
820,104,1049.18,304.43,96.54,261.31,0.5498,-1,-1,-1
821,90,1342.75,53.44,323.42,954.08,0.8477,-1,-1,-1
821,92,1134.76,97.31,326.37,984.63,0.8892,-1,-1,-1
821,80,905.28,180.89,137.01,539.16,0.8036,-1,-1,-1
821,94,761.37,225.05,142.10,443.97,0.8538,-1,-1,-1
821,95,422.79,214.70,207.83,583.79,0.8218,-1,-1,-1
821,97,613.06,240.35,174.75,528.15,0.8455,-1,-1,-1
821,103,147.72,3.01,322.53,1011.05,0.8985,-1,-1,-1
821,104,1052.86,302.45,98.81,263.45,0.5682,-1,-1,-1
822,90,1355.95,37.54,318.24,970.86,0.8755,-1,-1,-1
822,92,1140.87,83.41,338.65,1001.60,0.8873,-1,-1,-1
822,80,904.97,180.15,137.81,538.25,0.8126,-1,-1,-1
822,94,758.51,221.84,146.21,447.72,0.8421,-1,-1,-1
822,95,412.16,212.68,214.04,595.11,0.7859,-1,-1,-1
822,97,606.52,235.83,183.28,533.71,0.8640,-1,-1,-1
822,103,136.12,0.63,326.06,1026.07,0.9046,-1,-1,-1
822,104,1050.32,301.72,103.21,263.48,0.6553,-1,-1,-1
823,90,1371.65,13.93,310.79,967.94,0.8764,-1,-1,-1
823,92,1146.84,64.37,352.41,1019.77,0.8847,-1,-1,-1
823,80,905.06,179.13,139.56,536.27,0.8213,-1,-1,-1
823,94,755.15,216.12,148.78,452.82,0.8344,-1,-1,-1
823,95,407.05,210.17,215.93,605.03,0.8205,-1,-1,-1
823,97,604.01,231.65,186.93,541.87,0.8699,-1,-1,-1
823,103,124.49,-4.13,330.14,1045.27,0.9097,-1,-1,-1
823,104,1049.18,300.82,105.53,263.81,0.6929,-1,-1,-1
824,90,1387.14,1.80,305.71,977.60,0.8887,-1,-1,-1
824,92,1148.15,44.87,366.31,1038.21,0.8799,-1,-1,-1
824,80,905.64,178.00,141.95,536.30,0.8137,-1,-1,-1
824,94,752.05,211.99,152.84,455.80,0.8343,-1,-1,-1
824,95,404.94,206.04,215.63,613.89,0.8358,-1,-1,-1
824,97,601.59,228.01,188.60,552.29,0.8527,-1,-1,-1
824,103,112.18,-7.41,335.59,1068.13,0.9031,-1,-1,-1
824,104,1051.54,300.21,104.93,264.45,0.6943,-1,-1,-1
825,90,1407.06,-3.12,295.38,1011.78,0.8786,-1,-1,-1
825,92,1145.53,26.36,391.27,1056.44,0.8809,-1,-1,-1
825,80,907.52,180.24,146.83,533.71,0.8198,-1,-1,-1
825,94,748.33,209.07,159.32,455.54,0.8214,-1,-1,-1
825,95,401.44,202.73,216.03,621.32,0.8375,-1,-1,-1
825,97,599.15,226.45,190.13,568.28,0.8474,-1,-1,-1
825,103,96.26,-7.93,343.97,1069.87,0.8821,-1,-1,-1
825,104,1055.01,299.98,103.01,264.88,0.6616,-1,-1,-1
826,90,1424.52,-4.07,286.24,1049.10,0.8552,-1,-1,-1
826,92,1139.55,11.38,428.68,1071.06,0.8884,-1,-1,-1
826,80,910.03,176.76,145.52,537.85,0.8174,-1,-1,-1
826,94,747.56,208.11,160.84,455.17,0.8247,-1,-1,-1
826,95,397.18,200.13,218.27,629.81,0.7979,-1,-1,-1
826,97,596.65,226.67,193.31,583.03,0.8609,-1,-1,-1
826,103,81.71,-7.45,351.52,1060.11,0.8825,-1,-1,-1
826,104,1057.21,299.51,104.81,265.44,0.6436,-1,-1,-1
827,90,1456.74,-4.82,264.72,1076.75,0.8656,-1,-1,-1
827,92,1134.16,0.52,467.96,1081.12,0.9006,-1,-1,-1
827,80,909.86,177.17,152.24,534.44,0.8199,-1,-1,-1
827,94,746.27,207.65,163.12,453.76,0.8216,-1,-1,-1
827,95,392.34,196.61,220.71,638.87,0.7824,-1,-1,-1
827,97,594.90,226.74,195.03,589.84,0.8583,-1,-1,-1
827,103,67.56,-5.59,356.89,1077.62,0.8937,-1,-1,-1
827,104,1060.03,298.04,105.92,266.41,0.6529,-1,-1,-1
828,90,1485.96,-4.97,250.52,1080.97,0.8727,-1,-1,-1
828,92,1131.36,-3.03,514.51,1080.30,0.8979,-1,-1,-1
828,80,908.24,175.76,159.13,531.82,0.8062,-1,-1,-1
828,94,745.16,207.15,164.71,453.25,0.8278,-1,-1,-1
828,95,387.04,191.87,221.47,647.44,0.8686,-1,-1,-1
828,97,593.26,226.46,197.47,593.84,0.8645,-1,-1,-1
828,103,52.91,-5.35,363.29,1089.12,0.9080,-1,-1,-1
828,104,1062.69,294.97,108.19,270.46,0.6990,-1,-1,-1
829,90,1503.96,-1.11,252.97,1073.61,0.8185,-1,-1,-1
829,92,1130.62,0.46,557.71,1075.53,0.9010,-1,-1,-1
829,80,911.56,175.89,159.19,526.50,0.8103,-1,-1,-1
829,94,747.53,210.33,165.07,453.68,0.8203,-1,-1,-1
829,95,386.56,191.05,213.86,654.68,0.8678,-1,-1,-1
829,97,591.00,230.95,199.93,606.30,0.8413,-1,-1,-1
829,103,37.01,-3.58,372.12,1088.44,0.9133,-1,-1,-1
829,104,1069.42,297.99,106.37,269.18,0.7450,-1,-1,-1
830,90,1530.71,-1.66,251.93,1074.55,0.8036,-1,-1,-1
830,92,1129.57,1.50,602.42,1075.16,0.9023,-1,-1,-1
830,80,919.83,180.88,154.07,516.31,0.7808,-1,-1,-1
830,94,749.81,213.85,171.93,453.09,0.7890,-1,-1,-1
830,95,386.75,190.06,211.96,660.90,0.8761,-1,-1,-1
830,97,589.18,231.04,203.16,619.98,0.8521,-1,-1,-1
830,103,16.46,-3.66,389.90,1085.50,0.9188,-1,-1,-1
830,104,1074.08,299.06,105.66,269.29,0.7490,-1,-1,-1
831,90,1557.07,-0.84,260.20,1073.68,0.7657,-1,-1,-1
831,92,1128.69,0.19,654.80,1075.51,0.8983,-1,-1,-1
831,80,923.28,178.21,156.58,516.54,0.8061,-1,-1,-1
831,94,755.70,213.69,164.53,452.69,0.8243,-1,-1,-1
831,95,382.26,187.37,214.21,674.21,0.8743,-1,-1,-1
831,97,586.49,228.91,207.11,632.25,0.8535,-1,-1,-1
831,103,-0.75,-4.70,408.22,1090.01,0.9233,-1,-1,-1
831,104,1077.96,297.09,108.92,270.42,0.6998,-1,-1,-1
832,90,1583.69,1.13,266.74,1071.77,0.7246,-1,-1,-1
832,92,1126.96,0.66,695.66,1076.91,0.9020,-1,-1,-1
832,80,933.20,178.73,151.87,515.38,0.8074,-1,-1,-1
832,94,758.91,215.48,161.18,451.49,0.8289,-1,-1,-1
832,95,380.37,187.04,214.61,683.90,0.8793,-1,-1,-1
832,97,584.55,227.51,207.15,639.31,0.8487,-1,-1,-1
832,103,-7.90,-5.45,421.57,1094.10,0.9281,-1,-1,-1
832,104,1083.77,296.59,108.50,279.50,0.6862,-1,-1,-1
833,90,1612.88,0.52,273.02,1076.30,0.5173,-1,-1,-1
833,92,1125.36,0.24,750.73,1076.40,0.9097,-1,-1,-1
833,80,931.66,175.30,156.53,521.43,0.8088,-1,-1,-1
833,94,758.96,216.74,162.90,450.17,0.8277,-1,-1,-1
833,95,378.42,186.14,216.82,695.96,0.8858,-1,-1,-1
833,97,582.75,226.63,208.58,648.48,0.8505,-1,-1,-1
833,103,-9.47,-5.89,429.90,1092.08,0.9265,-1,-1,-1
833,104,1089.61,295.23,108.33,280.33,0.7049,-1,-1,-1
834,90,1628.27,1.73,290.49,741.89,0.6269,-1,-1,-1
834,92,1126.44,-0.21,791.86,1074.91,0.9190,-1,-1,-1
834,80,939.82,174.20,152.85,527.63,0.8125,-1,-1,-1
834,94,765.34,218.80,164.83,448.94,0.8216,-1,-1,-1
834,95,373.75,186.45,220.46,711.68,0.8657,-1,-1,-1
834,97,580.78,223.46,212.13,655.98,0.8448,-1,-1,-1
834,103,-8.66,-5.38,436.03,1087.26,0.9224,-1,-1,-1
834,104,1095.90,298.29,106.57,276.43,0.6409,-1,-1,-1
835,90,1665.76,0.60,264.79,992.32,0.3006,-1,-1,-1
835,92,1133.85,0.86,800.85,1075.87,0.9125,-1,-1,-1
835,80,937.40,179.69,162.76,525.96,0.7632,-1,-1,-1
835,94,771.30,220.93,166.15,450.03,0.8366,-1,-1,-1
835,95,371.36,188.41,222.70,724.04,0.8785,-1,-1,-1
835,97,580.12,221.57,216.01,664.06,0.8500,-1,-1,-1
835,103,-8.04,-2.97,439.63,1080.68,0.9278,-1,-1,-1
835,104,1102.12,297.07,106.49,283.78,0.7141,-1,-1,-1
836,90,1706.53,0.39,227.08,1044.18,0.3214,-1,-1,-1
836,92,1147.30,0.32,794.56,1070.30,0.9210,-1,-1,-1
836,80,940.96,183.30,166.46,525.75,0.7518,-1,-1,-1
836,94,781.58,223.95,158.95,448.95,0.8430,-1,-1,-1
836,95,371.81,189.92,219.48,737.92,0.8619,-1,-1,-1
836,97,575.92,221.03,227.23,674.22,0.8579,-1,-1,-1
836,103,-8.47,-1.10,441.61,1078.24,0.9284,-1,-1,-1
836,104,1112.84,297.54,104.51,283.85,0.7318,-1,-1,-1
837,92,1161.26,3.00,778.22,1065.38,0.9206,-1,-1,-1
837,80,947.85,188.44,163.70,520.65,0.7962,-1,-1,-1
837,94,786.41,225.34,161.15,451.67,0.8333,-1,-1,-1
837,95,373.19,189.37,220.11,748.12,0.8584,-1,-1,-1
837,97,573.97,218.11,236.01,681.60,0.8703,-1,-1,-1
837,103,-5.66,0.15,442.28,1074.01,0.9301,-1,-1,-1
837,104,1120.53,297.30,101.79,286.63,0.7710,-1,-1,-1
838,92,1193.23,2.80,747.46,1065.85,0.8835,-1,-1,-1
838,80,955.10,192.58,165.20,517.84,0.8185,-1,-1,-1
838,94,790.71,225.50,170.01,452.82,0.8294,-1,-1,-1
838,95,370.93,186.76,226.43,760.87,0.8562,-1,-1,-1
838,97,573.81,216.17,240.34,687.35,0.8617,-1,-1,-1
838,103,-6.00,-0.01,445.87,1073.12,0.9264,-1,-1,-1
838,104,1127.17,298.00,100.67,286.48,0.7546,-1,-1,-1
839,92,1244.62,4.24,686.45,1059.55,0.8994,-1,-1,-1
839,80,963.81,193.46,157.88,518.36,0.8117,-1,-1,-1
839,94,798.03,226.77,172.28,448.40,0.8147,-1,-1,-1
839,95,371.02,185.02,227.42,774.77,0.8479,-1,-1,-1
839,97,578.07,212.15,239.73,690.97,0.8650,-1,-1,-1
839,103,-1.65,0.37,445.15,1067.07,0.9290,-1,-1,-1
839,104,1131.25,295.89,100.81,289.05,0.7151,-1,-1,-1
839,102,748.63,245.22,73.93,225.75,0.3785,-1,-1,-1
840,92,1329.00,2.35,599.94,1060.32,0.7780,-1,-1,-1
840,80,966.93,193.43,157.95,519.97,0.8093,-1,-1,-1
840,94,807.34,223.77,160.12,451.27,0.8148,-1,-1,-1
840,95,369.28,182.25,231.78,785.62,0.8264,-1,-1,-1
840,97,579.88,205.98,243.92,698.52,0.8679,-1,-1,-1
840,103,-1.80,1.00,446.03,1066.93,0.9288,-1,-1,-1
840,104,1136.78,294.70,103.46,292.81,0.6741,-1,-1,-1
840,102,752.69,242.27,74.75,233.93,0.3044,-1,-1,-1
841,92,1415.65,2.44,509.27,1056.97,0.9260,-1,-1,-1
841,80,978.94,189.95,147.48,522.58,0.7973,-1,-1,-1
841,94,815.95,220.43,161.47,452.23,0.8180,-1,-1,-1
841,95,367.69,174.87,233.40,796.45,0.8173,-1,-1,-1
841,97,584.22,199.14,244.31,703.66,0.8622,-1,-1,-1
841,103,-0.02,-0.21,444.93,1065.05,0.9262,-1,-1,-1
841,104,1146.13,293.91,101.08,294.38,0.7115,-1,-1,-1
841,102,754.95,240.37,79.91,231.09,0.4679,-1,-1,-1
841,110,1373.46,242.91,149.88,434.11,0.6411,-1,-1,-1
842,92,1513.14,1.65,411.20,1059.34,0.8669,-1,-1,-1
842,80,980.33,189.70,151.07,521.10,0.8124,-1,-1,-1
842,94,820.56,218.42,169.09,452.48,0.8481,-1,-1,-1
842,95,362.86,162.77,238.69,809.81,0.8334,-1,-1,-1
842,97,584.23,193.69,248.34,710.24,0.8605,-1,-1,-1
842,103,-0.72,-0.03,443.19,1066.61,0.9217,-1,-1,-1
842,104,1151.17,292.87,101.95,293.01,0.6730,-1,-1,-1
842,102,754.46,235.02,83.84,237.35,0.4984,-1,-1,-1
842,110,1389.41,231.30,190.97,610.74,0.8707,-1,-1,-1
843,92,1605.85,3.04,316.62,1056.41,0.6211,-1,-1,-1
843,80,987.65,185.87,152.47,521.33,0.8122,-1,-1,-1
843,94,826.75,215.30,169.05,447.06,0.8282,-1,-1,-1
843,95,362.03,150.11,240.40,831.74,0.8444,-1,-1,-1
843,97,582.15,187.65,253.21,727.36,0.8455,-1,-1,-1
843,103,-0.40,0.03,440.06,1064.73,0.9230,-1,-1,-1
843,104,1162.43,289.93,97.90,294.19,0.6424,-1,-1,-1
843,102,758.85,229.43,85.06,264.85,0.5647,-1,-1,-1
843,110,1403.82,217.54,229.08,696.03,0.8930,-1,-1,-1
844,92,1689.81,0.11,230.45,1064.46,0.7028,-1,-1,-1
844,80,991.86,180.08,158.36,524.38,0.8173,-1,-1,-1
844,94,830.64,213.12,167.37,443.81,0.8343,-1,-1,-1
844,95,353.06,138.86,250.98,841.12,0.8521,-1,-1,-1
844,97,584.15,181.76,252.18,751.40,0.8478,-1,-1,-1
844,103,-0.76,-0.00,429.51,1059.04,0.8959,-1,-1,-1
844,104,1167.05,281.96,97.77,299.38,0.7413,-1,-1,-1
844,102,759.28,226.64,87.72,258.47,0.5308,-1,-1,-1
844,110,1417.66,205.00,253.46,753.17,0.8912,-1,-1,-1
845,92,1753.69,2.18,166.13,1059.67,0.6844,-1,-1,-1
845,80,995.22,174.96,154.24,526.94,0.7952,-1,-1,-1
845,94,830.83,205.29,172.23,446.75,0.8246,-1,-1,-1
845,95,339.20,128.67,265.12,846.99,0.8579,-1,-1,-1
845,97,584.52,173.07,257.40,773.46,0.8443,-1,-1,-1
845,103,-1.53,1.36,416.85,1059.81,0.8188,-1,-1,-1
845,104,1168.89,275.47,99.00,304.01,0.7723,-1,-1,-1
845,102,759.87,219.34,88.95,258.01,0.5538,-1,-1,-1
845,110,1431.69,195.22,271.33,788.61,0.8909,-1,-1,-1
846,80,997.22,170.67,154.13,528.75,0.7935,-1,-1,-1
846,94,833.18,201.31,172.04,449.81,0.8093,-1,-1,-1
846,95,324.51,119.96,280.00,854.27,0.8412,-1,-1,-1
846,97,584.80,168.03,256.33,785.83,0.8256,-1,-1,-1
846,103,-1.82,5.01,398.94,1063.31,0.7573,-1,-1,-1
846,104,1169.69,275.30,101.43,301.52,0.8039,-1,-1,-1
846,102,761.43,214.80,87.71,260.99,0.4682,-1,-1,-1
846,110,1440.42,188.24,277.74,808.36,0.9032,-1,-1,-1
847,80,998.26,162.31,156.63,526.08,0.8104,-1,-1,-1
847,94,835.25,194.70,170.18,451.04,0.8160,-1,-1,-1
847,95,315.11,109.26,291.99,866.88,0.8152,-1,-1,-1
847,97,585.04,157.32,257.30,802.54,0.8319,-1,-1,-1
847,103,-1.71,6.44,365.48,1059.13,0.7312,-1,-1,-1
847,104,1176.88,272.57,100.39,297.89,0.7055,-1,-1,-1
847,102,758.65,209.60,92.60,260.16,0.5733,-1,-1,-1
847,110,1453.13,182.47,269.92,816.41,0.8875,-1,-1,-1
848,80,996.12,153.65,160.04,522.02,0.8075,-1,-1,-1
848,94,833.22,189.01,175.43,453.40,0.8488,-1,-1,-1
848,95,305.02,99.42,296.57,880.44,0.8661,-1,-1,-1
848,97,579.21,149.19,262.15,818.68,0.8342,-1,-1,-1
848,103,-1.66,6.05,296.17,1052.29,0.6486,-1,-1,-1
848,104,1179.05,268.41,99.27,298.77,0.7341,-1,-1,-1
848,102,755.63,204.57,95.56,257.80,0.5193,-1,-1,-1
848,110,1467.29,176.84,262.32,827.90,0.8942,-1,-1,-1
849,80,994.67,149.45,157.19,519.38,0.8045,-1,-1,-1
849,94,831.97,187.78,176.75,454.08,0.8702,-1,-1,-1
849,95,295.11,93.62,299.24,901.50,0.8928,-1,-1,-1
849,97,566.98,146.01,273.69,857.42,0.8621,-1,-1,-1
849,103,-1.87,8.71,231.91,1054.28,0.4010,-1,-1,-1
849,104,1178.16,267.43,98.69,300.82,0.8062,-1,-1,-1
849,102,749.69,203.14,99.97,256.45,0.5249,-1,-1,-1
849,110,1481.46,174.55,259.79,854.30,0.8941,-1,-1,-1
850,80,994.40,144.49,153.98,516.95,0.8062,-1,-1,-1
850,94,829.11,185.17,177.62,452.80,0.8743,-1,-1,-1
850,95,282.94,84.09,304.02,920.28,0.8839,-1,-1,-1
850,97,560.24,138.93,279.94,879.85,0.8499,-1,-1,-1
850,104,1179.49,262.06,95.18,302.88,0.7793,-1,-1,-1
850,102,743.08,200.72,104.04,249.07,0.5507,-1,-1,-1
850,110,1494.11,171.57,257.81,869.06,0.8931,-1,-1,-1
851,80,994.10,139.84,154.65,517.44,0.8043,-1,-1,-1
851,94,827.47,180.24,177.70,456.29,0.8675,-1,-1,-1
851,95,270.55,71.76,310.35,940.41,0.8966,-1,-1,-1
851,97,552.03,132.23,290.42,898.02,0.8685,-1,-1,-1
851,104,1172.70,254.76,105.46,308.11,0.7457,-1,-1,-1
851,102,738.83,195.85,106.37,247.21,0.3525,-1,-1,-1
851,110,1506.85,165.06,262.73,882.08,0.9019,-1,-1,-1
852,80,992.09,136.00,157.80,516.75,0.8071,-1,-1,-1
852,94,825.65,177.49,179.67,455.57,0.8513,-1,-1,-1
852,95,256.30,63.07,318.10,959.98,0.8918,-1,-1,-1
852,97,543.63,119.83,299.74,915.17,0.8787,-1,-1,-1
852,104,1177.42,249.77,98.51,309.73,0.7404,-1,-1,-1
852,102,726.35,192.27,114.19,253.92,0.1828,-1,-1,-1
852,110,1517.40,159.14,270.61,890.41,0.9033,-1,-1,-1
853,80,989.35,132.28,163.39,516.78,0.7997,-1,-1,-1
853,94,822.13,176.47,177.15,453.27,0.8416,-1,-1,-1
853,95,241.72,53.94,325.60,994.11,0.8974,-1,-1,-1
853,97,535.33,107.87,308.20,930.98,0.8870,-1,-1,-1
853,104,1179.90,243.70,98.75,314.27,0.7414,-1,-1,-1
853,110,1526.19,145.32,281.39,906.21,0.9014,-1,-1,-1
854,80,981.21,131.36,168.71,516.50,0.7997,-1,-1,-1
854,94,820.38,176.15,175.72,452.86,0.8468,-1,-1,-1
854,95,222.17,46.97,335.46,1019.80,0.9001,-1,-1,-1
854,97,531.03,99.01,312.14,949.62,0.8928,-1,-1,-1
854,104,1177.27,241.29,98.57,316.61,0.7039,-1,-1,-1
854,110,1531.56,136.46,292.47,921.61,0.9020,-1,-1,-1
855,80,976.45,128.56,173.99,519.76,0.8159,-1,-1,-1
855,94,820.63,173.50,169.86,453.72,0.8418,-1,-1,-1
855,95,204.79,37.81,343.47,1031.44,0.9007,-1,-1,-1
855,97,518.56,87.80,323.67,964.65,0.8941,-1,-1,-1
855,104,1171.98,237.82,98.81,318.69,0.6315,-1,-1,-1
855,110,1539.79,127.30,300.48,934.07,0.9083,-1,-1,-1
856,80,979.87,123.52,165.79,526.36,0.8352,-1,-1,-1
856,94,814.87,171.02,173.04,454.86,0.8455,-1,-1,-1
856,95,182.49,27.72,353.13,1044.69,0.9073,-1,-1,-1
856,97,507.47,75.03,336.14,981.85,0.9023,-1,-1,-1
856,104,1171.61,233.93,95.43,319.12,0.6546,-1,-1,-1
856,110,1541.47,112.54,320.89,951.72,0.9106,-1,-1,-1
857,80,976.03,121.00,168.45,527.79,0.8446,-1,-1,-1
857,94,806.19,168.21,180.65,455.98,0.8492,-1,-1,-1
857,95,179.21,19.01,344.36,1055.78,0.8867,-1,-1,-1
857,97,493.60,64.24,349.33,1004.53,0.9045,-1,-1,-1
857,104,1168.22,229.39,99.01,321.30,0.6998,-1,-1,-1
857,110,1538.92,103.67,341.81,964.42,0.9024,-1,-1,-1
858,80,977.09,120.60,160.60,526.93,0.8353,-1,-1,-1
858,94,800.26,161.54,176.15,460.98,0.8388,-1,-1,-1
858,95,128.05,6.57,379.25,1066.75,0.8999,-1,-1,-1
858,97,479.75,52.27,362.36,1025.42,0.9026,-1,-1,-1
858,104,1165.49,225.50,98.44,323.51,0.6964,-1,-1,-1
858,110,1530.88,89.87,372.08,988.31,0.8980,-1,-1,-1
858,112,1329.13,284.34,98.45,283.88,0.3686,-1,-1,-1
859,80,965.58,122.98,166.83,522.80,0.8276,-1,-1,-1
859,94,798.55,156.28,173.03,462.29,0.8237,-1,-1,-1
859,95,100.40,2.01,390.95,1069.05,0.9067,-1,-1,-1
859,97,469.79,40.24,370.78,1037.28,0.9040,-1,-1,-1
859,104,1162.43,222.77,99.51,323.73,0.7110,-1,-1,-1
859,110,1543.04,77.37,377.90,1003.43,0.8808,-1,-1,-1
859,112,1327.80,283.38,95.70,280.81,0.2182,-1,-1,-1
860,80,958.85,123.33,173.45,521.50,0.8488,-1,-1,-1
860,94,798.46,149.86,170.57,464.67,0.8283,-1,-1,-1
860,95,69.56,-0.41,405.60,1071.83,0.9018,-1,-1,-1
860,97,458.57,27.68,380.44,1051.29,0.9163,-1,-1,-1
860,104,1158.99,217.93,100.70,326.02,0.6957,-1,-1,-1
860,110,1554.78,62.08,374.42,1022.46,0.9029,-1,-1,-1
860,112,1327.59,281.56,94.38,279.05,0.3160,-1,-1,-1
861,80,955.52,121.59,176.28,520.58,0.8619,-1,-1,-1
861,94,794.19,145.17,172.07,465.07,0.8511,-1,-1,-1
861,95,37.18,-0.98,423.40,1074.50,0.8689,-1,-1,-1
861,97,445.34,15.59,391.92,1063.45,0.9100,-1,-1,-1
861,104,1158.27,213.81,101.89,327.98,0.6871,-1,-1,-1
861,110,1561.57,53.16,369.78,1031.80,0.9074,-1,-1,-1
862,80,953.45,119.59,178.75,519.54,0.8486,-1,-1,-1
862,94,794.36,142.87,172.97,461.80,0.8393,-1,-1,-1
862,95,4.93,-1.71,440.34,1074.58,0.7870,-1,-1,-1
862,97,436.94,6.34,397.87,1072.73,0.9137,-1,-1,-1
862,104,1159.87,211.86,100.05,326.32,0.6661,-1,-1,-1
862,110,1572.64,38.58,359.34,1042.71,0.9107,-1,-1,-1
863,80,958.96,115.71,175.52,521.24,0.8305,-1,-1,-1
863,94,793.20,140.80,173.39,460.33,0.8488,-1,-1,-1
863,95,2.44,-1.49,426.41,1075.90,0.8525,-1,-1,-1
863,97,424.77,1.33,407.66,1076.93,0.9201,-1,-1,-1
863,104,1160.16,210.58,99.76,324.57,0.6468,-1,-1,-1
863,110,1584.56,31.38,346.45,1048.46,0.9092,-1,-1,-1
864,80,961.46,113.44,176.13,523.39,0.8338,-1,-1,-1
864,94,791.81,139.63,173.62,459.41,0.8543,-1,-1,-1
864,95,-3.56,0.05,422.23,1075.56,0.8977,-1,-1,-1
864,97,412.01,0.25,413.58,1077.86,0.9225,-1,-1,-1
864,104,1160.63,207.84,100.67,328.66,0.6391,-1,-1,-1
864,110,1596.44,18.10,334.09,1062.35,0.9040,-1,-1,-1
865,80,961.10,110.74,179.57,527.53,0.8289,-1,-1,-1
865,94,793.72,137.78,172.61,460.54,0.8499,-1,-1,-1
865,95,-8.75,0.76,414.41,1074.39,0.9117,-1,-1,-1
865,97,399.67,0.17,418.92,1079.12,0.9202,-1,-1,-1
865,104,1159.27,205.77,105.08,331.97,0.6333,-1,-1,-1
865,110,1611.85,9.90,317.75,1070.68,0.9013,-1,-1,-1
866,80,962.40,108.64,180.15,528.65,0.8339,-1,-1,-1
866,94,795.54,136.30,171.38,463.94,0.8540,-1,-1,-1
866,95,-10.91,4.38,386.40,1071.35,0.9117,-1,-1,-1
866,97,380.76,1.11,430.87,1077.52,0.9195,-1,-1,-1
866,104,1163.10,204.02,100.58,332.94,0.6827,-1,-1,-1
866,110,1643.06,0.55,285.56,1077.48,0.8885,-1,-1,-1
867,80,970.99,107.92,174.88,528.77,0.8221,-1,-1,-1
867,94,794.90,138.24,173.26,467.09,0.8571,-1,-1,-1
867,95,-11.19,6.55,355.55,1069.91,0.9207,-1,-1,-1
867,97,359.75,3.93,439.49,1073.61,0.9154,-1,-1,-1
867,104,1168.60,203.42,98.72,335.45,0.6989,-1,-1,-1
867,110,1680.10,-0.53,247.23,1079.20,0.8728,-1,-1,-1
868,80,980.90,109.95,162.03,522.17,0.8262,-1,-1,-1
868,94,792.33,141.85,176.79,469.44,0.8590,-1,-1,-1
868,95,-10.96,7.82,329.39,1069.32,0.9111,-1,-1,-1
868,97,332.40,3.45,451.99,1073.10,0.9193,-1,-1,-1
868,104,1169.41,203.63,99.43,337.60,0.6996,-1,-1,-1
868,110,1706.79,111.54,218.95,963.44,0.7514,-1,-1,-1
869,80,982.76,108.12,158.69,520.54,0.8231,-1,-1,-1
869,94,792.30,143.70,175.26,471.18,0.8629,-1,-1,-1
869,95,-9.46,7.59,302.02,1064.22,0.9165,-1,-1,-1
869,97,301.90,2.62,467.91,1072.16,0.9160,-1,-1,-1
869,104,1171.06,203.87,99.50,339.91,0.7079,-1,-1,-1
869,110,1720.19,184.19,203.03,669.00,0.4261,-1,-1,-1
870,80,982.62,109.59,153.80,518.30,0.8244,-1,-1,-1
870,94,792.99,145.31,173.36,473.00,0.8690,-1,-1,-1
870,95,-7.78,8.65,274.79,1061.58,0.9126,-1,-1,-1
870,97,267.48,2.40,488.00,1072.66,0.9113,-1,-1,-1
870,104,1170.96,203.90,101.56,343.11,0.7102,-1,-1,-1
870,110,1756.95,207.57,164.93,609.85,0.7598,-1,-1,-1
871,80,985.01,113.65,146.01,518.05,0.8177,-1,-1,-1
871,94,793.66,150.39,172.50,472.01,0.8587,-1,-1,-1
871,95,-6.23,8.96,247.26,1062.00,0.8959,-1,-1,-1
871,97,234.39,1.82,504.65,1074.18,0.9159,-1,-1,-1
871,104,1173.11,205.55,100.78,344.89,0.6878,-1,-1,-1
871,110,1794.95,246.76,126.12,574.90,0.5824,-1,-1,-1
871,113,620.31,138.53,156.72,445.04,0.6072,-1,-1,-1
872,80,987.16,117.04,144.63,517.66,0.8112,-1,-1,-1
872,94,795.33,156.39,170.95,470.96,0.8489,-1,-1,-1
872,95,-3.31,10.30,212.05,1058.17,0.8787,-1,-1,-1
872,97,202.75,2.02,523.85,1071.02,0.9146,-1,-1,-1
872,104,1179.80,207.39,95.94,346.57,0.7180,-1,-1,-1
872,113,613.20,143.68,162.58,467.16,0.7942,-1,-1,-1
873,80,988.02,120.71,141.35,515.52,0.8105,-1,-1,-1
873,94,797.07,160.44,170.85,472.85,0.8357,-1,-1,-1
873,95,-1.66,39.54,179.55,1029.97,0.8601,-1,-1,-1
873,97,163.31,2.09,550.29,1068.90,0.9237,-1,-1,-1
873,104,1180.20,208.70,98.38,348.91,0.7081,-1,-1,-1
873,113,609.58,146.46,161.66,485.47,0.7625,-1,-1,-1
874,80,989.19,123.80,138.51,518.84,0.7984,-1,-1,-1
874,94,799.36,164.76,169.19,472.54,0.8370,-1,-1,-1
874,95,1.17,99.53,145.39,971.45,0.8119,-1,-1,-1
874,97,125.49,-0.19,573.31,1067.91,0.9102,-1,-1,-1
874,104,1178.99,209.99,101.51,349.68,0.7219,-1,-1,-1
874,113,605.68,149.78,165.20,491.11,0.7553,-1,-1,-1
875,80,990.02,128.57,136.51,517.64,0.7909,-1,-1,-1
875,94,802.27,165.46,168.09,473.64,0.8289,-1,-1,-1
875,95,1.40,128.46,121.03,934.72,0.4877,-1,-1,-1
875,97,99.58,-0.27,584.53,1065.16,0.9138,-1,-1,-1
875,104,1174.14,211.42,108.11,349.28,0.6494,-1,-1,-1
875,113,599.02,150.13,171.65,494.01,0.7738,-1,-1,-1
876,80,993.88,132.45,131.79,515.86,0.8016,-1,-1,-1
876,94,803.90,167.00,168.82,471.02,0.8372,-1,-1,-1
876,95,1.82,197.62,135.35,850.24,0.3707,-1,-1,-1
876,97,33.58,-0.63,633.63,1066.92,0.8977,-1,-1,-1
876,104,1174.83,211.25,112.31,350.59,0.6067,-1,-1,-1
876,113,590.87,148.75,177.71,500.22,0.8003,-1,-1,-1
877,80,993.35,134.80,130.02,516.75,0.8115,-1,-1,-1
877,94,804.04,167.23,169.69,464.43,0.8342,-1,-1,-1
877,95,1.71,252.93,129.84,716.68,0.1991,-1,-1,-1
877,97,2.81,-0.87,646.03,1066.98,0.9369,-1,-1,-1
877,104,1174.44,210.16,112.60,353.68,0.6402,-1,-1,-1
877,113,582.81,146.89,172.92,505.03,0.7879,-1,-1,-1
878,80,987.93,134.97,133.81,515.35,0.7996,-1,-1,-1
878,94,802.77,165.10,169.00,468.85,0.8294,-1,-1,-1
878,97,-9.24,-0.04,640.26,1067.98,0.9417,-1,-1,-1
878,104,1176.23,207.85,113.03,356.65,0.6439,-1,-1,-1
878,113,571.37,143.44,185.29,511.61,0.7967,-1,-1,-1
879,80,986.91,135.84,132.76,512.84,0.8162,-1,-1,-1
879,94,802.06,162.57,168.30,472.84,0.8388,-1,-1,-1
879,97,-11.58,-0.04,621.33,1066.85,0.9240,-1,-1,-1
879,104,1173.04,206.82,113.11,357.23,0.6911,-1,-1,-1
879,113,559.89,142.80,193.13,515.05,0.8391,-1,-1,-1
880,80,983.56,135.60,134.64,510.50,0.8103,-1,-1,-1
880,94,801.63,158.88,169.10,469.79,0.8505,-1,-1,-1
880,97,-10.42,3.04,595.76,1064.17,0.9167,-1,-1,-1
880,104,1171.87,203.72,113.49,359.97,0.7163,-1,-1,-1
880,113,548.31,142.07,202.84,519.38,0.8515,-1,-1,-1
880,115,704.77,221.02,95.65,347.99,0.4623,-1,-1,-1
881,80,979.51,135.06,138.75,509.42,0.8071,-1,-1,-1
881,94,800.72,156.61,170.53,465.45,0.8603,-1,-1,-1
881,97,-8.15,2.50,568.21,1061.61,0.9261,-1,-1,-1
881,104,1175.78,200.09,110.69,363.46,0.7111,-1,-1,-1
881,113,535.43,142.05,220.23,521.68,0.8298,-1,-1,-1
881,115,698.95,219.63,96.93,361.40,0.5598,-1,-1,-1
882,80,970.16,133.08,144.38,513.00,0.8412,-1,-1,-1
882,94,798.60,153.96,170.26,466.66,0.8555,-1,-1,-1
882,97,-6.19,3.87,542.91,1060.68,0.9208,-1,-1,-1
882,104,1176.74,199.38,111.60,364.10,0.7518,-1,-1,-1
882,113,524.42,140.86,226.58,530.84,0.8173,-1,-1,-1
882,115,696.72,223.02,95.63,361.29,0.6269,-1,-1,-1
883,80,965.48,126.90,140.88,519.63,0.8340,-1,-1,-1
883,94,796.21,152.16,170.69,465.03,0.8532,-1,-1,-1
883,97,-5.09,5.29,516.67,1057.98,0.9380,-1,-1,-1
883,104,1176.37,201.07,113.05,363.25,0.7632,-1,-1,-1
883,113,509.50,140.74,236.24,536.17,0.8178,-1,-1,-1
883,115,689.55,219.44,103.51,367.17,0.6266,-1,-1,-1
884,80,960.88,122.99,142.04,522.42,0.7681,-1,-1,-1
884,94,795.18,150.55,169.32,465.29,0.8349,-1,-1,-1
884,97,-4.53,5.68,477.11,1056.01,0.9146,-1,-1,-1
884,104,1177.15,199.85,112.70,366.20,0.7445,-1,-1,-1
884,113,495.62,139.00,237.37,542.18,0.7863,-1,-1,-1
884,115,675.13,224.79,114.71,359.64,0.4760,-1,-1,-1
885,80,959.32,118.60,141.27,524.87,0.7979,-1,-1,-1
885,94,791.36,148.61,168.85,468.60,0.8273,-1,-1,-1
885,97,-3.87,6.39,428.65,1055.95,0.9100,-1,-1,-1
885,104,1175.70,199.19,115.22,366.98,0.7264,-1,-1,-1
885,113,484.45,138.10,241.30,549.38,0.7694,-1,-1,-1
885,115,665.91,225.99,119.20,350.74,0.4705,-1,-1,-1
886,80,956.33,116.71,140.45,519.30,0.8178,-1,-1,-1
886,94,784.96,147.80,168.08,473.48,0.8348,-1,-1,-1
886,97,-3.24,4.54,375.73,1058.90,0.8796,-1,-1,-1
886,104,1173.05,201.52,117.27,368.09,0.7363,-1,-1,-1
886,113,463.60,136.29,245.19,558.93,0.7897,-1,-1,-1
886,115,657.51,217.76,118.99,324.03,0.3495,-1,-1,-1
887,80,953.58,116.48,141.28,514.93,0.8076,-1,-1,-1
887,94,774.07,151.82,174.41,471.43,0.8474,-1,-1,-1
887,97,-1.19,14.77,312.60,1048.12,0.4253,-1,-1,-1
887,104,1170.54,204.20,114.62,368.10,0.7783,-1,-1,-1
887,113,446.79,128.40,254.52,571.56,0.8619,-1,-1,-1
887,115,644.22,221.45,123.98,311.23,0.4485,-1,-1,-1
888,80,936.07,121.58,152.04,503.57,0.8170,-1,-1,-1
888,94,772.97,153.34,169.54,470.20,0.8298,-1,-1,-1
888,104,1166.28,204.55,116.69,366.98,0.7410,-1,-1,-1
888,113,431.20,119.46,260.22,583.71,0.8355,-1,-1,-1
888,115,633.91,214.47,122.24,314.21,0.4532,-1,-1,-1
889,80,928.15,117.31,152.61,507.81,0.7967,-1,-1,-1
889,94,763.32,155.44,170.33,470.34,0.7856,-1,-1,-1
889,104,1161.79,204.63,117.72,368.88,0.7053,-1,-1,-1
889,113,413.02,110.96,265.55,592.60,0.8578,-1,-1,-1
889,115,613.34,221.58,126.47,311.89,0.3015,-1,-1,-1
890,80,901.84,119.62,162.00,509.10,0.8089,-1,-1,-1
890,94,748.95,161.48,168.20,470.54,0.8130,-1,-1,-1
890,104,1151.34,207.90,116.49,369.98,0.7254,-1,-1,-1
890,113,389.52,106.01,261.13,604.64,0.8354,-1,-1,-1
890,115,591.02,199.66,126.83,380.34,0.4052,-1,-1,-1
891,80,896.23,120.98,160.30,512.67,0.8332,-1,-1,-1
891,94,729.65,164.65,175.44,469.57,0.8518,-1,-1,-1
891,104,1141.62,210.73,117.09,370.48,0.7854,-1,-1,-1
891,113,362.25,95.82,273.05,620.10,0.7532,-1,-1,-1
891,115,588.10,207.70,110.79,372.80,0.3741,-1,-1,-1
892,80,885.14,123.45,158.89,513.40,0.8482,-1,-1,-1
892,94,716.38,167.42,174.87,468.40,0.8356,-1,-1,-1
892,104,1133.34,213.56,114.23,371.06,0.7825,-1,-1,-1
892,113,339.75,88.00,281.06,634.00,0.8512,-1,-1,-1
892,115,551.07,211.29,137.79,383.65,0.2747,-1,-1,-1
893,80,874.41,126.54,159.75,514.24,0.8261,-1,-1,-1
893,94,704.25,167.51,174.34,470.36,0.8186,-1,-1,-1
893,104,1123.97,215.50,116.31,376.53,0.7906,-1,-1,-1
893,113,315.39,84.34,288.17,646.30,0.7565,-1,-1,-1
893,115,523.48,213.83,141.43,399.30,0.4091,-1,-1,-1
894,80,864.20,131.77,160.34,516.31,0.7591,-1,-1,-1
894,94,694.03,168.80,172.05,472.84,0.8462,-1,-1,-1
894,104,1117.58,218.74,115.48,376.88,0.7928,-1,-1,-1
894,113,295.89,82.59,296.17,654.37,0.8382,-1,-1,-1
894,115,500.59,220.91,157.16,410.53,0.3678,-1,-1,-1
895,80,850.04,135.54,160.37,518.32,0.7764,-1,-1,-1
895,94,682.94,171.03,169.77,471.80,0.8566,-1,-1,-1
895,104,1109.93,221.17,119.71,378.85,0.7965,-1,-1,-1
895,113,279.33,79.80,301.88,669.95,0.7093,-1,-1,-1
895,115,500.49,226.36,152.58,409.95,0.3599,-1,-1,-1
896,80,833.63,138.32,175.05,518.47,0.8284,-1,-1,-1
896,94,674.56,170.78,169.66,468.62,0.8334,-1,-1,-1
896,104,1103.96,224.78,123.46,376.64,0.7502,-1,-1,-1
896,113,261.21,76.90,296.37,683.35,0.8388,-1,-1,-1
896,115,491.11,197.03,147.69,451.55,0.4464,-1,-1,-1
897,80,823.30,143.64,180.83,514.79,0.8283,-1,-1,-1
897,94,668.07,170.86,168.10,466.67,0.8088,-1,-1,-1
897,104,1098.16,227.47,125.65,376.81,0.7875,-1,-1,-1
897,113,244.35,72.25,303.75,703.25,0.8678,-1,-1,-1
897,115,497.69,183.60,127.89,463.86,0.3772,-1,-1,-1
898,80,821.95,147.79,183.16,514.33,0.8317,-1,-1,-1
898,94,665.28,170.92,166.76,465.53,0.8205,-1,-1,-1
898,104,1096.74,228.93,126.62,380.33,0.8018,-1,-1,-1
898,113,232.95,67.96,309.66,733.23,0.8666,-1,-1,-1
898,115,489.33,178.15,128.79,475.76,0.5383,-1,-1,-1
899,80,820.23,149.80,186.37,514.71,0.8329,-1,-1,-1
899,94,658.25,170.39,172.62,472.89,0.7896,-1,-1,-1
899,104,1096.27,231.61,126.75,380.02,0.7906,-1,-1,-1
899,113,221.34,65.48,313.53,747.60,0.8346,-1,-1,-1
899,115,469.85,173.91,140.56,490.86,0.4794,-1,-1,-1
900,80,823.27,152.15,185.54,513.84,0.8239,-1,-1,-1
900,94,658.51,170.07,172.16,479.26,0.8099,-1,-1,-1
900,104,1099.32,231.02,129.28,383.75,0.8067,-1,-1,-1
900,113,213.91,60.46,296.52,760.93,0.7908,-1,-1,-1
900,115,458.73,169.81,147.54,505.99,0.5940,-1,-1,-1
