1,1,0.61,675.51,50.94,207.61,0.7038,-1,-1,-1
1,2,1370.39,514.35,33.77,99.99,0.6449,-1,-1,-1
1,3,1609.11,558.15,56.11,115.72,0.6024,-1,-1,-1
2,1,-4.92,662.71,51.91,212.54,0.6566,-1,-1,-1
2,2,1371.66,513.66,34.11,101.04,0.6422,-1,-1,-1
2,3,1614.65,550.41,59.85,123.41,0.6596,-1,-1,-1
3,1,-8.04,685.18,51.24,211.89,0.6506,-1,-1,-1
3,2,1373.99,508.76,35.64,105.42,0.5889,-1,-1,-1
3,3,1620.77,548.62,58.97,121.31,0.6542,-1,-1,-1
3,4,1536.44,553.35,49.44,117.72,0.6501,-1,-1,-1
4,2,1378.47,506.00,36.68,108.57,0.7123,-1,-1,-1
4,3,1628.94,547.32,60.86,125.10,0.7598,-1,-1,-1
4,4,1543.43,552.74,50.33,120.20,0.6527,-1,-1,-1
4,6,94.32,722.76,45.29,100.40,0.5894,-1,-1,-1
5,2,1382.53,512.44,37.15,110.40,0.7116,-1,-1,-1
5,3,1636.48,559.58,60.24,123.57,0.6364,-1,-1,-1
5,4,1549.36,559.37,50.90,121.52,0.4003,-1,-1,-1
5,6,80.28,717.17,46.30,102.73,0.5012,-1,-1,-1
6,2,1388.11,522.99,36.25,108.60,0.6363,-1,-1,-1
6,3,1644.35,570.20,60.92,124.40,0.7571,-1,-1,-1
6,4,1559.54,573.15,50.05,119.63,0.2978,-1,-1,-1
6,7,1462.28,503.91,28.26,87.90,0.5392,-1,-1,-1
7,2,1390.33,519.95,36.85,111.23,0.5816,-1,-1,-1
7,3,1651.36,571.62,62.76,127.98,0.7404,-1,-1,-1
7,4,1564.46,570.34,52.29,124.78,0.5748,-1,-1,-1
7,7,1464.36,499.89,28.82,89.78,0.4662,-1,-1,-1
8,2,1393.70,528.86,36.04,109.09,0.6718,-1,-1,-1
8,3,1658.81,575.79,63.83,129.84,0.6632,-1,-1,-1
8,4,1570.22,578.88,51.80,123.67,0.5496,-1,-1,-1
8,7,1468.03,506.69,28.46,88.29,0.5231,-1,-1,-1
9,2,1396.94,532.77,35.58,107.65,0.6744,-1,-1,-1
9,3,1664.54,581.99,65.00,132.07,0.6922,-1,-1,-1
9,4,1576.28,586.94,51.79,123.84,0.5052,-1,-1,-1
9,7,1470.58,511.27,28.58,88.24,0.4329,-1,-1,-1
10,2,1399.16,539.67,35.50,107.12,0.6587,-1,-1,-1
10,3,1670.66,596.99,63.67,129.01,0.7868,-1,-1,-1
10,4,1581.97,600.12,51.37,123.01,0.6846,-1,-1,-1
10,7,1473.01,520.78,28.41,87.50,0.3217,-1,-1,-1
11,2,1401.67,534.77,35.61,107.22,0.6748,-1,-1,-1
11,3,1678.21,584.98,65.96,134.00,0.7657,-1,-1,-1
11,4,1588.19,592.79,52.51,126.03,0.6554,-1,-1,-1
11,7,1474.46,515.25,28.51,87.05,0.3878,-1,-1,-1
12,2,1403.83,533.64,36.55,109.86,0.6854,-1,-1,-1
12,3,1686.58,589.32,65.56,133.29,0.7707,-1,-1,-1
12,4,1595.79,593.67,53.38,128.15,0.7069,-1,-1,-1
12,7,1477.92,514.93,29.75,89.37,0.3870,-1,-1,-1
13,2,1407.79,531.90,35.44,106.43,0.7172,-1,-1,-1
13,3,1693.46,591.36,65.12,132.38,0.7234,-1,-1,-1
13,4,1601.45,595.80,53.33,127.21,0.6662,-1,-1,-1
13,7,1480.10,513.13,30.85,90.72,0.4241,-1,-1,-1
14,2,1409.61,530.53,34.68,103.70,0.6684,-1,-1,-1
14,3,1700.72,586.36,65.33,133.48,0.6839,-1,-1,-1
14,4,1610.42,589.83,54.22,129.31,0.6279,-1,-1,-1
14,7,1477.83,511.39,30.69,88.52,0.1726,-1,-1,-1
15,2,1412.38,531.76,35.35,105.66,0.5291,-1,-1,-1
15,3,1708.37,585.96,66.66,137.24,0.7502,-1,-1,-1
15,4,1618.47,592.41,54.24,129.79,0.7190,-1,-1,-1
15,7,1478.39,510.20,32.62,88.69,0.1858,-1,-1,-1
16,2,1416.16,533.06,35.06,105.00,0.5459,-1,-1,-1
16,3,1714.57,590.75,65.85,136.53,0.7422,-1,-1,-1
16,4,1626.58,594.20,54.68,130.54,0.6974,-1,-1,-1
16,7,1485.76,515.23,31.09,83.33,0.2732,-1,-1,-1
17,2,1418.96,533.41,36.00,107.47,0.6031,-1,-1,-1
17,3,1721.56,590.70,66.46,138.70,0.7099,-1,-1,-1
17,4,1634.01,591.12,55.78,133.72,0.6952,-1,-1,-1
18,2,1421.10,533.69,36.44,108.59,0.6992,-1,-1,-1
18,3,1730.46,593.76,65.76,138.15,0.7040,-1,-1,-1
18,4,1642.75,591.84,56.10,134.92,0.6257,-1,-1,-1
18,13,475.66,541.58,36.63,104.60,0.5547,-1,-1,-1
19,2,1423.71,534.43,36.46,108.16,0.7341,-1,-1,-1
19,3,1739.79,595.24,65.96,139.13,0.7484,-1,-1,-1
19,4,1650.63,592.76,56.19,135.44,0.4441,-1,-1,-1
19,13,474.15,540.47,37.09,105.89,0.5122,-1,-1,-1
19,14,512.44,540.13,38.33,107.54,0.5117,-1,-1,-1
20,2,1425.91,534.86,36.29,106.86,0.7477,-1,-1,-1
20,3,1748.48,596.95,65.98,139.89,0.7430,-1,-1,-1
20,4,1657.99,594.13,55.81,135.48,0.6054,-1,-1,-1
20,13,471.80,543.75,37.37,106.70,0.4013,-1,-1,-1
20,14,508.75,536.92,40.61,113.94,0.4840,-1,-1,-1
21,2,1427.54,533.40,37.77,110.64,0.6907,-1,-1,-1
21,3,1756.74,597.83,66.00,140.60,0.7463,-1,-1,-1
21,4,1666.00,596.50,56.37,137.14,0.6872,-1,-1,-1
21,13,468.76,548.95,35.69,101.95,0.4573,-1,-1,-1
21,14,506.65,538.57,40.64,114.11,0.5230,-1,-1,-1
22,2,1431.52,536.91,36.40,105.20,0.6692,-1,-1,-1
22,3,1768.29,601.24,64.81,139.08,0.7487,-1,-1,-1
22,4,1673.31,597.94,57.27,140.17,0.6265,-1,-1,-1
22,13,465.95,550.92,36.10,103.07,0.5555,-1,-1,-1
22,14,503.81,542.92,39.90,112.32,0.5116,-1,-1,-1
23,2,1432.59,538.27,37.72,108.47,0.6628,-1,-1,-1
23,3,1776.68,600.91,66.67,144.00,0.7717,-1,-1,-1
23,4,1680.11,600.17,58.07,142.57,0.7256,-1,-1,-1
23,13,464.17,550.13,36.73,105.36,0.4275,-1,-1,-1
23,14,501.07,547.22,39.06,109.45,0.5495,-1,-1,-1
24,2,1435.39,532.90,39.38,113.89,0.6538,-1,-1,-1
24,3,1786.07,596.34,68.89,149.81,0.7109,-1,-1,-1
24,4,1687.15,601.64,58.42,143.28,0.7307,-1,-1,-1
24,13,462.36,550.02,37.87,107.90,0.4740,-1,-1,-1
24,14,497.15,551.83,38.05,106.63,0.4579,-1,-1,-1
25,2,1437.65,534.42,41.11,119.13,0.6624,-1,-1,-1
25,3,1796.28,601.99,68.37,148.67,0.7094,-1,-1,-1
25,4,1694.11,605.96,59.61,147.31,0.7278,-1,-1,-1
25,13,460.02,547.76,39.97,113.15,0.4379,-1,-1,-1
25,14,496.18,552.79,38.67,108.40,0.4673,-1,-1,-1
26,2,1440.88,537.26,41.47,119.24,0.7227,-1,-1,-1
26,3,1806.89,606.52,68.02,147.50,0.5898,-1,-1,-1
26,4,1702.78,610.42,60.36,149.40,0.7252,-1,-1,-1
26,13,457.83,549.51,40.14,113.30,0.5107,-1,-1,-1
26,14,494.64,550.66,40.23,112.82,0.5506,-1,-1,-1
27,2,1444.28,540.81,40.37,115.67,0.7474,-1,-1,-1
27,3,1815.83,610.68,69.79,150.22,0.6518,-1,-1,-1
27,4,1710.60,614.80,60.36,149.48,0.6739,-1,-1,-1
27,13,455.15,555.54,39.53,110.68,0.3929,-1,-1,-1
27,14,494.17,559.33,38.27,106.77,0.6097,-1,-1,-1
28,2,1449.06,544.62,39.91,112.34,0.7281,-1,-1,-1
28,3,1823.70,611.40,72.36,155.43,0.7716,-1,-1,-1
28,4,1717.73,617.02,61.20,151.88,0.6739,-1,-1,-1
28,13,451.83,558.22,39.37,109.69,0.3521,-1,-1,-1
28,14,492.32,564.22,37.39,103.77,0.5862,-1,-1,-1
28,15,1534.25,524.93,31.91,83.88,0.5366,-1,-1,-1
29,2,1452.25,549.25,39.37,110.77,0.7081,-1,-1,-1
29,3,1830.90,617.89,74.07,158.87,0.6921,-1,-1,-1
29,4,1724.34,621.67,63.35,158.18,0.7229,-1,-1,-1
29,13,450.03,562.70,38.32,105.96,0.4891,-1,-1,-1
29,14,491.62,568.60,36.19,99.89,0.5282,-1,-1,-1
29,15,1535.27,525.41,34.11,89.71,0.5612,-1,-1,-1
30,2,1455.24,550.38,39.89,111.60,0.6419,-1,-1,-1
30,3,1839.69,621.02,72.59,153.76,0.6346,-1,-1,-1
30,4,1735.14,624.38,63.50,159.72,0.7527,-1,-1,-1
30,13,445.85,565.41,39.98,109.88,0.6148,-1,-1,-1
30,14,489.61,573.82,36.89,101.50,0.5004,-1,-1,-1
30,15,1537.94,525.31,34.96,92.01,0.5647,-1,-1,-1
31,2,1457.01,551.49,42.21,118.49,0.6287,-1,-1,-1
31,3,1850.01,626.24,71.12,151.43,0.6391,-1,-1,-1
31,4,1746.75,628.11,61.91,156.48,0.5791,-1,-1,-1
31,13,443.23,575.49,39.95,109.88,0.5757,-1,-1,-1
31,14,487.45,577.78,39.15,108.35,0.4170,-1,-1,-1
31,15,1540.65,525.23,36.66,96.88,0.4870,-1,-1,-1
32,2,1460.16,555.85,42.20,119.32,0.6374,-1,-1,-1
32,3,1854.43,633.34,73.02,158.55,0.6871,-1,-1,-1
32,4,1756.57,631.74,61.68,156.00,0.6768,-1,-1,-1
32,13,441.81,574.93,39.58,108.26,0.5723,-1,-1,-1
32,14,486.37,576.34,39.16,108.37,0.5266,-1,-1,-1
32,15,1544.95,528.79,35.39,93.64,0.5978,-1,-1,-1
33,2,1463.60,547.32,43.67,123.95,0.7428,-1,-1,-1
33,3,1859.46,626.73,74.04,166.74,0.6662,-1,-1,-1
33,4,1766.73,625.25,60.86,153.93,0.6461,-1,-1,-1
33,13,439.40,568.50,39.74,108.86,0.5149,-1,-1,-1
33,14,483.72,572.50,38.86,107.96,0.4875,-1,-1,-1
33,15,1548.82,521.82,34.60,91.68,0.6532,-1,-1,-1
34,2,1467.51,546.20,43.73,124.80,0.7605,-1,-1,-1
34,3,1869.32,633.38,64.95,152.10,0.5546,-1,-1,-1
34,4,1775.57,622.79,62.16,156.51,0.7454,-1,-1,-1
34,13,437.29,572.50,38.65,105.51,0.4803,-1,-1,-1
34,14,480.14,569.10,40.23,112.26,0.5205,-1,-1,-1
34,15,1551.97,519.29,35.00,93.19,0.5973,-1,-1,-1
35,2,1471.11,541.92,44.31,125.95,0.7300,-1,-1,-1
35,4,1785.65,622.91,63.13,157.99,0.6381,-1,-1,-1
35,13,436.11,567.28,38.65,104.98,0.4290,-1,-1,-1
35,14,477.75,563.93,39.90,111.52,0.3761,-1,-1,-1
35,15,1557.59,516.86,34.69,93.03,0.5335,-1,-1,-1
36,2,1475.54,538.36,45.05,128.73,0.7514,-1,-1,-1
36,4,1794.54,620.08,66.30,165.20,0.7069,-1,-1,-1
36,13,433.41,563.49,39.04,105.34,0.3521,-1,-1,-1
36,14,474.12,555.07,41.49,116.84,0.3016,-1,-1,-1
36,15,1562.77,515.93,33.96,91.68,0.3407,-1,-1,-1
37,2,1479.53,538.24,44.38,127.55,0.7193,-1,-1,-1
37,4,1803.52,621.81,68.43,168.60,0.7733,-1,-1,-1
37,13,429.02,556.19,40.26,109.34,0.3536,-1,-1,-1
37,14,469.60,544.37,43.76,123.69,0.4704,-1,-1,-1
37,15,1568.77,514.62,34.03,92.14,0.4269,-1,-1,-1
38,2,1483.03,534.69,44.69,129.71,0.7104,-1,-1,-1
38,4,1811.91,618.88,71.78,175.56,0.7810,-1,-1,-1
38,13,425.43,551.81,41.63,113.86,0.4980,-1,-1,-1
38,14,466.80,541.56,44.20,124.85,0.5376,-1,-1,-1
38,15,1572.91,506.39,35.09,96.06,0.4791,-1,-1,-1
39,2,1487.23,537.21,44.19,128.46,0.7032,-1,-1,-1
39,4,1823.10,626.25,72.03,175.07,0.7508,-1,-1,-1
39,13,422.23,545.14,41.79,114.96,0.4516,-1,-1,-1
39,14,464.42,533.01,44.94,127.39,0.4770,-1,-1,-1
39,15,1579.13,506.48,35.29,96.94,0.5144,-1,-1,-1
40,2,1491.07,536.69,43.64,127.45,0.7111,-1,-1,-1
40,4,1834.16,626.96,73.24,177.73,0.7793,-1,-1,-1
40,13,418.72,541.68,43.00,119.56,0.3843,-1,-1,-1
40,14,464.31,536.44,43.89,124.47,0.4694,-1,-1,-1
40,15,1582.34,501.59,37.06,102.17,0.3284,-1,-1,-1
41,2,1495.99,543.77,42.12,122.07,0.6970,-1,-1,-1
41,4,1844.71,631.43,74.09,179.90,0.7576,-1,-1,-1
41,13,417.00,536.64,44.03,123.58,0.4087,-1,-1,-1
41,14,463.44,537.09,43.41,122.49,0.4686,-1,-1,-1
41,15,1588.66,501.28,38.25,105.26,0.4960,-1,-1,-1
42,2,1501.16,546.77,41.91,121.04,0.6867,-1,-1,-1
42,4,1853.07,636.45,73.20,180.67,0.6920,-1,-1,-1
42,13,416.70,535.76,45.00,126.72,0.5492,-1,-1,-1
42,14,463.24,542.33,42.63,118.89,0.4620,-1,-1,-1
42,15,1593.48,505.03,37.14,102.74,0.5750,-1,-1,-1
43,2,1505.73,548.47,42.32,122.26,0.6678,-1,-1,-1
43,4,1862.28,642.49,68.55,174.10,0.6626,-1,-1,-1
43,13,414.65,535.19,46.07,129.92,0.5425,-1,-1,-1
43,14,458.06,533.92,46.51,129.94,0.4123,-1,-1,-1
43,15,1596.76,509.05,35.88,99.62,0.5066,-1,-1,-1
44,2,1511.34,551.72,41.99,121.03,0.6222,-1,-1,-1
44,4,1870.49,649.20,63.89,169.22,0.6408,-1,-1,-1
44,13,414.11,534.45,46.76,132.71,0.3812,-1,-1,-1
44,14,453.08,531.69,48.56,135.56,0.4004,-1,-1,-1
44,15,1600.85,509.65,36.57,101.03,0.5306,-1,-1,-1
45,2,1515.23,554.91,44.01,127.09,0.7573,-1,-1,-1
45,13,413.51,534.22,46.22,132.38,0.3755,-1,-1,-1
45,14,450.96,531.54,48.57,135.66,0.3261,-1,-1,-1
45,15,1605.29,512.41,37.22,101.88,0.5889,-1,-1,-1
46,2,1518.63,554.80,45.53,132.63,0.7571,-1,-1,-1
46,13,409.38,537.93,45.44,128.88,0.3129,-1,-1,-1
46,14,448.30,532.71,48.86,137.04,0.3441,-1,-1,-1
46,15,1609.88,514.52,37.25,101.27,0.5487,-1,-1,-1
47,2,1523.85,558.21,45.20,132.08,0.7206,-1,-1,-1
47,13,406.20,537.31,45.41,128.69,0.2859,-1,-1,-1
47,14,447.47,536.55,47.38,133.73,0.3277,-1,-1,-1
47,15,1617.69,523.69,35.06,95.31,0.5303,-1,-1,-1
48,2,1528.33,559.87,45.60,133.41,0.7087,-1,-1,-1
48,13,403.29,536.07,47.11,133.58,0.3400,-1,-1,-1
48,14,447.06,541.55,46.80,132.46,0.3631,-1,-1,-1
48,15,1621.57,527.10,33.98,92.86,0.6492,-1,-1,-1
49,2,1532.73,559.51,46.26,135.83,0.7109,-1,-1,-1
49,13,399.19,549.49,43.86,123.78,0.4166,-1,-1,-1
49,14,445.56,547.88,45.29,128.33,0.5423,-1,-1,-1
49,15,1625.48,531.54,33.27,91.37,0.7156,-1,-1,-1
50,2,1537.50,558.45,46.72,137.41,0.6964,-1,-1,-1
50,13,397.47,553.38,42.65,119.83,0.3635,-1,-1,-1
50,14,444.76,556.32,42.77,120.64,0.5612,-1,-1,-1
50,15,1629.93,531.28,32.48,90.50,0.4162,-1,-1,-1
51,2,1542.10,560.83,46.84,137.85,0.6992,-1,-1,-1
51,13,396.56,551.52,43.04,120.62,0.4897,-1,-1,-1
51,14,443.60,564.43,40.30,112.46,0.5520,-1,-1,-1
51,15,1635.77,533.42,32.01,89.80,0.6438,-1,-1,-1
52,2,1546.47,559.05,49.50,145.66,0.7092,-1,-1,-1
52,13,395.41,551.62,43.97,122.76,0.5373,-1,-1,-1
52,14,442.34,568.10,39.56,109.97,0.5691,-1,-1,-1
52,15,1639.53,533.03,32.14,90.72,0.5629,-1,-1,-1
53,2,1550.66,557.51,51.22,150.74,0.6880,-1,-1,-1
53,13,392.54,550.94,45.20,126.16,0.5311,-1,-1,-1
53,14,440.41,566.91,40.96,113.03,0.5360,-1,-1,-1
53,15,1643.76,533.80,31.66,89.73,0.5341,-1,-1,-1
54,2,1553.91,557.46,52.15,153.36,0.7247,-1,-1,-1
54,13,388.23,549.26,46.03,128.76,0.5163,-1,-1,-1
54,14,437.94,567.82,41.25,112.90,0.5618,-1,-1,-1
54,15,1648.21,534.54,31.44,89.41,0.5926,-1,-1,-1
55,2,1557.68,554.88,53.42,157.50,0.7496,-1,-1,-1
55,13,383.95,545.19,47.42,133.24,0.5709,-1,-1,-1
55,14,435.36,564.38,42.87,117.09,0.4616,-1,-1,-1
55,15,1653.35,533.73,32.12,91.29,0.6038,-1,-1,-1
56,2,1562.32,554.22,53.28,157.47,0.7373,-1,-1,-1
56,13,381.95,549.32,45.82,129.17,0.5227,-1,-1,-1
56,14,431.56,563.72,43.27,118.31,0.3547,-1,-1,-1
56,15,1657.35,527.71,34.69,98.39,0.7229,-1,-1,-1
57,2,1567.32,552.85,53.41,157.80,0.7172,-1,-1,-1
57,13,379.39,550.58,45.35,128.26,0.5249,-1,-1,-1
57,14,427.05,562.08,43.67,119.36,0.4539,-1,-1,-1
57,15,1659.67,522.72,36.23,102.69,0.7178,-1,-1,-1
58,2,1572.15,556.27,52.24,153.79,0.6335,-1,-1,-1
58,13,376.19,548.15,45.65,129.88,0.5752,-1,-1,-1
58,14,422.57,560.05,44.13,120.39,0.4633,-1,-1,-1
58,15,1661.72,516.60,37.60,106.90,0.6823,-1,-1,-1
59,2,1578.08,561.65,50.68,149.10,0.6308,-1,-1,-1
59,13,372.41,545.00,45.77,131.55,0.5619,-1,-1,-1
59,14,419.60,560.76,43.65,118.31,0.4146,-1,-1,-1
59,15,1665.07,511.78,39.16,110.80,0.6578,-1,-1,-1
60,2,1581.86,560.45,51.39,151.24,0.6263,-1,-1,-1
60,13,368.34,546.46,44.73,129.56,0.5510,-1,-1,-1
60,14,418.36,563.18,43.17,115.52,0.3864,-1,-1,-1
60,15,1667.28,510.75,39.59,111.17,0.7209,-1,-1,-1
61,2,1585.30,552.10,53.13,156.74,0.6206,-1,-1,-1
61,13,365.72,548.51,44.49,128.58,0.4770,-1,-1,-1
61,14,416.48,561.62,44.28,117.67,0.4217,-1,-1,-1
61,15,1669.58,509.57,39.40,108.75,0.7170,-1,-1,-1
62,2,1590.25,554.65,53.12,156.21,0.7003,-1,-1,-1
62,13,362.00,543.96,45.36,130.56,0.4605,-1,-1,-1
62,14,411.94,554.09,46.22,124.14,0.3488,-1,-1,-1
62,15,1674.05,516.10,38.71,104.92,0.5489,-1,-1,-1
63,2,1596.32,547.72,53.08,156.03,0.6414,-1,-1,-1
63,13,359.87,557.02,44.73,128.99,0.4009,-1,-1,-1
63,14,411.68,565.49,45.10,120.89,0.3698,-1,-1,-1
63,15,1680.90,515.10,36.15,97.25,0.5716,-1,-1,-1
64,2,1601.77,558.67,52.69,153.30,0.6268,-1,-1,-1
64,13,356.76,545.25,46.19,133.59,0.4850,-1,-1,-1
64,14,404.41,552.52,47.26,127.31,0.3328,-1,-1,-1
64,15,1687.22,525.51,35.16,94.94,0.6373,-1,-1,-1
65,2,1605.31,561.12,52.43,151.18,0.7298,-1,-1,-1
65,13,351.31,549.86,45.87,132.09,0.4789,-1,-1,-1
65,14,401.42,558.40,45.85,123.41,0.3862,-1,-1,-1
65,15,1690.99,528.18,33.60,90.68,0.6808,-1,-1,-1
66,2,1611.57,561.63,52.45,150.26,0.7226,-1,-1,-1
66,13,348.25,554.97,46.68,134.43,0.6009,-1,-1,-1
66,14,398.67,563.80,46.26,123.81,0.5010,-1,-1,-1
66,15,1697.08,522.81,33.92,91.76,0.6915,-1,-1,-1
66,18,287.59,565.88,42.48,114.73,0.5083,-1,-1,-1
67,2,1615.28,566.10,53.81,153.52,0.7345,-1,-1,-1
67,13,344.25,548.16,47.36,135.62,0.5519,-1,-1,-1
67,14,395.17,560.79,45.54,121.51,0.5555,-1,-1,-1
67,15,1700.04,532.15,33.77,90.92,0.6539,-1,-1,-1
67,18,281.36,550.46,45.04,121.81,0.3354,-1,-1,-1
68,2,1619.18,565.51,53.87,152.80,0.7325,-1,-1,-1
68,13,341.39,553.86,46.26,132.19,0.5778,-1,-1,-1
68,14,390.75,561.94,46.53,123.13,0.5488,-1,-1,-1
68,15,1702.72,530.01,33.43,90.06,0.5779,-1,-1,-1
68,18,277.02,557.75,44.32,120.07,0.4446,-1,-1,-1
69,2,1623.31,569.61,55.33,156.03,0.7565,-1,-1,-1
69,13,335.93,546.82,48.23,136.97,0.4398,-1,-1,-1
69,14,386.85,558.68,46.51,123.15,0.4937,-1,-1,-1
69,15,1705.43,535.99,33.83,90.85,0.6501,-1,-1,-1
69,18,270.33,551.40,46.24,125.93,0.4399,-1,-1,-1
70,2,1627.46,567.75,55.97,156.84,0.7761,-1,-1,-1
70,13,331.44,545.52,49.04,139.00,0.5193,-1,-1,-1
70,14,381.30,556.54,47.92,127.02,0.5875,-1,-1,-1
70,15,1706.68,535.67,34.40,92.30,0.5957,-1,-1,-1
70,18,265.06,548.72,47.68,130.36,0.3746,-1,-1,-1
71,2,1631.32,570.82,56.84,158.82,0.7564,-1,-1,-1
71,13,328.90,546.54,48.11,136.43,0.5148,-1,-1,-1
71,14,375.91,554.13,48.49,128.52,0.5606,-1,-1,-1
71,15,1707.84,536.86,34.76,93.22,0.6890,-1,-1,-1
71,18,260.08,549.33,45.59,125.16,0.2265,-1,-1,-1
72,2,1633.53,563.21,60.40,169.28,0.7887,-1,-1,-1
72,13,326.11,550.16,47.68,134.65,0.6164,-1,-1,-1
72,14,370.83,554.40,48.93,130.18,0.6103,-1,-1,-1
72,15,1708.87,536.92,34.47,91.87,0.6902,-1,-1,-1
72,18,254.12,552.06,45.57,125.99,0.2992,-1,-1,-1
73,2,1637.86,563.91,61.15,171.62,0.6743,-1,-1,-1
73,13,319.46,545.49,48.99,137.62,0.4707,-1,-1,-1
73,14,366.12,550.29,49.64,132.67,0.5829,-1,-1,-1
73,15,1710.68,538.51,35.58,93.91,0.5828,-1,-1,-1
73,18,249.40,552.46,45.66,127.35,0.3368,-1,-1,-1
74,2,1643.13,568.82,60.78,169.07,0.7214,-1,-1,-1
74,13,314.61,543.62,49.80,140.23,0.3727,-1,-1,-1
74,14,362.38,548.68,50.19,134.50,0.4975,-1,-1,-1
74,15,1712.43,537.29,35.62,93.53,0.5853,-1,-1,-1
74,18,245.04,544.38,49.11,137.71,0.3166,-1,-1,-1
75,2,1646.68,575.45,60.09,165.46,0.7430,-1,-1,-1
75,13,307.89,547.16,48.55,136.22,0.4164,-1,-1,-1
75,14,356.50,553.72,48.55,130.25,0.6082,-1,-1,-1
75,15,1713.80,538.91,35.83,93.56,0.5701,-1,-1,-1
75,18,240.25,543.91,49.20,138.87,0.2125,-1,-1,-1
76,2,1650.20,578.28,60.16,164.43,0.7342,-1,-1,-1
76,13,298.87,544.23,50.67,140.16,0.4754,-1,-1,-1
76,14,351.24,552.29,48.86,131.14,0.4951,-1,-1,-1
76,15,1714.96,539.57,35.49,91.74,0.5472,-1,-1,-1
76,18,232.46,540.37,50.29,142.75,0.2022,-1,-1,-1
77,2,1653.27,580.66,60.68,163.65,0.7197,-1,-1,-1
77,13,293.77,544.86,50.63,139.29,0.4476,-1,-1,-1
77,14,344.38,550.18,49.29,132.56,0.6133,-1,-1,-1
77,15,1715.83,540.76,35.54,91.09,0.5364,-1,-1,-1
78,2,1656.37,581.92,61.65,164.44,0.7334,-1,-1,-1
78,13,284.51,541.64,52.61,143.79,0.4275,-1,-1,-1
78,14,339.78,551.64,49.27,132.93,0.5298,-1,-1,-1
78,15,1715.98,540.79,35.66,90.46,0.5827,-1,-1,-1
79,2,1659.08,584.68,62.26,162.90,0.7505,-1,-1,-1
79,13,275.81,538.93,54.09,145.57,0.5017,-1,-1,-1
79,14,333.92,549.24,50.23,135.60,0.5562,-1,-1,-1
79,15,1715.55,540.55,35.94,90.36,0.5747,-1,-1,-1
80,2,1659.72,583.00,64.65,166.42,0.7248,-1,-1,-1
80,13,268.06,537.23,55.90,148.05,0.5573,-1,-1,-1
80,14,327.99,551.74,49.93,134.73,0.6085,-1,-1,-1
80,15,1714.73,537.75,36.68,91.50,0.6113,-1,-1,-1
81,2,1661.66,582.67,65.58,167.01,0.7502,-1,-1,-1
81,13,266.04,546.21,51.89,137.41,0.3488,-1,-1,-1
81,14,320.49,552.82,49.88,134.06,0.5707,-1,-1,-1
81,15,1713.86,536.78,36.89,91.42,0.5703,-1,-1,-1
82,2,1663.17,583.09,67.22,170.08,0.7393,-1,-1,-1
82,13,259.98,538.64,54.18,145.04,0.3815,-1,-1,-1
82,14,313.10,554.59,49.30,132.44,0.4981,-1,-1,-1
82,15,1712.97,537.13,36.72,91.18,0.6126,-1,-1,-1
83,2,1666.18,582.56,67.78,171.97,0.7057,-1,-1,-1
83,13,253.81,540.89,53.62,145.42,0.4593,-1,-1,-1
83,14,306.41,557.46,49.17,131.24,0.6696,-1,-1,-1
83,15,1712.41,536.88,36.57,91.08,0.5892,-1,-1,-1
84,2,1666.95,580.58,70.02,176.77,0.7242,-1,-1,-1
84,13,246.30,548.91,52.11,140.45,0.5414,-1,-1,-1
84,14,299.79,561.40,48.94,128.61,0.5319,-1,-1,-1
84,15,1712.10,535.93,36.74,92.26,0.5710,-1,-1,-1
84,19,123.16,560.97,52.42,134.24,0.5337,-1,-1,-1
85,2,1668.90,580.84,71.23,179.63,0.7675,-1,-1,-1
85,13,242.16,555.16,50.41,136.84,0.4786,-1,-1,-1
85,14,292.45,561.93,49.20,129.18,0.5023,-1,-1,-1
85,15,1711.36,536.12,36.68,92.62,0.4757,-1,-1,-1
85,19,115.54,564.15,52.00,133.06,0.5266,-1,-1,-1
86,2,1671.69,580.88,71.20,179.81,0.7651,-1,-1,-1
86,13,232.29,556.49,50.54,136.97,0.4305,-1,-1,-1
86,14,284.87,561.46,49.88,131.36,0.5833,-1,-1,-1
86,15,1710.91,535.72,32.69,80.55,0.3140,-1,-1,-1
86,19,105.10,562.16,55.10,141.01,0.4135,-1,-1,-1
87,2,1673.22,583.50,71.50,180.23,0.7970,-1,-1,-1
87,13,225.34,556.10,51.20,139.08,0.4920,-1,-1,-1
87,14,280.40,563.26,50.40,132.24,0.5737,-1,-1,-1
87,15,1710.68,537.42,29.94,71.52,0.2530,-1,-1,-1
87,19,99.71,561.67,54.09,137.77,0.5337,-1,-1,-1
88,2,1674.83,582.51,72.81,184.06,0.7978,-1,-1,-1
88,13,219.72,560.27,51.06,138.90,0.5731,-1,-1,-1
88,14,272.08,567.76,50.44,131.95,0.5028,-1,-1,-1
88,15,1710.19,538.14,27.24,62.03,0.1721,-1,-1,-1
88,19,92.41,565.98,51.68,131.61,0.5029,-1,-1,-1
89,2,1676.95,583.74,74.02,188.46,0.8039,-1,-1,-1
89,13,213.45,558.48,51.95,142.65,0.3123,-1,-1,-1
89,14,266.02,567.26,50.61,132.17,0.4702,-1,-1,-1
89,19,84.63,563.06,53.19,135.44,0.4657,-1,-1,-1
90,2,1679.78,585.20,74.94,192.23,0.7570,-1,-1,-1
90,13,204.92,556.48,53.52,147.30,0.3256,-1,-1,-1
90,14,260.70,570.04,51.56,134.06,0.5296,-1,-1,-1
90,19,77.18,564.54,54.49,138.14,0.4845,-1,-1,-1
91,2,1684.36,594.47,73.66,188.65,0.7887,-1,-1,-1
91,13,199.20,559.37,52.95,146.30,0.3829,-1,-1,-1
91,14,253.14,558.29,58.08,148.98,0.4394,-1,-1,-1
91,19,68.54,566.20,55.67,141.24,0.4514,-1,-1,-1
92,2,1688.10,600.16,73.10,186.90,0.7964,-1,-1,-1
92,13,190.69,560.83,54.31,149.97,0.3349,-1,-1,-1
92,14,247.32,556.12,60.28,154.54,0.5459,-1,-1,-1
92,19,62.16,569.98,56.84,142.27,0.3362,-1,-1,-1
92,22,407.85,553.58,46.65,125.29,0.5375,-1,-1,-1
93,2,1689.82,604.84,73.24,186.99,0.8093,-1,-1,-1
93,13,183.21,555.00,57.31,159.88,0.5641,-1,-1,-1
93,14,241.29,566.50,56.70,146.06,0.5529,-1,-1,-1
93,19,53.71,575.12,56.65,140.37,0.2706,-1,-1,-1
93,22,401.51,556.01,47.06,126.58,0.5215,-1,-1,-1
94,2,1690.95,607.46,73.52,187.61,0.8038,-1,-1,-1
94,13,179.29,561.39,55.49,155.71,0.5232,-1,-1,-1
94,14,235.72,573.33,55.45,142.69,0.5426,-1,-1,-1
94,19,45.85,580.19,57.16,140.37,0.2332,-1,-1,-1
94,22,392.51,556.06,47.83,128.82,0.6194,-1,-1,-1
95,2,1692.73,610.57,74.27,189.30,0.7916,-1,-1,-1
95,13,173.17,563.51,55.36,155.40,0.6017,-1,-1,-1
95,14,228.39,578.26,54.93,140.39,0.5214,-1,-1,-1
95,22,386.76,558.56,47.61,128.49,0.5340,-1,-1,-1
96,2,1695.86,611.68,74.81,190.73,0.7885,-1,-1,-1
96,13,166.16,573.04,53.72,150.17,0.4627,-1,-1,-1
96,14,221.05,581.88,55.10,141.70,0.5756,-1,-1,-1
96,22,380.08,565.79,46.20,124.89,0.4839,-1,-1,-1
97,2,1700.09,613.13,75.66,192.63,0.7857,-1,-1,-1
97,13,159.83,578.28,51.41,143.04,0.5561,-1,-1,-1
97,14,212.67,580.05,56.04,143.98,0.6520,-1,-1,-1
97,22,371.61,559.56,48.60,131.66,0.5167,-1,-1,-1
97,23,1692.89,544.76,43.35,94.22,0.5333,-1,-1,-1
98,2,1704.16,613.43,76.77,195.60,0.7919,-1,-1,-1
98,13,152.37,581.95,51.80,143.71,0.5596,-1,-1,-1
98,14,203.84,581.55,56.49,145.57,0.6214,-1,-1,-1
98,22,367.85,575.84,43.29,116.38,0.6105,-1,-1,-1
98,23,1690.18,545.94,43.63,94.98,0.5092,-1,-1,-1
99,2,1707.15,614.76,77.60,197.40,0.7602,-1,-1,-1
99,13,144.23,582.32,51.88,143.10,0.4824,-1,-1,-1
99,14,196.13,579.75,56.93,147.63,0.6655,-1,-1,-1
99,22,359.37,570.65,45.57,122.53,0.5581,-1,-1,-1
99,23,1686.59,546.13,46.38,101.25,0.5023,-1,-1,-1
100,2,1710.15,614.08,78.73,199.77,0.7947,-1,-1,-1
100,13,134.45,584.08,51.72,141.04,0.5674,-1,-1,-1
100,14,189.05,585.46,55.45,143.67,0.6090,-1,-1,-1
100,22,351.83,575.21,44.93,119.32,0.5466,-1,-1,-1
100,23,1683.75,548.16,46.56,101.96,0.6405,-1,-1,-1
101,2,1712.16,615.87,79.80,202.18,0.7865,-1,-1,-1
101,13,126.61,580.84,53.19,143.73,0.6032,-1,-1,-1
101,14,181.10,583.68,56.24,145.09,0.5859,-1,-1,-1
101,22,342.90,572.88,45.89,121.23,0.5707,-1,-1,-1
101,23,1681.35,550.20,46.82,103.36,0.7194,-1,-1,-1
102,2,1714.65,619.49,79.68,200.92,0.8138,-1,-1,-1
102,13,117.20,581.66,54.21,145.59,0.6269,-1,-1,-1
102,14,172.85,583.79,56.42,145.30,0.5694,-1,-1,-1
102,22,334.53,575.30,45.85,120.42,0.6196,-1,-1,-1
102,23,1679.69,550.76,46.46,103.71,0.7413,-1,-1,-1
103,2,1716.27,619.60,81.64,204.77,0.8263,-1,-1,-1
103,13,107.04,579.53,55.59,149.06,0.5524,-1,-1,-1
103,14,165.10,587.31,55.88,143.35,0.5183,-1,-1,-1
103,22,328.47,575.00,46.46,120.64,0.4858,-1,-1,-1
103,23,1678.75,550.87,45.61,103.04,0.7185,-1,-1,-1
104,2,1717.66,623.59,82.93,206.94,0.8179,-1,-1,-1
104,13,97.31,577.85,56.11,149.75,0.5658,-1,-1,-1
104,14,154.71,590.05,53.98,139.15,0.4256,-1,-1,-1
104,22,319.12,577.81,45.62,117.17,0.3577,-1,-1,-1
104,23,1677.66,551.77,44.90,102.89,0.7077,-1,-1,-1
105,2,1719.32,624.62,84.26,209.68,0.8059,-1,-1,-1
105,13,88.54,579.27,56.16,149.49,0.6013,-1,-1,-1
105,14,147.07,587.46,55.67,142.65,0.5509,-1,-1,-1
105,22,307.47,568.78,50.14,128.49,0.5170,-1,-1,-1
105,23,1676.48,550.58,44.51,103.66,0.6659,-1,-1,-1
106,2,1723.00,625.85,85.18,212.09,0.7800,-1,-1,-1
106,13,77.71,575.94,57.25,153.01,0.5598,-1,-1,-1
106,14,138.97,578.87,59.04,151.44,0.5316,-1,-1,-1
106,22,299.76,567.70,50.73,129.80,0.5023,-1,-1,-1
106,23,1673.72,549.77,44.48,105.53,0.6086,-1,-1,-1
107,2,1725.42,624.27,86.52,216.16,0.7891,-1,-1,-1
107,13,68.41,573.52,58.23,155.54,0.5913,-1,-1,-1
107,14,130.22,583.76,57.27,147.16,0.4010,-1,-1,-1
107,22,288.40,560.79,53.56,137.32,0.4685,-1,-1,-1
107,23,1671.96,548.47,43.68,105.87,0.5534,-1,-1,-1
107,27,353.71,562.56,41.32,140.82,0.5357,-1,-1,-1
108,2,1727.80,627.58,86.99,217.90,0.8029,-1,-1,-1
108,13,56.72,569.55,60.40,160.07,0.5355,-1,-1,-1
108,14,119.61,577.61,58.93,152.81,0.4989,-1,-1,-1
108,22,278.78,558.95,54.86,140.81,0.5480,-1,-1,-1
108,23,1670.72,549.00,42.94,106.57,0.4689,-1,-1,-1
108,27,346.28,562.96,41.48,141.09,0.5371,-1,-1,-1
108,28,210.12,587.10,40.49,101.00,0.5888,-1,-1,-1
109,2,1729.95,628.52,88.17,221.45,0.8075,-1,-1,-1
109,13,46.46,569.00,60.76,160.25,0.4894,-1,-1,-1
109,14,112.27,574.46,60.22,156.63,0.4126,-1,-1,-1
109,22,269.18,566.67,53.59,136.73,0.4147,-1,-1,-1
109,23,1669.54,549.57,41.98,106.75,0.5366,-1,-1,-1
109,27,337.29,556.86,43.59,148.60,0.5920,-1,-1,-1
109,28,200.85,587.61,42.01,105.03,0.5078,-1,-1,-1
110,2,1731.37,629.24,89.22,224.89,0.8127,-1,-1,-1
110,13,35.26,567.75,62.32,162.21,0.5916,-1,-1,-1
110,14,101.91,572.66,60.43,158.51,0.5832,-1,-1,-1
110,22,255.63,557.00,57.65,146.80,0.5146,-1,-1,-1
110,23,1668.37,550.66,41.08,107.34,0.3542,-1,-1,-1
110,27,328.92,562.74,41.99,142.62,0.6134,-1,-1,-1
110,28,190.70,587.33,42.15,105.59,0.5304,-1,-1,-1
111,2,1732.71,629.89,90.04,227.50,0.8117,-1,-1,-1
111,13,24.25,563.82,64.87,166.91,0.6225,-1,-1,-1
111,14,92.32,568.38,62.43,164.69,0.5885,-1,-1,-1
111,22,247.84,559.63,57.05,145.05,0.4762,-1,-1,-1
111,23,1666.40,552.85,39.84,106.22,0.2377,-1,-1,-1
111,27,320.50,572.49,39.57,133.96,0.5314,-1,-1,-1
111,28,179.48,589.42,42.66,107.38,0.4033,-1,-1,-1
112,2,1734.68,632.22,90.34,228.21,0.8082,-1,-1,-1
112,13,15.13,566.18,65.92,166.06,0.5344,-1,-1,-1
112,14,84.03,572.29,61.23,161.67,0.5708,-1,-1,-1
112,22,239.78,567.13,54.77,138.79,0.5933,-1,-1,-1
112,27,308.87,571.34,40.65,137.65,0.5575,-1,-1,-1
112,28,169.64,592.45,40.83,103.29,0.4824,-1,-1,-1
113,2,1735.61,634.41,91.01,229.99,0.8037,-1,-1,-1
113,13,3.91,560.53,68.86,173.06,0.5965,-1,-1,-1
113,14,74.16,576.33,60.35,160.41,0.5791,-1,-1,-1
113,22,231.94,574.91,53.09,134.31,0.6200,-1,-1,-1
113,27,298.47,572.67,40.85,138.90,0.6007,-1,-1,-1
113,28,160.51,595.33,40.62,103.16,0.5199,-1,-1,-1
114,2,1737.24,635.53,91.25,231.00,0.7985,-1,-1,-1
114,13,0.60,571.25,64.66,164.24,0.5468,-1,-1,-1
114,14,61.97,567.81,63.22,169.16,0.6500,-1,-1,-1
114,22,220.99,580.72,51.64,129.40,0.5791,-1,-1,-1
114,27,290.87,572.43,41.38,140.49,0.4919,-1,-1,-1
114,28,149.64,597.63,40.02,102.66,0.6191,-1,-1,-1
115,2,1739.24,636.51,91.57,231.81,0.7918,-1,-1,-1
115,13,-3.14,573.62,62.71,162.35,0.4669,-1,-1,-1
115,14,51.12,565.89,64.18,172.97,0.6523,-1,-1,-1
115,22,204.92,571.45,56.15,139.05,0.5430,-1,-1,-1
115,27,279.63,579.49,39.75,135.45,0.5717,-1,-1,-1
115,28,139.94,597.12,40.72,105.07,0.6164,-1,-1,-1
115,31,334.95,564.14,37.71,111.84,0.6419,-1,-1,-1
116,2,1740.70,636.70,92.65,234.97,0.7991,-1,-1,-1
116,13,-6.47,581.30,60.07,158.01,0.6279,-1,-1,-1
116,14,42.13,571.07,62.66,170.24,0.6054,-1,-1,-1
116,22,197.31,574.97,56.67,140.49,0.5412,-1,-1,-1
116,27,270.27,579.83,40.01,137.13,0.4735,-1,-1,-1
116,28,128.87,599.00,39.79,103.61,0.5739,-1,-1,-1
116,31,326.89,566.90,37.36,110.68,0.6117,-1,-1,-1
117,2,1741.54,638.77,93.98,238.28,0.8085,-1,-1,-1
117,13,-9.78,583.76,58.05,157.44,0.6285,-1,-1,-1
117,14,31.48,573.59,62.48,170.38,0.5955,-1,-1,-1
117,22,186.48,570.49,58.69,145.83,0.4915,-1,-1,-1
117,27,257.26,566.33,43.95,152.33,0.6094,-1,-1,-1
117,28,118.63,600.10,38.88,101.37,0.5759,-1,-1,-1
117,31,317.01,566.82,38.15,112.75,0.5425,-1,-1,-1
118,2,1742.81,638.04,96.18,244.02,0.8035,-1,-1,-1
118,13,-13.23,588.70,54.61,154.97,0.4959,-1,-1,-1
118,14,21.41,577.03,62.08,169.65,0.5141,-1,-1,-1
118,22,179.11,580.57,55.84,139.35,0.5476,-1,-1,-1
118,27,247.25,571.41,43.25,151.32,0.6610,-1,-1,-1
118,28,108.82,600.73,39.96,104.79,0.5087,-1,-1,-1
118,31,308.60,560.93,40.27,119.45,0.6465,-1,-1,-1
119,2,1746.45,640.11,97.30,246.01,0.8216,-1,-1,-1
119,14,9.96,572.39,64.60,177.60,0.5951,-1,-1,-1
119,22,168.00,579.11,57.45,144.49,0.4575,-1,-1,-1
119,27,237.36,565.50,45.11,159.36,0.6096,-1,-1,-1
119,28,97.97,601.62,39.69,105.45,0.4761,-1,-1,-1
119,31,300.05,562.79,40.14,119.02,0.5513,-1,-1,-1
120,2,1750.72,644.15,97.90,245.57,0.8126,-1,-1,-1
120,14,0.80,565.05,67.08,188.07,0.5786,-1,-1,-1
120,22,157.29,582.48,56.88,143.96,0.6009,-1,-1,-1
120,27,226.20,571.38,44.43,157.05,0.6486,-1,-1,-1
120,28,86.49,601.44,41.04,111.01,0.4247,-1,-1,-1
120,31,290.59,561.02,41.63,123.81,0.5789,-1,-1,-1
121,2,1753.94,645.50,99.47,248.36,0.8091,-1,-1,-1
121,14,-7.40,555.87,68.82,197.44,0.5802,-1,-1,-1
121,22,146.87,586.38,55.83,140.65,0.5880,-1,-1,-1
121,27,216.43,570.64,45.27,160.70,0.5597,-1,-1,-1
121,28,75.90,602.30,41.17,112.45,0.5920,-1,-1,-1
121,31,284.73,563.13,40.28,120.44,0.6305,-1,-1,-1
122,2,1755.88,646.77,100.71,251.79,0.8084,-1,-1,-1
122,14,-12.56,555.65,67.40,199.94,0.6186,-1,-1,-1
122,22,138.29,592.52,55.58,140.95,0.5102,-1,-1,-1
122,27,206.26,573.59,45.33,159.61,0.6584,-1,-1,-1
122,28,65.60,605.08,40.22,110.82,0.4076,-1,-1,-1
122,31,275.81,563.91,40.49,120.86,0.6006,-1,-1,-1
123,2,1758.74,649.82,101.29,254.52,0.8088,-1,-1,-1
123,14,-13.58,568.01,61.17,187.82,0.5682,-1,-1,-1
123,22,129.01,598.46,55.27,139.43,0.4493,-1,-1,-1
123,27,196.65,580.91,44.60,154.73,0.5962,-1,-1,-1
123,28,52.84,607.66,41.43,115.09,0.3158,-1,-1,-1
123,31,265.92,559.27,43.19,129.22,0.6602,-1,-1,-1
124,2,1762.07,649.34,102.68,259.42,0.8161,-1,-1,-1
124,27,187.17,587.66,43.66,149.92,0.6283,-1,-1,-1
124,28,41.15,608.78,41.58,116.62,0.3104,-1,-1,-1
124,31,259.91,567.06,41.04,123.30,0.5867,-1,-1,-1
125,2,1767.98,648.66,103.71,262.08,0.8164,-1,-1,-1
125,27,177.29,590.39,44.22,149.07,0.6427,-1,-1,-1
125,28,29.69,611.33,40.32,114.32,0.4596,-1,-1,-1
125,31,251.27,569.99,40.44,121.45,0.5348,-1,-1,-1
126,2,1772.65,650.49,104.12,263.00,0.8115,-1,-1,-1
126,27,166.05,595.67,44.55,146.62,0.5843,-1,-1,-1
126,28,19.82,614.32,39.92,113.32,0.4118,-1,-1,-1
126,31,242.35,567.37,41.87,126.45,0.5828,-1,-1,-1
127,2,1777.03,651.09,105.31,266.11,0.8199,-1,-1,-1
127,27,156.62,600.58,44.67,145.01,0.5947,-1,-1,-1
127,28,5.89,620.97,37.77,106.61,0.3590,-1,-1,-1
127,31,234.89,569.46,41.58,126.36,0.5793,-1,-1,-1
128,2,1780.97,653.33,106.00,267.53,0.8193,-1,-1,-1
128,27,146.10,603.03,45.47,144.42,0.5499,-1,-1,-1
128,28,-4.66,621.40,37.78,109.31,0.3408,-1,-1,-1
128,31,224.12,563.07,43.63,133.51,0.6123,-1,-1,-1
129,2,1787.11,655.76,107.31,269.44,0.8236,-1,-1,-1
129,27,133.13,600.60,47.63,150.67,0.5155,-1,-1,-1
129,28,-10.26,623.44,36.12,109.30,0.3119,-1,-1,-1
129,31,216.65,566.08,43.27,133.45,0.5916,-1,-1,-1
130,2,1790.82,657.68,109.09,271.92,0.8216,-1,-1,-1
130,27,122.21,603.54,49.00,151.01,0.3296,-1,-1,-1
130,31,208.41,565.47,43.71,135.57,0.5550,-1,-1,-1
131,2,1794.42,659.12,111.70,276.68,0.8317,-1,-1,-1
131,27,105.75,599.94,50.32,156.54,0.4310,-1,-1,-1
131,31,200.39,572.25,41.85,129.61,0.4716,-1,-1,-1
132,2,1798.58,661.02,114.95,283.55,0.8652,-1,-1,-1
132,27,92.97,599.35,50.99,160.46,0.4305,-1,-1,-1
132,31,191.18,569.73,42.93,133.56,0.6435,-1,-1,-1
133,2,1802.31,662.83,117.00,289.26,0.8822,-1,-1,-1
133,27,78.78,595.30,52.87,167.60,0.5458,-1,-1,-1
133,31,182.20,566.70,43.86,136.17,0.5324,-1,-1,-1
134,2,1804.88,665.09,118.40,294.71,0.8507,-1,-1,-1
134,27,54.28,580.60,60.41,187.88,0.4963,-1,-1,-1
134,31,172.58,566.71,44.23,138.40,0.5593,-1,-1,-1
135,2,1806.46,666.28,119.71,301.24,0.8147,-1,-1,-1
135,27,37.56,574.52,64.85,198.00,0.5416,-1,-1,-1
135,31,164.55,569.72,43.82,138.28,0.5440,-1,-1,-1
135,22,-4.86,615.90,57.66,151.40,0.5676,-1,-1,-1
136,2,1809.52,669.90,119.32,305.13,0.8377,-1,-1,-1
136,27,26.97,574.24,66.55,200.68,0.5255,-1,-1,-1
136,31,155.76,567.85,44.29,140.78,0.3929,-1,-1,-1
136,34,509.36,527.25,29.41,73.78,0.5368,-1,-1,-1
136,22,-10.20,620.97,53.13,147.85,0.6007,-1,-1,-1
137,2,1813.39,677.35,117.78,307.22,0.7746,-1,-1,-1
137,27,17.72,573.49,67.65,204.39,0.6263,-1,-1,-1
137,31,147.27,572.94,43.09,137.82,0.4032,-1,-1,-1
137,34,504.33,527.34,30.05,75.41,0.5481,-1,-1,-1
138,2,1817.35,679.20,116.21,310.71,0.7834,-1,-1,-1
138,27,7.76,572.69,67.46,205.92,0.6380,-1,-1,-1
138,31,138.78,572.67,43.43,139.70,0.4943,-1,-1,-1
138,34,500.83,530.45,29.12,72.95,0.5818,-1,-1,-1
139,2,1819.71,679.87,114.95,315.33,0.7701,-1,-1,-1
139,27,-0.68,576.38,65.54,202.82,0.6163,-1,-1,-1
139,34,495.44,528.74,28.83,72.46,0.4401,-1,-1,-1
139,37,1565.72,554.19,46.04,109.12,0.5945,-1,-1,-1
140,2,1824.82,682.50,110.73,312.68,0.7504,-1,-1,-1
140,27,-10.12,575.50,66.08,210.60,0.6256,-1,-1,-1
140,34,490.28,527.40,29.14,73.28,0.4969,-1,-1,-1
140,37,1562.52,550.97,46.71,111.16,0.6627,-1,-1,-1
140,38,1696.38,552.77,51.20,115.38,0.5285,-1,-1,-1
141,2,1830.05,680.37,106.94,312.26,0.6802,-1,-1,-1
141,27,-15.19,579.13,62.82,208.62,0.5910,-1,-1,-1
141,34,484.68,527.79,29.19,73.67,0.5264,-1,-1,-1
141,37,1559.62,550.18,46.55,111.30,0.7273,-1,-1,-1
141,38,1696.19,551.90,51.40,116.18,0.4523,-1,-1,-1
142,2,1837.24,693.46,99.39,300.28,0.6426,-1,-1,-1
142,34,480.05,527.31,29.68,75.07,0.4995,-1,-1,-1
142,37,1557.95,551.76,45.06,108.07,0.6808,-1,-1,-1
142,38,1696.97,555.81,50.41,114.60,0.4379,-1,-1,-1
143,2,1842.71,702.79,94.66,297.15,0.5927,-1,-1,-1
143,34,477.15,527.37,29.37,73.78,0.5373,-1,-1,-1
143,37,1554.71,553.32,45.18,108.89,0.5899,-1,-1,-1
143,38,1696.30,561.80,47.81,109.26,0.3689,-1,-1,-1
144,34,472.95,527.38,29.59,74.84,0.5942,-1,-1,-1
144,37,1551.10,555.64,44.83,109.07,0.7097,-1,-1,-1
144,38,1694.54,566.76,46.62,106.96,0.4587,-1,-1,-1
145,34,467.92,527.15,29.25,74.07,0.5257,-1,-1,-1
145,37,1546.44,557.08,43.96,107.91,0.6961,-1,-1,-1
145,38,1692.94,570.18,46.23,106.51,0.6019,-1,-1,-1
146,34,462.75,526.23,29.32,74.57,0.5852,-1,-1,-1
146,37,1542.40,556.16,44.48,110.14,0.6499,-1,-1,-1
146,38,1692.61,573.97,44.11,101.73,0.6211,-1,-1,-1
147,34,457.23,526.48,29.73,75.61,0.5244,-1,-1,-1
147,37,1538.61,557.09,43.92,109.52,0.6765,-1,-1,-1
147,38,1690.15,574.65,44.33,102.82,0.5339,-1,-1,-1
148,34,453.06,528.58,29.29,74.20,0.5905,-1,-1,-1
148,37,1532.21,555.36,45.26,112.55,0.6905,-1,-1,-1
148,38,1684.62,570.34,46.01,106.63,0.4712,-1,-1,-1
149,34,448.17,528.90,29.46,74.86,0.5576,-1,-1,-1
149,37,1524.38,554.74,46.52,113.55,0.6868,-1,-1,-1
149,38,1680.75,570.77,45.45,105.77,0.6105,-1,-1,-1
150,34,442.77,528.66,30.04,76.37,0.5840,-1,-1,-1
150,37,1518.94,558.40,46.27,109.60,0.7193,-1,-1,-1
150,38,1678.04,567.70,45.69,107.04,0.6683,-1,-1,-1
151,34,436.06,527.39,30.62,77.92,0.5414,-1,-1,-1
151,37,1515.55,559.73,46.94,109.02,0.7005,-1,-1,-1
151,38,1674.97,567.61,45.64,107.47,0.5868,-1,-1,-1
152,34,429.86,529.34,30.35,76.98,0.5589,-1,-1,-1
152,37,1511.68,558.49,48.06,110.42,0.6993,-1,-1,-1
152,38,1672.29,567.47,44.76,105.70,0.5128,-1,-1,-1
153,34,424.47,530.56,29.57,75.37,0.5251,-1,-1,-1
153,37,1507.08,557.69,48.74,110.09,0.6611,-1,-1,-1
153,38,1672.52,567.15,40.78,96.93,0.4094,-1,-1,-1
154,34,417.74,531.83,30.16,76.81,0.5154,-1,-1,-1
154,37,1500.07,553.95,50.13,113.18,0.6690,-1,-1,-1
154,38,1671.56,570.93,37.40,89.64,0.2661,-1,-1,-1
155,34,410.83,530.32,30.93,79.28,0.5748,-1,-1,-1
155,37,1492.94,552.82,49.97,113.10,0.6495,-1,-1,-1
156,34,404.01,532.52,30.79,78.75,0.5338,-1,-1,-1
156,37,1486.60,550.98,50.37,115.37,0.6685,-1,-1,-1
157,34,398.05,534.52,30.39,77.79,0.5836,-1,-1,-1
157,37,1479.94,551.36,49.26,113.81,0.6719,-1,-1,-1
158,34,392.36,535.65,30.53,78.74,0.5320,-1,-1,-1
158,37,1472.60,548.66,49.75,116.00,0.7306,-1,-1,-1
159,34,386.74,537.09,30.17,78.31,0.5668,-1,-1,-1
159,37,1467.18,546.87,49.90,117.91,0.7115,-1,-1,-1
160,34,380.25,538.20,30.68,79.48,0.5003,-1,-1,-1
160,37,1462.59,545.86,49.64,119.00,0.6752,-1,-1,-1
161,34,375.63,538.65,30.55,79.30,0.4973,-1,-1,-1
161,37,1458.51,546.66,48.73,117.97,0.6507,-1,-1,-1
162,34,371.27,539.83,30.37,78.37,0.5275,-1,-1,-1
162,37,1455.61,548.85,46.78,113.54,0.6775,-1,-1,-1
163,34,365.16,540.50,30.93,79.71,0.4651,-1,-1,-1
163,37,1450.97,549.63,46.83,113.43,0.6456,-1,-1,-1
164,34,360.70,540.73,31.20,80.02,0.5369,-1,-1,-1
164,37,1446.53,548.71,47.17,114.20,0.6254,-1,-1,-1
165,34,354.90,541.48,31.43,80.51,0.5052,-1,-1,-1
165,37,1440.42,547.91,48.10,115.57,0.6663,-1,-1,-1
166,34,349.89,543.22,30.84,79.48,0.5509,-1,-1,-1
166,37,1434.99,548.27,48.29,115.53,0.6799,-1,-1,-1
167,34,344.76,543.68,30.68,78.83,0.6245,-1,-1,-1
167,37,1430.63,545.13,48.59,117.21,0.6657,-1,-1,-1
168,34,339.48,543.67,31.19,79.40,0.5755,-1,-1,-1
168,37,1426.17,543.32,48.09,117.20,0.6645,-1,-1,-1
169,34,335.27,544.00,31.39,79.05,0.5618,-1,-1,-1
169,37,1422.08,543.78,47.59,117.46,0.6760,-1,-1,-1
170,34,330.33,543.60,31.31,78.93,0.5516,-1,-1,-1
170,37,1417.50,540.71,47.99,120.23,0.6736,-1,-1,-1
171,34,325.50,543.94,31.02,77.90,0.5628,-1,-1,-1
171,37,1412.53,539.29,48.75,123.22,0.5672,-1,-1,-1
172,34,320.46,542.30,31.12,78.11,0.5780,-1,-1,-1
172,37,1407.55,535.41,49.09,125.76,0.6205,-1,-1,-1
173,34,315.02,541.44,32.27,80.82,0.5740,-1,-1,-1
173,37,1402.70,532.52,49.54,128.41,0.5639,-1,-1,-1
174,34,311.51,542.89,32.03,79.39,0.6003,-1,-1,-1
174,37,1399.46,531.24,50.09,130.96,0.6381,-1,-1,-1
175,34,307.30,541.94,32.45,79.71,0.4852,-1,-1,-1
175,37,1393.55,531.65,50.87,131.41,0.6648,-1,-1,-1
176,34,302.03,541.76,32.89,80.60,0.5859,-1,-1,-1
176,37,1389.58,534.38,50.83,129.54,0.6771,-1,-1,-1
177,34,298.06,542.16,32.37,78.48,0.6512,-1,-1,-1
177,37,1386.38,534.18,51.64,130.36,0.7055,-1,-1,-1
178,34,293.32,541.84,33.37,80.91,0.6086,-1,-1,-1
178,37,1385.40,534.52,51.77,130.59,0.6721,-1,-1,-1
179,34,289.16,540.74,34.25,82.97,0.6119,-1,-1,-1
179,37,1384.71,535.79,51.11,129.47,0.6811,-1,-1,-1
180,34,285.04,542.95,34.08,81.92,0.5635,-1,-1,-1
180,37,1382.46,535.16,51.14,130.36,0.7042,-1,-1,-1
181,34,280.99,542.83,34.68,83.23,0.5572,-1,-1,-1
181,37,1380.35,536.21,49.44,127.99,0.7125,-1,-1,-1
182,34,275.43,543.40,34.80,83.43,0.5936,-1,-1,-1
182,37,1377.05,537.09,48.80,127.79,0.7279,-1,-1,-1
183,34,271.30,543.98,35.14,84.78,0.6420,-1,-1,-1
183,37,1373.39,536.72,48.60,128.50,0.7396,-1,-1,-1
184,34,266.75,545.97,34.95,84.35,0.6222,-1,-1,-1
184,37,1370.41,536.16,48.36,129.43,0.7635,-1,-1,-1
185,34,262.57,547.37,34.68,83.54,0.5503,-1,-1,-1
185,37,1368.02,534.68,48.60,131.33,0.7474,-1,-1,-1
186,34,258.97,547.22,35.17,84.65,0.5217,-1,-1,-1
186,37,1366.08,534.30,48.32,132.36,0.7193,-1,-1,-1
187,34,254.43,548.12,35.48,85.65,0.5683,-1,-1,-1
187,37,1363.98,533.79,48.04,133.13,0.7056,-1,-1,-1
188,34,249.69,549.47,35.64,86.24,0.5665,-1,-1,-1
188,37,1362.17,534.02,48.05,134.27,0.6751,-1,-1,-1
189,34,245.46,549.85,36.58,89.16,0.5171,-1,-1,-1
189,37,1358.61,532.59,49.21,137.30,0.6421,-1,-1,-1
190,34,241.34,549.72,37.09,90.42,0.5530,-1,-1,-1
190,37,1356.73,533.67,49.02,136.03,0.6760,-1,-1,-1
191,34,238.06,552.84,36.30,88.31,0.5021,-1,-1,-1
191,37,1354.83,534.47,49.12,135.31,0.6666,-1,-1,-1
191,40,1596.89,539.35,60.64,137.19,0.5098,-1,-1,-1
192,34,234.68,553.01,36.43,88.04,0.5348,-1,-1,-1
192,37,1353.47,539.82,47.55,129.60,0.6266,-1,-1,-1
192,40,1601.01,540.45,59.21,134.34,0.4890,-1,-1,-1
193,34,229.74,555.57,36.14,86.66,0.6063,-1,-1,-1
193,37,1351.38,540.52,48.07,130.01,0.6606,-1,-1,-1
193,40,1601.95,539.31,59.55,135.35,0.5490,-1,-1,-1
194,34,225.88,558.73,35.60,85.54,0.5891,-1,-1,-1
194,37,1349.03,541.70,47.72,128.66,0.6727,-1,-1,-1
194,40,1606.66,548.37,55.70,126.58,0.5193,-1,-1,-1
195,34,221.89,559.84,35.13,84.59,0.5120,-1,-1,-1
195,37,1346.44,541.45,48.14,129.68,0.6872,-1,-1,-1
195,40,1606.15,548.49,56.01,126.88,0.5453,-1,-1,-1
196,34,218.24,560.93,35.76,86.31,0.4655,-1,-1,-1
196,37,1344.84,542.01,48.31,130.83,0.6782,-1,-1,-1
196,40,1608.36,548.88,55.87,126.50,0.5431,-1,-1,-1
197,34,213.89,561.86,35.81,86.39,0.4676,-1,-1,-1
197,37,1343.63,541.42,48.27,131.81,0.6287,-1,-1,-1
197,40,1610.75,549.73,54.99,124.94,0.4584,-1,-1,-1
198,34,210.78,562.61,35.42,85.83,0.5394,-1,-1,-1
198,37,1343.18,542.64,46.77,128.68,0.4941,-1,-1,-1
198,40,1615.19,551.95,53.34,122.27,0.5008,-1,-1,-1
199,34,206.52,562.82,35.69,86.64,0.5184,-1,-1,-1
199,37,1342.65,543.42,45.89,126.79,0.6219,-1,-1,-1
199,40,1617.93,553.85,52.01,120.51,0.5726,-1,-1,-1
200,34,202.76,563.61,36.55,88.42,0.4720,-1,-1,-1
200,37,1341.76,544.94,45.77,126.60,0.6269,-1,-1,-1
200,40,1618.73,555.69,51.13,119.47,0.5282,-1,-1,-1
201,34,199.21,563.96,36.59,89.15,0.4731,-1,-1,-1
201,37,1341.20,547.88,44.91,124.08,0.6504,-1,-1,-1
201,40,1618.87,554.45,51.87,121.37,0.6186,-1,-1,-1
202,34,194.11,563.56,37.56,91.56,0.6060,-1,-1,-1
202,37,1339.58,548.48,45.12,124.46,0.6760,-1,-1,-1
202,40,1620.50,553.93,52.32,122.71,0.6072,-1,-1,-1
203,34,190.43,563.99,38.15,92.22,0.5572,-1,-1,-1
203,37,1338.68,551.25,44.32,120.92,0.7054,-1,-1,-1
203,40,1622.85,554.05,52.50,123.93,0.5663,-1,-1,-1
204,34,187.68,565.46,38.13,91.82,0.5611,-1,-1,-1
204,37,1337.64,551.25,44.77,121.28,0.7168,-1,-1,-1
204,40,1627.93,553.25,51.67,123.14,0.6132,-1,-1,-1
205,34,182.76,566.74,37.86,91.20,0.5734,-1,-1,-1
205,37,1335.99,547.98,46.08,124.65,0.7262,-1,-1,-1
205,40,1630.14,554.79,50.38,120.66,0.6108,-1,-1,-1
206,34,178.72,567.75,37.90,90.72,0.5750,-1,-1,-1
206,37,1335.50,547.83,46.35,125.23,0.7375,-1,-1,-1
206,40,1629.04,555.10,51.36,122.24,0.5102,-1,-1,-1
207,34,173.57,569.87,38.52,92.09,0.5727,-1,-1,-1
207,37,1334.22,548.80,46.77,126.36,0.7599,-1,-1,-1
207,40,1629.47,556.73,51.95,122.46,0.4882,-1,-1,-1
208,34,168.97,570.55,38.65,92.37,0.5597,-1,-1,-1
208,37,1333.16,547.57,47.79,128.78,0.7476,-1,-1,-1
208,40,1638.83,556.94,50.64,122.00,0.4168,-1,-1,-1
209,34,165.39,569.83,38.92,93.00,0.5244,-1,-1,-1
209,37,1331.49,545.25,49.02,132.10,0.7468,-1,-1,-1
209,40,1642.77,558.29,50.24,122.94,0.6145,-1,-1,-1
210,34,161.93,570.68,38.88,93.35,0.4562,-1,-1,-1
210,37,1329.97,543.08,49.71,134.33,0.7451,-1,-1,-1
210,40,1645.34,559.75,50.04,123.37,0.5736,-1,-1,-1
211,34,159.11,570.77,39.77,94.88,0.5729,-1,-1,-1
211,37,1329.03,544.55,49.29,133.74,0.7634,-1,-1,-1
211,40,1651.15,565.42,48.06,119.64,0.5294,-1,-1,-1
212,34,155.91,570.78,40.03,95.36,0.6043,-1,-1,-1
212,37,1328.26,546.17,48.86,132.34,0.7384,-1,-1,-1
212,40,1655.47,560.43,50.28,126.21,0.5279,-1,-1,-1
213,34,153.38,571.72,40.04,95.23,0.5520,-1,-1,-1
213,37,1328.65,548.05,48.69,131.68,0.7349,-1,-1,-1
213,40,1654.25,561.12,52.29,128.42,0.4822,-1,-1,-1
214,34,151.01,573.63,39.90,94.57,0.5940,-1,-1,-1
214,37,1329.52,547.50,49.30,133.43,0.6758,-1,-1,-1
214,40,1657.22,560.46,53.08,128.33,0.5138,-1,-1,-1
215,34,148.76,572.46,40.03,95.00,0.5921,-1,-1,-1
215,37,1329.74,548.05,49.79,134.82,0.6779,-1,-1,-1
215,40,1666.13,559.56,52.88,129.58,0.5430,-1,-1,-1
216,34,146.09,573.89,38.96,93.06,0.4255,-1,-1,-1
216,37,1331.03,550.29,49.68,134.98,0.6688,-1,-1,-1
216,40,1672.95,562.80,50.98,126.34,0.6053,-1,-1,-1
217,34,141.78,573.40,39.34,94.82,0.4763,-1,-1,-1
217,37,1331.91,550.71,49.77,135.54,0.7016,-1,-1,-1
217,40,1678.52,561.99,49.90,124.86,0.4833,-1,-1,-1
218,34,139.18,573.64,39.05,94.36,0.4900,-1,-1,-1
218,37,1333.71,549.80,49.53,135.56,0.7459,-1,-1,-1
218,40,1680.68,562.11,52.31,127.21,0.4898,-1,-1,-1
219,34,138.76,573.19,39.22,94.89,0.4866,-1,-1,-1
219,37,1335.34,550.23,49.53,136.29,0.7612,-1,-1,-1
219,40,1690.18,561.74,51.50,126.27,0.5403,-1,-1,-1
220,34,137.17,575.07,39.24,95.17,0.4593,-1,-1,-1
220,37,1337.45,549.28,50.08,138.36,0.7630,-1,-1,-1
220,40,1695.96,563.61,50.92,124.86,0.5393,-1,-1,-1
221,34,133.47,574.44,39.84,96.69,0.4648,-1,-1,-1
221,37,1339.97,548.22,50.69,141.07,0.7530,-1,-1,-1
221,40,1702.45,565.93,49.68,123.13,0.5218,-1,-1,-1
221,41,13.73,580.32,37.47,87.81,0.5352,-1,-1,-1
222,34,130.15,573.91,40.51,98.45,0.4811,-1,-1,-1
222,37,1342.95,546.40,49.82,140.14,0.7574,-1,-1,-1
222,40,1704.84,561.63,52.68,127.08,0.5042,-1,-1,-1
222,41,12.67,580.04,38.01,89.02,0.5540,-1,-1,-1
223,34,128.26,574.21,40.32,98.24,0.5015,-1,-1,-1
223,37,1345.21,546.61,49.54,140.01,0.7559,-1,-1,-1
223,40,1714.77,562.98,51.72,126.13,0.5342,-1,-1,-1
223,41,10.29,579.56,38.16,89.45,0.4602,-1,-1,-1
224,34,128.35,576.89,40.00,97.11,0.4726,-1,-1,-1
224,37,1347.19,544.60,49.74,141.24,0.7571,-1,-1,-1
224,40,1720.60,561.64,51.43,126.07,0.4781,-1,-1,-1
224,41,8.92,587.22,36.42,85.37,0.2195,-1,-1,-1
225,34,127.10,577.64,40.07,97.23,0.4996,-1,-1,-1
225,37,1349.95,545.34,49.02,139.21,0.7482,-1,-1,-1
225,40,1728.86,556.45,52.93,129.15,0.5434,-1,-1,-1
225,41,3.91,591.84,34.95,81.91,0.1935,-1,-1,-1
226,34,127.04,583.85,39.31,94.35,0.4237,-1,-1,-1
226,37,1351.98,546.69,48.47,137.70,0.7012,-1,-1,-1
226,40,1734.46,557.31,52.84,126.83,0.5115,-1,-1,-1
226,41,0.72,597.87,34.43,80.75,0.3553,-1,-1,-1
227,34,122.19,584.79,39.85,95.60,0.3098,-1,-1,-1
227,37,1353.98,547.00,49.03,139.28,0.7486,-1,-1,-1
227,40,1743.15,558.24,52.28,126.38,0.5243,-1,-1,-1
227,41,-1.44,596.67,35.15,83.01,0.3346,-1,-1,-1
228,34,118.03,586.27,39.80,96.07,0.3367,-1,-1,-1
228,37,1355.62,548.38,49.62,141.50,0.7463,-1,-1,-1
228,40,1750.87,554.81,53.29,128.69,0.5442,-1,-1,-1
228,41,-3.38,592.32,37.22,88.98,0.3092,-1,-1,-1
229,34,115.57,586.61,39.59,96.41,0.4061,-1,-1,-1
229,37,1357.62,548.14,49.44,141.26,0.7455,-1,-1,-1
229,40,1755.83,557.11,53.83,128.08,0.5033,-1,-1,-1
229,41,-4.24,592.06,37.14,90.11,0.2353,-1,-1,-1
230,34,114.04,587.04,39.32,97.21,0.3001,-1,-1,-1
230,37,1361.11,549.30,49.18,140.73,0.7489,-1,-1,-1
230,40,1764.60,555.93,53.53,127.45,0.5398,-1,-1,-1
230,41,-6.95,591.74,36.18,90.72,0.2030,-1,-1,-1
231,34,113.68,588.16,39.02,97.28,0.3338,-1,-1,-1
231,37,1363.58,551.58,48.66,138.73,0.7345,-1,-1,-1
231,40,1774.35,553.91,54.81,130.27,0.5593,-1,-1,-1
231,41,-7.04,592.94,34.26,88.58,0.2398,-1,-1,-1
232,34,112.13,590.02,38.69,96.39,0.2759,-1,-1,-1
232,37,1366.12,552.65,48.55,138.54,0.7347,-1,-1,-1
232,40,1780.64,553.70,56.15,131.34,0.5191,-1,-1,-1
232,41,-4.90,600.37,31.05,81.68,0.2917,-1,-1,-1
233,34,111.23,590.01,38.90,96.81,0.2293,-1,-1,-1
233,37,1367.89,551.75,49.26,140.80,0.7660,-1,-1,-1
233,40,1791.05,556.64,55.36,128.94,0.5367,-1,-1,-1
233,41,-4.22,603.75,29.17,78.38,0.2328,-1,-1,-1
234,34,109.05,590.53,39.05,96.93,0.3431,-1,-1,-1
234,37,1370.41,553.09,48.57,138.73,0.7043,-1,-1,-1
234,40,1796.89,559.08,56.43,128.96,0.4539,-1,-1,-1
235,34,106.20,587.81,39.58,99.01,0.2827,-1,-1,-1
235,37,1374.41,553.94,48.06,136.97,0.6641,-1,-1,-1
235,40,1808.01,559.33,56.38,128.94,0.4602,-1,-1,-1
236,34,104.50,586.62,40.04,100.73,0.2910,-1,-1,-1
236,37,1378.56,553.06,48.42,136.78,0.7032,-1,-1,-1
236,40,1822.48,554.02,55.20,126.10,0.5274,-1,-1,-1
237,34,103.60,583.57,40.84,103.28,0.3075,-1,-1,-1
237,37,1381.98,552.03,49.17,137.19,0.6999,-1,-1,-1
237,40,1834.51,549.61,55.55,126.41,0.5038,-1,-1,-1
238,34,104.14,582.77,41.29,104.26,0.3776,-1,-1,-1
238,37,1384.75,552.90,49.10,136.74,0.7135,-1,-1,-1
238,40,1843.97,546.73,58.91,134.72,0.5074,-1,-1,-1
239,34,105.13,579.75,42.06,105.32,0.3820,-1,-1,-1
239,37,1387.90,554.60,48.85,135.12,0.6843,-1,-1,-1
239,40,1850.21,545.03,61.41,139.71,0.4656,-1,-1,-1
240,34,104.60,578.34,42.53,105.91,0.3987,-1,-1,-1
240,37,1390.04,551.06,50.62,140.54,0.7219,-1,-1,-1
240,40,1861.97,543.40,58.84,134.64,0.4519,-1,-1,-1
241,34,103.12,576.60,43.16,107.66,0.4283,-1,-1,-1
241,37,1393.81,548.48,51.54,144.32,0.7554,-1,-1,-1
241,40,1867.26,545.66,58.69,136.63,0.4772,-1,-1,-1
242,34,103.90,577.80,42.94,106.89,0.4134,-1,-1,-1
242,37,1398.50,548.14,51.74,145.81,0.6746,-1,-1,-1
243,34,104.65,576.57,43.80,108.38,0.4094,-1,-1,-1
243,37,1403.15,550.14,50.65,143.45,0.6905,-1,-1,-1
244,34,103.78,576.47,43.72,108.25,0.3630,-1,-1,-1
244,37,1408.87,553.76,49.36,139.93,0.7145,-1,-1,-1
245,34,104.29,577.10,44.03,109.23,0.3808,-1,-1,-1
245,37,1414.76,555.39,48.83,139.24,0.7656,-1,-1,-1
246,34,103.55,577.04,43.96,109.91,0.3632,-1,-1,-1
246,37,1420.51,554.63,49.12,140.85,0.7619,-1,-1,-1
247,34,103.26,579.08,43.77,110.00,0.4199,-1,-1,-1
247,37,1425.79,555.63,49.01,141.14,0.7415,-1,-1,-1
248,34,103.40,581.07,43.08,109.00,0.3860,-1,-1,-1
248,37,1432.24,556.32,49.01,141.65,0.7563,-1,-1,-1
249,34,104.49,583.48,43.20,109.26,0.4062,-1,-1,-1
249,37,1437.85,554.67,49.74,144.90,0.7947,-1,-1,-1
250,34,105.62,585.41,43.01,108.49,0.4543,-1,-1,-1
250,37,1444.25,549.79,50.74,148.83,0.7215,-1,-1,-1
251,34,106.11,586.82,42.91,108.45,0.3930,-1,-1,-1
251,37,1450.10,545.37,52.01,155.67,0.7527,-1,-1,-1
252,34,108.03,588.37,41.12,105.11,0.3085,-1,-1,-1
252,37,1457.46,547.59,50.44,152.34,0.7407,-1,-1,-1
253,34,113.31,590.62,40.96,105.26,0.4488,-1,-1,-1
253,37,1464.40,542.17,51.18,156.64,0.7454,-1,-1,-1
254,34,116.67,591.34,40.92,105.76,0.4648,-1,-1,-1
254,37,1470.21,539.61,51.25,158.29,0.7032,-1,-1,-1
255,34,118.47,593.09,41.63,107.72,0.3865,-1,-1,-1
255,37,1477.46,536.22,50.31,157.17,0.7115,-1,-1,-1
256,34,121.66,593.36,42.59,110.75,0.4107,-1,-1,-1
256,37,1486.10,537.97,49.81,156.42,0.7261,-1,-1,-1
257,34,128.33,595.16,42.80,109.96,0.3282,-1,-1,-1
257,37,1494.79,537.98,48.68,154.11,0.7086,-1,-1,-1
258,34,131.71,596.34,42.93,109.75,0.3460,-1,-1,-1
258,37,1503.97,543.59,47.68,151.23,0.6423,-1,-1,-1
259,34,132.03,595.42,43.36,111.06,0.3763,-1,-1,-1
259,37,1513.15,549.60,46.62,145.94,0.5942,-1,-1,-1
260,34,132.35,598.88,42.67,109.37,0.3195,-1,-1,-1
260,37,1518.39,550.79,48.79,147.02,0.6700,-1,-1,-1
261,34,135.34,601.15,42.15,108.01,0.3940,-1,-1,-1
261,37,1526.91,553.62,49.95,145.36,0.5772,-1,-1,-1
262,34,137.76,601.37,41.52,107.99,0.4579,-1,-1,-1
262,37,1533.53,561.98,50.02,136.06,0.4399,-1,-1,-1
263,34,140.82,602.38,40.96,106.79,0.3136,-1,-1,-1
264,34,144.23,601.66,41.33,107.52,0.2678,-1,-1,-1
265,34,148.07,600.51,42.31,109.23,0.3720,-1,-1,-1
266,34,149.90,600.74,42.47,109.21,0.2735,-1,-1,-1
267,34,151.65,600.06,43.32,111.25,0.4012,-1,-1,-1
268,34,154.27,600.13,43.42,111.27,0.2465,-1,-1,-1
269,34,154.74,599.28,43.97,112.80,0.3900,-1,-1,-1
270,34,156.55,596.23,44.19,113.84,0.3388,-1,-1,-1
271,34,160.77,595.62,43.49,112.37,0.4300,-1,-1,-1
272,34,163.56,594.16,43.33,112.36,0.2732,-1,-1,-1
272,46,12.53,605.40,43.45,99.67,0.5136,-1,-1,-1
273,34,168.20,592.00,44.58,114.84,0.3811,-1,-1,-1
273,46,14.34,606.04,43.74,100.28,0.5934,-1,-1,-1
274,34,169.12,590.81,44.99,115.11,0.2278,-1,-1,-1
274,46,13.98,601.58,44.68,102.55,0.4457,-1,-1,-1
275,34,172.87,591.08,45.19,115.83,0.2946,-1,-1,-1
275,46,15.88,597.84,46.51,106.69,0.6148,-1,-1,-1
276,34,175.01,590.31,45.52,116.71,0.4253,-1,-1,-1
276,46,18.49,599.32,46.07,105.47,0.6282,-1,-1,-1
277,34,176.90,590.19,45.60,117.35,0.3449,-1,-1,-1
277,46,20.20,598.45,46.80,107.11,0.6057,-1,-1,-1
277,47,1669.36,590.97,73.43,227.70,0.5054,-1,-1,-1
278,34,177.45,590.51,46.13,118.54,0.3738,-1,-1,-1
278,46,21.42,597.73,47.63,109.04,0.5957,-1,-1,-1
278,47,1683.44,596.32,73.46,227.16,0.4524,-1,-1,-1
279,34,179.28,591.14,46.24,118.71,0.4372,-1,-1,-1
279,46,23.89,597.92,48.03,109.91,0.6058,-1,-1,-1
279,47,1698.26,595.73,75.81,233.35,0.5989,-1,-1,-1
280,34,181.79,597.31,44.53,114.07,0.4653,-1,-1,-1
280,46,25.46,599.08,48.72,111.58,0.6288,-1,-1,-1
280,47,1719.95,601.31,77.09,236.69,0.2909,-1,-1,-1
281,34,184.83,598.73,44.89,115.03,0.4187,-1,-1,-1
281,46,26.43,600.81,49.32,112.70,0.6284,-1,-1,-1
281,47,1735.90,607.93,78.06,235.35,0.5494,-1,-1,-1
282,34,187.80,598.42,45.77,116.66,0.4732,-1,-1,-1
282,46,28.50,603.61,48.80,111.38,0.6184,-1,-1,-1
282,47,1750.93,610.98,80.66,236.69,0.6279,-1,-1,-1
283,34,190.80,599.35,46.76,117.78,0.4688,-1,-1,-1
283,46,30.84,608.15,47.89,109.20,0.6024,-1,-1,-1
283,47,1780.96,609.86,82.66,241.17,0.6220,-1,-1,-1
284,34,192.91,600.91,46.95,117.95,0.3819,-1,-1,-1
284,46,32.65,609.70,48.12,109.80,0.6395,-1,-1,-1
284,47,1804.68,610.10,84.90,244.71,0.7479,-1,-1,-1
285,34,195.91,601.09,47.94,119.61,0.4402,-1,-1,-1
285,46,34.64,611.46,48.16,110.22,0.6391,-1,-1,-1
285,47,1826.98,612.48,85.91,246.51,0.8109,-1,-1,-1
285,48,1764.87,550.30,57.94,183.07,0.6449,-1,-1,-1
286,34,198.26,601.31,48.90,121.25,0.4214,-1,-1,-1
286,46,35.56,612.62,48.67,111.58,0.6466,-1,-1,-1
286,47,1841.04,611.74,86.63,251.26,0.7457,-1,-1,-1
286,48,1776.42,547.20,59.65,188.35,0.7140,-1,-1,-1
287,34,200.72,605.04,48.90,120.52,0.4338,-1,-1,-1
287,46,37.28,613.47,49.08,112.42,0.6325,-1,-1,-1
287,47,1853.83,615.05,84.35,252.02,0.7013,-1,-1,-1
287,48,1793.53,547.89,60.56,191.15,0.7024,-1,-1,-1
288,34,200.22,605.29,49.11,122.07,0.4925,-1,-1,-1
288,46,39.22,614.56,49.27,112.34,0.6128,-1,-1,-1
288,48,1807.33,547.69,61.93,194.52,0.6720,-1,-1,-1
289,34,199.81,606.93,47.85,120.74,0.3892,-1,-1,-1
289,46,40.01,614.82,49.96,113.73,0.5701,-1,-1,-1
289,48,1820.77,544.80,63.07,197.77,0.7279,-1,-1,-1
290,34,202.56,606.08,48.46,122.68,0.4326,-1,-1,-1
290,46,41.88,613.33,51.01,115.84,0.6095,-1,-1,-1
290,48,1836.42,543.84,64.14,199.51,0.7608,-1,-1,-1
291,34,209.63,607.76,48.30,121.43,0.2532,-1,-1,-1
291,46,44.56,613.61,52.23,118.12,0.6154,-1,-1,-1
291,48,1847.58,539.20,65.19,203.82,0.7580,-1,-1,-1
292,34,213.11,608.49,49.58,123.18,0.3702,-1,-1,-1
292,46,45.41,612.83,53.54,121.09,0.6634,-1,-1,-1
292,48,1858.51,540.20,65.26,205.54,0.7129,-1,-1,-1
293,34,216.41,610.99,49.72,123.54,0.4318,-1,-1,-1
293,46,46.92,614.67,54.13,122.67,0.6505,-1,-1,-1
293,48,1867.97,539.97,64.40,208.07,0.6245,-1,-1,-1
294,34,217.40,611.63,49.86,124.05,0.4653,-1,-1,-1
294,46,48.36,618.17,53.57,121.18,0.6006,-1,-1,-1
295,34,214.26,613.79,48.87,123.13,0.4390,-1,-1,-1
295,46,49.35,620.22,53.34,119.80,0.6146,-1,-1,-1
296,34,214.42,614.01,49.16,124.50,0.4414,-1,-1,-1
296,46,50.55,620.94,53.55,119.27,0.5636,-1,-1,-1
297,34,219.61,615.03,48.74,124.45,0.3727,-1,-1,-1
297,46,50.97,621.63,54.30,120.17,0.6097,-1,-1,-1
298,34,223.00,613.01,49.33,126.59,0.4187,-1,-1,-1
298,46,50.99,621.82,54.64,120.30,0.6086,-1,-1,-1
299,34,225.53,615.18,48.38,124.78,0.4655,-1,-1,-1
299,46,51.24,622.74,54.59,119.59,0.6152,-1,-1,-1
300,34,228.51,615.17,48.75,125.64,0.4989,-1,-1,-1
300,46,50.98,621.11,56.11,122.61,0.5872,-1,-1,-1
301,34,229.40,616.38,49.16,126.32,0.4829,-1,-1,-1
301,46,49.82,623.49,56.14,122.80,0.5049,-1,-1,-1
302,34,228.86,615.17,50.07,128.72,0.4959,-1,-1,-1
302,46,49.53,623.42,56.75,123.91,0.4929,-1,-1,-1
303,34,228.81,620.06,49.81,127.78,0.4472,-1,-1,-1
303,46,47.15,626.82,56.73,124.09,0.4655,-1,-1,-1
304,34,228.97,621.85,49.65,127.22,0.5154,-1,-1,-1
304,46,46.79,627.72,56.53,123.83,0.4486,-1,-1,-1
305,34,228.92,626.62,49.34,125.89,0.4849,-1,-1,-1
305,46,49.93,633.68,55.16,119.79,0.4616,-1,-1,-1
306,34,230.10,627.68,49.56,126.38,0.4852,-1,-1,-1
306,46,49.65,635.89,54.69,118.01,0.4343,-1,-1,-1
307,34,229.45,627.85,50.16,127.99,0.4915,-1,-1,-1
307,46,47.91,635.85,56.22,120.67,0.4813,-1,-1,-1
308,34,227.30,629.13,50.77,130.57,0.4623,-1,-1,-1
308,46,46.39,637.09,58.54,125.24,0.5550,-1,-1,-1
309,34,225.46,628.29,51.16,132.68,0.4384,-1,-1,-1
309,46,45.22,637.19,59.27,126.47,0.6167,-1,-1,-1
310,34,225.10,630.08,51.16,133.03,0.4362,-1,-1,-1
310,46,44.14,638.44,59.58,126.76,0.5962,-1,-1,-1
311,34,228.88,631.71,51.43,133.00,0.3684,-1,-1,-1
311,46,43.06,641.04,60.03,126.92,0.6294,-1,-1,-1
312,34,227.57,631.18,51.75,133.60,0.3835,-1,-1,-1
312,46,41.56,641.53,60.15,126.74,0.5805,-1,-1,-1
313,34,229.90,635.04,52.07,133.25,0.3626,-1,-1,-1
313,46,40.34,643.11,61.33,128.75,0.6417,-1,-1,-1
314,34,228.16,637.76,52.31,134.38,0.3737,-1,-1,-1
314,46,38.31,644.98,61.34,128.86,0.5445,-1,-1,-1
315,34,227.37,637.61,52.78,136.22,0.4026,-1,-1,-1
315,46,36.77,645.25,61.33,129.16,0.5444,-1,-1,-1
316,34,225.93,637.84,52.80,136.99,0.3841,-1,-1,-1
316,46,33.93,645.63,61.33,130.00,0.4180,-1,-1,-1
317,34,225.72,638.55,52.68,137.16,0.4156,-1,-1,-1
317,46,32.52,646.22,61.14,130.86,0.4005,-1,-1,-1
318,34,224.73,640.08,51.90,136.30,0.3963,-1,-1,-1
318,46,31.72,647.32,60.91,131.46,0.4664,-1,-1,-1
319,34,226.31,641.49,51.88,136.15,0.3741,-1,-1,-1
319,46,30.61,648.69,60.38,131.57,0.4426,-1,-1,-1
320,34,225.78,641.31,52.60,138.14,0.4204,-1,-1,-1
320,46,28.30,648.28,61.03,133.54,0.4507,-1,-1,-1
321,34,224.97,640.32,53.38,140.21,0.4284,-1,-1,-1
321,46,26.10,648.71,61.73,135.35,0.5101,-1,-1,-1
322,34,224.06,639.01,54.09,142.21,0.4619,-1,-1,-1
322,46,23.84,649.04,61.99,136.28,0.4727,-1,-1,-1
323,34,222.95,636.87,55.12,145.10,0.3652,-1,-1,-1
323,46,20.81,648.57,62.55,137.76,0.5185,-1,-1,-1
323,50,1538.50,584.50,59.12,142.58,0.5774,-1,-1,-1
324,34,231.86,633.25,54.02,143.40,0.1729,-1,-1,-1
324,46,17.25,647.29,62.68,138.30,0.5105,-1,-1,-1
324,50,1542.28,590.12,56.75,136.83,0.5380,-1,-1,-1
325,34,225.02,633.99,55.10,146.08,0.3883,-1,-1,-1
325,46,15.11,648.02,62.24,137.20,0.5183,-1,-1,-1
325,50,1548.15,606.45,51.48,124.04,0.4968,-1,-1,-1
326,34,221.78,634.93,55.17,146.56,0.4120,-1,-1,-1
326,46,11.47,647.57,62.20,137.38,0.5602,-1,-1,-1
326,50,1548.56,596.52,56.14,136.00,0.4859,-1,-1,-1
326,51,1415.65,598.33,63.93,151.00,0.5396,-1,-1,-1
327,34,217.14,637.28,54.79,144.56,0.4918,-1,-1,-1
327,46,8.48,647.42,62.14,137.42,0.6161,-1,-1,-1
327,50,1553.92,601.43,54.55,132.25,0.4787,-1,-1,-1
327,51,1417.06,599.14,63.74,150.61,0.6188,-1,-1,-1
328,34,212.44,637.81,56.35,147.05,0.4103,-1,-1,-1
328,46,6.49,651.73,60.91,134.58,0.6034,-1,-1,-1
328,50,1556.46,594.00,57.79,140.91,0.3896,-1,-1,-1
328,51,1418.27,595.57,65.68,155.28,0.6022,-1,-1,-1
329,34,220.13,634.54,54.27,144.60,0.1531,-1,-1,-1
329,46,5.38,650.09,60.32,135.44,0.4846,-1,-1,-1
329,50,1558.93,588.23,60.66,149.16,0.4988,-1,-1,-1
329,51,1418.85,596.94,64.82,153.28,0.5814,-1,-1,-1
330,46,2.65,651.86,58.35,132.59,0.5159,-1,-1,-1
330,50,1561.00,587.10,63.03,155.80,0.4772,-1,-1,-1
330,51,1420.32,596.42,65.10,154.68,0.5077,-1,-1,-1
331,46,0.70,651.83,57.72,132.82,0.5151,-1,-1,-1
331,50,1554.46,565.50,71.93,178.19,0.3551,-1,-1,-1
331,51,1424.15,596.57,64.67,154.81,0.6456,-1,-1,-1
332,46,-2.61,647.86,56.68,133.07,0.5161,-1,-1,-1
332,50,1566.65,583.50,62.64,155.20,0.4269,-1,-1,-1
332,51,1427.70,599.97,62.83,151.27,0.6273,-1,-1,-1
333,46,-5.47,646.33,55.57,133.48,0.5682,-1,-1,-1
333,50,1568.42,575.64,65.52,164.46,0.3452,-1,-1,-1
333,51,1428.57,597.09,64.35,155.32,0.5245,-1,-1,-1
334,46,-7.36,646.37,53.60,132.58,0.5768,-1,-1,-1
334,50,1576.21,581.25,62.16,157.17,0.4697,-1,-1,-1
334,51,1425.55,595.02,65.87,158.13,0.5223,-1,-1,-1
335,46,-9.30,646.13,51.82,133.20,0.4922,-1,-1,-1
335,50,1582.69,586.99,59.02,148.95,0.3760,-1,-1,-1
335,51,1423.47,594.01,68.03,159.61,0.3436,-1,-1,-1
335,54,1823.19,519.61,50.89,134.55,0.6377,-1,-1,-1
336,46,-10.60,647.43,49.90,133.98,0.5372,-1,-1,-1
336,50,1572.59,552.84,74.29,191.58,0.3030,-1,-1,-1
336,51,1426.43,589.46,70.98,163.87,0.5727,-1,-1,-1
336,54,1827.38,515.01,51.45,135.92,0.5641,-1,-1,-1
337,50,1568.74,538.20,80.43,211.12,0.4371,-1,-1,-1
337,51,1430.32,591.12,72.91,167.09,0.6624,-1,-1,-1
337,54,1834.78,517.88,51.37,135.68,0.4649,-1,-1,-1
338,50,1568.14,532.46,81.62,217.31,0.3704,-1,-1,-1
338,51,1434.92,592.36,74.11,167.32,0.5655,-1,-1,-1
338,54,1840.92,519.05,50.14,132.39,0.5999,-1,-1,-1
339,50,1573.85,533.52,83.35,225.41,0.5222,-1,-1,-1
339,51,1436.22,596.57,76.12,167.76,0.7194,-1,-1,-1
339,54,1845.93,519.03,50.06,132.35,0.5669,-1,-1,-1
340,50,1574.29,534.47,84.79,230.18,0.5749,-1,-1,-1
340,51,1438.46,596.58,78.23,169.68,0.7527,-1,-1,-1
340,54,1850.17,518.66,49.79,131.58,0.5759,-1,-1,-1
341,50,1582.67,543.06,80.75,226.29,0.3673,-1,-1,-1
341,51,1439.49,599.74,79.82,171.59,0.7357,-1,-1,-1
341,54,1853.13,520.24,49.78,131.35,0.2680,-1,-1,-1
342,50,1583.71,550.97,78.56,221.55,0.3163,-1,-1,-1
342,51,1432.45,601.65,82.59,175.40,0.6932,-1,-1,-1
342,54,1859.39,521.74,49.95,132.86,0.2671,-1,-1,-1
343,50,1576.97,547.46,81.95,229.39,0.4133,-1,-1,-1
343,51,1437.30,610.47,80.01,172.05,0.6043,-1,-1,-1
343,54,1867.25,530.17,48.48,128.19,0.2874,-1,-1,-1
344,50,1578.05,558.70,81.55,224.12,0.3294,-1,-1,-1
344,51,1439.05,615.64,79.06,171.66,0.6758,-1,-1,-1
344,54,1873.21,533.68,48.71,130.18,0.4557,-1,-1,-1
345,50,1580.76,558.67,84.65,231.49,0.1896,-1,-1,-1
345,51,1439.13,618.37,81.13,179.03,0.6139,-1,-1,-1
345,54,1875.21,536.63,48.87,132.13,0.4711,-1,-1,-1
346,50,1583.56,580.07,80.71,215.94,0.4326,-1,-1,-1
346,51,1436.42,621.70,81.07,181.78,0.5915,-1,-1,-1
346,54,1875.76,535.71,50.31,138.57,0.4744,-1,-1,-1
347,50,1573.41,590.44,74.15,202.24,0.5168,-1,-1,-1
347,51,1432.80,625.89,82.10,185.10,0.5999,-1,-1,-1
347,54,1878.77,539.87,48.72,137.64,0.3254,-1,-1,-1
348,50,1573.77,597.44,70.42,193.52,0.5149,-1,-1,-1
348,51,1437.20,630.00,80.91,187.06,0.6563,-1,-1,-1
349,50,1576.34,609.31,67.46,186.14,0.4368,-1,-1,-1
349,51,1438.56,634.19,81.20,190.69,0.6874,-1,-1,-1
350,50,1581.36,614.34,67.31,183.98,0.5740,-1,-1,-1
350,51,1441.02,638.31,81.22,191.17,0.6505,-1,-1,-1
351,50,1582.07,611.64,68.49,187.12,0.4105,-1,-1,-1
351,51,1441.84,644.37,80.96,189.40,0.7046,-1,-1,-1
352,50,1585.09,609.31,73.65,200.00,0.5273,-1,-1,-1
352,51,1436.96,649.04,82.88,190.32,0.6600,-1,-1,-1
352,58,88.93,673.68,59.80,176.30,0.5697,-1,-1,-1
353,50,1583.96,610.76,74.38,202.46,0.5762,-1,-1,-1
353,51,1439.71,651.85,84.32,191.69,0.6678,-1,-1,-1
353,58,85.09,678.72,58.57,172.16,0.4352,-1,-1,-1
354,50,1583.18,617.59,73.60,200.65,0.5592,-1,-1,-1
354,51,1443.91,655.64,85.65,195.77,0.6897,-1,-1,-1
354,58,83.38,682.26,58.62,171.66,0.5203,-1,-1,-1
355,50,1583.76,625.41,71.99,195.58,0.5790,-1,-1,-1
355,51,1444.98,657.32,85.82,196.59,0.6571,-1,-1,-1
355,58,81.52,679.90,60.04,177.12,0.4127,-1,-1,-1
356,50,1583.91,631.44,72.80,196.29,0.5778,-1,-1,-1
356,51,1444.46,659.24,87.49,198.69,0.6957,-1,-1,-1
356,58,67.32,681.39,60.56,177.74,0.4246,-1,-1,-1
357,50,1583.24,641.03,73.15,193.64,0.6409,-1,-1,-1
357,51,1447.17,664.98,87.17,198.14,0.7579,-1,-1,-1
357,58,68.09,680.30,59.73,177.13,0.3896,-1,-1,-1
358,50,1583.87,647.08,74.29,191.59,0.6260,-1,-1,-1
358,51,1448.80,670.53,85.49,195.03,0.7845,-1,-1,-1
358,58,61.02,682.72,60.64,180.25,0.5444,-1,-1,-1
359,50,1585.79,650.46,76.87,194.04,0.6690,-1,-1,-1
359,51,1448.87,679.13,84.34,193.70,0.6681,-1,-1,-1
359,58,50.44,689.97,59.50,177.11,0.3695,-1,-1,-1
360,50,1586.71,655.59,79.04,196.25,0.6192,-1,-1,-1
360,51,1449.95,683.60,83.41,193.64,0.7213,-1,-1,-1
360,58,41.67,691.91,59.74,178.03,0.4091,-1,-1,-1
361,50,1586.96,661.04,80.19,195.70,0.6787,-1,-1,-1
361,51,1449.07,686.34,83.80,197.84,0.7345,-1,-1,-1
361,58,34.10,690.32,60.92,181.81,0.4917,-1,-1,-1
362,50,1586.29,662.49,82.62,200.23,0.6448,-1,-1,-1
362,51,1449.06,684.73,85.31,203.66,0.7321,-1,-1,-1
362,58,27.46,692.10,62.18,184.09,0.4413,-1,-1,-1
363,50,1585.08,662.82,84.14,204.06,0.5633,-1,-1,-1
363,51,1448.36,682.06,88.46,214.97,0.7410,-1,-1,-1
363,58,19.50,692.90,64.02,189.00,0.3853,-1,-1,-1
363,61,1340.71,599.83,54.89,221.52,0.5449,-1,-1,-1
364,50,1580.54,663.45,86.51,211.74,0.6299,-1,-1,-1
364,51,1448.12,686.96,89.90,220.24,0.7589,-1,-1,-1
364,58,12.31,696.28,64.04,188.47,0.4324,-1,-1,-1
364,61,1341.06,608.53,50.55,203.45,0.3116,-1,-1,-1
365,50,1578.63,666.00,86.39,214.18,0.5983,-1,-1,-1
365,51,1448.45,691.53,90.51,221.16,0.6990,-1,-1,-1
365,58,4.56,699.63,64.99,191.94,0.4502,-1,-1,-1
365,61,1342.63,626.53,41.91,167.61,0.3359,-1,-1,-1
366,50,1575.78,665.66,86.70,217.82,0.6740,-1,-1,-1
366,51,1449.84,696.67,92.00,223.55,0.7258,-1,-1,-1
366,58,1.59,704.06,63.54,190.44,0.5092,-1,-1,-1
366,61,1339.67,634.50,50.44,201.97,0.3643,-1,-1,-1
366,62,1372.01,632.13,71.03,217.66,0.6045,-1,-1,-1
367,50,1573.86,663.95,90.14,229.02,0.6500,-1,-1,-1
367,51,1452.95,704.19,91.71,222.78,0.7111,-1,-1,-1
367,58,-2.21,711.49,61.81,187.86,0.5159,-1,-1,-1
367,61,1339.23,641.71,43.90,173.82,0.4947,-1,-1,-1
367,62,1373.04,637.27,70.09,214.88,0.5763,-1,-1,-1
367,63,44.25,700.86,52.68,172.69,0.5369,-1,-1,-1
368,50,1573.14,664.66,91.89,234.84,0.6316,-1,-1,-1
368,51,1455.28,710.31,92.02,223.77,0.7132,-1,-1,-1
368,58,-7.43,715.25,61.11,190.23,0.4648,-1,-1,-1
368,61,1337.54,646.15,42.79,167.90,0.4750,-1,-1,-1
368,62,1369.71,639.30,70.42,216.62,0.5897,-1,-1,-1
368,63,37.11,706.16,53.14,174.16,0.3834,-1,-1,-1
369,50,1573.60,664.71,92.59,238.40,0.6322,-1,-1,-1
369,51,1458.37,711.61,93.26,227.96,0.5712,-1,-1,-1
369,58,-10.49,715.89,60.89,195.42,0.4836,-1,-1,-1
369,61,1332.43,647.26,50.05,195.47,0.5575,-1,-1,-1
369,62,1369.73,641.89,70.29,217.19,0.5806,-1,-1,-1
369,63,27.13,708.15,54.74,179.29,0.6026,-1,-1,-1
370,50,1569.74,664.12,94.39,240.93,0.6570,-1,-1,-1
370,51,1459.64,715.49,94.06,230.28,0.6387,-1,-1,-1
370,61,1329.00,646.91,54.40,211.65,0.3463,-1,-1,-1
370,62,1366.28,643.93,70.93,219.98,0.5172,-1,-1,-1
370,63,15.53,710.91,55.54,181.72,0.4458,-1,-1,-1
371,50,1567.39,666.76,95.65,239.18,0.6949,-1,-1,-1
371,51,1461.03,719.04,93.99,230.54,0.7188,-1,-1,-1
371,61,1327.12,651.70,55.67,215.80,0.2770,-1,-1,-1
371,62,1364.70,645.31,71.44,222.20,0.4885,-1,-1,-1
371,63,8.60,713.56,56.82,186.21,0.5522,-1,-1,-1
372,50,1564.78,668.89,98.40,241.37,0.6675,-1,-1,-1
372,51,1461.25,720.81,94.78,232.60,0.7243,-1,-1,-1
372,61,1326.05,651.67,47.48,180.27,0.2567,-1,-1,-1
372,62,1362.38,646.75,71.96,224.00,0.5202,-1,-1,-1
372,63,2.05,717.20,56.53,184.88,0.6469,-1,-1,-1
373,50,1566.19,671.40,100.60,244.31,0.6856,-1,-1,-1
373,51,1460.50,721.25,95.85,235.15,0.7241,-1,-1,-1
373,61,1323.29,651.33,46.11,171.55,0.3111,-1,-1,-1
373,62,1360.38,649.05,72.13,224.38,0.4947,-1,-1,-1
373,63,-2.51,724.48,55.31,181.55,0.5497,-1,-1,-1
374,50,1565.44,676.56,101.82,244.55,0.6556,-1,-1,-1
374,51,1457.10,723.08,96.73,237.42,0.7139,-1,-1,-1
374,61,1318.80,647.33,46.25,168.91,0.3206,-1,-1,-1
374,62,1359.84,652.94,72.02,223.39,0.5887,-1,-1,-1
374,63,-6.51,729.55,53.51,178.22,0.6575,-1,-1,-1
375,50,1564.23,675.75,102.73,245.98,0.6345,-1,-1,-1
375,51,1452.87,724.92,96.51,239.55,0.7047,-1,-1,-1
375,61,1317.20,647.00,47.35,170.92,0.2537,-1,-1,-1
375,62,1359.97,656.49,72.24,222.67,0.5840,-1,-1,-1
375,63,-9.93,733.18,52.60,179.58,0.5736,-1,-1,-1
376,50,1561.45,678.62,102.33,244.62,0.6119,-1,-1,-1
376,51,1450.63,726.63,95.86,241.73,0.7025,-1,-1,-1
376,62,1355.80,655.17,72.80,222.74,0.5094,-1,-1,-1
376,63,-13.26,735.00,49.31,175.18,0.5312,-1,-1,-1
377,50,1557.54,682.41,100.16,239.30,0.5979,-1,-1,-1
377,51,1449.55,726.73,96.23,246.52,0.6785,-1,-1,-1
377,62,1352.90,651.61,75.14,226.59,0.5844,-1,-1,-1
378,50,1552.18,683.79,101.48,242.63,0.6502,-1,-1,-1
378,51,1449.45,727.08,96.81,252.51,0.6448,-1,-1,-1
378,62,1347.21,648.88,77.41,230.92,0.4304,-1,-1,-1
379,50,1545.41,680.28,102.38,247.49,0.7073,-1,-1,-1
379,51,1448.24,726.91,97.67,259.82,0.6691,-1,-1,-1
379,62,1340.09,648.85,66.99,199.25,0.3050,-1,-1,-1
380,50,1539.40,680.23,103.14,251.23,0.6646,-1,-1,-1
380,51,1446.41,726.28,98.11,266.13,0.6932,-1,-1,-1
380,62,1333.45,648.46,61.88,183.85,0.4127,-1,-1,-1
381,50,1527.38,680.25,103.86,257.29,0.6155,-1,-1,-1
381,51,1448.33,727.65,98.35,268.55,0.7053,-1,-1,-1
381,62,1327.77,648.14,61.09,182.14,0.4179,-1,-1,-1
382,50,1523.34,679.09,102.43,259.93,0.5859,-1,-1,-1
382,51,1446.89,731.28,98.01,269.54,0.6867,-1,-1,-1
382,62,1322.92,648.51,60.65,181.51,0.6207,-1,-1,-1
383,50,1521.50,684.66,98.67,254.10,0.5605,-1,-1,-1
383,51,1446.42,736.19,97.79,269.08,0.7165,-1,-1,-1
383,62,1318.12,648.98,60.93,184.58,0.6674,-1,-1,-1
384,50,1516.24,684.77,99.24,257.89,0.5858,-1,-1,-1
384,51,1445.04,740.00,98.79,270.98,0.7350,-1,-1,-1
384,62,1313.65,648.18,60.75,186.57,0.6731,-1,-1,-1
385,50,1515.38,687.84,97.34,253.99,0.6056,-1,-1,-1
385,51,1441.60,742.18,99.22,272.00,0.7480,-1,-1,-1
386,50,1512.39,692.87,97.17,253.44,0.5705,-1,-1,-1
386,51,1434.63,745.23,99.60,274.20,0.7489,-1,-1,-1
387,50,1506.72,693.94,98.14,256.24,0.6559,-1,-1,-1
387,51,1429.76,746.59,99.28,275.66,0.7030,-1,-1,-1
388,50,1497.58,685.53,103.05,269.15,0.5981,-1,-1,-1
388,51,1425.81,747.12,100.12,280.78,0.6610,-1,-1,-1
389,50,1490.78,683.99,105.61,273.95,0.6412,-1,-1,-1
389,51,1422.94,747.29,101.73,287.86,0.5933,-1,-1,-1
390,50,1488.16,689.14,104.37,269.62,0.5619,-1,-1,-1
390,51,1416.64,749.12,102.86,291.38,0.6102,-1,-1,-1
391,50,1487.43,705.94,98.43,250.25,0.5671,-1,-1,-1
391,51,1411.49,751.63,105.59,296.91,0.5778,-1,-1,-1
392,50,1478.60,708.14,100.29,251.70,0.5204,-1,-1,-1
392,51,1402.48,755.42,106.09,297.54,0.6737,-1,-1,-1
393,51,1397.90,760.67,106.76,297.76,0.6521,-1,-1,-1
394,51,1389.70,764.15,107.22,299.71,0.5846,-1,-1,-1
395,51,1379.89,767.18,107.20,301.78,0.6793,-1,-1,-1
395,67,1173.71,649.18,68.07,236.44,0.6524,-1,-1,-1
395,50,1440.12,710.80,99.84,255.66,0.5125,-1,-1,-1
396,51,1372.71,771.15,107.40,302.97,0.7466,-1,-1,-1
396,67,1167.44,648.67,64.82,224.70,0.5782,-1,-1,-1
396,50,1429.31,706.60,97.70,253.37,0.4952,-1,-1,-1
397,51,1364.75,772.93,107.69,305.41,0.6441,-1,-1,-1
397,67,1154.78,648.74,66.28,229.14,0.6026,-1,-1,-1
397,50,1415.97,714.16,98.62,259.26,0.4170,-1,-1,-1
398,51,1359.05,771.60,108.56,306.48,0.5336,-1,-1,-1
398,67,1145.11,648.62,68.72,237.02,0.5450,-1,-1,-1
399,51,1350.49,770.06,110.23,310.87,0.3351,-1,-1,-1
399,67,1132.40,652.36,66.30,228.33,0.6109,-1,-1,-1
399,72,1295.48,553.13,48.50,128.21,0.5958,-1,-1,-1
400,51,1341.87,770.96,110.34,310.81,0.3857,-1,-1,-1
400,67,1120.04,652.88,75.54,257.14,0.5461,-1,-1,-1
400,72,1288.50,556.58,47.47,125.84,0.6080,-1,-1,-1
401,51,1328.85,772.09,110.32,309.18,0.5661,-1,-1,-1
401,67,1102.08,655.96,74.81,252.54,0.7011,-1,-1,-1
401,72,1278.31,553.61,48.92,129.85,0.6617,-1,-1,-1
402,51,1319.31,775.75,109.68,305.40,0.6446,-1,-1,-1
402,67,1087.56,656.12,76.77,253.12,0.6526,-1,-1,-1
402,72,1268.62,552.01,48.74,129.45,0.4936,-1,-1,-1
403,51,1309.30,767.21,113.53,313.11,0.6410,-1,-1,-1
403,67,1071.62,656.44,84.93,274.20,0.6653,-1,-1,-1
403,72,1259.32,552.98,48.07,128.66,0.4627,-1,-1,-1
404,51,1295.15,767.57,114.82,312.34,0.7311,-1,-1,-1
404,67,1066.49,659.10,87.50,281.40,0.6719,-1,-1,-1
404,72,1249.69,548.68,48.50,130.44,0.4946,-1,-1,-1
404,75,1309.63,543.15,51.60,105.41,0.5546,-1,-1,-1
405,51,1277.72,778.21,114.45,302.52,0.6211,-1,-1,-1
405,67,1050.42,660.05,89.33,282.88,0.6306,-1,-1,-1
405,72,1238.16,546.55,49.06,133.73,0.4913,-1,-1,-1
405,75,1298.14,541.89,52.86,108.11,0.4409,-1,-1,-1
406,51,1244.81,781.99,119.53,298.08,0.5783,-1,-1,-1
406,67,1028.73,661.48,92.21,284.74,0.7466,-1,-1,-1
406,72,1228.08,547.25,47.58,130.28,0.6194,-1,-1,-1
406,75,1289.26,542.26,51.45,105.68,0.6222,-1,-1,-1
407,51,1219.73,781.69,125.99,298.33,0.6124,-1,-1,-1
407,67,1010.34,663.81,95.31,287.10,0.5516,-1,-1,-1
407,72,1216.22,543.67,49.65,137.23,0.5250,-1,-1,-1
407,75,1278.25,547.96,49.40,101.89,0.5674,-1,-1,-1
408,51,1212.37,790.51,125.73,288.76,0.5680,-1,-1,-1
408,67,997.85,666.62,96.63,288.74,0.6291,-1,-1,-1
408,72,1204.88,545.18,48.44,134.14,0.5756,-1,-1,-1
408,75,1265.34,544.40,50.18,104.22,0.6266,-1,-1,-1
409,51,1201.24,792.20,126.97,287.76,0.7034,-1,-1,-1
409,67,977.62,665.89,99.83,292.50,0.6843,-1,-1,-1
409,72,1192.99,543.23,49.35,137.49,0.5566,-1,-1,-1
409,75,1252.30,546.71,50.05,104.05,0.4834,-1,-1,-1
410,51,1191.64,804.91,122.35,275.52,0.5448,-1,-1,-1
410,67,954.59,668.07,101.97,294.62,0.7123,-1,-1,-1
410,72,1180.55,542.84,48.93,136.69,0.5670,-1,-1,-1
410,75,1239.38,543.23,51.03,106.51,0.5804,-1,-1,-1
411,51,1175.06,813.41,120.03,266.06,0.7395,-1,-1,-1
411,67,938.85,669.43,102.94,294.39,0.5429,-1,-1,-1
411,72,1167.42,540.78,49.74,140.08,0.3984,-1,-1,-1
411,75,1227.05,544.57,51.06,107.18,0.5125,-1,-1,-1
412,51,1159.31,823.03,116.79,255.19,0.7001,-1,-1,-1
412,67,917.32,667.71,107.98,300.64,0.6783,-1,-1,-1
412,72,1153.62,540.45,48.89,137.47,0.5159,-1,-1,-1
412,75,1213.08,540.84,51.90,110.31,0.5605,-1,-1,-1
413,51,1132.41,818.30,121.79,261.26,0.5990,-1,-1,-1
413,67,902.28,669.72,109.76,300.41,0.6617,-1,-1,-1
413,72,1138.37,541.41,48.73,138.16,0.4515,-1,-1,-1
413,75,1196.49,538.41,53.74,115.42,0.5652,-1,-1,-1
414,51,1118.83,824.83,119.41,254.96,0.6699,-1,-1,-1
414,67,873.47,671.46,110.73,302.34,0.7009,-1,-1,-1
414,72,1128.51,548.54,44.13,122.78,0.2786,-1,-1,-1
414,75,1182.10,538.48,53.50,115.48,0.6607,-1,-1,-1
415,51,1090.40,822.80,122.11,256.56,0.5640,-1,-1,-1
415,67,846.51,671.91,112.42,304.91,0.7164,-1,-1,-1
415,72,1112.06,545.58,46.65,130.12,0.4878,-1,-1,-1
415,75,1165.87,536.33,54.30,117.64,0.6300,-1,-1,-1
416,51,1073.18,827.52,119.86,250.16,0.6424,-1,-1,-1
416,67,816.93,672.62,113.16,307.80,0.7555,-1,-1,-1
416,72,1096.41,539.53,49.51,138.52,0.5354,-1,-1,-1
416,75,1148.84,535.70,54.29,118.14,0.5832,-1,-1,-1
417,51,1041.78,830.88,120.97,246.65,0.5396,-1,-1,-1
417,67,787.69,675.12,113.43,308.79,0.7305,-1,-1,-1
417,72,1083.89,539.25,47.54,132.27,0.4164,-1,-1,-1
417,75,1135.18,533.74,54.44,118.60,0.5394,-1,-1,-1
418,51,1023.14,834.09,120.49,245.17,0.6617,-1,-1,-1
418,67,757.33,675.99,114.24,311.41,0.7946,-1,-1,-1
418,72,1064.83,539.31,49.09,136.39,0.4723,-1,-1,-1
418,75,1119.52,531.95,54.73,118.73,0.7109,-1,-1,-1
419,51,1005.28,836.97,118.47,242.92,0.6642,-1,-1,-1
419,67,724.91,677.21,116.43,315.35,0.7998,-1,-1,-1
419,72,1049.90,539.29,48.52,134.05,0.4722,-1,-1,-1
419,75,1102.82,531.49,54.29,118.44,0.5704,-1,-1,-1
420,51,977.76,837.89,118.04,242.22,0.7122,-1,-1,-1
420,67,695.11,679.80,117.74,315.90,0.7663,-1,-1,-1
420,72,1034.83,533.46,49.27,135.67,0.4454,-1,-1,-1
420,75,1089.63,531.44,53.30,116.61,0.6099,-1,-1,-1
420,81,904.92,782.89,116.63,296.78,0.5563,-1,-1,-1
421,51,948.89,835.79,119.04,244.39,0.6582,-1,-1,-1
421,67,665.16,680.72,119.56,317.88,0.7828,-1,-1,-1
421,72,1014.60,535.47,50.42,138.31,0.5135,-1,-1,-1
421,75,1073.25,531.70,53.65,117.06,0.6503,-1,-1,-1
421,81,876.28,772.94,120.62,306.98,0.3359,-1,-1,-1
421,82,1755.28,578.20,69.91,201.74,0.6458,-1,-1,-1
422,51,920.40,843.34,116.16,236.78,0.7689,-1,-1,-1
422,67,635.35,679.78,124.24,325.56,0.8118,-1,-1,-1
422,72,994.65,529.47,52.73,142.84,0.5408,-1,-1,-1
422,75,1054.40,529.96,53.50,116.98,0.5809,-1,-1,-1
422,81,852.32,786.81,114.57,292.32,0.5146,-1,-1,-1
422,82,1739.65,579.79,70.38,202.74,0.2687,-1,-1,-1
423,51,889.35,848.63,114.69,231.51,0.7498,-1,-1,-1
423,67,606.84,682.59,125.19,325.33,0.7454,-1,-1,-1
423,72,974.74,528.21,52.42,141.20,0.5010,-1,-1,-1
423,75,1035.94,528.48,54.74,118.94,0.5553,-1,-1,-1
423,81,819.58,799.54,109.29,278.71,0.5460,-1,-1,-1
423,82,1721.01,578.87,70.55,203.54,0.5409,-1,-1,-1
423,85,1547.92,607.66,84.38,171.61,0.6357,-1,-1,-1
424,51,861.73,855.98,111.68,224.16,0.7108,-1,-1,-1
424,67,574.61,687.13,127.18,325.06,0.7655,-1,-1,-1
424,72,956.96,527.14,52.09,140.23,0.5569,-1,-1,-1
424,75,1017.57,528.71,54.64,117.50,0.5795,-1,-1,-1
424,81,791.29,813.29,104.61,266.16,0.4702,-1,-1,-1
424,82,1696.80,573.53,71.58,206.66,0.5572,-1,-1,-1
424,85,1534.17,609.74,83.31,170.13,0.6045,-1,-1,-1
425,51,829.27,861.90,109.84,218.23,0.7475,-1,-1,-1
425,67,535.12,687.26,130.97,329.61,0.7409,-1,-1,-1
425,72,936.93,526.10,52.90,142.00,0.4804,-1,-1,-1
425,75,997.26,527.95,56.02,120.67,0.5315,-1,-1,-1
425,81,755.46,806.50,107.01,272.31,0.5022,-1,-1,-1
425,82,1675.31,572.30,72.19,208.25,0.6590,-1,-1,-1
425,85,1515.86,609.40,82.53,169.54,0.6161,-1,-1,-1
426,51,797.49,867.49,108.14,212.63,0.7129,-1,-1,-1
426,67,489.96,691.74,130.83,329.67,0.6079,-1,-1,-1
426,72,917.84,523.18,54.14,145.22,0.5143,-1,-1,-1
426,75,978.15,527.47,56.39,121.46,0.5634,-1,-1,-1
426,81,721.06,815.57,103.46,264.02,0.3790,-1,-1,-1
426,82,1656.17,576.03,70.52,203.13,0.6675,-1,-1,-1
426,85,1499.54,609.91,80.59,167.07,0.5680,-1,-1,-1
427,51,763.98,873.12,106.68,206.97,0.4978,-1,-1,-1
427,67,458.77,696.10,137.12,333.68,0.6919,-1,-1,-1
427,72,898.71,525.86,52.86,140.83,0.4804,-1,-1,-1
427,75,958.46,529.59,56.05,121.23,0.5068,-1,-1,-1
427,81,700.52,896.89,74.98,183.00,0.2285,-1,-1,-1
427,82,1635.15,579.20,71.00,203.72,0.5684,-1,-1,-1
427,85,1482.14,608.48,81.46,170.39,0.5368,-1,-1,-1
428,51,729.94,883.70,102.83,195.96,0.5377,-1,-1,-1
428,67,425.65,699.42,143.31,339.99,0.5709,-1,-1,-1
428,72,874.12,527.52,54.23,142.21,0.5739,-1,-1,-1
428,75,938.50,529.79,57.09,123.76,0.5218,-1,-1,-1
428,81,669.77,946.46,58.35,131.76,0.3136,-1,-1,-1
428,82,1614.24,582.02,71.68,204.61,0.5805,-1,-1,-1
428,85,1463.93,607.98,81.64,172.62,0.4360,-1,-1,-1
429,51,695.07,892.56,99.83,186.82,0.6584,-1,-1,-1
429,67,390.42,703.18,135.42,323.04,0.4231,-1,-1,-1
429,72,855.47,530.18,52.50,137.70,0.4169,-1,-1,-1
429,75,918.19,530.24,57.39,125.30,0.4322,-1,-1,-1
429,82,1591.21,585.74,72.34,203.83,0.4165,-1,-1,-1
429,85,1447.05,609.30,83.65,178.62,0.4666,-1,-1,-1
430,51,653.34,903.07,97.82,176.39,0.6654,-1,-1,-1
430,67,342.94,707.62,141.84,331.51,0.7225,-1,-1,-1
430,72,833.94,530.76,53.66,136.74,0.3030,-1,-1,-1
430,75,895.49,530.61,58.01,126.55,0.3254,-1,-1,-1
430,82,1566.18,587.18,72.42,202.23,0.6546,-1,-1,-1
430,85,1430.66,611.13,85.36,184.49,0.6195,-1,-1,-1
431,51,620.94,914.20,92.77,164.94,0.5337,-1,-1,-1
431,67,305.28,712.47,140.63,329.34,0.5727,-1,-1,-1
431,72,808.81,539.21,53.97,134.70,0.4177,-1,-1,-1
431,75,872.77,533.48,59.37,129.10,0.2376,-1,-1,-1
431,82,1545.58,591.27,74.25,205.11,0.4342,-1,-1,-1
431,85,1410.58,614.94,84.37,183.76,0.4857,-1,-1,-1
432,51,582.78,925.07,88.50,154.44,0.6393,-1,-1,-1
432,67,258.79,716.03,148.79,344.67,0.3334,-1,-1,-1
432,72,788.07,538.17,55.16,134.85,0.2824,-1,-1,-1
432,82,1521.69,592.03,75.32,205.86,0.6079,-1,-1,-1
432,85,1397.63,617.90,82.90,181.19,0.4425,-1,-1,-1
433,51,541.67,936.45,84.80,143.41,0.6465,-1,-1,-1
433,67,220.14,724.13,144.38,331.56,0.5653,-1,-1,-1
433,72,763.36,539.40,56.34,137.00,0.4256,-1,-1,-1
433,82,1502.77,595.20,78.20,210.21,0.5110,-1,-1,-1
433,85,1380.56,624.45,82.43,180.29,0.3775,-1,-1,-1
434,51,499.39,947.58,80.11,130.49,0.6243,-1,-1,-1
434,67,155.66,728.68,142.28,337.85,0.6667,-1,-1,-1
434,72,742.06,539.08,56.09,135.47,0.3655,-1,-1,-1
434,82,1477.77,595.22,78.23,210.58,0.5548,-1,-1,-1
434,85,1362.63,625.92,83.92,182.71,0.5640,-1,-1,-1
434,89,300.44,878.23,202.44,201.77,0.7396,-1,-1,-1
435,51,452.10,959.95,76.83,118.98,0.6149,-1,-1,-1
435,67,102.58,734.23,139.51,341.26,0.6878,-1,-1,-1
435,72,721.71,541.87,55.94,133.21,0.3430,-1,-1,-1
435,82,1455.04,598.83,77.57,209.44,0.5305,-1,-1,-1
435,85,1344.04,629.11,83.35,181.55,0.5611,-1,-1,-1
435,89,268.32,886.68,193.70,193.32,0.7125,-1,-1,-1
436,51,402.50,968.32,75.74,111.38,0.5863,-1,-1,-1
436,67,50.53,736.25,137.16,343.08,0.7331,-1,-1,-1
436,72,697.06,542.44,56.24,133.93,0.4112,-1,-1,-1
436,82,1431.31,600.85,77.11,208.94,0.6337,-1,-1,-1
436,85,1326.04,631.39,83.81,181.77,0.6082,-1,-1,-1
436,89,228.39,893.20,186.25,186.80,0.7747,-1,-1,-1
437,51,348.52,977.50,71.78,101.34,0.5186,-1,-1,-1
437,67,5.74,739.45,136.56,342.21,0.7427,-1,-1,-1
437,72,676.50,547.52,56.08,132.23,0.3879,-1,-1,-1
437,82,1407.13,600.90,76.16,208.88,0.5367,-1,-1,-1
437,85,1305.20,633.06,84.66,182.65,0.6762,-1,-1,-1
437,89,181.51,903.00,175.93,177.00,0.7788,-1,-1,-1
437,94,1223.93,644.20,83.37,231.96,0.5713,-1,-1,-1
438,72,653.75,547.69,57.05,133.19,0.5398,-1,-1,-1
438,82,1382.90,598.37,75.22,208.52,0.6426,-1,-1,-1
438,85,1283.69,632.12,85.24,184.49,0.5937,-1,-1,-1
438,89,128.22,912.50,166.10,167.50,0.7475,-1,-1,-1
438,94,1205.28,644.28,84.74,236.41,0.5708,-1,-1,-1
439,72,630.52,548.43,57.93,134.51,0.4495,-1,-1,-1
439,82,1358.31,599.33,74.86,209.99,0.6038,-1,-1,-1
439,85,1262.49,632.68,84.07,183.56,0.5901,-1,-1,-1
439,89,71.71,921.18,157.35,158.82,0.7723,-1,-1,-1
439,94,1183.60,645.78,86.08,240.03,0.6069,-1,-1,-1
440,72,603.42,552.09,55.39,129.96,0.6291,-1,-1,-1
440,82,1334.20,600.54,74.12,209.32,0.6068,-1,-1,-1
440,85,1240.93,633.95,86.12,189.68,0.5398,-1,-1,-1
440,89,13.61,930.24,149.05,149.76,0.7367,-1,-1,-1
440,94,1159.22,653.27,86.21,239.55,0.6823,-1,-1,-1
441,72,579.49,549.43,56.13,132.57,0.5486,-1,-1,-1
441,82,1307.25,599.14,76.44,217.14,0.5838,-1,-1,-1
441,85,1219.15,633.84,86.90,194.66,0.5356,-1,-1,-1
441,89,-22.89,941.53,134.98,138.47,0.5768,-1,-1,-1
441,94,1135.97,656.76,86.84,239.82,0.7633,-1,-1,-1
442,72,554.85,550.16,54.95,130.73,0.5148,-1,-1,-1
442,82,1283.20,600.65,75.37,215.85,0.6021,-1,-1,-1
442,85,1200.71,636.54,85.37,194.54,0.5199,-1,-1,-1
442,94,1112.03,667.44,85.01,232.15,0.7685,-1,-1,-1
443,72,531.05,563.60,49.87,119.17,0.5181,-1,-1,-1
443,82,1256.04,602.50,76.37,219.95,0.5908,-1,-1,-1
443,85,1180.16,637.17,85.35,197.48,0.6805,-1,-1,-1
443,94,1091.29,674.24,84.82,227.50,0.7830,-1,-1,-1
444,72,504.69,566.54,48.77,117.28,0.5785,-1,-1,-1
444,82,1231.12,604.32,75.61,217.77,0.6595,-1,-1,-1
444,85,1159.07,638.77,84.29,197.44,0.7125,-1,-1,-1
444,94,1063.66,677.43,87.00,229.99,0.7156,-1,-1,-1
445,72,479.28,569.99,48.82,118.54,0.5718,-1,-1,-1
445,82,1202.21,602.89,76.28,222.38,0.6145,-1,-1,-1
445,85,1136.11,637.91,85.57,202.75,0.6517,-1,-1,-1
445,94,1034.79,678.45,88.89,233.29,0.7716,-1,-1,-1
446,72,453.63,571.01,48.77,118.76,0.5703,-1,-1,-1
446,82,1178.93,603.70,76.12,222.30,0.6725,-1,-1,-1
446,85,1114.17,639.59,84.37,202.48,0.6797,-1,-1,-1
446,94,1004.60,677.68,91.70,239.80,0.7731,-1,-1,-1
447,72,427.20,573.06,48.34,117.86,0.5537,-1,-1,-1
447,82,1152.97,602.14,76.25,223.87,0.6956,-1,-1,-1
447,85,1088.13,643.38,83.99,203.32,0.6838,-1,-1,-1
447,94,975.35,674.21,94.97,249.17,0.6443,-1,-1,-1
448,72,400.50,574.85,47.88,116.35,0.4287,-1,-1,-1
448,82,1124.40,604.03,74.64,221.41,0.6609,-1,-1,-1
448,85,1064.54,641.46,83.52,204.64,0.6316,-1,-1,-1
448,94,943.98,672.44,96.49,253.80,0.6803,-1,-1,-1
449,72,372.75,571.03,49.80,119.89,0.6233,-1,-1,-1
449,82,1095.63,605.80,73.25,220.45,0.5671,-1,-1,-1
449,85,1040.01,640.29,84.54,208.31,0.6347,-1,-1,-1
449,94,916.20,671.50,101.33,264.98,0.6900,-1,-1,-1
450,72,343.47,569.24,50.78,121.33,0.5482,-1,-1,-1
450,82,1067.41,606.59,71.97,220.36,0.4627,-1,-1,-1
450,85,1017.26,642.39,81.58,203.73,0.5218,-1,-1,-1
450,94,884.15,675.42,99.29,260.19,0.6482,-1,-1,-1
451,72,315.29,567.07,51.38,122.75,0.3531,-1,-1,-1
451,82,1035.34,607.34,73.09,227.87,0.3174,-1,-1,-1
451,85,990.78,637.50,85.48,213.26,0.5233,-1,-1,-1
451,94,848.62,681.55,100.80,267.03,0.7651,-1,-1,-1
451,100,1821.49,774.88,86.08,304.18,0.8403,-1,-1,-1
452,72,284.61,567.80,51.09,123.32,0.4944,-1,-1,-1
452,85,963.62,621.49,92.48,232.68,0.4461,-1,-1,-1
452,94,819.31,686.64,102.26,270.51,0.8028,-1,-1,-1
452,100,1806.43,774.38,87.09,303.49,0.8552,-1,-1,-1
453,72,254.11,569.35,51.38,123.95,0.3513,-1,-1,-1
453,85,939.64,618.62,93.85,237.14,0.5620,-1,-1,-1
453,94,789.44,692.03,102.20,269.28,0.7359,-1,-1,-1
453,100,1787.59,773.69,90.05,304.65,0.8486,-1,-1,-1
454,72,225.89,571.18,51.38,124.02,0.3434,-1,-1,-1
454,85,911.02,614.38,95.29,244.83,0.6746,-1,-1,-1
454,94,753.81,695.47,103.10,271.48,0.7776,-1,-1,-1
454,100,1760.19,771.71,94.37,307.53,0.8562,-1,-1,-1
455,85,883.45,616.20,94.95,247.76,0.7289,-1,-1,-1
455,94,717.68,698.92,103.56,273.83,0.7855,-1,-1,-1
455,100,1729.06,771.99,98.61,307.78,0.8522,-1,-1,-1
456,85,855.07,614.09,94.38,250.93,0.6915,-1,-1,-1
456,94,676.23,697.15,107.13,288.28,0.7836,-1,-1,-1
456,100,1693.77,767.90,104.47,311.37,0.8585,-1,-1,-1
457,85,824.61,619.72,94.04,251.50,0.5785,-1,-1,-1
457,94,636.49,696.90,110.36,303.28,0.7724,-1,-1,-1
457,100,1656.26,762.50,111.11,316.67,0.8523,-1,-1,-1
457,102,762.96,629.43,67.57,227.48,0.6259,-1,-1,-1
458,85,794.36,621.22,95.12,255.98,0.7011,-1,-1,-1
458,94,602.27,700.12,113.09,313.83,0.7407,-1,-1,-1
458,100,1619.01,760.41,116.90,318.38,0.8505,-1,-1,-1
459,85,770.59,657.54,84.40,223.89,0.4770,-1,-1,-1
459,94,562.09,703.55,114.94,322.41,0.7356,-1,-1,-1
459,100,1580.98,755.92,123.89,323.68,0.8501,-1,-1,-1
460,85,737.18,667.84,84.16,219.11,0.6046,-1,-1,-1
460,94,517.79,706.71,117.51,333.35,0.7363,-1,-1,-1
460,100,1543.41,756.51,128.82,323.25,0.8536,-1,-1,-1
461,85,703.14,649.98,91.89,242.31,0.6983,-1,-1,-1
461,94,473.27,720.11,116.60,332.50,0.7103,-1,-1,-1
461,100,1505.46,758.90,132.66,321.06,0.8650,-1,-1,-1
462,85,669.54,639.56,97.01,257.90,0.5897,-1,-1,-1
462,94,431.38,730.61,116.23,328.91,0.7561,-1,-1,-1
462,100,1470.20,769.46,133.35,310.57,0.8506,-1,-1,-1
463,85,638.78,645.46,98.56,259.36,0.7216,-1,-1,-1
463,94,388.89,738.70,117.67,329.91,0.7760,-1,-1,-1
463,100,1434.49,783.97,132.27,296.08,0.8484,-1,-1,-1
464,85,604.28,644.83,101.55,265.28,0.6788,-1,-1,-1
464,94,345.41,747.99,119.89,329.30,0.6682,-1,-1,-1
464,100,1399.99,798.41,131.25,281.65,0.8723,-1,-1,-1
465,85,566.66,646.94,103.84,268.33,0.7093,-1,-1,-1
465,94,299.96,750.46,124.50,331.66,0.7201,-1,-1,-1
465,100,1365.06,813.96,129.70,266.09,0.8570,-1,-1,-1
466,85,534.92,672.47,98.81,251.97,0.6715,-1,-1,-1
466,94,250.25,757.36,127.52,326.30,0.8047,-1,-1,-1
466,100,1330.19,826.58,129.18,253.46,0.8279,-1,-1,-1
467,85,498.39,681.09,100.08,251.33,0.6665,-1,-1,-1
467,94,198.31,763.19,130.44,320.68,0.8409,-1,-1,-1
467,100,1296.36,837.79,128.48,241.55,0.7982,-1,-1,-1
468,85,461.44,694.17,98.17,244.08,0.6072,-1,-1,-1
468,94,142.71,765.51,134.33,316.99,0.8535,-1,-1,-1
468,100,1261.96,848.56,128.15,231.23,0.8418,-1,-1,-1
469,85,421.64,697.52,100.20,245.77,0.5599,-1,-1,-1
469,94,84.54,773.00,136.76,308.74,0.8413,-1,-1,-1
469,100,1227.51,855.78,128.36,223.76,0.8575,-1,-1,-1
470,85,381.04,700.12,102.92,250.29,0.6654,-1,-1,-1
470,94,27.74,776.22,140.07,306.10,0.8446,-1,-1,-1
470,100,1191.00,856.95,131.74,222.90,0.8429,-1,-1,-1
471,85,342.84,700.40,105.04,254.62,0.6809,-1,-1,-1
471,94,-6.70,783.29,135.17,296.52,0.7705,-1,-1,-1
471,100,1151.61,855.38,136.11,224.33,0.8498,-1,-1,-1
472,85,302.12,700.14,106.31,257.10,0.6605,-1,-1,-1
472,100,1111.20,853.60,140.60,226.31,0.8265,-1,-1,-1
472,116,224.67,653.34,98.06,283.29,0.5766,-1,-1,-1
473,85,262.09,699.87,107.61,261.25,0.6884,-1,-1,-1
473,100,1070.77,852.76,144.49,227.23,0.8492,-1,-1,-1
474,85,220.58,703.45,106.67,261.02,0.6904,-1,-1,-1
474,100,1030.14,852.10,148.35,227.91,0.8506,-1,-1,-1
475,85,176.74,702.71,108.69,268.57,0.7061,-1,-1,-1
475,100,987.40,851.98,150.93,227.70,0.8340,-1,-1,-1
476,85,131.62,705.12,110.18,272.07,0.7537,-1,-1,-1
476,100,943.76,858.07,149.36,221.82,0.7549,-1,-1,-1
477,85,82.89,705.33,113.12,279.61,0.7139,-1,-1,-1
477,100,906.71,863.21,150.52,216.77,0.6596,-1,-1,-1
478,100,864.90,868.83,151.31,211.17,0.7550,-1,-1,-1
479,100,821.07,880.22,148.10,199.79,0.6749,-1,-1,-1
480,100,775.58,889.68,145.98,190.33,0.6641,-1,-1,-1
481,100,724.28,884.36,153.04,195.65,0.7855,-1,-1,-1
482,100,687.26,880.68,155.13,199.33,0.7740,-1,-1,-1
483,100,629.68,879.14,157.76,200.60,0.8150,-1,-1,-1
483,121,1800.80,657.15,90.27,235.32,0.7169,-1,-1,-1
484,100,574.50,877.74,160.24,201.72,0.8334,-1,-1,-1
484,121,1762.54,656.36,91.71,238.90,0.6563,-1,-1,-1
485,100,520.78,878.56,160.83,200.85,0.8323,-1,-1,-1
485,121,1716.91,658.15,90.77,236.47,0.6323,-1,-1,-1
486,100,468.35,880.06,160.26,198.42,0.8499,-1,-1,-1
486,121,1676.63,657.36,81.67,212.37,0.6008,-1,-1,-1
487,100,416.23,887.80,156.22,190.86,0.8558,-1,-1,-1
487,121,1634.78,659.05,78.78,204.31,0.3950,-1,-1,-1
488,100,365.11,898.83,150.21,180.13,0.8582,-1,-1,-1
488,121,1597.86,659.96,64.56,164.47,0.3911,-1,-1,-1
489,100,317.34,912.85,141.36,165.81,0.8446,-1,-1,-1
489,121,1558.60,660.85,57.70,144.76,0.3813,-1,-1,-1
490,100,269.17,926.40,132.80,152.51,0.8217,-1,-1,-1
490,121,1516.52,666.21,56.07,137.76,0.4473,-1,-1,-1
491,100,222.14,942.19,123.08,137.47,0.8067,-1,-1,-1
492,100,171.59,950.94,118.72,128.98,0.8023,-1,-1,-1
493,100,119.40,958.97,115.20,121.03,0.8063,-1,-1,-1
494,100,61.82,965.48,112.68,114.55,0.7974,-1,-1,-1
495,100,9.17,967.71,112.00,112.25,0.8044,-1,-1,-1
496,100,-28.31,968.65,106.03,111.35,0.5921,-1,-1,-1
497,130,1184.48,688.05,69.80,272.76,0.5613,-1,-1,-1
502,137,952.70,684.61,91.69,273.34,0.5907,-1,-1,-1
503,139,903.35,683.47,93.70,269.83,0.5855,-1,-1,-1
504,139,873.68,686.20,95.68,276.45,0.5895,-1,-1,-1
505,139,826.37,691.29,101.45,294.84,0.5897,-1,-1,-1
506,139,774.33,696.15,102.93,300.40,0.5742,-1,-1,-1
507,139,706.97,701.01,107.37,311.62,0.7070,-1,-1,-1
507,147,1826.30,654.23,61.82,181.62,0.7324,-1,-1,-1
508,139,650.13,709.10,111.95,323.52,0.7298,-1,-1,-1
509,139,598.29,716.03,112.26,324.14,0.7478,-1,-1,-1
510,139,547.83,723.12,113.77,330.02,0.6775,-1,-1,-1
511,139,496.49,732.21,113.48,330.49,0.7493,-1,-1,-1
512,139,435.91,742.43,113.43,324.51,0.7185,-1,-1,-1
513,139,380.79,748.70,116.33,330.75,0.7004,-1,-1,-1
513,163,1532.06,670.68,79.56,179.39,0.7515,-1,-1,-1
514,139,322.18,754.28,117.00,328.57,0.7653,-1,-1,-1
514,163,1556.93,671.69,85.68,193.54,0.6811,-1,-1,-1
515,139,268.67,760.14,116.18,323.53,0.6423,-1,-1,-1
515,163,1538.67,673.19,87.66,199.20,0.6556,-1,-1,-1
516,139,210.08,764.87,114.41,317.23,0.6314,-1,-1,-1
517,139,138.59,770.07,116.93,312.85,0.7484,-1,-1,-1
518,139,78.63,777.23,116.66,306.17,0.6764,-1,-1,-1
518,177,1837.12,731.78,68.41,274.56,0.6596,-1,-1,-1
519,139,19.35,784.34,117.10,298.69,0.8031,-1,-1,-1
519,177,1806.29,732.41,68.58,272.16,0.7417,-1,-1,-1
520,139,-19.49,790.94,111.42,290.93,0.3815,-1,-1,-1
520,177,1771.18,733.25,69.86,273.46,0.6000,-1,-1,-1
520,183,1294.23,675.71,87.73,188.10,0.7503,-1,-1,-1
521,177,1733.83,732.17,71.80,275.46,0.5823,-1,-1,-1
521,183,1264.32,680.64,85.95,184.16,0.7220,-1,-1,-1
522,183,1229.68,680.77,85.97,184.53,0.7214,-1,-1,-1
523,183,1195.63,684.39,84.15,181.16,0.7338,-1,-1,-1
523,177,1666.68,729.90,72.65,269.49,0.6681,-1,-1,-1
524,183,1163.62,686.92,84.87,183.76,0.7120,-1,-1,-1
524,177,1630.96,727.17,76.05,273.95,0.6904,-1,-1,-1
525,183,1128.25,682.94,87.57,191.72,0.6781,-1,-1,-1
525,177,1597.55,727.59,78.68,274.26,0.7929,-1,-1,-1
526,183,1094.46,685.20,87.82,194.56,0.7437,-1,-1,-1
526,177,1562.88,724.56,81.68,275.92,0.7743,-1,-1,-1
526,130,1186.71,678.13,62.35,220.35,0.7262,-1,-1,-1
527,183,1063.86,685.00,87.14,195.73,0.6847,-1,-1,-1
527,177,1529.61,723.37,83.45,274.05,0.5404,-1,-1,-1
527,130,1159.33,681.35,65.73,219.22,0.6788,-1,-1,-1
528,183,1030.21,685.96,88.18,200.96,0.7001,-1,-1,-1
528,177,1494.98,725.22,85.09,270.55,0.7012,-1,-1,-1
528,130,1128.51,684.21,69.59,221.52,0.7575,-1,-1,-1
529,183,996.75,687.50,89.65,207.19,0.7332,-1,-1,-1
529,177,1458.56,726.23,89.30,274.80,0.6300,-1,-1,-1
529,130,1088.86,687.47,75.05,225.62,0.7585,-1,-1,-1
530,183,963.56,694.70,89.40,209.22,0.6681,-1,-1,-1
530,177,1424.96,728.22,94.72,283.23,0.7402,-1,-1,-1
530,130,1051.88,690.54,79.30,228.44,0.6777,-1,-1,-1
531,183,931.58,698.77,87.69,207.32,0.6235,-1,-1,-1
531,177,1393.77,727.19,99.63,289.85,0.8186,-1,-1,-1
531,130,1016.06,695.81,83.27,230.02,0.7048,-1,-1,-1
532,183,896.54,702.21,89.11,211.48,0.6622,-1,-1,-1
532,177,1366.48,731.82,103.01,290.71,0.7074,-1,-1,-1
532,137,972.33,703.37,86.38,238.84,0.6898,-1,-1,-1
533,183,861.04,706.77,88.39,210.09,0.6868,-1,-1,-1
533,177,1333.50,734.89,104.43,292.50,0.7371,-1,-1,-1
533,137,951.22,702.76,89.38,241.06,0.7113,-1,-1,-1
534,183,830.49,706.12,88.84,212.41,0.6525,-1,-1,-1
534,177,1303.26,737.18,105.44,293.57,0.7134,-1,-1,-1
534,137,927.30,705.39,88.43,234.98,0.7623,-1,-1,-1
535,183,798.19,706.14,91.32,220.69,0.6753,-1,-1,-1
535,177,1276.06,739.08,106.15,294.32,0.7397,-1,-1,-1
535,137,894.28,707.20,90.31,240.88,0.7504,-1,-1,-1
536,183,763.90,706.54,92.09,226.53,0.6748,-1,-1,-1
536,177,1249.88,738.95,106.24,293.97,0.7714,-1,-1,-1
536,137,858.05,707.09,92.93,247.96,0.8328,-1,-1,-1
537,183,726.71,705.34,92.67,235.14,0.6373,-1,-1,-1
537,177,1221.86,735.50,107.03,297.02,0.6899,-1,-1,-1
537,137,825.03,709.45,92.80,250.88,0.7017,-1,-1,-1
538,183,692.24,708.51,90.07,234.38,0.5699,-1,-1,-1
538,177,1195.10,736.05,106.31,295.32,0.7854,-1,-1,-1
538,137,785.86,709.91,94.57,257.88,0.6956,-1,-1,-1
539,183,659.28,712.95,88.03,232.78,0.7135,-1,-1,-1
539,177,1169.61,735.53,106.74,296.63,0.7507,-1,-1,-1
539,137,750.11,713.12,96.67,265.79,0.7924,-1,-1,-1
540,183,621.25,716.83,90.55,239.08,0.6409,-1,-1,-1
540,177,1139.78,737.54,108.24,301.76,0.7527,-1,-1,-1
540,137,715.40,716.82,95.36,267.89,0.6594,-1,-1,-1
541,183,579.70,721.53,94.65,246.81,0.7054,-1,-1,-1
541,177,1110.56,740.57,107.99,302.53,0.7248,-1,-1,-1
541,137,678.35,722.54,97.79,273.72,0.6792,-1,-1,-1
542,183,538.10,724.80,98.22,249.74,0.6916,-1,-1,-1
542,177,1075.37,747.94,111.47,309.98,0.6385,-1,-1,-1
542,137,641.60,729.20,98.67,274.05,0.7086,-1,-1,-1
543,183,500.58,730.68,103.10,255.28,0.7036,-1,-1,-1
543,177,1050.02,751.73,110.90,308.02,0.7279,-1,-1,-1
543,137,603.93,734.97,100.86,279.95,0.7805,-1,-1,-1
544,183,463.47,742.49,107.54,259.51,0.7275,-1,-1,-1
544,177,1023.53,758.13,111.23,309.23,0.7078,-1,-1,-1
544,137,564.50,744.61,105.90,294.34,0.7094,-1,-1,-1
545,183,432.34,746.90,107.71,252.54,0.7177,-1,-1,-1
545,177,993.03,757.08,113.35,314.44,0.7429,-1,-1,-1
545,137,530.47,747.52,106.54,295.61,0.7580,-1,-1,-1
545,216,881.79,584.04,47.22,112.21,0.7019,-1,-1,-1
546,183,394.37,746.72,111.14,258.38,0.7419,-1,-1,-1
546,177,969.03,758.25,112.43,311.70,0.6962,-1,-1,-1
546,137,492.90,749.96,109.13,302.16,0.7641,-1,-1,-1
546,216,863.13,584.87,47.12,111.93,0.7117,-1,-1,-1
547,183,356.26,748.08,112.10,263.24,0.7221,-1,-1,-1
547,177,939.72,756.68,114.11,313.57,0.7430,-1,-1,-1
547,137,457.26,753.38,107.87,300.43,0.8201,-1,-1,-1
547,216,842.61,584.68,47.37,112.28,0.7231,-1,-1,-1
548,183,314.65,751.52,114.21,271.63,0.7353,-1,-1,-1
548,177,915.25,760.83,112.28,306.93,0.7661,-1,-1,-1
548,137,416.59,754.15,108.57,305.28,0.7994,-1,-1,-1
548,216,822.93,584.92,47.55,112.24,0.7540,-1,-1,-1
549,183,276.70,758.08,113.35,272.09,0.7636,-1,-1,-1
549,177,887.30,755.92,114.39,310.67,0.7787,-1,-1,-1
549,137,377.13,757.81,110.43,310.88,0.7929,-1,-1,-1
549,216,801.59,582.69,48.37,113.57,0.7152,-1,-1,-1
550,183,235.89,759.76,115.37,281.33,0.7295,-1,-1,-1
550,177,861.83,757.88,114.56,310.23,0.7359,-1,-1,-1
550,137,339.45,760.25,112.10,313.69,0.7551,-1,-1,-1
550,216,782.13,583.09,49.35,115.44,0.7179,-1,-1,-1
551,183,190.75,762.50,118.53,294.33,0.7373,-1,-1,-1
551,177,842.42,769.56,110.59,299.55,0.6297,-1,-1,-1
551,137,294.96,764.67,110.72,310.18,0.7216,-1,-1,-1
551,216,762.56,584.60,49.73,116.14,0.6976,-1,-1,-1
552,183,147.87,767.65,120.49,304.59,0.7001,-1,-1,-1
552,177,805.10,732.73,125.86,342.60,0.7287,-1,-1,-1
552,137,249.48,768.34,111.50,311.35,0.7923,-1,-1,-1
552,216,745.11,584.75,49.78,115.29,0.7548,-1,-1,-1
553,183,101.99,773.11,119.75,307.26,0.6908,-1,-1,-1
553,177,784.94,739.89,123.94,339.08,0.7113,-1,-1,-1
553,137,202.05,775.44,110.75,306.34,0.7404,-1,-1,-1
553,216,726.11,583.00,51.08,117.52,0.7023,-1,-1,-1
554,183,60.02,780.47,116.66,301.92,0.7074,-1,-1,-1
554,177,763.75,751.95,120.08,328.18,0.7556,-1,-1,-1
554,137,155.08,781.80,110.65,300.73,0.7760,-1,-1,-1
554,216,706.60,582.23,52.10,119.06,0.7030,-1,-1,-1
555,183,16.63,789.31,113.11,293.39,0.7460,-1,-1,-1
555,177,732.65,757.63,119.09,318.08,0.7079,-1,-1,-1
555,137,113.23,793.52,109.57,289.07,0.7608,-1,-1,-1
555,216,688.22,583.84,51.97,118.78,0.7197,-1,-1,-1
556,183,-17.82,796.90,106.98,286.51,0.6619,-1,-1,-1
556,177,706.95,761.66,115.94,304.61,0.7480,-1,-1,-1
556,137,65.39,803.39,107.75,278.53,0.7985,-1,-1,-1
556,216,669.59,581.67,52.81,120.40,0.7642,-1,-1,-1
557,177,683.39,764.89,118.50,310.69,0.7029,-1,-1,-1
557,137,16.06,813.97,105.78,267.25,0.8290,-1,-1,-1
557,216,651.00,579.70,53.07,121.16,0.7394,-1,-1,-1
558,177,656.24,764.79,119.32,310.96,0.7618,-1,-1,-1
558,137,-18.13,818.95,99.02,259.13,0.7041,-1,-1,-1
558,216,632.44,577.34,54.52,124.30,0.7543,-1,-1,-1
559,177,630.45,765.52,120.20,311.12,0.8014,-1,-1,-1
559,216,614.56,576.46,55.03,125.86,0.7402,-1,-1,-1
560,177,606.75,761.84,122.49,317.46,0.7897,-1,-1,-1
560,216,596.29,579.34,54.92,125.99,0.7687,-1,-1,-1
561,177,579.52,759.08,124.07,321.17,0.8302,-1,-1,-1
561,216,579.12,576.25,56.83,130.05,0.7432,-1,-1,-1
562,177,552.63,758.12,124.86,322.44,0.7910,-1,-1,-1
562,216,561.66,579.05,57.01,130.03,0.7126,-1,-1,-1
563,177,527.70,757.19,124.76,323.25,0.8606,-1,-1,-1
563,216,545.43,582.21,57.62,130.58,0.7619,-1,-1,-1
564,177,502.48,758.49,124.40,322.05,0.8213,-1,-1,-1
564,216,531.18,584.72,57.06,128.52,0.6852,-1,-1,-1
565,177,476.20,760.76,124.41,319.76,0.7228,-1,-1,-1
565,216,513.52,584.23,58.51,131.38,0.7130,-1,-1,-1
566,177,447.33,765.07,125.11,315.41,0.7204,-1,-1,-1
566,216,497.43,585.18,59.07,131.04,0.7682,-1,-1,-1
567,177,424.59,775.01,123.26,305.42,0.8360,-1,-1,-1
567,216,481.67,587.19,59.93,132.38,0.7736,-1,-1,-1
568,177,395.39,783.05,123.12,296.40,0.7893,-1,-1,-1
568,216,463.98,587.79,61.07,134.12,0.7324,-1,-1,-1
569,177,371.04,788.85,124.30,291.13,0.7920,-1,-1,-1
569,216,445.92,588.26,62.91,136.12,0.6936,-1,-1,-1
570,177,344.31,790.70,126.41,288.78,0.7940,-1,-1,-1
570,216,429.84,588.33,64.35,138.54,0.7265,-1,-1,-1
571,177,318.82,794.82,127.89,285.13,0.8198,-1,-1,-1
571,216,414.43,590.62,64.87,138.89,0.7143,-1,-1,-1
572,177,294.35,797.99,127.99,279.95,0.5803,-1,-1,-1
572,216,398.21,594.17,65.02,138.10,0.6666,-1,-1,-1
573,177,277.74,798.90,116.38,245.56,0.5702,-1,-1,-1
573,216,381.26,594.50,66.61,141.32,0.7177,-1,-1,-1
574,177,239.36,800.12,129.41,267.96,0.5452,-1,-1,-1
574,216,366.41,597.05,67.12,141.48,0.7035,-1,-1,-1
575,177,218.55,800.71,120.98,243.00,0.6271,-1,-1,-1
575,216,348.42,598.23,67.58,140.98,0.7110,-1,-1,-1
576,177,181.52,805.54,132.36,261.26,0.6876,-1,-1,-1
576,216,330.78,598.85,69.47,144.13,0.7444,-1,-1,-1
577,177,161.02,808.43,121.69,231.45,0.5247,-1,-1,-1
577,216,314.47,599.49,70.26,144.48,0.6863,-1,-1,-1
578,177,122.96,811.46,136.19,254.92,0.4188,-1,-1,-1
578,216,296.08,598.28,72.64,148.80,0.7532,-1,-1,-1
579,177,101.12,817.33,125.59,225.97,0.5873,-1,-1,-1
579,216,277.91,598.13,73.78,151.64,0.7547,-1,-1,-1
580,177,67.28,822.79,134.82,238.38,0.4698,-1,-1,-1
580,216,263.02,600.20,73.61,151.12,0.6791,-1,-1,-1
580,217,1811.11,591.05,57.23,178.06,0.6316,-1,-1,-1
581,177,27.59,828.44,142.11,245.38,0.7612,-1,-1,-1
581,216,244.98,597.80,76.17,156.93,0.7598,-1,-1,-1
581,217,1805.68,590.69,58.15,180.78,0.4665,-1,-1,-1
582,177,4.35,833.33,143.38,245.26,0.8052,-1,-1,-1
582,216,228.24,598.58,76.25,158.10,0.7674,-1,-1,-1
582,217,1798.67,589.78,59.31,183.96,0.5945,-1,-1,-1
583,177,-9.32,836.46,138.31,237.54,0.6360,-1,-1,-1
583,216,211.33,599.46,77.41,159.97,0.7498,-1,-1,-1
583,217,1794.36,601.92,56.09,172.68,0.5122,-1,-1,-1
584,177,-22.79,836.90,134.97,238.25,0.7331,-1,-1,-1
584,216,194.44,598.85,80.08,165.78,0.7859,-1,-1,-1
584,217,1789.22,613.54,53.15,161.90,0.4758,-1,-1,-1
585,177,-33.23,843.25,127.17,234.83,0.7108,-1,-1,-1
585,216,181.00,600.47,81.71,170.75,0.8116,-1,-1,-1
585,217,1783.57,609.75,54.43,164.15,0.3028,-1,-1,-1
586,216,165.97,603.79,81.49,170.57,0.7214,-1,-1,-1
586,217,1777.15,594.05,59.22,178.16,0.3877,-1,-1,-1
587,216,153.75,606.76,81.74,170.79,0.7767,-1,-1,-1
587,217,1774.01,591.73,55.83,168.01,0.3613,-1,-1,-1
588,216,139.91,609.02,82.89,173.40,0.7847,-1,-1,-1
588,217,1772.59,587.33,54.87,164.64,0.4648,-1,-1,-1
589,216,126.49,611.99,83.50,174.12,0.7695,-1,-1,-1
589,217,1768.42,584.09,54.43,163.03,0.5746,-1,-1,-1
590,216,112.97,613.71,84.97,177.15,0.7595,-1,-1,-1
590,217,1765.96,581.82,56.33,168.35,0.6648,-1,-1,-1
591,216,97.72,614.34,85.75,179.42,0.7861,-1,-1,-1
591,217,1765.49,581.32,57.00,169.25,0.7537,-1,-1,-1
592,216,84.82,617.42,85.14,177.62,0.7911,-1,-1,-1
592,217,1765.30,579.21,57.14,168.14,0.7304,-1,-1,-1
593,216,70.48,617.71,86.95,181.76,0.7662,-1,-1,-1
593,217,1764.99,581.03,57.63,168.24,0.7709,-1,-1,-1
594,216,56.66,620.22,88.63,184.36,0.7570,-1,-1,-1
594,217,1763.61,580.00,59.44,171.46,0.7166,-1,-1,-1
595,216,42.42,621.04,90.03,187.91,0.7899,-1,-1,-1
595,217,1758.86,580.74,62.72,175.68,0.7265,-1,-1,-1
596,216,28.68,624.68,90.81,189.54,0.7927,-1,-1,-1
596,217,1757.07,580.60,65.17,177.39,0.7314,-1,-1,-1
596,220,321.34,536.09,41.89,97.38,0.5001,-1,-1,-1
597,216,14.41,626.43,92.01,192.20,0.7592,-1,-1,-1
597,217,1760.56,585.02,65.00,173.20,0.7490,-1,-1,-1
597,220,315.00,532.57,44.42,103.43,0.6776,-1,-1,-1
598,216,2.59,634.26,92.80,192.64,0.7893,-1,-1,-1
598,217,1764.23,585.54,65.91,171.52,0.7624,-1,-1,-1
598,220,309.72,535.14,45.11,105.24,0.5368,-1,-1,-1
599,216,-6.17,638.17,92.15,193.20,0.7891,-1,-1,-1
599,217,1768.69,583.86,67.79,172.88,0.7711,-1,-1,-1
599,220,307.87,540.76,43.13,100.65,0.4999,-1,-1,-1
600,216,-11.72,645.48,90.00,192.26,0.7799,-1,-1,-1
600,217,1770.20,582.33,70.19,176.17,0.7863,-1,-1,-1
600,220,304.81,544.28,42.46,98.83,0.4885,-1,-1,-1
601,216,-16.80,649.57,87.39,192.71,0.7083,-1,-1,-1
601,217,1775.12,580.61,71.17,178.40,0.7812,-1,-1,-1
601,220,300.04,541.17,44.51,103.22,0.4744,-1,-1,-1
602,216,-19.24,659.32,80.90,185.48,0.5066,-1,-1,-1
602,217,1780.37,577.67,71.77,181.49,0.7095,-1,-1,-1
602,220,295.50,538.16,46.85,108.34,0.4391,-1,-1,-1
603,217,1784.42,578.61,71.20,182.28,0.6268,-1,-1,-1
603,220,289.48,527.42,51.87,120.78,0.5474,-1,-1,-1
604,217,1790.75,575.63,70.61,186.20,0.4708,-1,-1,-1
604,220,288.84,539.83,47.43,109.77,0.6029,-1,-1,-1
605,217,1799.30,579.91,67.56,183.77,0.5077,-1,-1,-1
605,220,283.68,523.46,53.98,125.72,0.4654,-1,-1,-1
605,222,1239.14,518.86,30.18,88.21,0.6176,-1,-1,-1
606,217,1803.31,581.23,67.16,187.64,0.1582,-1,-1,-1
606,220,281.52,528.67,52.06,121.15,0.5507,-1,-1,-1
606,222,1241.04,515.48,30.93,90.59,0.6178,-1,-1,-1
607,220,280.55,538.09,48.85,112.77,0.5706,-1,-1,-1
607,222,1243.00,514.84,31.14,91.36,0.6150,-1,-1,-1
608,220,278.55,541.12,47.27,108.52,0.6193,-1,-1,-1
608,222,1246.04,516.18,30.90,90.75,0.3060,-1,-1,-1
609,220,277.91,545.66,44.71,101.47,0.4792,-1,-1,-1
609,222,1250.29,517.75,30.73,90.09,0.5396,-1,-1,-1
610,220,273.32,530.38,50.24,114.63,0.5592,-1,-1,-1
610,222,1253.08,517.74,31.31,91.47,0.4888,-1,-1,-1
611,220,268.77,516.49,55.30,127.56,0.5753,-1,-1,-1
611,222,1254.49,516.41,32.51,95.62,0.4312,-1,-1,-1
612,220,264.18,507.44,58.38,136.83,0.6360,-1,-1,-1
612,222,1258.10,519.25,31.95,94.37,0.4564,-1,-1,-1
613,220,260.33,500.06,60.63,143.69,0.6913,-1,-1,-1
613,222,1262.02,521.92,31.34,92.88,0.5646,-1,-1,-1
613,217,1822.81,595.47,62.51,179.96,0.5440,-1,-1,-1
614,220,257.38,497.87,61.10,146.29,0.7440,-1,-1,-1
614,222,1265.35,523.61,30.75,91.33,0.6228,-1,-1,-1
614,217,1831.05,596.53,64.24,185.99,0.5612,-1,-1,-1
615,220,254.29,496.52,60.97,148.06,0.7414,-1,-1,-1
615,222,1267.52,524.53,30.64,91.06,0.6181,-1,-1,-1
615,217,1836.46,600.27,66.00,192.72,0.5264,-1,-1,-1
616,220,251.10,497.91,59.54,146.99,0.6220,-1,-1,-1
616,222,1269.42,526.76,31.38,93.45,0.6311,-1,-1,-1
616,217,1843.16,603.61,65.07,192.68,0.5740,-1,-1,-1
617,220,249.67,499.28,58.03,144.95,0.6404,-1,-1,-1
617,222,1271.99,528.09,32.00,95.71,0.5778,-1,-1,-1
617,217,1847.37,609.89,63.32,191.14,0.5703,-1,-1,-1
618,220,246.83,501.53,56.78,143.51,0.6320,-1,-1,-1
618,222,1274.99,530.66,32.22,96.27,0.5516,-1,-1,-1
618,217,1853.14,611.02,64.84,196.04,0.6583,-1,-1,-1
619,220,244.88,504.26,55.88,142.76,0.6440,-1,-1,-1
619,222,1277.17,532.14,32.40,96.18,0.6064,-1,-1,-1
619,217,1857.39,610.07,65.72,201.92,0.6308,-1,-1,-1
620,220,243.00,505.32,55.43,142.98,0.5914,-1,-1,-1
620,222,1278.42,532.85,33.48,98.40,0.6343,-1,-1,-1
620,217,1861.79,610.45,65.26,206.17,0.6596,-1,-1,-1
621,220,240.49,502.28,56.33,147.22,0.6208,-1,-1,-1
621,222,1282.27,531.25,34.61,101.98,0.6010,-1,-1,-1
621,217,1867.06,610.62,63.05,206.94,0.5315,-1,-1,-1
622,220,237.90,501.52,56.05,148.34,0.6677,-1,-1,-1
622,222,1285.64,530.94,35.16,105.13,0.5723,-1,-1,-1
622,217,1871.62,611.44,59.22,201.98,0.6152,-1,-1,-1
623,220,234.44,499.77,57.17,153.77,0.6355,-1,-1,-1
623,222,1291.28,529.27,34.89,104.52,0.6336,-1,-1,-1
624,220,232.99,499.31,56.37,153.86,0.6684,-1,-1,-1
624,222,1295.57,530.37,35.31,105.52,0.6205,-1,-1,-1
625,220,232.78,507.94,54.09,148.92,0.6586,-1,-1,-1
625,222,1300.65,534.70,34.84,103.69,0.6305,-1,-1,-1
626,220,233.97,517.83,50.42,138.48,0.6771,-1,-1,-1
626,222,1306.52,532.34,36.77,107.70,0.5579,-1,-1,-1
627,220,234.60,532.03,47.20,129.03,0.6340,-1,-1,-1
627,222,1312.21,530.86,37.42,109.48,0.6456,-1,-1,-1
628,220,235.43,537.70,45.93,124.53,0.6432,-1,-1,-1
628,222,1318.19,531.65,37.32,108.69,0.6345,-1,-1,-1
629,220,235.78,550.03,43.93,117.87,0.7031,-1,-1,-1
629,222,1324.31,531.03,37.09,107.13,0.7121,-1,-1,-1
630,220,236.17,551.22,44.51,118.56,0.6719,-1,-1,-1
630,222,1331.85,530.72,37.81,107.59,0.6756,-1,-1,-1
631,220,237.98,552.85,44.85,117.46,0.6441,-1,-1,-1
631,222,1339.11,529.40,38.37,109.30,0.6768,-1,-1,-1
632,220,239.74,554.26,45.87,118.48,0.6210,-1,-1,-1
632,222,1346.49,530.77,38.50,108.92,0.7130,-1,-1,-1
633,220,240.63,552.39,47.92,122.18,0.6106,-1,-1,-1
633,222,1354.71,534.58,38.98,108.89,0.6612,-1,-1,-1
634,220,240.47,553.12,48.83,124.29,0.6024,-1,-1,-1
634,222,1363.09,536.37,38.81,107.97,0.6408,-1,-1,-1
635,220,241.86,550.55,50.22,127.29,0.5528,-1,-1,-1
635,222,1369.45,533.11,41.80,115.81,0.7256,-1,-1,-1
636,220,243.08,550.35,50.90,129.01,0.5862,-1,-1,-1
636,222,1377.72,537.47,41.41,114.33,0.6075,-1,-1,-1
637,220,243.99,543.23,54.27,137.99,0.5289,-1,-1,-1
637,222,1387.20,538.23,41.66,115.42,0.4785,-1,-1,-1
638,220,244.11,536.36,57.23,146.76,0.6139,-1,-1,-1
638,222,1395.95,538.47,43.31,120.13,0.6070,-1,-1,-1
639,220,246.13,536.79,57.68,148.78,0.6490,-1,-1,-1
639,222,1408.40,547.57,40.92,114.47,0.4549,-1,-1,-1
640,220,247.57,535.66,58.27,152.08,0.6530,-1,-1,-1
640,222,1418.40,552.48,39.36,109.48,0.3659,-1,-1,-1
641,220,250.77,537.54,57.76,152.18,0.6612,-1,-1,-1
641,222,1429.45,553.53,38.25,106.43,0.5201,-1,-1,-1
642,220,253.47,535.62,58.16,154.95,0.5652,-1,-1,-1
642,222,1441.16,558.13,38.16,105.91,0.5633,-1,-1,-1
643,220,254.91,532.05,59.32,160.60,0.5512,-1,-1,-1
643,222,1454.09,561.74,35.79,98.88,0.3614,-1,-1,-1
644,220,256.84,530.17,59.00,162.95,0.4257,-1,-1,-1
644,222,1463.85,561.39,40.16,111.51,0.2458,-1,-1,-1
645,220,264.61,557.35,50.12,137.46,0.3864,-1,-1,-1
645,222,1480.09,564.12,32.02,86.09,0.4170,-1,-1,-1
646,220,270.61,568.69,46.93,128.30,0.4150,-1,-1,-1
646,222,1494.06,564.47,29.25,74.66,0.4664,-1,-1,-1
647,220,270.13,546.66,53.69,150.46,0.4653,-1,-1,-1
647,222,1507.06,568.60,28.13,69.38,0.2958,-1,-1,-1
648,220,276.82,558.61,49.53,138.66,0.5231,-1,-1,-1
648,222,1518.80,570.19,29.64,70.25,0.1562,-1,-1,-1
649,220,278.89,542.76,52.53,149.57,0.4946,-1,-1,-1
650,220,281.55,535.20,54.94,158.51,0.5944,-1,-1,-1
651,220,286.91,531.67,56.32,164.38,0.4297,-1,-1,-1
652,220,297.08,545.92,48.58,141.10,0.5726,-1,-1,-1
653,220,305.94,553.98,45.38,132.26,0.3338,-1,-1,-1
654,220,310.26,556.01,45.52,133.95,0.5726,-1,-1,-1
655,220,313.77,531.11,51.86,156.36,0.4948,-1,-1,-1
656,220,321.15,531.62,53.31,163.44,0.5397,-1,-1,-1
657,220,329.04,531.26,54.39,169.65,0.5522,-1,-1,-1
658,220,343.24,560.53,46.83,145.08,0.3955,-1,-1,-1
659,220,350.53,581.22,44.95,136.49,0.3635,-1,-1,-1
660,220,359.09,588.46,43.79,131.83,0.4932,-1,-1,-1
661,220,363.18,592.05,44.49,131.78,0.5643,-1,-1,-1
662,220,370.41,596.56,44.08,127.23,0.5369,-1,-1,-1
663,220,380.26,599.72,42.77,121.88,0.5337,-1,-1,-1
664,220,386.75,595.74,44.63,124.15,0.6056,-1,-1,-1
665,220,394.64,597.88,44.39,119.61,0.4862,-1,-1,-1
666,220,401.96,595.36,46.34,119.63,0.6451,-1,-1,-1
667,220,407.42,589.88,50.86,124.94,0.5625,-1,-1,-1
668,220,411.82,584.70,57.31,133.34,0.6019,-1,-1,-1
669,220,420.53,578.10,63.19,138.99,0.4362,-1,-1,-1
670,220,429.07,573.66,67.87,142.10,0.6281,-1,-1,-1
671,220,438.48,570.04,71.48,144.43,0.5777,-1,-1,-1
672,220,448.61,568.76,73.22,143.54,0.2275,-1,-1,-1
700,232,854.14,583.66,97.23,159.45,0.5890,-1,-1,-1
701,232,875.19,589.28,95.94,157.50,0.4995,-1,-1,-1
702,232,908.69,597.97,92.96,153.96,0.5882,-1,-1,-1
703,232,934.20,604.18,91.40,153.42,0.5385,-1,-1,-1
704,232,948.90,611.18,90.93,154.04,0.6487,-1,-1,-1
704,234,555.90,508.10,32.50,91.29,0.5848,-1,-1,-1
705,232,966.64,613.88,90.24,155.02,0.6481,-1,-1,-1
705,234,557.32,508.10,33.55,93.86,0.5363,-1,-1,-1
706,232,980.92,616.63,91.29,158.05,0.7584,-1,-1,-1
706,234,561.51,510.15,33.40,93.40,0.6112,-1,-1,-1
707,232,993.07,616.10,95.33,165.77,0.7428,-1,-1,-1
707,234,563.92,512.43,34.00,95.21,0.6614,-1,-1,-1
708,232,1001.50,617.11,99.20,171.23,0.6749,-1,-1,-1
708,234,566.43,516.51,34.17,95.88,0.6888,-1,-1,-1
709,232,1012.04,612.94,104.41,177.52,0.7638,-1,-1,-1
709,234,568.37,519.55,34.89,98.04,0.6430,-1,-1,-1
710,232,1025.64,619.87,107.27,179.67,0.7749,-1,-1,-1
710,234,574.23,527.75,33.09,92.63,0.6406,-1,-1,-1
711,232,1048.65,620.94,107.39,178.46,0.7115,-1,-1,-1
711,234,576.80,532.99,32.26,89.80,0.5304,-1,-1,-1
712,232,1069.94,630.26,107.29,178.29,0.4791,-1,-1,-1
712,234,578.06,535.59,33.35,92.22,0.7176,-1,-1,-1
713,232,1104.83,632.13,101.38,172.63,0.5798,-1,-1,-1
713,234,578.17,536.14,34.25,94.11,0.7374,-1,-1,-1
714,232,1126.41,636.20,100.41,171.05,0.7378,-1,-1,-1
714,234,580.10,541.48,35.64,97.79,0.6549,-1,-1,-1
715,232,1141.02,636.53,101.53,173.28,0.7458,-1,-1,-1
715,234,580.70,541.16,37.08,101.50,0.5900,-1,-1,-1
716,232,1155.84,633.98,104.10,177.94,0.7685,-1,-1,-1
716,234,581.98,544.05,37.17,101.55,0.5082,-1,-1,-1
717,232,1171.92,631.44,106.75,183.08,0.7814,-1,-1,-1
717,234,581.75,545.59,37.58,101.98,0.5573,-1,-1,-1
718,232,1188.08,627.57,111.70,192.24,0.7914,-1,-1,-1
718,234,584.55,551.51,36.36,98.81,0.4840,-1,-1,-1
719,232,1208.26,631.37,112.47,193.81,0.6614,-1,-1,-1
719,234,585.61,549.48,36.93,100.01,0.5357,-1,-1,-1
720,232,1228.13,632.26,114.60,197.52,0.6722,-1,-1,-1
720,234,586.53,551.82,37.69,101.58,0.5677,-1,-1,-1
721,232,1255.76,635.58,104.72,180.89,0.4776,-1,-1,-1
721,234,588.90,552.46,38.44,102.82,0.4917,-1,-1,-1
722,232,1280.72,644.79,108.94,192.87,0.4730,-1,-1,-1
722,234,591.83,554.08,38.36,102.76,0.5359,-1,-1,-1
723,232,1305.40,653.38,109.03,194.13,0.4489,-1,-1,-1
723,234,593.82,552.41,39.17,104.92,0.3704,-1,-1,-1
724,232,1334.76,661.19,108.40,196.37,0.5493,-1,-1,-1
724,234,594.73,560.05,38.66,103.81,0.4854,-1,-1,-1
725,232,1360.16,663.83,110.06,203.00,0.7110,-1,-1,-1
725,234,595.18,564.85,38.61,103.99,0.5704,-1,-1,-1
726,232,1380.27,671.06,111.96,207.59,0.6205,-1,-1,-1
726,234,596.86,566.29,38.36,103.51,0.5740,-1,-1,-1
727,232,1416.99,672.66,97.88,184.90,0.4053,-1,-1,-1
727,234,598.47,569.62,39.53,105.96,0.7157,-1,-1,-1
728,232,1422.02,679.92,112.03,209.24,0.5809,-1,-1,-1
728,234,599.51,570.02,39.96,106.19,0.6730,-1,-1,-1
729,232,1439.59,681.16,118.91,218.58,0.7229,-1,-1,-1
729,234,599.75,568.02,41.32,109.16,0.6383,-1,-1,-1
730,234,601.13,569.87,42.34,111.00,0.5672,-1,-1,-1
731,234,601.93,566.88,44.10,114.79,0.6681,-1,-1,-1
732,234,603.02,566.09,44.93,116.55,0.6755,-1,-1,-1
733,234,603.74,567.83,44.91,116.04,0.6498,-1,-1,-1
733,232,1568.91,705.14,119.18,226.73,0.7023,-1,-1,-1
734,234,603.06,562.96,46.57,120.32,0.6868,-1,-1,-1
734,232,1591.30,708.10,120.14,229.81,0.6282,-1,-1,-1
735,234,603.24,563.14,47.15,121.81,0.6949,-1,-1,-1
735,232,1612.96,706.87,121.96,232.72,0.7440,-1,-1,-1
736,234,605.75,561.03,47.08,122.15,0.6750,-1,-1,-1
736,232,1633.22,706.48,128.49,243.87,0.7153,-1,-1,-1
737,234,606.97,561.69,47.06,122.33,0.6583,-1,-1,-1
737,232,1656.80,698.88,135.01,257.35,0.7946,-1,-1,-1
738,234,607.57,562.60,47.42,122.99,0.6592,-1,-1,-1
738,232,1685.52,705.51,137.76,262.45,0.7550,-1,-1,-1
739,234,608.43,564.46,47.92,123.73,0.6565,-1,-1,-1
739,232,1718.25,717.17,138.99,261.21,0.7533,-1,-1,-1
740,234,608.81,566.46,48.10,123.84,0.6848,-1,-1,-1
740,232,1748.51,733.32,136.47,254.11,0.7467,-1,-1,-1
741,234,608.96,568.44,48.35,124.23,0.6776,-1,-1,-1
741,232,1778.70,732.35,140.30,262.75,0.5823,-1,-1,-1
742,234,609.39,569.93,48.15,123.88,0.6456,-1,-1,-1
742,232,1809.36,748.82,132.94,258.10,0.4329,-1,-1,-1
743,234,608.86,571.50,49.02,125.31,0.6304,-1,-1,-1
744,234,607.37,572.14,49.78,126.97,0.6298,-1,-1,-1
745,234,606.10,573.37,50.62,128.62,0.6668,-1,-1,-1
746,234,604.27,574.19,51.22,130.28,0.6264,-1,-1,-1
747,234,603.54,575.05,51.89,132.30,0.6540,-1,-1,-1
747,238,844.54,524.74,23.62,64.14,0.5042,-1,-1,-1
748,234,602.97,575.57,52.18,133.30,0.6735,-1,-1,-1
748,238,846.56,527.92,22.47,60.96,0.2886,-1,-1,-1
749,234,602.91,577.19,51.79,132.36,0.6752,-1,-1,-1
749,238,846.99,528.46,22.26,60.41,0.3381,-1,-1,-1
750,234,602.56,579.42,51.24,130.78,0.6234,-1,-1,-1
750,238,848.66,529.35,21.19,57.34,0.3364,-1,-1,-1
