1,1,1338.47,417.89,163.02,358.62,0.8095,-1,-1,-1
1,2,584.16,443.37,91.76,264.69,0.7629,-1,-1,-1
1,3,440.00,445.86,112.19,273.44,0.6764,-1,-1,-1
1,4,1455.17,432.63,141.40,332.67,0.6424,-1,-1,-1
1,5,730.90,456.70,35.97,111.43,0.5624,-1,-1,-1
1,6,916.81,431.52,59.63,154.79,0.3896,-1,-1,-1
2,1,1342.76,417.61,160.34,359.16,0.8314,-1,-1,-1
2,2,584.51,442.90,92.31,264.21,0.7656,-1,-1,-1
2,3,437.67,445.27,116.77,274.29,0.6899,-1,-1,-1
2,4,1452.15,436.83,146.66,331.77,0.6727,-1,-1,-1
2,5,731.46,457.26,36.31,110.30,0.5322,-1,-1,-1
2,6,916.37,432.16,60.17,154.64,0.4003,-1,-1,-1
3,1,1343.63,423.30,175.80,365.91,0.8356,-1,-1,-1
3,2,584.48,443.04,93.54,263.67,0.7562,-1,-1,-1
3,3,437.25,443.74,117.90,276.36,0.6980,-1,-1,-1
3,4,1466.12,441.56,138.80,327.11,0.7328,-1,-1,-1
3,5,731.30,460.19,36.82,106.79,0.5313,-1,-1,-1
3,6,915.95,432.67,60.92,153.93,0.4037,-1,-1,-1
4,1,1348.57,421.72,179.32,375.84,0.8242,-1,-1,-1
4,2,584.44,443.81,93.18,264.27,0.7672,-1,-1,-1
4,3,437.91,442.72,119.83,276.92,0.7438,-1,-1,-1
4,4,1478.42,434.60,126.14,333.28,0.7308,-1,-1,-1
4,5,732.04,459.12,36.84,109.30,0.5184,-1,-1,-1
4,6,916.38,432.05,61.00,154.18,0.4203,-1,-1,-1
5,1,1351.71,419.43,178.44,385.11,0.8483,-1,-1,-1
5,2,584.71,444.02,93.11,264.05,0.7657,-1,-1,-1
5,3,442.12,443.48,119.54,274.48,0.6900,-1,-1,-1
5,4,1485.91,429.52,116.05,338.50,0.7408,-1,-1,-1
5,5,732.66,458.99,35.90,109.30,0.5187,-1,-1,-1
5,6,916.01,431.28,61.40,154.52,0.4092,-1,-1,-1
6,1,1357.99,418.59,174.38,388.36,0.8473,-1,-1,-1
6,2,584.12,443.50,92.55,266.94,0.7617,-1,-1,-1
6,3,448.59,443.77,117.58,274.39,0.6954,-1,-1,-1
6,4,1494.99,426.51,107.80,342.00,0.7240,-1,-1,-1
6,5,733.35,457.55,34.53,110.25,0.5345,-1,-1,-1
6,6,915.73,430.52,62.09,155.99,0.4205,-1,-1,-1
7,1,1368.03,419.01,160.36,385.26,0.8560,-1,-1,-1
7,2,584.46,443.01,91.76,268.10,0.7673,-1,-1,-1
7,3,447.28,444.59,120.00,274.32,0.7309,-1,-1,-1
7,4,1500.63,430.35,102.38,339.33,0.7684,-1,-1,-1
7,5,733.51,457.83,33.89,109.93,0.5487,-1,-1,-1
7,6,914.96,430.63,61.94,155.88,0.3742,-1,-1,-1
8,1,1385.37,415.32,142.27,386.74,0.8056,-1,-1,-1
8,2,584.70,442.95,91.83,267.36,0.7825,-1,-1,-1
8,3,448.66,444.10,119.52,274.57,0.7471,-1,-1,-1
8,4,1505.56,422.72,98.90,347.94,0.7696,-1,-1,-1
8,5,733.48,457.15,34.27,109.70,0.5418,-1,-1,-1
8,6,914.71,428.49,61.43,157.95,0.3848,-1,-1,-1
9,1,1400.68,409.62,130.09,392.08,0.7453,-1,-1,-1
9,2,585.13,442.65,90.88,268.12,0.7794,-1,-1,-1
9,3,454.79,444.16,114.63,274.30,0.7433,-1,-1,-1
9,4,1512.01,422.01,94.56,347.94,0.7483,-1,-1,-1
9,5,733.11,457.01,35.08,111.01,0.5348,-1,-1,-1
9,6,915.17,430.27,60.09,157.31,0.1723,-1,-1,-1
10,1,1416.26,413.49,120.40,382.66,0.7916,-1,-1,-1
10,2,585.35,442.78,91.41,268.21,0.7821,-1,-1,-1
10,3,457.14,443.87,114.12,274.38,0.7182,-1,-1,-1
10,4,1507.41,418.07,109.00,355.34,0.6694,-1,-1,-1
10,5,732.78,457.45,35.89,109.80,0.5201,-1,-1,-1
10,6,914.99,429.99,61.62,156.06,0.1747,-1,-1,-1
11,1,1426.75,412.57,119.32,385.77,0.7691,-1,-1,-1
11,2,585.90,442.83,91.17,267.07,0.7704,-1,-1,-1
11,3,455.63,442.75,115.23,275.87,0.6898,-1,-1,-1
11,4,1525.75,418.81,97.86,350.62,0.7955,-1,-1,-1
11,5,732.58,458.50,37.09,110.60,0.5665,-1,-1,-1
11,6,914.70,429.43,61.77,156.04,0.2060,-1,-1,-1
12,1,1438.36,409.13,117.19,388.33,0.7275,-1,-1,-1
12,2,585.72,442.27,91.73,266.94,0.7669,-1,-1,-1
12,3,451.59,442.23,119.28,276.29,0.6679,-1,-1,-1
12,4,1537.12,418.82,94.19,353.09,0.7732,-1,-1,-1
12,5,731.64,456.74,38.09,112.96,0.6051,-1,-1,-1
12,6,915.14,429.36,60.56,155.94,0.2018,-1,-1,-1
13,1,1446.24,411.83,121.77,386.84,0.7020,-1,-1,-1
13,2,585.37,442.03,92.48,267.29,0.7540,-1,-1,-1
13,3,446.83,442.89,123.52,276.35,0.7043,-1,-1,-1
13,4,1540.11,420.21,104.26,357.62,0.7514,-1,-1,-1
13,5,730.76,456.28,38.76,117.04,0.5824,-1,-1,-1
13,6,915.67,429.38,59.77,156.13,0.2537,-1,-1,-1
14,1,1453.65,410.21,128.38,387.40,0.5771,-1,-1,-1
14,2,584.34,442.17,93.99,267.99,0.7502,-1,-1,-1
14,3,447.04,441.99,122.03,280.39,0.6396,-1,-1,-1
14,4,1538.74,416.59,130.65,370.02,0.6145,-1,-1,-1
14,5,730.24,456.43,39.44,118.49,0.5507,-1,-1,-1
14,6,915.57,429.63,59.94,155.54,0.1864,-1,-1,-1
15,1,1461.69,415.44,108.43,382.09,0.4907,-1,-1,-1
15,2,583.99,442.42,93.22,269.26,0.7699,-1,-1,-1
15,3,446.43,442.83,120.94,282.09,0.6580,-1,-1,-1
15,4,1539.19,421.83,160.14,373.44,0.5959,-1,-1,-1
15,5,730.36,453.29,39.88,123.62,0.6070,-1,-1,-1
15,6,915.83,427.63,59.70,158.29,0.3097,-1,-1,-1
16,1,1464.02,422.11,106.02,377.30,0.4014,-1,-1,-1
16,2,583.63,443.68,92.95,267.46,0.7683,-1,-1,-1
16,3,445.87,442.66,117.79,283.49,0.6513,-1,-1,-1
16,4,1547.76,421.12,176.61,381.47,0.6742,-1,-1,-1
16,5,730.82,453.83,38.23,123.19,0.4912,-1,-1,-1
16,6,916.56,426.17,59.21,159.87,0.2326,-1,-1,-1
17,1,1459.16,420.88,130.49,381.44,0.3627,-1,-1,-1
17,2,583.36,445.38,93.01,267.32,0.7651,-1,-1,-1
17,3,446.19,442.68,116.12,284.57,0.6590,-1,-1,-1
17,4,1556.50,421.02,186.37,385.24,0.7725,-1,-1,-1
17,5,729.60,454.80,37.60,121.53,0.4492,-1,-1,-1
18,1,1459.41,420.77,181.46,388.48,0.6837,-1,-1,-1
18,2,583.57,445.04,93.02,268.36,0.7900,-1,-1,-1
18,3,448.03,442.92,114.07,284.71,0.7160,-1,-1,-1
18,4,1570.57,426.24,181.74,383.25,0.7104,-1,-1,-1
18,5,728.35,456.78,37.62,119.10,0.4404,-1,-1,-1
19,1,1460.58,414.76,173.92,390.49,0.4634,-1,-1,-1
19,2,584.19,445.11,94.19,269.28,0.7678,-1,-1,-1
19,3,450.17,444.55,112.75,284.62,0.7091,-1,-1,-1
19,4,1566.72,451.84,191.07,361.88,0.6830,-1,-1,-1
19,5,726.66,458.72,38.63,117.20,0.4068,-1,-1,-1
19,10,1254.69,435.92,35.24,108.07,0.4018,-1,-1,-1
20,1,1461.79,411.57,170.21,394.42,0.3684,-1,-1,-1
20,2,584.52,445.76,97.94,267.63,0.7784,-1,-1,-1
20,3,451.46,448.57,113.96,279.96,0.7094,-1,-1,-1
20,4,1587.29,457.09,186.33,349.73,0.6332,-1,-1,-1
20,5,725.54,455.29,39.73,119.39,0.4104,-1,-1,-1
20,10,1254.67,436.43,35.20,107.08,0.3272,-1,-1,-1
21,1,1462.11,412.46,225.12,403.63,0.7292,-1,-1,-1
21,2,584.77,444.49,101.32,269.09,0.7905,-1,-1,-1
21,3,452.42,448.07,112.85,279.30,0.6967,-1,-1,-1
21,4,1612.17,455.32,157.66,349.03,0.6555,-1,-1,-1
21,5,726.02,453.40,39.69,121.83,0.3837,-1,-1,-1
21,10,1252.93,439.34,35.45,102.00,0.3349,-1,-1,-1
22,1,1463.03,411.90,230.46,405.76,0.5303,-1,-1,-1
22,2,584.77,444.11,103.21,269.12,0.7777,-1,-1,-1
22,3,454.18,447.18,112.78,280.39,0.5980,-1,-1,-1
22,4,1627.28,436.55,152.28,364.52,0.7015,-1,-1,-1
22,5,723.11,458.49,42.82,114.81,0.3669,-1,-1,-1
22,10,1253.70,438.02,40.12,107.26,0.3677,-1,-1,-1
23,1,1469.32,411.59,201.03,395.14,0.4805,-1,-1,-1
23,2,583.90,443.83,105.30,269.02,0.7762,-1,-1,-1
23,3,461.36,446.36,109.94,281.49,0.6874,-1,-1,-1
23,4,1633.97,427.07,131.94,374.45,0.6267,-1,-1,-1
23,5,720.66,463.80,46.59,107.16,0.3626,-1,-1,-1
23,10,1251.88,440.20,38.48,103.29,0.3379,-1,-1,-1
24,1,1476.81,408.03,215.94,408.48,0.7033,-1,-1,-1
24,2,584.37,443.82,105.43,268.56,0.7548,-1,-1,-1
24,3,466.99,445.37,109.41,284.98,0.6838,-1,-1,-1
24,4,1644.15,421.23,123.09,378.28,0.6255,-1,-1,-1
24,5,721.17,461.86,48.42,107.96,0.4306,-1,-1,-1
24,10,1253.23,438.25,41.25,107.28,0.2964,-1,-1,-1
25,1,1485.01,406.76,216.61,411.70,0.6345,-1,-1,-1
25,2,585.07,443.72,105.18,268.72,0.7430,-1,-1,-1
25,3,467.31,444.74,111.17,288.29,0.6336,-1,-1,-1
25,4,1655.84,417.19,122.29,384.66,0.6674,-1,-1,-1
25,5,720.08,462.84,49.40,104.77,0.4015,-1,-1,-1
25,10,1251.26,441.32,37.03,101.90,0.3041,-1,-1,-1
26,1,1493.76,408.61,232.82,411.24,0.5971,-1,-1,-1
26,2,586.23,444.07,103.15,268.70,0.7239,-1,-1,-1
26,3,467.95,442.02,112.30,293.45,0.6587,-1,-1,-1
26,4,1662.63,419.51,115.16,381.94,0.6618,-1,-1,-1
26,5,719.81,463.28,50.29,104.27,0.4401,-1,-1,-1
26,10,1250.86,442.11,35.40,99.57,0.3017,-1,-1,-1
27,1,1508.75,410.33,223.85,411.78,0.5634,-1,-1,-1
27,2,587.88,443.58,100.80,269.92,0.7291,-1,-1,-1
27,3,469.24,443.48,112.17,290.51,0.6227,-1,-1,-1
27,4,1674.25,414.34,112.45,384.12,0.6652,-1,-1,-1
27,5,720.33,458.59,46.81,109.02,0.3563,-1,-1,-1
27,10,1250.85,442.29,34.52,98.38,0.2496,-1,-1,-1
28,1,1528.76,404.95,191.44,423.00,0.5830,-1,-1,-1
28,2,591.52,443.40,98.45,270.65,0.7386,-1,-1,-1
28,3,471.77,441.98,110.91,292.68,0.6026,-1,-1,-1
28,4,1682.87,411.13,114.26,385.19,0.6571,-1,-1,-1
28,5,720.53,460.50,48.61,107.84,0.3627,-1,-1,-1
28,10,1251.09,443.62,31.62,96.52,0.2582,-1,-1,-1
29,1,1547.16,396.62,170.85,432.75,0.7039,-1,-1,-1
29,2,593.72,443.53,97.29,270.67,0.7305,-1,-1,-1
29,3,474.26,442.05,110.06,292.10,0.5854,-1,-1,-1
29,4,1684.71,418.82,128.16,381.56,0.7148,-1,-1,-1
29,5,720.73,460.36,50.12,110.82,0.3506,-1,-1,-1
29,10,1251.07,443.91,30.47,97.08,0.2250,-1,-1,-1
29,11,1426.90,436.13,54.43,122.01,0.5404,-1,-1,-1
30,1,1573.87,391.92,153.02,437.38,0.7468,-1,-1,-1
30,2,595.20,443.48,97.13,271.24,0.7479,-1,-1,-1
30,3,476.45,442.16,109.45,292.15,0.6444,-1,-1,-1
30,4,1680.17,426.36,152.85,374.58,0.6401,-1,-1,-1
30,5,721.84,458.65,46.67,113.96,0.3649,-1,-1,-1
30,10,1251.13,443.00,30.56,98.75,0.1990,-1,-1,-1
30,11,1432.21,433.19,49.29,124.56,0.5946,-1,-1,-1
31,1,1593.73,390.68,157.88,437.63,0.7353,-1,-1,-1
31,2,597.91,443.18,95.56,272.12,0.7512,-1,-1,-1
31,3,477.03,443.15,111.10,288.66,0.6516,-1,-1,-1
31,4,1694.77,418.85,182.59,387.25,0.6602,-1,-1,-1
31,5,721.70,457.55,45.03,117.83,0.4385,-1,-1,-1
31,10,1250.61,442.43,32.31,99.68,0.2235,-1,-1,-1
31,11,1440.82,430.33,43.43,127.30,0.5748,-1,-1,-1
32,1,1605.69,393.87,164.16,441.34,0.7905,-1,-1,-1
32,2,599.78,443.07,94.94,272.78,0.7618,-1,-1,-1
32,3,478.55,444.25,110.58,288.71,0.6387,-1,-1,-1
32,4,1715.52,417.87,184.88,389.60,0.7327,-1,-1,-1
32,5,721.25,458.67,43.04,119.31,0.4237,-1,-1,-1
32,10,1250.62,441.71,32.18,100.37,0.1955,-1,-1,-1
32,11,1446.78,430.69,39.99,126.59,0.5311,-1,-1,-1
33,1,1611.82,394.25,172.29,450.34,0.8078,-1,-1,-1
33,2,601.21,443.88,94.71,271.68,0.7664,-1,-1,-1
33,3,479.58,444.07,110.00,292.86,0.7040,-1,-1,-1
33,4,1730.93,414.38,185.28,396.81,0.6494,-1,-1,-1
33,5,720.11,458.80,42.60,119.05,0.3716,-1,-1,-1
33,10,1250.48,441.51,33.06,101.65,0.2670,-1,-1,-1
33,11,1450.70,431.14,39.22,126.24,0.5779,-1,-1,-1
33,12,1079.69,451.71,54.14,144.17,0.3803,-1,-1,-1
34,1,1615.52,394.33,182.84,448.29,0.8033,-1,-1,-1
34,2,604.26,443.47,91.99,271.86,0.7622,-1,-1,-1
34,3,479.57,443.98,110.42,298.48,0.7297,-1,-1,-1
34,4,1742.40,447.10,181.08,369.00,0.3180,-1,-1,-1
34,5,718.15,457.13,42.42,120.68,0.3642,-1,-1,-1
34,10,1249.85,440.30,33.73,103.20,0.2925,-1,-1,-1
34,11,1454.58,430.84,39.41,126.58,0.6021,-1,-1,-1
34,12,1079.13,447.42,54.16,148.00,0.2638,-1,-1,-1
35,1,1621.31,393.22,195.06,454.29,0.8494,-1,-1,-1
35,2,605.51,443.92,91.43,271.22,0.7724,-1,-1,-1
35,3,478.69,443.89,111.23,300.15,0.7407,-1,-1,-1
35,4,1758.34,431.09,166.06,394.60,0.4123,-1,-1,-1
35,5,718.63,458.38,41.22,119.48,0.3459,-1,-1,-1
35,10,1249.85,439.20,33.06,104.12,0.2466,-1,-1,-1
35,11,1456.47,431.75,38.93,124.96,0.5707,-1,-1,-1
35,12,1078.48,449.91,52.70,145.96,0.2970,-1,-1,-1
36,1,1628.30,394.69,212.20,466.11,0.8185,-1,-1,-1
36,2,607.02,444.21,90.34,270.67,0.7726,-1,-1,-1
36,3,477.47,443.96,112.65,302.05,0.7073,-1,-1,-1
36,4,1765.60,420.09,158.17,403.22,0.5501,-1,-1,-1
36,5,716.55,457.04,42.75,120.08,0.3119,-1,-1,-1
36,10,1250.02,438.07,33.24,105.70,0.2604,-1,-1,-1
36,11,1457.55,432.69,40.96,124.80,0.5763,-1,-1,-1
36,12,1078.71,450.04,51.85,145.91,0.3281,-1,-1,-1
37,1,1633.37,396.53,243.21,471.69,0.7921,-1,-1,-1
37,2,608.48,444.77,89.96,270.11,0.7700,-1,-1,-1
37,3,477.36,444.48,112.63,296.99,0.6662,-1,-1,-1
37,4,1774.44,419.96,148.94,401.84,0.6045,-1,-1,-1
37,5,716.56,454.58,42.86,122.98,0.3138,-1,-1,-1
37,10,1250.22,439.54,31.77,103.32,0.2018,-1,-1,-1
37,11,1460.98,433.11,42.19,125.30,0.5477,-1,-1,-1
37,12,1081.11,450.54,49.43,145.35,0.1797,-1,-1,-1
38,1,1634.49,400.64,252.96,473.66,0.8538,-1,-1,-1
38,2,608.97,444.22,90.34,271.03,0.7670,-1,-1,-1
38,3,477.56,444.68,113.92,291.44,0.6848,-1,-1,-1
38,4,1789.75,426.47,133.04,393.10,0.2762,-1,-1,-1
38,5,713.75,453.14,44.81,128.54,0.3082,-1,-1,-1
38,10,1254.20,433.44,37.24,111.02,0.3235,-1,-1,-1
38,11,1463.03,432.29,43.45,126.02,0.6035,-1,-1,-1
38,12,1083.36,453.34,47.91,142.36,0.1873,-1,-1,-1
39,1,1635.19,403.09,261.76,473.22,0.8708,-1,-1,-1
39,2,609.26,443.39,91.74,272.13,0.7798,-1,-1,-1
39,3,478.03,444.56,114.29,293.45,0.7066,-1,-1,-1
39,4,1808.87,429.32,112.60,380.67,0.5203,-1,-1,-1
39,5,715.64,452.70,43.41,126.70,0.2408,-1,-1,-1
39,10,1255.71,431.41,39.50,113.82,0.4197,-1,-1,-1
39,11,1464.36,431.91,44.96,125.77,0.5844,-1,-1,-1
39,12,1082.52,452.90,49.53,142.37,0.2789,-1,-1,-1
40,1,1635.38,404.11,270.56,474.26,0.8622,-1,-1,-1
40,2,610.00,443.64,91.70,272.31,0.7746,-1,-1,-1
40,3,477.32,445.54,116.27,295.04,0.6820,-1,-1,-1
40,4,1819.17,424.68,102.83,387.10,0.5963,-1,-1,-1
40,10,1256.25,431.49,39.27,114.13,0.4414,-1,-1,-1
40,11,1466.10,432.82,46.67,124.12,0.5647,-1,-1,-1
40,12,1083.48,453.17,48.00,142.08,0.1900,-1,-1,-1
41,1,1639.28,401.83,280.40,482.12,0.8654,-1,-1,-1
41,2,612.04,443.58,91.77,272.67,0.7917,-1,-1,-1
41,3,478.71,446.87,114.47,295.05,0.6835,-1,-1,-1
41,4,1831.27,405.39,90.55,410.07,0.6854,-1,-1,-1
41,10,1256.54,430.55,39.88,115.22,0.4800,-1,-1,-1
41,11,1466.19,433.99,50.21,121.72,0.5078,-1,-1,-1
41,12,1082.95,454.85,47.82,140.92,0.1926,-1,-1,-1
42,1,1644.53,401.29,276.91,480.69,0.8417,-1,-1,-1
42,2,613.67,443.01,90.65,272.30,0.7992,-1,-1,-1
42,3,476.18,447.35,117.36,301.00,0.6607,-1,-1,-1
42,4,1841.99,395.16,79.29,422.52,0.6497,-1,-1,-1
42,10,1256.65,429.93,40.59,115.81,0.4900,-1,-1,-1
42,11,1467.83,434.51,50.70,121.05,0.5557,-1,-1,-1
42,12,1082.49,455.11,49.48,140.80,0.3299,-1,-1,-1
43,1,1653.73,402.89,269.18,480.91,0.8502,-1,-1,-1
43,2,615.28,443.34,89.95,271.82,0.7886,-1,-1,-1
43,3,470.08,446.09,121.87,306.45,0.6246,-1,-1,-1
43,4,1852.09,393.47,68.71,425.85,0.5920,-1,-1,-1
43,10,1256.92,427.15,42.00,118.40,0.4709,-1,-1,-1
43,11,1469.62,433.55,51.58,121.75,0.5797,-1,-1,-1
43,12,1083.06,451.48,49.30,145.91,0.2818,-1,-1,-1
44,1,1664.85,396.15,255.66,485.22,0.8459,-1,-1,-1
44,2,615.60,443.57,90.59,271.41,0.7991,-1,-1,-1
44,3,468.95,446.12,123.80,312.20,0.6487,-1,-1,-1
44,4,1863.61,410.08,56.75,405.78,0.4906,-1,-1,-1
44,10,1256.94,426.69,42.06,118.97,0.4574,-1,-1,-1
44,11,1472.62,434.90,50.11,120.65,0.5325,-1,-1,-1
44,12,1082.85,450.55,49.52,147.56,0.3549,-1,-1,-1
45,1,1684.64,394.15,232.51,485.23,0.7947,-1,-1,-1
45,2,616.57,443.10,90.95,271.53,0.7779,-1,-1,-1
45,3,467.98,444.23,123.68,314.78,0.6359,-1,-1,-1
45,4,1870.45,420.26,49.60,395.08,0.3519,-1,-1,-1
45,10,1257.61,425.88,42.19,119.69,0.4567,-1,-1,-1
45,11,1477.77,433.98,44.45,121.28,0.4935,-1,-1,-1
45,12,1081.83,449.55,50.57,148.67,0.3828,-1,-1,-1
45,5,699.56,454.33,55.53,200.78,0.3509,-1,-1,-1
46,1,1708.40,392.24,211.85,487.47,0.6312,-1,-1,-1
46,2,617.20,442.37,93.09,272.40,0.7589,-1,-1,-1
46,3,466.41,444.77,125.94,318.03,0.6339,-1,-1,-1
46,4,1877.80,401.94,42.06,427.86,0.3967,-1,-1,-1
46,10,1258.25,424.20,42.34,121.40,0.4614,-1,-1,-1
46,11,1483.51,434.97,37.77,119.88,0.5211,-1,-1,-1
46,12,1081.58,449.00,50.49,148.26,0.3027,-1,-1,-1
46,5,696.67,451.82,58.23,209.37,0.2507,-1,-1,-1
47,1,1757.69,387.14,162.05,493.72,0.7064,-1,-1,-1
47,2,617.18,441.73,93.12,272.77,0.7760,-1,-1,-1
47,3,464.72,444.43,127.63,320.14,0.6300,-1,-1,-1
47,10,1258.67,423.93,43.04,121.37,0.4921,-1,-1,-1
47,11,1488.23,432.57,34.34,120.72,0.5146,-1,-1,-1
47,12,1080.61,449.84,51.31,146.77,0.2801,-1,-1,-1
47,5,696.05,454.04,57.99,209.34,0.5480,-1,-1,-1
48,1,1775.43,386.06,145.09,492.08,0.7902,-1,-1,-1
48,2,618.44,441.26,93.56,272.60,0.7453,-1,-1,-1
48,3,468.23,443.92,123.50,319.40,0.6484,-1,-1,-1
48,10,1259.08,425.93,41.51,119.26,0.4475,-1,-1,-1
48,11,1494.96,437.01,31.13,116.16,0.2997,-1,-1,-1
48,12,1080.13,453.11,51.97,143.08,0.2937,-1,-1,-1
48,5,697.05,453.47,61.32,210.68,0.3836,-1,-1,-1
49,1,1795.75,385.22,125.39,492.87,0.8010,-1,-1,-1
49,2,619.40,441.65,94.22,272.19,0.7552,-1,-1,-1
49,3,470.63,444.21,120.57,318.48,0.6380,-1,-1,-1
49,10,1259.28,431.74,40.84,114.76,0.4597,-1,-1,-1
49,12,1079.75,458.11,52.07,137.73,0.2699,-1,-1,-1
49,5,697.56,454.47,63.30,210.43,0.4397,-1,-1,-1
50,1,1810.35,385.16,111.08,496.60,0.8414,-1,-1,-1
50,2,618.65,441.67,97.68,272.28,0.7557,-1,-1,-1
50,3,465.81,443.77,124.16,317.09,0.6203,-1,-1,-1
50,10,1259.60,436.24,39.61,110.73,0.4418,-1,-1,-1
50,12,1079.26,453.78,52.98,141.92,0.2752,-1,-1,-1
50,5,700.73,452.23,64.18,212.87,0.3783,-1,-1,-1
50,11,1499.41,437.25,37.56,118.47,0.3538,-1,-1,-1
51,1,1818.86,383.90,101.65,498.81,0.8291,-1,-1,-1
51,2,618.76,441.50,99.43,272.37,0.7624,-1,-1,-1
51,3,455.90,443.45,133.68,315.53,0.6073,-1,-1,-1
51,10,1259.72,435.45,39.52,111.63,0.4811,-1,-1,-1
51,12,1078.40,453.46,54.20,141.95,0.2877,-1,-1,-1
51,5,701.20,456.04,65.98,209.29,0.3363,-1,-1,-1
51,13,582.18,439.56,50.10,145.37,0.3437,-1,-1,-1
51,11,1500.88,438.17,41.22,116.89,0.4209,-1,-1,-1
52,1,1826.98,385.08,92.96,495.79,0.8111,-1,-1,-1
52,2,619.75,442.30,99.17,271.65,0.7494,-1,-1,-1
52,3,463.41,444.44,127.26,315.22,0.6584,-1,-1,-1
52,10,1259.67,433.29,38.71,112.89,0.4706,-1,-1,-1
52,12,1079.44,452.99,53.13,142.17,0.3607,-1,-1,-1
52,5,701.29,456.50,68.60,208.74,0.3023,-1,-1,-1
52,13,587.33,444.04,46.71,140.40,0.3519,-1,-1,-1
52,11,1501.68,437.20,45.14,118.23,0.4082,-1,-1,-1
53,1,1829.21,383.93,90.76,499.90,0.7788,-1,-1,-1
53,2,620.78,443.18,97.41,270.47,0.7481,-1,-1,-1
53,3,463.73,445.77,127.59,313.05,0.6521,-1,-1,-1
53,10,1259.51,431.22,40.12,114.79,0.5282,-1,-1,-1
53,12,1081.19,451.91,51.73,142.62,0.2599,-1,-1,-1
53,5,696.02,455.24,70.13,209.08,0.4770,-1,-1,-1
53,13,590.65,448.69,44.49,135.76,0.3014,-1,-1,-1
53,11,1501.31,434.48,50.63,120.68,0.3680,-1,-1,-1
53,14,1523.69,434.38,37.14,117.82,0.3649,-1,-1,-1
54,1,1825.92,388.59,94.42,497.81,0.7339,-1,-1,-1
54,2,622.83,442.75,96.50,271.82,0.7380,-1,-1,-1
54,3,466.58,445.89,125.36,313.98,0.6936,-1,-1,-1
54,10,1259.49,430.57,40.21,115.05,0.5064,-1,-1,-1
54,12,1081.83,453.82,50.51,140.43,0.2679,-1,-1,-1
54,5,693.99,453.53,77.22,210.35,0.3704,-1,-1,-1
54,13,589.83,448.52,45.50,135.92,0.2940,-1,-1,-1
54,11,1501.30,440.54,52.36,114.48,0.2750,-1,-1,-1
54,14,1526.66,441.32,35.49,111.84,0.4725,-1,-1,-1
55,1,1825.73,411.07,94.73,476.59,0.7186,-1,-1,-1
55,2,623.55,442.21,93.60,272.69,0.7447,-1,-1,-1
55,3,469.24,445.29,122.23,315.04,0.7047,-1,-1,-1
55,10,1259.65,429.77,40.31,116.10,0.5005,-1,-1,-1
55,12,1082.03,454.20,50.04,139.99,0.2881,-1,-1,-1
55,5,692.93,455.12,76.62,208.93,0.3834,-1,-1,-1
55,13,587.49,449.16,47.57,134.99,0.3504,-1,-1,-1
55,11,1500.71,438.52,53.14,115.58,0.3276,-1,-1,-1
55,14,1529.57,438.28,36.59,114.44,0.4744,-1,-1,-1
56,1,1827.26,428.92,92.76,458.66,0.5924,-1,-1,-1
56,2,623.81,441.67,92.79,273.32,0.7331,-1,-1,-1
56,3,471.55,445.42,119.84,314.42,0.7119,-1,-1,-1
56,10,1259.91,427.23,40.52,118.35,0.5104,-1,-1,-1
56,12,1082.27,455.12,50.09,139.39,0.3270,-1,-1,-1
56,5,694.21,455.69,71.07,208.01,0.4715,-1,-1,-1
56,13,585.77,447.00,49.31,136.79,0.3656,-1,-1,-1
56,11,1500.23,440.27,48.45,112.91,0.2923,-1,-1,-1
56,14,1531.62,441.39,35.09,111.13,0.4984,-1,-1,-1
57,1,1829.64,407.71,90.19,479.80,0.3800,-1,-1,-1
57,2,623.92,442.31,91.25,272.97,0.7315,-1,-1,-1
57,3,470.92,446.68,120.89,313.11,0.6681,-1,-1,-1
57,10,1260.20,430.57,40.01,114.67,0.5177,-1,-1,-1
57,12,1083.09,455.87,49.15,138.54,0.2472,-1,-1,-1
57,5,694.34,455.57,70.00,210.11,0.5815,-1,-1,-1
57,13,583.99,443.06,48.74,141.66,0.4217,-1,-1,-1
57,11,1500.80,440.11,45.97,111.69,0.1555,-1,-1,-1
57,14,1533.46,438.57,35.22,113.54,0.4886,-1,-1,-1
58,1,1831.36,429.34,88.44,457.68,0.3331,-1,-1,-1
58,2,625.51,443.33,92.58,271.83,0.7338,-1,-1,-1
58,3,473.18,445.77,119.30,312.58,0.6646,-1,-1,-1
58,10,1260.54,432.21,40.46,113.14,0.5226,-1,-1,-1
58,12,1084.33,460.22,47.72,133.88,0.2561,-1,-1,-1
58,5,694.95,465.45,68.91,203.03,0.2254,-1,-1,-1
58,13,583.07,445.97,48.21,139.04,0.3951,-1,-1,-1
58,14,1534.25,436.31,34.10,115.88,0.4182,-1,-1,-1
59,1,1833.82,504.08,85.91,382.11,0.2093,-1,-1,-1
59,2,626.32,443.04,92.62,271.97,0.7173,-1,-1,-1
59,3,474.57,443.96,119.48,315.66,0.7115,-1,-1,-1
59,10,1260.30,432.59,42.21,112.68,0.5377,-1,-1,-1
59,12,1084.93,466.62,46.57,127.19,0.2037,-1,-1,-1
59,5,696.26,461.91,69.42,209.46,0.4743,-1,-1,-1
59,13,583.79,448.48,49.03,135.59,0.3645,-1,-1,-1
59,14,1536.75,434.71,32.93,118.29,0.3590,-1,-1,-1
60,1,1839.68,435.31,80.13,449.42,0.1652,-1,-1,-1
60,2,625.84,443.15,92.92,274.04,0.7131,-1,-1,-1
60,3,473.56,442.16,125.04,318.31,0.7237,-1,-1,-1
60,10,1260.03,434.39,42.41,111.38,0.5485,-1,-1,-1
60,12,1084.74,464.81,46.61,129.06,0.2499,-1,-1,-1
60,5,697.31,457.76,68.94,214.78,0.5757,-1,-1,-1
60,13,584.00,450.21,49.77,133.70,0.3240,-1,-1,-1
60,14,1537.58,429.88,33.11,122.22,0.2523,-1,-1,-1
61,2,624.95,443.63,93.53,276.43,0.7079,-1,-1,-1
61,3,473.78,443.15,131.53,316.82,0.6855,-1,-1,-1
61,10,1259.66,429.95,42.58,115.84,0.5336,-1,-1,-1
61,12,1084.15,456.73,47.82,137.72,0.3030,-1,-1,-1
61,5,698.70,456.46,68.24,216.89,0.5457,-1,-1,-1
61,13,584.50,454.27,46.87,130.37,0.2856,-1,-1,-1
61,14,1543.47,431.05,33.38,118.14,0.2597,-1,-1,-1
62,2,624.19,444.47,91.64,275.78,0.7225,-1,-1,-1
62,3,478.17,442.92,134.79,318.21,0.7250,-1,-1,-1
62,10,1259.49,430.21,41.46,115.26,0.5520,-1,-1,-1
62,12,1086.57,444.77,46.05,150.43,0.1820,-1,-1,-1
62,5,698.77,454.73,67.65,218.98,0.6208,-1,-1,-1
62,13,587.07,456.98,45.26,127.89,0.2782,-1,-1,-1
62,14,1547.35,437.04,32.81,111.95,0.2701,-1,-1,-1
63,2,621.51,444.00,92.99,278.99,0.7394,-1,-1,-1
63,3,479.16,441.15,138.16,319.69,0.7258,-1,-1,-1
63,10,1259.61,431.05,40.73,113.94,0.5324,-1,-1,-1
63,12,1087.36,439.89,45.49,155.70,0.2181,-1,-1,-1
63,5,697.33,457.29,69.29,216.02,0.6621,-1,-1,-1
63,13,584.72,456.41,46.27,128.74,0.2192,-1,-1,-1
64,2,619.78,444.22,93.21,278.79,0.7435,-1,-1,-1
64,3,483.01,441.86,139.07,318.90,0.7211,-1,-1,-1
64,10,1259.41,433.17,40.26,111.20,0.5249,-1,-1,-1
64,12,1087.70,439.07,44.36,155.69,0.2178,-1,-1,-1
64,5,696.95,453.53,69.64,220.58,0.6379,-1,-1,-1
64,13,583.13,451.87,47.71,133.98,0.1949,-1,-1,-1
65,2,619.35,446.47,92.61,277.11,0.7431,-1,-1,-1
65,3,492.00,444.42,134.71,316.98,0.7893,-1,-1,-1
65,10,1259.16,437.29,40.25,107.23,0.5287,-1,-1,-1
65,12,1086.75,436.29,46.57,158.17,0.3377,-1,-1,-1
65,5,696.20,450.86,69.33,225.29,0.6807,-1,-1,-1
66,2,620.12,447.69,91.35,276.19,0.7595,-1,-1,-1
66,3,495.01,446.52,138.32,317.05,0.7291,-1,-1,-1
66,10,1259.01,438.83,40.38,105.82,0.5298,-1,-1,-1
66,12,1088.67,436.99,44.79,139.60,0.2599,-1,-1,-1
66,5,697.46,452.36,69.14,224.22,0.6786,-1,-1,-1
67,2,619.43,447.42,92.22,275.49,0.7468,-1,-1,-1
67,3,490.03,447.15,146.47,320.76,0.6448,-1,-1,-1
67,10,1259.86,440.87,39.08,103.51,0.5147,-1,-1,-1
67,12,1092.32,437.58,41.03,128.03,0.2023,-1,-1,-1
67,5,698.00,453.22,70.67,224.34,0.6747,-1,-1,-1
67,14,1544.07,423.30,40.17,127.58,0.4054,-1,-1,-1
68,2,617.06,446.67,95.11,275.49,0.7348,-1,-1,-1
68,3,488.58,448.51,150.61,318.51,0.6443,-1,-1,-1
68,10,1259.97,437.47,39.32,107.07,0.4908,-1,-1,-1
68,12,1088.43,436.33,45.56,148.94,0.3230,-1,-1,-1
68,5,699.28,454.81,71.12,221.85,0.6769,-1,-1,-1
68,14,1544.30,427.67,40.10,123.81,0.3743,-1,-1,-1
69,2,614.98,446.87,96.94,275.28,0.7567,-1,-1,-1
69,3,488.87,446.90,153.41,320.48,0.6176,-1,-1,-1
69,10,1259.93,437.07,39.20,107.37,0.5129,-1,-1,-1
69,12,1087.80,436.77,46.26,154.85,0.2479,-1,-1,-1
69,5,698.15,455.99,72.30,221.44,0.6663,-1,-1,-1
69,14,1542.85,422.40,42.97,129.43,0.4742,-1,-1,-1
70,2,612.12,446.18,99.58,275.16,0.7602,-1,-1,-1
70,3,491.59,444.32,150.57,322.10,0.7280,-1,-1,-1
70,10,1259.75,437.67,39.17,106.79,0.5124,-1,-1,-1
70,12,1086.79,436.87,47.31,157.00,0.2497,-1,-1,-1
70,5,698.23,457.26,72.02,220.74,0.6309,-1,-1,-1
70,14,1542.73,420.32,45.57,132.18,0.5871,-1,-1,-1
71,2,611.14,445.77,100.02,276.06,0.7685,-1,-1,-1
71,3,495.99,443.36,147.40,323.62,0.7340,-1,-1,-1
71,10,1259.66,437.28,39.23,107.21,0.5172,-1,-1,-1
71,12,1079.62,443.41,50.98,151.63,0.2017,-1,-1,-1
71,5,698.52,458.49,69.52,220.27,0.5871,-1,-1,-1
71,14,1542.56,420.05,47.13,132.82,0.5761,-1,-1,-1
72,2,611.82,444.80,98.38,277.15,0.7659,-1,-1,-1
72,3,498.23,443.79,145.68,323.44,0.7415,-1,-1,-1
72,10,1259.67,432.05,39.98,112.42,0.5145,-1,-1,-1
72,12,1085.45,439.30,47.02,155.16,0.2429,-1,-1,-1
72,5,698.90,458.48,70.26,221.26,0.5845,-1,-1,-1
72,14,1542.75,420.07,46.73,132.66,0.5703,-1,-1,-1
73,2,614.26,443.89,96.33,278.04,0.7676,-1,-1,-1
73,3,501.97,444.44,142.10,323.50,0.7758,-1,-1,-1
73,10,1259.79,431.18,40.25,113.05,0.5074,-1,-1,-1
73,12,1081.59,440.52,50.18,154.06,0.2793,-1,-1,-1
73,5,700.06,458.44,70.86,220.75,0.5999,-1,-1,-1
73,14,1544.92,419.08,44.98,133.22,0.5325,-1,-1,-1
73,6,919.51,429.61,54.42,157.66,0.3387,-1,-1,-1
74,2,617.63,442.86,92.89,280.12,0.7756,-1,-1,-1
74,3,506.03,444.18,139.96,326.29,0.7379,-1,-1,-1
74,10,1260.19,429.00,40.52,115.55,0.5174,-1,-1,-1
74,12,1078.44,441.20,52.32,153.80,0.3241,-1,-1,-1
74,5,701.51,455.82,74.78,222.33,0.5742,-1,-1,-1
74,14,1545.85,418.74,42.47,131.21,0.2982,-1,-1,-1
74,6,920.60,431.76,53.64,156.82,0.2224,-1,-1,-1
75,2,619.65,441.01,89.43,282.44,0.7708,-1,-1,-1
75,3,507.15,442.68,138.92,326.34,0.7344,-1,-1,-1
75,10,1259.72,428.24,40.96,116.82,0.5281,-1,-1,-1
75,12,1076.46,441.89,53.77,153.13,0.3300,-1,-1,-1
75,5,702.27,454.91,75.91,221.99,0.6333,-1,-1,-1
75,6,920.75,432.55,53.44,156.52,0.2284,-1,-1,-1
76,2,621.73,441.35,87.21,282.09,0.7708,-1,-1,-1
76,3,512.39,445.36,132.24,321.80,0.7661,-1,-1,-1
76,10,1259.79,427.73,41.27,117.14,0.5218,-1,-1,-1
76,12,1076.02,441.38,54.00,153.54,0.3032,-1,-1,-1
76,5,702.38,452.03,79.30,224.74,0.6651,-1,-1,-1
76,6,920.17,429.18,54.37,158.58,0.2192,-1,-1,-1
77,2,622.51,441.07,85.28,283.85,0.7673,-1,-1,-1
77,3,517.38,446.55,127.07,320.31,0.7639,-1,-1,-1
77,10,1259.86,427.56,41.28,117.20,0.5270,-1,-1,-1
77,12,1075.71,441.22,54.42,153.82,0.2723,-1,-1,-1
77,5,701.71,448.29,82.90,228.39,0.6316,-1,-1,-1
77,6,921.13,430.70,53.39,157.77,0.2243,-1,-1,-1
78,2,626.61,441.39,81.60,281.91,0.7764,-1,-1,-1
78,3,517.10,445.69,126.83,321.60,0.7209,-1,-1,-1
78,10,1260.76,438.51,40.02,105.83,0.4770,-1,-1,-1
78,12,1075.54,449.02,54.70,146.04,0.2536,-1,-1,-1
78,5,702.37,451.35,86.15,225.94,0.6613,-1,-1,-1
78,6,917.39,430.87,57.98,156.28,0.2029,-1,-1,-1
79,2,629.15,440.62,78.94,282.34,0.7683,-1,-1,-1
79,3,515.97,446.10,127.36,322.47,0.5530,-1,-1,-1
79,10,1260.91,438.83,40.44,105.51,0.4627,-1,-1,-1
79,12,1075.77,457.77,53.55,138.03,0.2224,-1,-1,-1
79,5,703.82,455.60,90.95,221.53,0.6627,-1,-1,-1
79,6,916.14,430.88,59.12,155.86,0.2694,-1,-1,-1
80,2,630.26,439.70,79.27,283.80,0.7416,-1,-1,-1
80,3,511.58,445.78,133.44,324.73,0.5080,-1,-1,-1
80,10,1260.94,437.21,40.92,107.17,0.4880,-1,-1,-1
80,12,1072.76,462.76,55.53,133.48,0.1598,-1,-1,-1
80,5,706.23,457.52,95.19,220.09,0.7267,-1,-1,-1
80,6,915.96,429.89,59.62,156.83,0.2110,-1,-1,-1
81,2,631.53,437.30,80.47,287.73,0.7148,-1,-1,-1
81,3,508.46,445.55,137.90,327.71,0.4909,-1,-1,-1
81,10,1260.96,435.35,41.16,108.99,0.4968,-1,-1,-1
81,12,1070.54,459.43,57.70,136.96,0.1747,-1,-1,-1
81,5,707.62,458.28,98.57,220.26,0.7117,-1,-1,-1
81,6,915.53,430.52,60.50,156.20,0.2431,-1,-1,-1
82,2,632.55,438.58,79.73,288.27,0.6817,-1,-1,-1
82,3,540.86,446.85,105.70,331.09,0.5213,-1,-1,-1
82,10,1261.13,438.41,40.74,106.20,0.4998,-1,-1,-1
82,12,1074.94,456.86,54.25,139.51,0.2736,-1,-1,-1
82,5,708.33,458.57,103.46,220.55,0.7304,-1,-1,-1
82,6,914.97,428.25,60.42,158.37,0.2766,-1,-1,-1
82,15,487.98,447.83,51.68,132.09,0.3798,-1,-1,-1
83,2,633.57,440.38,80.34,288.28,0.6488,-1,-1,-1
83,3,558.91,445.21,88.11,335.18,0.4478,-1,-1,-1
83,10,1261.63,435.25,41.31,109.62,0.4569,-1,-1,-1
83,12,1078.74,448.24,53.91,148.54,0.3025,-1,-1,-1
83,5,710.42,458.27,104.90,222.17,0.7130,-1,-1,-1
83,6,917.19,428.07,58.40,160.14,0.2072,-1,-1,-1
83,15,489.39,448.17,50.10,128.03,0.3085,-1,-1,-1
83,16,501.79,450.90,100.47,302.60,0.5313,-1,-1,-1
84,2,633.18,441.89,85.23,288.33,0.5867,-1,-1,-1
84,3,565.47,443.07,83.49,338.72,0.5381,-1,-1,-1
84,10,1262.21,435.56,40.63,109.49,0.4271,-1,-1,-1
84,12,1077.91,451.81,53.68,144.61,0.2702,-1,-1,-1
84,5,711.66,459.98,107.78,221.18,0.7029,-1,-1,-1
84,6,917.78,428.26,57.82,160.55,0.2313,-1,-1,-1
84,15,487.98,448.57,50.71,131.30,0.3264,-1,-1,-1
84,16,506.00,451.28,95.53,293.01,0.4673,-1,-1,-1
85,2,632.66,443.57,86.71,288.15,0.5714,-1,-1,-1
85,3,559.75,439.71,89.24,344.95,0.4759,-1,-1,-1
85,10,1262.98,438.98,39.84,105.89,0.3925,-1,-1,-1
85,12,1078.89,455.38,52.50,140.98,0.3135,-1,-1,-1
85,5,716.58,458.75,104.48,223.62,0.7237,-1,-1,-1
85,6,918.95,429.53,56.16,159.46,0.2134,-1,-1,-1
85,15,487.17,448.15,52.63,133.38,0.3927,-1,-1,-1
85,16,509.87,451.82,93.31,299.04,0.4018,-1,-1,-1
86,2,632.60,444.09,91.46,288.51,0.5460,-1,-1,-1
86,3,555.05,440.45,91.16,343.87,0.3966,-1,-1,-1
86,10,1263.40,440.02,39.39,104.57,0.4195,-1,-1,-1
86,12,1081.79,457.78,49.08,138.49,0.2341,-1,-1,-1
86,5,719.29,457.27,102.15,225.31,0.7348,-1,-1,-1
86,6,919.12,429.43,55.41,160.13,0.2615,-1,-1,-1
86,15,488.17,448.94,52.47,134.86,0.4016,-1,-1,-1
86,16,514.82,452.30,91.82,304.07,0.4529,-1,-1,-1
87,2,634.33,443.82,90.24,288.59,0.5317,-1,-1,-1
87,3,552.07,440.92,94.80,343.34,0.4052,-1,-1,-1
87,10,1262.87,434.37,39.52,109.78,0.4074,-1,-1,-1
87,5,720.37,456.38,101.71,225.45,0.7199,-1,-1,-1
87,6,919.88,428.66,54.51,160.63,0.3115,-1,-1,-1
87,15,488.19,450.56,51.07,134.12,0.3493,-1,-1,-1
87,16,515.23,452.54,93.44,307.64,0.4477,-1,-1,-1
88,2,635.99,446.11,93.08,286.62,0.5833,-1,-1,-1
88,3,555.11,441.07,93.87,342.74,0.4499,-1,-1,-1
88,10,1262.75,431.41,40.04,112.71,0.4247,-1,-1,-1
88,5,723.17,454.33,99.37,227.71,0.6861,-1,-1,-1
88,6,918.93,428.50,55.15,161.03,0.2590,-1,-1,-1
88,15,487.34,450.50,57.42,138.78,0.2514,-1,-1,-1
88,16,514.63,451.49,94.65,308.24,0.4865,-1,-1,-1
88,17,590.12,449.48,72.90,280.67,0.3934,-1,-1,-1
89,2,638.41,448.74,93.68,284.52,0.5886,-1,-1,-1
89,10,1262.58,431.12,40.60,113.33,0.4329,-1,-1,-1
89,5,724.59,452.09,99.02,230.18,0.7352,-1,-1,-1
89,6,917.15,427.97,56.85,162.20,0.2591,-1,-1,-1
89,15,486.13,450.71,54.94,136.85,0.2744,-1,-1,-1
89,16,511.47,450.63,95.77,307.27,0.5520,-1,-1,-1
89,17,588.72,450.15,74.04,280.22,0.4556,-1,-1,-1
90,2,641.67,446.62,90.66,286.19,0.6026,-1,-1,-1
90,10,1262.18,434.52,40.90,109.73,0.4307,-1,-1,-1
90,5,728.09,451.72,96.24,230.69,0.7266,-1,-1,-1
90,6,915.54,426.24,59.36,161.96,0.3179,-1,-1,-1
90,15,486.57,449.67,58.17,166.15,0.2491,-1,-1,-1
90,16,514.41,449.32,95.75,306.36,0.5639,-1,-1,-1
90,17,591.10,449.26,72.77,281.13,0.4332,-1,-1,-1
90,3,562.38,439.37,87.13,344.76,0.3947,-1,-1,-1
91,2,643.62,443.26,91.76,290.70,0.6821,-1,-1,-1
91,10,1261.68,436.93,39.08,108.50,0.3936,-1,-1,-1
91,5,731.61,453.38,93.22,229.07,0.6914,-1,-1,-1
91,6,918.31,429.69,55.99,159.42,0.2363,-1,-1,-1
91,15,486.98,450.79,54.40,149.65,0.2197,-1,-1,-1
91,16,513.41,449.18,97.25,301.09,0.6323,-1,-1,-1
91,17,584.65,447.06,79.90,284.34,0.5625,-1,-1,-1
91,12,1074.83,462.72,56.40,132.83,0.3913,-1,-1,-1
92,2,642.77,439.51,94.52,294.95,0.6772,-1,-1,-1
92,10,1260.68,436.57,39.65,109.06,0.4559,-1,-1,-1
92,5,732.83,453.97,93.17,228.21,0.6878,-1,-1,-1
92,6,918.61,431.12,55.74,158.62,0.2116,-1,-1,-1
92,15,487.14,450.75,53.14,141.80,0.2132,-1,-1,-1
92,16,512.06,448.22,98.51,302.02,0.6145,-1,-1,-1
92,17,582.90,445.68,82.00,286.22,0.4987,-1,-1,-1
92,12,1075.89,458.98,55.32,135.55,0.3440,-1,-1,-1
93,2,641.81,438.69,96.54,296.07,0.6735,-1,-1,-1
93,10,1260.35,436.05,39.80,109.61,0.4622,-1,-1,-1
93,5,735.28,456.51,91.96,225.28,0.7076,-1,-1,-1
93,6,919.93,431.92,54.21,157.45,0.1816,-1,-1,-1
93,15,488.04,450.87,50.80,139.30,0.1827,-1,-1,-1
93,16,511.96,447.86,99.03,302.68,0.6229,-1,-1,-1
93,17,583.56,445.55,81.37,286.42,0.4922,-1,-1,-1
93,12,1076.43,458.69,55.15,136.17,0.4073,-1,-1,-1
94,2,643.49,439.43,95.08,297.32,0.7239,-1,-1,-1
94,10,1260.25,436.86,39.98,108.91,0.4622,-1,-1,-1
94,5,737.89,454.85,91.31,226.90,0.7050,-1,-1,-1
94,6,920.42,432.43,53.95,156.58,0.2026,-1,-1,-1
94,16,515.33,448.40,95.43,302.74,0.5701,-1,-1,-1
94,17,588.44,446.06,75.93,287.40,0.4789,-1,-1,-1
94,12,1076.00,462.71,54.67,132.22,0.3344,-1,-1,-1
94,3,565.54,434.90,84.48,361.54,0.4405,-1,-1,-1
95,2,643.29,439.91,97.43,297.98,0.7416,-1,-1,-1
95,10,1258.71,435.88,41.67,110.20,0.5239,-1,-1,-1
95,5,740.10,452.97,90.15,229.74,0.6683,-1,-1,-1
95,6,918.78,430.63,55.85,159.33,0.2464,-1,-1,-1
95,16,513.28,448.23,96.84,302.33,0.5604,-1,-1,-1
95,17,587.52,446.29,77.15,283.73,0.4526,-1,-1,-1
95,12,1075.29,467.04,54.42,127.76,0.1941,-1,-1,-1
95,3,560.70,433.82,88.54,365.03,0.4047,-1,-1,-1
96,2,642.65,440.88,98.31,297.45,0.7596,-1,-1,-1
96,10,1258.14,435.14,41.72,111.26,0.4773,-1,-1,-1
96,5,744.08,454.44,87.68,228.70,0.6826,-1,-1,-1
96,6,917.12,427.01,58.52,161.39,0.2647,-1,-1,-1
96,16,510.50,447.07,97.90,303.73,0.5008,-1,-1,-1
96,17,587.06,446.36,78.18,280.79,0.4058,-1,-1,-1
96,3,551.32,438.64,103.21,361.46,0.3817,-1,-1,-1
97,2,644.28,441.36,98.07,296.86,0.7521,-1,-1,-1
97,10,1257.98,433.45,41.39,112.69,0.4496,-1,-1,-1
97,5,747.15,455.74,87.61,229.19,0.6976,-1,-1,-1
97,6,916.92,425.59,58.90,161.96,0.2478,-1,-1,-1
97,16,509.26,446.56,98.97,303.66,0.5039,-1,-1,-1
97,17,586.10,446.28,78.71,281.02,0.3898,-1,-1,-1
97,3,536.63,444.24,120.19,349.53,0.3685,-1,-1,-1
98,2,646.00,442.29,98.76,296.16,0.7792,-1,-1,-1
98,10,1257.54,436.66,42.01,109.80,0.5484,-1,-1,-1
98,5,751.02,457.40,87.42,228.61,0.7156,-1,-1,-1
98,6,916.79,426.24,59.12,160.67,0.2109,-1,-1,-1
98,16,506.54,446.47,100.49,304.64,0.5051,-1,-1,-1
98,3,545.54,442.10,117.59,355.47,0.5218,-1,-1,-1
99,2,647.24,442.60,99.40,295.88,0.7606,-1,-1,-1
99,10,1257.78,439.36,41.10,107.15,0.5308,-1,-1,-1
99,5,751.55,456.64,89.05,229.70,0.7761,-1,-1,-1
99,16,502.26,444.69,104.97,305.09,0.5341,-1,-1,-1
99,3,556.53,443.10,109.12,355.93,0.5673,-1,-1,-1
100,2,648.30,442.13,100.99,296.89,0.6838,-1,-1,-1
100,10,1257.89,441.11,40.51,105.64,0.5534,-1,-1,-1
100,5,753.67,454.50,87.01,231.75,0.7635,-1,-1,-1
100,16,498.53,441.25,105.28,304.31,0.5651,-1,-1,-1
100,3,566.35,444.13,101.31,354.21,0.5900,-1,-1,-1
101,2,648.40,442.50,104.21,296.88,0.7110,-1,-1,-1
101,10,1257.80,441.73,39.75,105.00,0.5540,-1,-1,-1
101,5,755.11,455.58,85.40,232.15,0.7580,-1,-1,-1
101,16,496.56,442.26,108.53,305.28,0.5476,-1,-1,-1
101,3,562.71,442.85,106.77,357.66,0.6097,-1,-1,-1
102,2,650.10,441.88,103.36,294.45,0.7175,-1,-1,-1
102,10,1256.91,441.00,37.79,105.93,0.5566,-1,-1,-1
102,5,754.81,456.57,87.61,231.11,0.7434,-1,-1,-1
102,16,497.21,441.14,104.28,305.51,0.5783,-1,-1,-1
102,3,564.87,443.93,105.01,357.79,0.6217,-1,-1,-1
103,2,650.95,440.88,105.63,294.55,0.7069,-1,-1,-1
103,10,1257.88,442.73,37.28,104.02,0.4842,-1,-1,-1
103,5,754.50,457.06,87.57,228.74,0.7248,-1,-1,-1
103,16,498.22,443.31,101.27,302.53,0.5502,-1,-1,-1
103,3,566.16,444.36,105.69,357.90,0.5750,-1,-1,-1
104,2,653.57,440.53,105.54,295.64,0.7209,-1,-1,-1
104,10,1256.79,442.55,36.66,104.79,0.4853,-1,-1,-1
104,5,755.40,457.77,87.36,229.43,0.7324,-1,-1,-1
104,16,498.81,444.71,106.08,305.46,0.3818,-1,-1,-1
104,3,552.85,440.84,120.28,361.57,0.6640,-1,-1,-1
105,2,655.40,439.97,105.74,297.30,0.7535,-1,-1,-1
105,10,1256.71,442.86,36.63,104.58,0.4586,-1,-1,-1
105,5,758.62,459.30,85.62,231.74,0.7590,-1,-1,-1
105,16,500.67,445.94,106.01,306.32,0.2079,-1,-1,-1
105,3,541.62,437.95,132.72,363.36,0.7286,-1,-1,-1
106,2,656.89,441.24,105.93,295.39,0.7513,-1,-1,-1
106,10,1255.57,442.40,38.17,105.75,0.4400,-1,-1,-1
106,5,760.07,459.04,85.42,233.71,0.7377,-1,-1,-1
106,16,500.93,444.21,106.25,308.42,0.2755,-1,-1,-1
106,3,535.91,438.27,139.78,363.34,0.6722,-1,-1,-1
107,2,658.19,441.21,108.77,295.28,0.7626,-1,-1,-1
107,10,1255.83,444.75,34.21,101.88,0.3548,-1,-1,-1
107,5,761.83,459.56,85.11,235.27,0.7346,-1,-1,-1
107,16,501.70,446.46,107.01,306.61,0.2602,-1,-1,-1
107,3,533.94,438.60,144.13,362.61,0.6667,-1,-1,-1
108,2,659.95,439.28,107.10,296.31,0.7571,-1,-1,-1
108,10,1257.29,445.15,35.86,102.97,0.2840,-1,-1,-1
108,5,761.22,455.86,87.31,242.04,0.7145,-1,-1,-1
108,16,502.20,447.61,107.68,306.79,0.2170,-1,-1,-1
108,3,536.86,437.40,143.47,365.83,0.6898,-1,-1,-1
109,2,660.82,438.53,108.36,298.21,0.7369,-1,-1,-1
109,10,1256.01,447.58,32.46,99.28,0.2309,-1,-1,-1
109,5,762.06,455.27,87.66,243.54,0.6724,-1,-1,-1
109,16,503.86,460.35,93.64,289.79,0.2207,-1,-1,-1
109,3,539.14,437.20,144.60,367.26,0.6967,-1,-1,-1
110,2,662.17,437.91,105.46,301.04,0.7533,-1,-1,-1
110,10,1250.75,444.74,33.90,101.27,0.2948,-1,-1,-1
110,5,761.22,456.75,88.97,242.57,0.7081,-1,-1,-1
110,16,504.50,459.91,88.90,288.91,0.2868,-1,-1,-1
110,3,540.12,437.90,145.67,367.36,0.6861,-1,-1,-1
111,2,662.87,437.86,106.64,305.16,0.7665,-1,-1,-1
111,10,1247.78,441.19,34.18,104.45,0.4358,-1,-1,-1
111,5,761.01,455.82,88.90,243.18,0.7136,-1,-1,-1
111,16,503.84,451.67,90.39,295.93,0.3627,-1,-1,-1
111,3,540.22,440.16,148.60,366.84,0.6630,-1,-1,-1
112,2,665.53,437.88,105.34,306.71,0.7776,-1,-1,-1
112,10,1244.97,440.00,36.33,106.00,0.4791,-1,-1,-1
112,5,761.47,452.87,88.32,246.81,0.7237,-1,-1,-1
112,16,505.56,450.23,86.42,297.09,0.2029,-1,-1,-1
112,3,540.48,437.71,148.06,368.35,0.6823,-1,-1,-1
113,2,666.89,437.85,105.93,311.95,0.7864,-1,-1,-1
113,10,1244.46,440.42,35.98,105.67,0.4765,-1,-1,-1
113,5,763.37,451.71,87.11,247.80,0.7145,-1,-1,-1
113,3,546.63,436.19,141.54,370.10,0.6973,-1,-1,-1
113,12,1075.90,441.75,56.93,155.38,0.3541,-1,-1,-1
114,2,668.68,438.89,103.56,314.73,0.7899,-1,-1,-1
114,10,1243.34,440.81,36.37,104.64,0.5743,-1,-1,-1
114,5,764.64,453.22,87.54,245.70,0.7037,-1,-1,-1
114,3,540.34,434.70,148.80,371.49,0.6813,-1,-1,-1
114,12,1077.44,440.70,56.14,155.82,0.3856,-1,-1,-1
115,2,670.00,438.90,101.56,314.39,0.7876,-1,-1,-1
115,10,1242.11,440.86,36.76,103.23,0.5542,-1,-1,-1
115,5,766.54,454.41,88.62,244.52,0.6933,-1,-1,-1
115,3,557.17,435.63,132.45,370.79,0.6531,-1,-1,-1
115,12,1080.51,439.63,54.86,155.84,0.3437,-1,-1,-1
116,2,672.37,438.88,98.24,312.44,0.7856,-1,-1,-1
116,10,1240.71,441.21,37.37,102.37,0.5973,-1,-1,-1
116,5,767.52,451.96,88.80,247.36,0.6746,-1,-1,-1
116,3,559.43,435.36,130.20,372.23,0.6311,-1,-1,-1
116,12,1082.51,441.18,53.21,154.24,0.4034,-1,-1,-1
117,2,672.79,439.89,98.46,311.99,0.7959,-1,-1,-1
117,10,1241.12,441.41,36.02,101.05,0.5699,-1,-1,-1
117,5,770.23,452.19,86.84,246.68,0.6475,-1,-1,-1
117,3,550.05,434.55,139.18,373.01,0.6801,-1,-1,-1
117,12,1082.70,442.35,52.72,152.16,0.4225,-1,-1,-1
118,2,674.66,440.14,94.94,313.76,0.7995,-1,-1,-1
118,10,1240.88,442.22,35.88,99.82,0.5430,-1,-1,-1
118,5,770.01,454.35,83.44,244.89,0.6589,-1,-1,-1
118,3,543.16,435.20,145.75,376.92,0.6851,-1,-1,-1
118,12,1082.52,440.65,53.55,154.59,0.4558,-1,-1,-1
119,2,675.27,440.61,94.51,317.96,0.8143,-1,-1,-1
119,10,1239.55,442.86,36.70,97.93,0.5293,-1,-1,-1
119,5,769.19,452.48,88.79,245.57,0.7131,-1,-1,-1
119,3,528.66,439.42,161.85,379.09,0.7320,-1,-1,-1
119,12,1083.04,442.98,53.16,151.76,0.4188,-1,-1,-1
120,2,677.25,441.33,94.31,319.51,0.8120,-1,-1,-1
120,10,1237.96,442.95,37.33,100.04,0.5370,-1,-1,-1
120,5,770.18,451.96,92.07,246.91,0.7126,-1,-1,-1
120,3,524.06,442.56,167.67,378.71,0.7667,-1,-1,-1
120,12,1082.71,444.16,52.85,150.66,0.3526,-1,-1,-1
121,2,678.58,441.27,93.81,320.72,0.8157,-1,-1,-1
121,10,1238.46,443.19,35.03,100.97,0.4972,-1,-1,-1
121,5,769.00,453.45,98.17,245.85,0.6845,-1,-1,-1
121,3,521.10,444.61,173.23,378.75,0.7728,-1,-1,-1
121,12,1082.93,445.31,52.64,149.86,0.3515,-1,-1,-1
122,2,680.54,440.41,95.30,320.81,0.8004,-1,-1,-1
122,10,1236.88,445.44,34.33,99.88,0.4610,-1,-1,-1
122,5,773.70,452.72,102.73,248.13,0.5890,-1,-1,-1
122,3,521.96,445.92,175.03,380.37,0.8125,-1,-1,-1
122,12,1083.90,448.95,51.57,146.03,0.3728,-1,-1,-1
123,2,683.05,439.51,93.88,322.82,0.8125,-1,-1,-1
123,10,1236.04,450.52,34.97,96.19,0.5369,-1,-1,-1
123,5,773.98,456.65,107.93,245.00,0.7214,-1,-1,-1
123,3,524.57,443.75,175.02,385.99,0.8010,-1,-1,-1
123,12,1084.54,448.51,50.72,146.33,0.3634,-1,-1,-1
124,2,684.77,438.54,92.94,325.20,0.8053,-1,-1,-1
124,10,1235.38,453.78,35.44,93.40,0.5574,-1,-1,-1
124,5,774.77,456.97,109.94,245.44,0.7239,-1,-1,-1
124,3,526.51,442.69,175.01,391.37,0.6890,-1,-1,-1
124,12,1085.79,449.03,49.45,145.02,0.3523,-1,-1,-1
125,2,685.28,437.75,92.36,327.10,0.8169,-1,-1,-1
125,10,1233.52,454.63,36.21,93.91,0.5474,-1,-1,-1
125,5,778.61,459.54,108.76,244.08,0.7426,-1,-1,-1
125,3,526.50,442.26,177.01,391.85,0.7677,-1,-1,-1
125,12,1083.52,453.74,49.96,140.22,0.3690,-1,-1,-1
126,2,685.55,437.73,94.23,327.43,0.8111,-1,-1,-1
126,10,1230.42,453.40,38.25,95.94,0.5454,-1,-1,-1
126,5,780.26,457.76,105.74,246.35,0.7283,-1,-1,-1
126,3,544.57,442.18,156.52,391.46,0.6422,-1,-1,-1
126,12,1082.44,456.59,49.00,137.55,0.3077,-1,-1,-1
127,2,684.81,437.98,96.65,328.22,0.8123,-1,-1,-1
127,10,1227.44,452.46,40.77,97.80,0.5225,-1,-1,-1
127,5,782.17,456.95,102.86,248.17,0.7183,-1,-1,-1
127,3,548.76,440.89,152.56,392.50,0.6704,-1,-1,-1
127,12,1081.17,458.25,49.82,136.17,0.3094,-1,-1,-1
128,2,684.80,437.70,101.09,329.04,0.8133,-1,-1,-1
128,10,1225.32,454.27,42.42,98.17,0.5054,-1,-1,-1
128,5,783.31,461.49,100.92,243.29,0.6857,-1,-1,-1
128,3,556.57,440.75,147.84,392.19,0.6723,-1,-1,-1
128,12,1079.73,459.17,52.41,135.57,0.3465,-1,-1,-1
129,2,683.50,437.71,103.44,328.84,0.8329,-1,-1,-1
129,10,1223.19,461.76,44.09,92.45,0.4229,-1,-1,-1
129,5,785.40,459.97,101.69,244.22,0.6782,-1,-1,-1
129,3,557.86,441.50,149.64,391.18,0.6805,-1,-1,-1
129,12,1082.69,458.50,51.47,136.93,0.3198,-1,-1,-1
130,2,682.38,437.50,105.14,329.00,0.8317,-1,-1,-1
130,10,1222.77,456.55,43.30,97.91,0.4336,-1,-1,-1
130,5,787.01,459.41,101.09,244.97,0.7440,-1,-1,-1
130,3,551.79,442.01,157.96,390.26,0.6634,-1,-1,-1
130,12,1081.22,460.63,52.39,134.60,0.3693,-1,-1,-1
131,2,682.15,437.05,104.88,330.41,0.8232,-1,-1,-1
131,10,1222.51,462.39,44.54,92.75,0.3961,-1,-1,-1
131,5,789.88,459.02,100.56,246.74,0.7645,-1,-1,-1
131,3,566.35,440.73,144.96,391.13,0.5514,-1,-1,-1
131,12,1084.24,458.70,51.30,136.67,0.3089,-1,-1,-1
132,2,683.64,436.16,102.98,331.48,0.8127,-1,-1,-1
132,10,1222.92,465.24,44.10,89.52,0.2662,-1,-1,-1
132,5,792.16,457.21,100.60,248.92,0.7882,-1,-1,-1
132,3,570.73,440.36,144.77,390.34,0.5694,-1,-1,-1
132,12,1084.88,457.63,52.82,137.85,0.2264,-1,-1,-1
133,2,684.19,435.71,102.34,331.85,0.8011,-1,-1,-1
133,10,1222.04,465.31,44.73,89.95,0.2899,-1,-1,-1
133,5,793.42,457.93,99.80,248.64,0.7893,-1,-1,-1
133,3,584.11,438.84,132.94,391.44,0.6245,-1,-1,-1
133,12,1083.26,459.12,51.18,136.34,0.2498,-1,-1,-1
133,15,491.08,461.04,41.30,109.43,0.3529,-1,-1,-1
134,2,685.19,434.52,102.98,333.04,0.7911,-1,-1,-1
134,10,1220.12,462.34,45.80,93.08,0.3005,-1,-1,-1
134,5,794.98,454.86,101.03,251.13,0.7736,-1,-1,-1
134,3,584.12,439.55,135.28,390.68,0.6260,-1,-1,-1
134,12,1081.84,455.86,53.42,139.75,0.2160,-1,-1,-1
134,15,491.06,457.53,41.71,112.70,0.3044,-1,-1,-1
135,2,685.39,433.07,104.25,333.26,0.7844,-1,-1,-1
135,5,793.45,451.87,103.32,254.68,0.7167,-1,-1,-1
135,3,580.79,439.92,140.33,391.37,0.6396,-1,-1,-1
135,12,1080.73,453.42,54.59,142.57,0.2057,-1,-1,-1
135,15,489.28,460.29,42.07,109.73,0.3711,-1,-1,-1
136,2,685.71,433.05,104.96,332.47,0.7735,-1,-1,-1
136,5,794.49,450.94,101.22,256.24,0.7078,-1,-1,-1
136,3,575.99,439.46,146.11,395.62,0.6530,-1,-1,-1
136,12,1088.05,448.92,53.63,146.32,0.2689,-1,-1,-1
136,15,489.83,457.72,41.02,112.52,0.3792,-1,-1,-1
137,2,691.83,433.60,103.03,329.98,0.7815,-1,-1,-1
137,5,796.81,452.41,98.39,255.65,0.7601,-1,-1,-1
137,3,586.21,437.38,135.62,408.51,0.6709,-1,-1,-1
137,12,1083.20,451.54,53.77,143.78,0.2132,-1,-1,-1
137,15,490.29,459.78,40.20,110.00,0.3781,-1,-1,-1
138,2,691.31,433.91,106.15,330.63,0.7633,-1,-1,-1
138,5,801.30,451.23,95.04,258.70,0.7548,-1,-1,-1
138,3,588.40,437.02,134.36,417.74,0.6508,-1,-1,-1
138,12,1079.22,455.91,53.40,139.82,0.1938,-1,-1,-1
138,15,490.23,459.93,40.28,109.77,0.3531,-1,-1,-1
139,2,693.47,433.50,106.86,331.99,0.7557,-1,-1,-1
139,5,806.21,450.02,92.41,261.30,0.7275,-1,-1,-1
139,3,575.60,438.52,148.03,417.76,0.6132,-1,-1,-1
139,12,1080.73,456.68,50.01,138.30,0.2185,-1,-1,-1
139,15,491.89,459.74,39.31,110.68,0.4720,-1,-1,-1
140,2,693.00,433.94,111.20,331.82,0.7593,-1,-1,-1
140,5,811.58,451.58,82.80,262.89,0.6999,-1,-1,-1
140,3,569.64,438.36,154.83,417.74,0.5617,-1,-1,-1
140,12,1082.29,456.73,47.71,138.34,0.2338,-1,-1,-1
140,15,492.12,460.20,38.73,111.24,0.4325,-1,-1,-1
140,10,1216.74,450.71,35.19,102.60,0.3424,-1,-1,-1
141,2,692.59,433.13,114.67,334.05,0.7576,-1,-1,-1
141,5,815.37,451.61,82.40,262.41,0.6510,-1,-1,-1
141,3,563.31,438.40,160.75,419.05,0.5599,-1,-1,-1
141,12,1083.15,454.67,48.58,140.13,0.2525,-1,-1,-1
141,15,491.74,459.55,39.56,112.00,0.3640,-1,-1,-1
141,10,1214.00,448.78,36.64,104.75,0.4122,-1,-1,-1
142,2,693.09,433.36,122.50,332.49,0.7615,-1,-1,-1
142,5,816.52,448.30,86.09,267.80,0.6419,-1,-1,-1
142,3,557.46,438.68,166.42,415.46,0.5181,-1,-1,-1
142,12,1082.13,456.11,48.50,138.89,0.2698,-1,-1,-1
142,15,491.09,460.61,39.29,111.01,0.3084,-1,-1,-1
142,10,1211.55,447.99,36.93,104.93,0.4061,-1,-1,-1
143,2,694.48,435.36,127.47,330.75,0.7711,-1,-1,-1
143,5,818.12,447.61,85.66,268.04,0.6271,-1,-1,-1
143,3,571.74,435.58,150.82,427.23,0.5324,-1,-1,-1
143,12,1080.86,454.56,49.95,140.49,0.3196,-1,-1,-1
143,15,485.05,464.08,41.98,106.93,0.2279,-1,-1,-1
143,10,1210.18,445.67,36.32,106.98,0.3846,-1,-1,-1
144,2,694.00,436.28,135.29,331.48,0.7510,-1,-1,-1
144,5,820.60,448.37,84.81,265.61,0.5453,-1,-1,-1
144,3,550.03,437.01,173.55,433.34,0.5173,-1,-1,-1
144,12,1080.45,460.26,49.79,134.90,0.3110,-1,-1,-1
144,15,478.08,463.54,46.86,109.82,0.3228,-1,-1,-1
144,10,1208.01,444.05,35.21,109.33,0.3246,-1,-1,-1
145,2,694.01,437.88,141.24,330.70,0.7511,-1,-1,-1
145,5,823.44,453.27,82.80,258.83,0.5685,-1,-1,-1
145,3,543.36,437.10,180.04,439.49,0.6337,-1,-1,-1
145,12,1080.56,460.90,49.00,134.24,0.2615,-1,-1,-1
145,15,476.63,468.57,48.22,105.52,0.3481,-1,-1,-1
145,10,1206.76,443.14,34.27,110.24,0.3652,-1,-1,-1
146,2,696.26,438.28,142.29,331.15,0.7432,-1,-1,-1
146,5,826.05,454.30,81.78,256.51,0.6558,-1,-1,-1
146,3,540.63,438.41,182.28,444.16,0.7284,-1,-1,-1
146,12,1079.91,463.01,49.28,132.49,0.3148,-1,-1,-1
146,15,475.97,471.89,47.94,102.11,0.3686,-1,-1,-1
146,10,1206.55,443.31,33.42,108.18,0.4388,-1,-1,-1
146,19,877.73,434.05,79.62,247.40,0.3559,-1,-1,-1
147,2,699.77,437.89,139.77,333.65,0.7976,-1,-1,-1
147,5,827.67,456.87,81.48,253.46,0.6118,-1,-1,-1
147,3,540.13,439.90,181.69,448.03,0.7202,-1,-1,-1
147,12,1080.85,461.25,49.40,133.79,0.3543,-1,-1,-1
147,15,474.98,469.96,47.91,103.41,0.3378,-1,-1,-1
147,10,1203.93,446.27,34.91,103.34,0.4760,-1,-1,-1
147,19,879.08,432.75,80.77,248.41,0.4336,-1,-1,-1
148,2,701.93,437.67,137.94,333.56,0.7745,-1,-1,-1
148,5,828.45,456.90,83.27,254.11,0.6527,-1,-1,-1
148,3,539.18,440.53,182.46,451.68,0.7249,-1,-1,-1
148,12,1081.75,458.98,49.50,135.74,0.3647,-1,-1,-1
148,15,474.65,470.83,47.28,102.75,0.3710,-1,-1,-1
148,10,1203.04,446.33,35.05,104.45,0.4492,-1,-1,-1
148,19,881.93,432.03,80.90,247.56,0.3680,-1,-1,-1
149,2,705.70,437.52,134.47,336.13,0.8075,-1,-1,-1
149,5,830.35,456.44,83.49,253.42,0.6592,-1,-1,-1
149,3,541.72,439.31,176.44,455.23,0.7300,-1,-1,-1
149,12,1080.03,459.58,49.21,135.45,0.3016,-1,-1,-1
149,15,474.18,469.89,46.77,103.10,0.2925,-1,-1,-1
149,10,1200.38,447.57,37.58,102.07,0.4542,-1,-1,-1
149,19,884.90,437.98,84.64,241.50,0.5619,-1,-1,-1
150,2,709.24,436.52,130.58,338.18,0.8110,-1,-1,-1
150,5,831.65,452.83,84.89,257.12,0.6491,-1,-1,-1
150,3,543.96,437.55,174.46,458.38,0.7687,-1,-1,-1
150,12,1079.80,459.00,49.65,135.43,0.3428,-1,-1,-1
150,15,472.28,470.78,44.39,102.10,0.3359,-1,-1,-1
150,10,1197.50,449.55,40.17,99.38,0.4429,-1,-1,-1
150,19,888.49,440.04,80.56,239.05,0.6122,-1,-1,-1
151,2,713.08,436.55,128.31,339.73,0.8001,-1,-1,-1
151,5,831.15,449.87,88.06,261.63,0.6708,-1,-1,-1
151,3,543.55,438.18,172.04,458.02,0.7590,-1,-1,-1
151,12,1079.68,457.00,50.74,137.00,0.3182,-1,-1,-1
151,15,470.98,472.04,43.73,101.05,0.3661,-1,-1,-1
151,10,1196.75,450.72,40.26,98.50,0.4643,-1,-1,-1
151,19,890.46,439.04,83.19,238.92,0.6625,-1,-1,-1
152,2,714.85,436.14,121.42,339.77,0.8059,-1,-1,-1
152,5,830.90,446.23,89.09,270.11,0.7107,-1,-1,-1
152,3,543.68,438.27,174.61,458.93,0.7523,-1,-1,-1
152,12,1079.88,456.53,51.12,137.18,0.2945,-1,-1,-1
152,15,470.60,473.04,44.02,99.08,0.1859,-1,-1,-1
152,10,1195.45,451.00,40.81,98.28,0.4818,-1,-1,-1
152,19,891.20,438.48,82.00,240.19,0.4469,-1,-1,-1
153,2,715.50,435.40,122.86,341.33,0.8437,-1,-1,-1
153,5,831.37,445.45,89.18,271.38,0.7249,-1,-1,-1
153,3,539.78,437.71,167.91,458.27,0.7398,-1,-1,-1
153,12,1079.07,453.23,51.63,140.58,0.3180,-1,-1,-1
153,15,469.21,473.19,44.77,98.06,0.1949,-1,-1,-1
153,10,1194.11,451.35,39.95,96.84,0.4861,-1,-1,-1
153,19,892.02,437.36,81.99,172.11,0.2312,-1,-1,-1
154,2,717.30,435.46,122.54,341.11,0.8569,-1,-1,-1
154,5,832.48,448.61,87.42,274.34,0.6949,-1,-1,-1
154,3,537.60,433.70,164.89,461.91,0.7486,-1,-1,-1
154,12,1077.22,453.62,52.38,139.77,0.2058,-1,-1,-1
154,15,467.40,475.73,45.00,94.85,0.1713,-1,-1,-1
154,10,1193.46,451.52,38.61,96.17,0.5306,-1,-1,-1
154,19,894.19,436.56,76.83,223.57,0.5450,-1,-1,-1
155,2,719.27,436.20,123.17,340.67,0.8591,-1,-1,-1
155,5,833.49,448.23,87.09,278.13,0.6799,-1,-1,-1
155,3,533.06,433.54,167.85,462.89,0.7407,-1,-1,-1
155,12,1076.65,455.93,52.09,137.41,0.2679,-1,-1,-1
155,15,466.20,476.94,44.52,94.33,0.2757,-1,-1,-1
155,10,1192.41,452.00,38.14,96.14,0.5438,-1,-1,-1
155,19,896.82,436.52,74.89,237.22,0.6244,-1,-1,-1
156,2,721.86,434.40,121.69,341.94,0.8376,-1,-1,-1
156,5,834.35,445.69,88.43,282.47,0.6888,-1,-1,-1
156,3,531.47,434.09,165.81,462.50,0.7564,-1,-1,-1
156,12,1077.12,457.07,51.32,136.19,0.2940,-1,-1,-1
156,15,465.32,476.55,43.52,93.96,0.2782,-1,-1,-1
156,10,1191.44,450.24,37.10,96.99,0.5354,-1,-1,-1
156,19,899.28,436.91,71.53,245.64,0.5882,-1,-1,-1
157,2,723.06,433.68,125.37,342.20,0.8121,-1,-1,-1
157,5,837.33,444.78,87.93,282.77,0.6967,-1,-1,-1
157,3,529.51,434.43,166.08,462.87,0.7261,-1,-1,-1
157,12,1076.85,458.15,51.88,135.30,0.2786,-1,-1,-1
157,15,465.54,474.95,42.34,95.75,0.2347,-1,-1,-1
157,10,1190.81,452.44,34.78,94.98,0.4865,-1,-1,-1
157,19,902.53,437.31,71.10,250.07,0.4407,-1,-1,-1
157,21,660.62,439.39,85.48,340.80,0.4336,-1,-1,-1
158,2,725.89,433.22,128.43,341.61,0.7639,-1,-1,-1
158,5,841.14,444.63,90.13,284.21,0.7171,-1,-1,-1
158,3,529.84,432.55,168.01,464.84,0.7490,-1,-1,-1
158,12,1077.00,458.58,52.64,135.37,0.2950,-1,-1,-1
158,15,465.34,474.66,41.42,94.33,0.2608,-1,-1,-1
158,10,1191.12,456.80,31.55,90.50,0.3832,-1,-1,-1
158,19,905.77,438.64,70.08,180.62,0.4429,-1,-1,-1
158,21,664.16,438.43,82.36,343.20,0.5350,-1,-1,-1
159,2,730.83,434.69,128.88,339.60,0.7617,-1,-1,-1
159,5,843.83,444.81,87.62,285.51,0.7384,-1,-1,-1
159,3,524.52,431.68,174.41,464.98,0.7792,-1,-1,-1
159,12,1078.33,458.47,50.62,135.28,0.3050,-1,-1,-1
159,15,465.15,472.10,40.73,95.45,0.2072,-1,-1,-1
159,10,1190.82,456.74,30.53,89.78,0.2542,-1,-1,-1
159,19,902.37,441.33,83.66,226.80,0.4186,-1,-1,-1
159,21,667.16,437.47,82.46,345.09,0.5176,-1,-1,-1
160,2,736.77,431.85,122.07,343.04,0.7586,-1,-1,-1
160,5,845.61,446.63,86.10,282.89,0.7415,-1,-1,-1
160,3,525.86,432.14,171.70,462.99,0.7846,-1,-1,-1
160,12,1077.93,458.56,50.24,135.24,0.2994,-1,-1,-1
160,15,464.93,471.64,40.33,96.88,0.2207,-1,-1,-1
160,10,1190.46,456.19,30.57,89.59,0.1513,-1,-1,-1
160,19,902.32,441.27,90.23,247.19,0.1998,-1,-1,-1
160,21,668.86,437.56,81.75,345.83,0.5328,-1,-1,-1
160,6,913.46,439.03,69.10,142.67,0.3848,-1,-1,-1
161,2,740.71,430.38,118.87,344.90,0.7790,-1,-1,-1
161,5,847.44,447.48,86.65,281.88,0.7503,-1,-1,-1
161,3,526.81,433.83,170.70,459.51,0.7808,-1,-1,-1
161,12,1077.88,459.10,49.91,134.20,0.3065,-1,-1,-1
161,15,464.91,470.85,38.29,96.55,0.1985,-1,-1,-1
161,10,1189.58,456.48,30.99,88.40,0.1516,-1,-1,-1
161,21,669.00,439.42,82.76,347.22,0.6251,-1,-1,-1
161,6,916.40,439.87,69.32,143.54,0.4001,-1,-1,-1
162,2,743.96,429.72,116.85,347.74,0.7777,-1,-1,-1
162,5,848.92,448.68,88.40,282.10,0.7438,-1,-1,-1
162,3,525.71,433.16,176.40,460.08,0.7730,-1,-1,-1
162,12,1077.95,459.59,49.33,133.72,0.2257,-1,-1,-1
162,15,464.26,472.74,37.07,92.96,0.1573,-1,-1,-1
162,10,1189.33,455.22,30.08,88.61,0.2637,-1,-1,-1
162,21,669.93,440.43,82.34,349.94,0.6216,-1,-1,-1
162,6,917.19,441.19,76.58,142.40,0.3189,-1,-1,-1
163,2,746.23,431.01,115.95,347.70,0.7898,-1,-1,-1
163,5,851.32,449.47,91.26,282.18,0.7397,-1,-1,-1
163,3,527.00,432.74,178.77,461.79,0.8001,-1,-1,-1
163,12,1078.78,460.16,48.32,132.94,0.2130,-1,-1,-1
163,10,1188.98,447.67,30.14,97.36,0.4376,-1,-1,-1
163,21,671.00,440.61,81.33,358.06,0.5954,-1,-1,-1
163,19,919.18,440.86,82.83,256.88,0.5742,-1,-1,-1
164,2,748.88,431.46,115.87,350.32,0.7862,-1,-1,-1
164,5,852.69,449.83,98.15,283.18,0.7082,-1,-1,-1
164,3,527.09,431.73,183.19,465.54,0.7893,-1,-1,-1
164,12,1079.82,461.17,47.69,131.65,0.2826,-1,-1,-1
164,10,1187.49,444.57,31.04,100.32,0.5071,-1,-1,-1
164,21,671.72,439.46,83.32,362.12,0.5992,-1,-1,-1
164,23,1137.97,437.99,45.97,108.18,0.3954,-1,-1,-1
164,19,922.18,440.91,82.85,256.09,0.5590,-1,-1,-1
165,2,749.87,430.78,116.07,352.29,0.7889,-1,-1,-1
165,5,854.96,450.59,107.66,282.71,0.6620,-1,-1,-1
165,3,528.07,431.30,187.21,468.26,0.8058,-1,-1,-1
165,12,1079.73,461.10,48.57,131.93,0.2439,-1,-1,-1
165,10,1186.81,451.88,30.70,93.27,0.3326,-1,-1,-1
165,21,672.57,440.83,87.84,352.57,0.6941,-1,-1,-1
165,23,1143.41,442.63,39.85,102.37,0.2555,-1,-1,-1
165,19,922.25,440.04,85.25,258.94,0.5203,-1,-1,-1
166,2,751.25,430.68,116.05,355.57,0.7907,-1,-1,-1
166,5,856.60,452.90,108.77,283.94,0.6403,-1,-1,-1
166,3,528.39,431.43,190.26,470.52,0.7936,-1,-1,-1
166,12,1079.65,458.53,49.37,134.83,0.2465,-1,-1,-1
166,10,1186.47,455.46,31.09,90.00,0.2954,-1,-1,-1
166,21,673.37,441.68,90.77,351.54,0.7231,-1,-1,-1
166,23,1145.09,443.45,40.13,101.49,0.2402,-1,-1,-1
166,19,926.38,437.48,81.90,257.01,0.5081,-1,-1,-1
167,2,751.55,431.04,116.21,356.43,0.7970,-1,-1,-1
167,5,859.40,451.10,120.69,283.64,0.7057,-1,-1,-1
167,3,529.70,432.21,194.50,471.36,0.8015,-1,-1,-1
167,12,1079.33,457.32,50.07,136.53,0.2493,-1,-1,-1
167,10,1186.29,457.72,31.64,88.94,0.2275,-1,-1,-1
167,21,674.22,441.91,91.24,351.78,0.7099,-1,-1,-1
167,23,1146.04,443.53,39.91,102.30,0.2481,-1,-1,-1
167,19,931.19,437.07,77.63,252.06,0.5915,-1,-1,-1
168,2,752.77,432.11,116.18,356.93,0.7932,-1,-1,-1
168,5,861.80,448.19,126.59,285.94,0.7508,-1,-1,-1
168,3,530.93,433.65,205.74,469.24,0.8078,-1,-1,-1
168,12,1078.97,457.60,50.12,135.97,0.2531,-1,-1,-1
168,10,1186.69,456.15,29.48,89.76,0.1898,-1,-1,-1
168,21,674.61,442.38,91.14,353.57,0.7275,-1,-1,-1
168,23,1146.04,442.01,44.13,103.15,0.3475,-1,-1,-1
168,19,936.71,435.67,73.87,246.92,0.5948,-1,-1,-1
169,2,753.59,433.84,115.26,356.17,0.8000,-1,-1,-1
169,5,864.12,447.03,124.02,288.25,0.7802,-1,-1,-1
169,3,531.65,430.29,218.34,471.25,0.8083,-1,-1,-1
169,12,1078.84,456.50,49.94,137.48,0.2563,-1,-1,-1
169,10,1186.88,457.60,28.45,88.29,0.1682,-1,-1,-1
169,21,675.74,442.60,90.66,354.82,0.7357,-1,-1,-1
169,23,1147.13,441.26,44.37,103.72,0.3553,-1,-1,-1
169,19,941.70,434.98,69.86,241.25,0.5910,-1,-1,-1
170,2,755.82,434.79,114.46,356.06,0.7813,-1,-1,-1
170,5,868.06,446.43,120.81,289.95,0.7986,-1,-1,-1
170,3,531.94,429.63,229.73,471.39,0.8298,-1,-1,-1
170,12,1078.50,456.21,50.36,137.59,0.2526,-1,-1,-1
170,10,1186.70,455.32,29.84,90.30,0.1736,-1,-1,-1
170,21,677.48,442.44,88.90,356.12,0.7286,-1,-1,-1
170,23,1147.61,442.22,44.62,102.91,0.4360,-1,-1,-1
170,19,944.20,434.65,69.42,236.51,0.6174,-1,-1,-1
171,2,757.61,435.37,113.04,350.87,0.7893,-1,-1,-1
171,5,870.57,446.52,118.63,291.28,0.7921,-1,-1,-1
171,3,533.75,429.99,237.81,471.16,0.8573,-1,-1,-1
171,12,1079.26,454.74,49.76,138.66,0.2232,-1,-1,-1
171,10,1187.22,455.15,29.70,90.18,0.1919,-1,-1,-1
171,21,678.13,442.37,89.68,359.63,0.7302,-1,-1,-1
171,23,1146.91,444.16,46.11,101.10,0.4402,-1,-1,-1
171,19,946.60,435.78,70.64,243.43,0.6679,-1,-1,-1
172,2,759.97,436.19,115.60,347.64,0.8126,-1,-1,-1
172,5,871.19,447.05,118.45,291.40,0.7949,-1,-1,-1
172,3,535.73,432.35,240.54,470.56,0.8475,-1,-1,-1
172,12,1079.74,454.35,49.56,139.56,0.2854,-1,-1,-1
172,10,1188.09,458.89,29.51,86.66,0.1646,-1,-1,-1
172,21,679.85,444.27,86.46,358.15,0.7012,-1,-1,-1
172,23,1147.23,445.40,44.25,100.47,0.4060,-1,-1,-1
172,19,950.40,435.75,72.95,248.59,0.6845,-1,-1,-1
173,2,761.80,437.15,117.07,345.50,0.8189,-1,-1,-1
173,5,872.91,445.57,117.76,293.34,0.7876,-1,-1,-1
173,3,537.62,432.41,236.50,470.24,0.8566,-1,-1,-1
173,12,1083.88,454.65,46.31,140.17,0.3412,-1,-1,-1
173,21,681.22,446.10,88.32,352.65,0.6246,-1,-1,-1
173,23,1147.54,446.31,41.99,100.10,0.3464,-1,-1,-1
173,19,952.28,435.08,75.04,255.19,0.6619,-1,-1,-1
174,2,762.58,438.76,119.74,347.71,0.8226,-1,-1,-1
174,5,874.76,444.97,118.42,294.01,0.7878,-1,-1,-1
174,3,541.55,432.63,233.19,471.67,0.8521,-1,-1,-1
174,12,1084.54,455.13,46.41,140.33,0.4155,-1,-1,-1
174,21,685.56,449.59,85.45,349.69,0.4761,-1,-1,-1
174,23,1148.53,448.32,40.68,98.59,0.2836,-1,-1,-1
174,19,954.41,435.65,74.63,257.83,0.6314,-1,-1,-1
175,2,766.36,439.66,117.97,349.70,0.8433,-1,-1,-1
175,5,876.41,444.30,117.44,294.57,0.7923,-1,-1,-1
175,3,548.39,433.49,227.85,471.61,0.8354,-1,-1,-1
175,12,1084.85,455.86,45.85,139.91,0.3239,-1,-1,-1
175,21,693.69,464.01,80.45,338.25,0.2060,-1,-1,-1
175,23,1150.50,451.94,50.40,95.57,0.4231,-1,-1,-1
175,19,957.35,435.53,75.52,259.91,0.6017,-1,-1,-1
176,2,768.03,441.18,116.16,354.24,0.8303,-1,-1,-1
176,5,877.95,443.86,115.72,294.73,0.7982,-1,-1,-1
176,3,556.59,433.15,219.38,474.16,0.7967,-1,-1,-1
176,12,1082.68,455.54,47.81,139.97,0.3483,-1,-1,-1
176,23,1152.95,455.17,52.14,91.44,0.4386,-1,-1,-1
176,19,960.33,435.02,79.47,259.43,0.5877,-1,-1,-1
177,2,768.44,441.30,117.57,355.29,0.8228,-1,-1,-1
177,5,880.29,445.49,115.16,293.07,0.7896,-1,-1,-1
177,3,558.68,435.68,216.32,473.10,0.7981,-1,-1,-1
177,12,1083.54,454.87,46.84,140.34,0.2485,-1,-1,-1
177,23,1155.18,451.93,51.33,96.06,0.3971,-1,-1,-1
177,19,962.58,434.67,83.05,260.86,0.5191,-1,-1,-1
178,2,772.44,440.88,113.48,356.12,0.8093,-1,-1,-1
178,5,885.76,446.91,110.83,290.87,0.7653,-1,-1,-1
178,3,561.44,434.22,214.36,474.56,0.8391,-1,-1,-1
178,12,1080.80,452.54,49.42,142.58,0.2775,-1,-1,-1
178,23,1155.26,448.58,47.81,98.50,0.4757,-1,-1,-1
178,19,963.61,433.53,89.89,264.34,0.4588,-1,-1,-1
179,2,774.53,439.83,113.48,355.71,0.7900,-1,-1,-1
179,5,890.36,446.03,106.91,291.92,0.7731,-1,-1,-1
179,3,568.90,433.12,207.57,476.99,0.8621,-1,-1,-1
179,12,1078.37,453.77,50.32,140.88,0.2657,-1,-1,-1
179,23,1157.10,450.76,45.81,96.81,0.4628,-1,-1,-1
179,19,964.91,434.49,93.42,264.23,0.5241,-1,-1,-1
180,2,777.09,438.62,116.93,357.35,0.7650,-1,-1,-1
180,5,895.47,445.35,101.49,292.83,0.7768,-1,-1,-1
180,3,575.82,431.08,200.98,479.00,0.8398,-1,-1,-1
180,12,1078.57,453.08,50.34,141.45,0.3250,-1,-1,-1
180,23,1157.89,450.31,42.00,97.65,0.4493,-1,-1,-1
180,19,968.74,434.38,101.52,262.64,0.4870,-1,-1,-1
180,24,465.26,464.11,38.81,111.70,0.4749,-1,-1,-1
181,2,778.92,437.04,116.21,358.30,0.7561,-1,-1,-1
181,5,901.48,444.01,97.34,295.10,0.7274,-1,-1,-1
181,3,581.54,426.25,197.07,484.63,0.8644,-1,-1,-1
181,12,1078.51,447.58,51.47,148.56,0.3515,-1,-1,-1
181,23,1157.02,446.68,41.10,100.23,0.4796,-1,-1,-1
181,19,971.46,436.22,94.73,263.38,0.6198,-1,-1,-1
181,24,466.55,467.02,37.34,107.70,0.3700,-1,-1,-1
181,25,571.38,449.11,58.86,110.74,0.4074,-1,-1,-1
182,2,781.01,435.82,116.36,362.60,0.7532,-1,-1,-1
182,5,910.19,445.21,91.32,296.38,0.7131,-1,-1,-1
182,3,583.96,424.52,197.63,486.29,0.8653,-1,-1,-1
182,12,1080.50,445.42,50.45,151.65,0.3731,-1,-1,-1
182,23,1157.56,446.62,38.77,100.15,0.5444,-1,-1,-1
182,19,976.29,435.40,90.90,267.27,0.6126,-1,-1,-1
182,24,467.10,470.91,37.30,103.55,0.4217,-1,-1,-1
182,25,571.08,445.20,59.08,119.61,0.4491,-1,-1,-1
183,2,783.19,434.81,117.55,366.18,0.7696,-1,-1,-1
183,5,916.09,443.63,89.94,297.85,0.7462,-1,-1,-1
183,3,587.29,424.39,195.41,486.54,0.8582,-1,-1,-1
183,12,1081.97,444.75,49.32,152.44,0.3268,-1,-1,-1
183,23,1158.30,448.41,36.53,98.35,0.5410,-1,-1,-1
183,19,980.06,436.55,88.12,263.09,0.6249,-1,-1,-1
183,24,466.77,472.46,38.50,102.67,0.3813,-1,-1,-1
183,25,570.57,446.94,60.11,129.65,0.4808,-1,-1,-1
184,2,784.41,434.03,118.35,367.81,0.7830,-1,-1,-1
184,5,922.91,441.92,87.10,299.31,0.7692,-1,-1,-1
184,3,591.17,425.18,192.50,485.38,0.8523,-1,-1,-1
184,12,1082.45,442.62,50.04,154.38,0.3377,-1,-1,-1
184,23,1156.21,450.25,39.09,98.01,0.6060,-1,-1,-1
184,19,983.06,439.35,86.43,250.86,0.6324,-1,-1,-1
184,24,466.37,472.84,38.74,102.21,0.4028,-1,-1,-1
184,25,571.23,444.37,59.78,145.46,0.4367,-1,-1,-1
185,2,786.12,434.30,118.35,369.06,0.7813,-1,-1,-1
185,5,926.29,441.52,86.03,302.16,0.7593,-1,-1,-1
185,3,597.86,426.86,187.30,483.53,0.8411,-1,-1,-1
185,12,1082.19,439.14,50.67,158.04,0.3230,-1,-1,-1
185,23,1156.04,451.42,39.46,95.88,0.5557,-1,-1,-1
185,19,986.16,440.66,85.32,252.17,0.6331,-1,-1,-1
185,24,466.44,474.77,40.08,100.87,0.4632,-1,-1,-1
185,25,571.03,444.33,61.29,156.81,0.4480,-1,-1,-1
186,2,787.12,434.72,116.28,368.39,0.8030,-1,-1,-1
186,5,929.16,443.88,85.19,304.85,0.7449,-1,-1,-1
186,3,602.94,426.23,184.49,484.05,0.8439,-1,-1,-1
186,12,1079.31,442.18,51.32,153.95,0.2457,-1,-1,-1
186,23,1154.49,449.06,43.46,97.73,0.5949,-1,-1,-1
186,19,988.97,442.17,84.53,245.80,0.5734,-1,-1,-1
186,24,467.04,477.37,41.00,98.39,0.4710,-1,-1,-1
186,25,571.37,439.31,58.38,172.76,0.4865,-1,-1,-1
187,2,789.85,435.04,114.63,368.33,0.8032,-1,-1,-1
187,5,930.19,444.76,88.44,307.11,0.7313,-1,-1,-1
187,3,608.53,427.55,179.42,484.05,0.8413,-1,-1,-1
187,12,1077.35,442.16,52.62,153.95,0.2560,-1,-1,-1
187,23,1155.02,450.07,44.35,96.24,0.5451,-1,-1,-1
187,19,994.30,442.58,82.81,249.56,0.6257,-1,-1,-1
187,24,467.12,477.76,41.34,97.95,0.4649,-1,-1,-1
187,25,572.09,435.20,57.06,178.00,0.4807,-1,-1,-1
188,2,792.28,434.68,114.27,365.98,0.8118,-1,-1,-1
188,5,932.59,442.75,91.36,309.76,0.6872,-1,-1,-1
188,3,610.56,426.80,179.53,491.95,0.8356,-1,-1,-1
188,12,1086.94,441.32,44.92,154.39,0.2255,-1,-1,-1
188,23,1155.93,451.51,43.35,95.95,0.5012,-1,-1,-1
188,19,997.84,443.91,80.21,249.71,0.5066,-1,-1,-1
188,24,467.43,478.32,39.00,96.93,0.3654,-1,-1,-1
188,25,571.28,434.07,59.59,182.82,0.4445,-1,-1,-1
189,2,794.66,433.58,112.71,367.48,0.8099,-1,-1,-1
189,5,934.10,442.05,101.43,311.61,0.7792,-1,-1,-1
189,3,612.62,426.20,178.48,501.27,0.7962,-1,-1,-1
189,12,1091.32,441.71,41.38,154.04,0.2089,-1,-1,-1
189,23,1156.43,448.17,42.95,99.44,0.4804,-1,-1,-1
189,19,1004.09,440.01,81.58,261.18,0.5326,-1,-1,-1
189,24,466.74,477.53,39.77,98.41,0.4110,-1,-1,-1
189,25,570.23,433.12,59.38,183.49,0.5291,-1,-1,-1
190,2,796.93,432.74,116.46,371.21,0.8020,-1,-1,-1
190,5,936.94,442.53,107.19,310.81,0.7576,-1,-1,-1
190,3,616.37,426.21,180.63,509.06,0.7027,-1,-1,-1
190,12,1084.54,442.59,46.24,154.14,0.2760,-1,-1,-1
190,23,1153.90,448.87,45.10,99.31,0.4190,-1,-1,-1
190,19,1009.19,440.41,79.98,265.81,0.4660,-1,-1,-1
190,24,467.62,477.34,38.28,98.40,0.3895,-1,-1,-1
190,25,569.88,436.83,61.47,178.09,0.5407,-1,-1,-1
191,2,799.07,432.54,116.01,371.63,0.7812,-1,-1,-1
191,5,940.83,443.18,112.98,311.00,0.7602,-1,-1,-1
191,3,620.31,425.96,179.08,515.25,0.7480,-1,-1,-1
191,12,1083.92,441.79,46.72,155.85,0.2237,-1,-1,-1
191,23,1152.94,446.77,47.79,101.43,0.4997,-1,-1,-1
191,19,1012.13,437.30,78.22,271.75,0.3278,-1,-1,-1
191,24,466.24,477.49,36.81,97.98,0.3550,-1,-1,-1
191,25,569.06,443.50,60.91,173.46,0.5806,-1,-1,-1
192,2,800.86,430.18,115.56,377.76,0.7872,-1,-1,-1
192,5,943.57,447.18,114.29,306.71,0.7596,-1,-1,-1
192,3,624.68,426.21,177.04,523.69,0.7261,-1,-1,-1
192,12,1086.44,441.89,44.11,156.39,0.2352,-1,-1,-1
192,23,1151.14,447.09,49.57,101.67,0.4779,-1,-1,-1
192,19,1012.20,436.18,82.63,276.50,0.2961,-1,-1,-1
192,24,465.15,477.30,36.49,97.32,0.3432,-1,-1,-1
192,25,568.40,443.03,63.41,174.12,0.5893,-1,-1,-1
193,2,803.05,427.24,113.40,380.32,0.7856,-1,-1,-1
193,5,945.38,444.20,115.37,310.06,0.7562,-1,-1,-1
193,3,630.39,426.72,170.40,527.44,0.7651,-1,-1,-1
193,23,1149.77,443.77,50.08,105.09,0.4479,-1,-1,-1
193,19,1015.15,437.15,89.06,268.26,0.5394,-1,-1,-1
193,24,463.99,477.78,38.31,97.51,0.3080,-1,-1,-1
193,25,569.56,442.72,62.92,174.44,0.6290,-1,-1,-1
194,2,804.73,425.39,117.14,383.21,0.7887,-1,-1,-1
194,5,947.23,443.78,111.26,310.69,0.7485,-1,-1,-1
194,3,633.00,425.85,177.00,536.47,0.7597,-1,-1,-1
194,23,1148.33,446.86,47.26,101.76,0.3700,-1,-1,-1
194,19,1016.74,434.93,94.02,274.70,0.6467,-1,-1,-1
194,24,461.73,476.46,37.42,99.39,0.3320,-1,-1,-1
194,25,570.14,442.49,62.85,175.63,0.6701,-1,-1,-1
195,2,805.74,424.29,123.49,383.36,0.7893,-1,-1,-1
195,5,946.99,446.82,115.02,309.53,0.7594,-1,-1,-1
195,3,636.57,423.50,177.69,540.73,0.7846,-1,-1,-1
195,23,1147.52,445.07,43.33,103.31,0.4055,-1,-1,-1
195,19,1020.52,433.69,95.51,277.68,0.6928,-1,-1,-1
195,24,459.26,474.56,43.62,100.57,0.2969,-1,-1,-1
195,25,569.81,441.76,63.82,176.41,0.6823,-1,-1,-1
196,2,807.41,425.44,132.03,381.47,0.8252,-1,-1,-1
196,5,947.72,448.44,115.60,308.75,0.7277,-1,-1,-1
196,3,642.63,423.97,173.58,539.18,0.8008,-1,-1,-1
196,23,1146.52,441.87,43.02,106.14,0.4140,-1,-1,-1
196,19,1025.06,432.56,96.44,279.94,0.6813,-1,-1,-1
196,24,457.02,473.59,45.25,101.67,0.3467,-1,-1,-1
196,25,569.83,442.41,64.93,175.79,0.6702,-1,-1,-1
196,26,512.62,439.78,38.72,121.72,0.4384,-1,-1,-1
197,2,809.76,426.91,143.39,380.05,0.8148,-1,-1,-1
197,5,951.08,447.60,112.79,309.86,0.7521,-1,-1,-1
197,3,646.34,422.46,166.96,548.51,0.8227,-1,-1,-1
197,23,1146.04,443.28,42.83,104.57,0.3625,-1,-1,-1
197,19,1029.75,431.75,96.15,281.44,0.4687,-1,-1,-1
197,24,455.82,471.70,44.74,103.56,0.3353,-1,-1,-1
197,25,569.61,441.38,66.36,176.01,0.6704,-1,-1,-1
197,26,512.88,439.85,38.64,121.30,0.4479,-1,-1,-1
198,2,813.18,430.93,149.62,376.44,0.8300,-1,-1,-1
198,5,957.09,447.51,107.56,311.06,0.7684,-1,-1,-1
198,3,649.62,422.75,164.68,544.56,0.8327,-1,-1,-1
198,23,1146.27,441.52,42.72,106.31,0.3867,-1,-1,-1
198,19,1035.68,432.85,93.43,281.03,0.6463,-1,-1,-1
198,24,457.62,471.54,39.92,103.36,0.3180,-1,-1,-1
198,25,570.23,441.70,66.67,175.67,0.6825,-1,-1,-1
198,26,515.27,443.61,36.94,118.63,0.3386,-1,-1,-1
199,2,816.08,432.72,156.31,375.65,0.8462,-1,-1,-1
199,5,964.00,447.89,104.92,312.59,0.7579,-1,-1,-1
199,3,649.54,423.24,169.84,541.64,0.8391,-1,-1,-1
199,23,1145.10,443.15,40.93,105.33,0.3753,-1,-1,-1
199,19,1040.14,435.89,92.98,280.12,0.6363,-1,-1,-1
199,24,457.07,472.03,38.80,103.27,0.2778,-1,-1,-1
199,25,571.46,443.29,65.05,173.48,0.6889,-1,-1,-1
199,26,514.86,447.24,37.09,115.52,0.3015,-1,-1,-1
200,2,817.48,434.96,159.10,374.70,0.8428,-1,-1,-1
200,5,969.53,448.50,103.43,312.12,0.7222,-1,-1,-1
200,3,651.77,422.59,171.58,541.34,0.8591,-1,-1,-1
200,23,1145.20,442.36,37.33,106.50,0.3228,-1,-1,-1
200,19,1042.67,434.43,93.56,283.94,0.6060,-1,-1,-1
200,24,456.34,469.48,37.06,100.90,0.2897,-1,-1,-1
200,25,571.80,445.57,64.81,171.71,0.6774,-1,-1,-1
200,26,512.69,445.26,38.02,116.77,0.3387,-1,-1,-1
201,2,820.09,436.86,159.22,373.89,0.8391,-1,-1,-1
201,5,977.46,450.79,94.95,310.25,0.7078,-1,-1,-1
201,3,656.80,422.87,173.03,539.66,0.8444,-1,-1,-1
201,23,1143.17,440.81,36.63,108.38,0.3227,-1,-1,-1
201,19,1047.17,435.45,92.73,287.24,0.6138,-1,-1,-1
201,24,454.63,468.08,37.67,105.39,0.2769,-1,-1,-1
201,25,573.20,444.78,63.94,170.81,0.6634,-1,-1,-1
201,26,510.83,441.68,39.43,120.14,0.2783,-1,-1,-1
202,2,822.14,437.61,156.80,374.75,0.8451,-1,-1,-1
202,5,985.11,449.94,90.47,312.46,0.7740,-1,-1,-1
202,3,658.50,421.78,177.28,542.11,0.8547,-1,-1,-1
202,23,1142.06,438.97,35.33,109.49,0.3477,-1,-1,-1
202,19,1050.21,436.06,94.67,284.03,0.6833,-1,-1,-1
202,24,453.89,471.29,36.25,100.82,0.2488,-1,-1,-1
202,25,573.19,446.43,65.69,168.84,0.6782,-1,-1,-1
202,26,511.86,439.52,38.58,121.77,0.2161,-1,-1,-1
203,2,823.90,437.90,153.66,375.64,0.8437,-1,-1,-1
203,5,988.66,449.72,91.87,313.87,0.7718,-1,-1,-1
203,3,665.72,424.73,175.63,547.39,0.8226,-1,-1,-1
203,23,1142.99,437.44,33.03,110.24,0.2441,-1,-1,-1
203,19,1053.80,434.92,95.10,283.70,0.6936,-1,-1,-1
203,24,451.80,473.58,40.54,100.01,0.2248,-1,-1,-1
203,25,573.55,444.56,67.47,170.82,0.7084,-1,-1,-1
203,26,509.56,439.54,40.41,122.54,0.3402,-1,-1,-1
204,2,824.87,437.59,152.20,376.01,0.8426,-1,-1,-1
204,5,992.07,449.47,91.96,315.86,0.7720,-1,-1,-1
204,3,664.94,424.16,179.56,555.61,0.8434,-1,-1,-1
204,23,1145.10,438.86,30.89,107.64,0.1520,-1,-1,-1
204,19,1059.54,434.76,90.74,283.55,0.6989,-1,-1,-1
204,24,451.43,473.14,41.99,101.61,0.2985,-1,-1,-1
204,25,575.75,448.15,66.06,167.53,0.7258,-1,-1,-1
204,26,510.13,446.04,38.84,116.07,0.1523,-1,-1,-1
205,2,825.83,435.08,151.65,378.34,0.8316,-1,-1,-1
205,5,995.10,448.15,93.03,317.03,0.7866,-1,-1,-1
205,3,668.85,424.06,176.95,564.98,0.8479,-1,-1,-1
205,19,1063.57,438.01,88.43,279.03,0.7156,-1,-1,-1
205,24,450.80,474.07,42.66,101.15,0.3196,-1,-1,-1
205,25,575.65,447.00,66.20,169.50,0.7471,-1,-1,-1
205,26,509.80,444.57,39.04,117.68,0.2069,-1,-1,-1
206,2,829.52,435.41,149.80,377.66,0.8325,-1,-1,-1
206,5,999.78,447.81,92.58,317.52,0.7752,-1,-1,-1
206,3,673.58,423.21,173.95,569.71,0.8387,-1,-1,-1
206,19,1066.30,436.88,87.06,281.30,0.6803,-1,-1,-1
206,24,450.70,475.01,42.49,98.41,0.2303,-1,-1,-1
206,25,575.91,447.03,66.77,170.43,0.7256,-1,-1,-1
206,26,510.24,442.50,39.23,119.99,0.2853,-1,-1,-1
207,2,831.27,435.48,149.54,377.16,0.8277,-1,-1,-1
207,5,1005.49,448.52,94.18,315.17,0.7190,-1,-1,-1
207,3,676.37,420.62,173.33,573.76,0.8416,-1,-1,-1
207,19,1073.00,435.62,81.20,284.19,0.6521,-1,-1,-1
207,24,450.53,473.22,40.47,97.36,0.2641,-1,-1,-1
207,25,579.09,452.91,64.68,164.48,0.7392,-1,-1,-1
207,26,510.31,447.64,39.38,113.97,0.2337,-1,-1,-1
208,2,833.24,434.87,148.59,379.07,0.8235,-1,-1,-1
208,5,1009.22,450.13,92.87,311.88,0.6928,-1,-1,-1
208,3,679.33,420.24,172.41,574.07,0.8344,-1,-1,-1
208,19,1076.83,434.07,77.23,297.85,0.5924,-1,-1,-1
208,24,448.61,470.74,40.68,101.56,0.2039,-1,-1,-1
208,25,580.93,454.30,63.62,163.38,0.7303,-1,-1,-1
208,26,510.35,445.76,40.04,115.73,0.3971,-1,-1,-1
208,27,1187.39,447.75,40.35,102.75,0.4092,-1,-1,-1
209,2,836.73,430.86,147.02,383.04,0.8072,-1,-1,-1
209,5,1011.88,446.66,123.27,316.04,0.6000,-1,-1,-1
209,3,683.30,416.96,171.26,577.73,0.8191,-1,-1,-1
209,19,1082.63,433.69,77.04,288.14,0.6134,-1,-1,-1
209,24,447.71,471.13,41.00,101.92,0.1575,-1,-1,-1
209,25,582.24,456.73,65.43,161.02,0.7434,-1,-1,-1
209,26,510.69,444.62,40.53,117.08,0.4147,-1,-1,-1
209,27,1188.70,448.43,40.27,103.01,0.4840,-1,-1,-1
210,2,839.95,428.52,147.84,385.55,0.8139,-1,-1,-1
210,5,1016.29,444.61,141.08,318.58,0.8153,-1,-1,-1
210,3,686.06,415.82,171.52,578.72,0.7953,-1,-1,-1
210,19,1087.12,433.66,78.93,270.22,0.2476,-1,-1,-1
210,24,445.41,473.83,41.36,99.37,0.1799,-1,-1,-1
210,25,584.07,457.27,66.60,160.09,0.7273,-1,-1,-1
210,26,510.76,443.08,40.47,118.03,0.4129,-1,-1,-1
210,27,1189.97,445.97,40.02,106.15,0.4822,-1,-1,-1
211,2,845.69,429.66,148.83,386.21,0.7886,-1,-1,-1
211,5,1019.47,443.70,152.74,319.75,0.8009,-1,-1,-1
211,3,686.31,418.55,174.05,576.44,0.8111,-1,-1,-1
211,19,1090.12,433.35,82.47,261.01,0.3131,-1,-1,-1
211,25,584.86,453.57,69.67,163.53,0.7424,-1,-1,-1
211,26,510.71,441.78,40.26,119.31,0.4342,-1,-1,-1
211,27,1191.86,445.13,38.89,107.52,0.4638,-1,-1,-1
212,2,851.60,430.31,147.53,386.20,0.7877,-1,-1,-1
212,5,1021.17,444.68,160.77,319.69,0.7908,-1,-1,-1
212,3,688.18,416.41,173.58,578.42,0.8253,-1,-1,-1
212,19,1095.83,430.73,81.23,253.51,0.3566,-1,-1,-1
212,25,587.15,451.92,68.57,164.48,0.7130,-1,-1,-1
212,26,510.89,440.65,40.70,120.02,0.4644,-1,-1,-1
212,27,1193.24,446.46,38.62,105.94,0.5080,-1,-1,-1
213,2,860.47,430.53,141.46,386.73,0.8084,-1,-1,-1
213,5,1021.59,446.95,164.43,319.07,0.8070,-1,-1,-1
213,3,688.72,414.52,176.29,579.75,0.8219,-1,-1,-1
213,19,1099.87,432.83,79.93,265.71,0.5042,-1,-1,-1
213,25,588.13,452.26,68.27,164.57,0.7386,-1,-1,-1
213,26,510.79,439.47,41.36,121.07,0.4534,-1,-1,-1
213,27,1194.50,446.82,38.03,104.06,0.3674,-1,-1,-1
214,2,869.12,429.66,137.83,385.95,0.8161,-1,-1,-1
214,5,1021.35,447.98,166.10,319.34,0.7731,-1,-1,-1
214,3,690.14,413.69,175.93,580.06,0.8243,-1,-1,-1
214,19,1104.96,431.55,78.76,274.29,0.5417,-1,-1,-1
214,25,589.25,451.39,67.63,166.41,0.7263,-1,-1,-1
214,26,510.50,439.15,42.33,121.01,0.4716,-1,-1,-1
214,27,1195.30,445.58,39.96,104.08,0.3775,-1,-1,-1
215,2,877.38,429.20,130.50,387.09,0.8100,-1,-1,-1
215,5,1021.52,447.13,164.03,321.09,0.8162,-1,-1,-1
215,3,692.92,412.09,176.08,582.14,0.8177,-1,-1,-1
215,19,1111.67,427.73,77.32,286.25,0.5563,-1,-1,-1
215,25,591.01,453.95,66.96,163.63,0.6827,-1,-1,-1
215,26,510.35,438.48,42.81,121.42,0.4794,-1,-1,-1
215,27,1197.19,441.98,40.89,108.60,0.3527,-1,-1,-1
216,2,882.21,427.79,126.58,388.62,0.8191,-1,-1,-1
216,5,1022.05,446.37,167.04,323.42,0.8255,-1,-1,-1
216,3,695.25,414.00,176.36,580.07,0.7932,-1,-1,-1
216,19,1120.18,429.47,71.09,288.42,0.4635,-1,-1,-1
216,25,593.87,455.54,65.58,165.56,0.6859,-1,-1,-1
216,26,510.14,438.09,43.18,121.27,0.4927,-1,-1,-1
216,27,1198.85,440.26,41.17,111.34,0.4078,-1,-1,-1
217,2,884.59,428.40,125.18,390.86,0.8150,-1,-1,-1
217,5,1023.95,446.46,166.51,323.28,0.7895,-1,-1,-1
217,3,694.99,413.42,180.64,580.13,0.7478,-1,-1,-1
217,19,1126.42,430.65,64.18,226.60,0.3324,-1,-1,-1
217,25,595.21,457.08,65.65,165.57,0.7144,-1,-1,-1
217,26,509.84,438.06,43.36,120.97,0.4860,-1,-1,-1
217,27,1199.65,437.87,42.03,113.73,0.4759,-1,-1,-1
218,2,887.71,427.49,124.72,395.25,0.8201,-1,-1,-1
218,5,1027.61,442.67,163.75,327.47,0.7870,-1,-1,-1
218,3,697.93,411.29,184.24,582.76,0.7672,-1,-1,-1
218,19,1134.45,434.20,57.40,197.52,0.2385,-1,-1,-1
218,25,597.59,457.73,64.80,165.30,0.6991,-1,-1,-1
218,26,509.33,438.91,42.80,120.28,0.5039,-1,-1,-1
218,27,1201.31,440.03,42.96,111.83,0.4353,-1,-1,-1
219,2,890.25,426.05,126.56,400.16,0.8410,-1,-1,-1
219,5,1035.49,438.82,155.62,331.05,0.7946,-1,-1,-1
219,3,701.30,411.09,186.55,582.81,0.7603,-1,-1,-1
219,25,596.45,460.26,65.50,165.38,0.6767,-1,-1,-1
219,26,509.08,439.03,42.87,119.96,0.5118,-1,-1,-1
219,27,1202.07,439.40,43.49,112.27,0.4272,-1,-1,-1
220,2,892.58,425.92,126.98,405.21,0.8421,-1,-1,-1
220,5,1044.33,438.75,147.51,330.85,0.8069,-1,-1,-1
220,3,708.86,409.99,191.08,583.30,0.8119,-1,-1,-1
220,25,596.92,461.34,65.41,165.04,0.7004,-1,-1,-1
220,26,508.73,438.65,43.13,120.21,0.5423,-1,-1,-1
220,27,1206.09,444.22,41.04,106.89,0.3052,-1,-1,-1
221,2,895.71,424.98,128.14,407.97,0.8385,-1,-1,-1
221,5,1052.74,438.47,140.01,331.07,0.8091,-1,-1,-1
221,3,714.54,410.27,205.62,583.83,0.8603,-1,-1,-1
221,25,598.22,460.92,63.04,163.93,0.7229,-1,-1,-1
221,26,508.87,439.18,42.81,120.33,0.5022,-1,-1,-1
221,27,1207.38,451.39,42.10,99.24,0.1571,-1,-1,-1
221,19,1149.66,436.50,66.78,281.66,0.5505,-1,-1,-1
222,2,897.14,424.83,130.03,409.32,0.8378,-1,-1,-1
222,5,1064.70,439.31,128.39,330.30,0.8168,-1,-1,-1
222,3,716.91,410.41,219.35,584.07,0.8615,-1,-1,-1
222,25,600.30,461.21,60.14,163.40,0.7402,-1,-1,-1
222,26,508.86,439.09,42.53,120.86,0.4930,-1,-1,-1
222,19,1154.74,433.51,75.63,294.90,0.5995,-1,-1,-1
223,2,899.98,426.42,129.96,411.04,0.8240,-1,-1,-1
223,5,1077.80,439.30,115.47,331.04,0.7983,-1,-1,-1
223,3,717.70,407.52,239.38,587.40,0.8501,-1,-1,-1
223,25,601.45,459.14,58.76,166.92,0.6914,-1,-1,-1
223,26,507.69,439.45,44.63,121.00,0.4913,-1,-1,-1
223,19,1166.16,430.03,70.34,303.41,0.2282,-1,-1,-1
224,2,901.67,427.33,128.53,412.82,0.8210,-1,-1,-1
224,5,1093.23,440.63,108.23,333.05,0.7631,-1,-1,-1
224,3,721.29,406.75,256.09,587.14,0.8502,-1,-1,-1
224,25,603.37,459.46,57.04,165.61,0.6902,-1,-1,-1
224,26,507.17,439.93,45.94,120.78,0.5187,-1,-1,-1
224,19,1174.54,435.72,64.22,298.53,0.1636,-1,-1,-1
225,2,903.39,428.01,128.81,414.39,0.8178,-1,-1,-1
225,5,1102.70,440.06,98.43,335.72,0.7244,-1,-1,-1
225,3,724.65,408.64,267.37,586.81,0.8307,-1,-1,-1
225,25,603.73,460.59,58.21,166.51,0.6746,-1,-1,-1
225,26,507.83,440.10,45.45,120.67,0.4952,-1,-1,-1
225,19,1172.24,429.06,64.04,309.56,0.3161,-1,-1,-1
226,2,904.91,428.54,132.31,415.48,0.8177,-1,-1,-1
226,5,1109.14,437.92,94.81,340.41,0.6923,-1,-1,-1
226,3,727.57,405.30,279.82,590.85,0.8565,-1,-1,-1
226,25,604.50,461.92,57.58,167.20,0.6734,-1,-1,-1
226,26,507.39,439.85,45.79,120.95,0.5072,-1,-1,-1
226,19,1175.11,430.07,64.08,309.78,0.5221,-1,-1,-1
227,2,906.35,428.44,135.65,416.68,0.8112,-1,-1,-1
227,5,1114.77,438.09,96.73,342.40,0.7433,-1,-1,-1
227,3,729.94,404.92,289.91,590.51,0.8731,-1,-1,-1
227,25,606.48,460.02,55.72,168.09,0.6645,-1,-1,-1
227,26,506.78,438.88,46.03,121.92,0.4672,-1,-1,-1
227,19,1178.80,427.95,67.64,313.79,0.5517,-1,-1,-1
228,2,907.36,426.27,138.32,418.60,0.7917,-1,-1,-1
228,5,1118.11,438.48,99.27,348.33,0.7539,-1,-1,-1
228,3,734.17,406.82,293.30,588.46,0.8739,-1,-1,-1
228,25,607.55,460.60,54.35,167.10,0.6631,-1,-1,-1
228,26,506.06,439.00,46.23,122.20,0.4950,-1,-1,-1
228,19,1184.38,428.01,69.15,312.21,0.4422,-1,-1,-1
229,2,907.45,426.48,139.75,418.54,0.7789,-1,-1,-1
229,5,1119.33,440.49,101.00,348.48,0.7590,-1,-1,-1
229,3,738.57,407.83,297.71,587.77,0.8632,-1,-1,-1
229,25,608.46,457.45,55.32,173.09,0.6668,-1,-1,-1
229,26,506.35,438.73,46.33,122.75,0.4468,-1,-1,-1
229,19,1189.41,421.59,73.76,236.05,0.5811,-1,-1,-1
229,24,425.68,477.35,44.13,101.06,0.3817,-1,-1,-1
230,2,908.25,425.95,143.43,417.91,0.7787,-1,-1,-1
230,5,1120.77,441.95,107.35,349.13,0.7169,-1,-1,-1
230,3,744.34,410.62,295.20,584.52,0.8320,-1,-1,-1
230,25,610.72,457.59,56.13,174.66,0.6644,-1,-1,-1
230,26,506.50,439.97,45.59,121.27,0.4376,-1,-1,-1
230,19,1194.07,418.17,74.35,203.72,0.5678,-1,-1,-1
230,24,425.55,478.14,45.70,99.86,0.4627,-1,-1,-1
231,2,910.83,425.52,138.69,417.61,0.7761,-1,-1,-1
231,5,1126.06,440.67,120.36,350.64,0.7978,-1,-1,-1
231,3,750.55,411.10,289.97,585.27,0.8497,-1,-1,-1
231,25,610.92,461.39,58.91,170.59,0.6851,-1,-1,-1
231,26,507.55,439.90,44.59,121.34,0.4876,-1,-1,-1
231,19,1199.04,417.76,73.63,191.48,0.5553,-1,-1,-1
231,24,425.34,477.55,45.47,100.58,0.4680,-1,-1,-1
232,2,913.34,425.11,134.02,419.05,0.7988,-1,-1,-1
232,5,1132.28,440.35,127.69,351.56,0.7954,-1,-1,-1
232,3,759.23,410.13,282.63,586.26,0.8218,-1,-1,-1
232,25,611.40,457.03,60.10,174.53,0.6766,-1,-1,-1
232,26,507.91,440.53,43.86,120.93,0.5418,-1,-1,-1
232,19,1203.98,417.77,71.33,185.11,0.4750,-1,-1,-1
232,24,425.37,477.76,45.93,100.21,0.4852,-1,-1,-1
233,2,918.91,424.84,128.96,421.96,0.7579,-1,-1,-1
233,5,1134.35,442.01,132.22,351.60,0.8317,-1,-1,-1
233,3,766.45,411.54,276.62,585.13,0.8234,-1,-1,-1
233,25,611.59,454.74,62.55,176.56,0.6710,-1,-1,-1
233,26,508.55,440.52,42.08,120.66,0.5225,-1,-1,-1
233,19,1208.58,424.08,69.58,178.47,0.3825,-1,-1,-1
233,24,425.49,477.80,43.74,99.49,0.4407,-1,-1,-1
234,2,922.96,424.56,126.10,424.94,0.7378,-1,-1,-1
234,5,1135.28,444.08,133.87,353.01,0.8438,-1,-1,-1
234,3,775.07,415.59,269.95,581.92,0.7896,-1,-1,-1
234,25,612.64,456.07,63.89,173.58,0.6641,-1,-1,-1
234,26,508.55,440.31,41.99,120.80,0.5275,-1,-1,-1
234,19,1212.51,423.51,69.27,180.34,0.3031,-1,-1,-1
234,24,424.99,477.01,42.08,99.86,0.4594,-1,-1,-1
234,12,1062.42,436.57,63.33,154.87,0.3795,-1,-1,-1
235,2,924.83,423.88,125.34,430.64,0.6974,-1,-1,-1
235,5,1135.27,444.75,137.03,355.69,0.8151,-1,-1,-1
235,3,786.26,417.86,259.00,579.46,0.8166,-1,-1,-1
235,25,615.55,454.76,61.25,175.45,0.6716,-1,-1,-1
235,26,508.66,440.52,40.90,120.51,0.5105,-1,-1,-1
235,19,1216.25,427.68,68.72,176.63,0.4319,-1,-1,-1
235,24,424.73,476.69,40.72,99.23,0.4733,-1,-1,-1
235,29,734.94,427.24,156.26,435.52,0.5511,-1,-1,-1
236,2,932.47,423.36,117.86,430.16,0.6904,-1,-1,-1
236,5,1135.69,444.43,138.61,358.03,0.8209,-1,-1,-1
236,3,790.22,413.14,254.85,584.30,0.8125,-1,-1,-1
236,25,619.52,456.45,57.57,173.98,0.6881,-1,-1,-1
236,26,508.47,440.30,40.30,120.37,0.4779,-1,-1,-1
236,19,1221.20,429.80,67.24,176.68,0.4838,-1,-1,-1
236,24,424.72,475.13,39.22,100.10,0.4675,-1,-1,-1
236,29,743.03,430.61,142.96,434.01,0.5300,-1,-1,-1
237,2,938.75,423.09,116.22,422.50,0.5450,-1,-1,-1
237,5,1137.54,442.71,139.40,360.77,0.8087,-1,-1,-1
237,3,792.67,415.59,251.15,582.07,0.8146,-1,-1,-1
237,25,621.50,455.19,55.78,175.15,0.6502,-1,-1,-1
237,26,509.08,440.08,39.95,119.62,0.4446,-1,-1,-1
237,19,1229.36,429.77,65.29,179.50,0.4665,-1,-1,-1
237,24,424.18,472.67,39.30,100.58,0.2564,-1,-1,-1
237,29,754.21,432.97,130.61,431.07,0.5867,-1,-1,-1
238,2,943.11,422.04,116.22,411.58,0.5793,-1,-1,-1
238,5,1140.75,438.97,138.11,365.02,0.7701,-1,-1,-1
238,3,791.50,411.79,251.95,585.75,0.8136,-1,-1,-1
238,25,623.98,458.06,52.07,175.20,0.6748,-1,-1,-1
238,26,509.58,441.32,39.48,117.12,0.3344,-1,-1,-1
238,19,1233.41,429.50,71.24,181.15,0.4725,-1,-1,-1
238,24,424.05,473.09,39.29,100.24,0.2818,-1,-1,-1
238,29,758.99,436.44,124.73,428.79,0.4343,-1,-1,-1
239,2,948.71,423.02,113.74,375.27,0.4362,-1,-1,-1
239,5,1147.09,437.93,132.38,366.79,0.7498,-1,-1,-1
239,3,793.15,408.96,249.06,589.10,0.8386,-1,-1,-1
239,25,625.89,460.16,52.52,174.22,0.6680,-1,-1,-1
239,26,509.53,441.56,39.51,116.68,0.3979,-1,-1,-1
239,19,1238.53,432.45,75.26,272.73,0.4482,-1,-1,-1
239,24,423.79,474.51,38.43,98.71,0.2394,-1,-1,-1
239,29,726.34,438.65,150.40,427.56,0.5461,-1,-1,-1
240,2,954.26,424.37,114.52,402.55,0.6243,-1,-1,-1
240,5,1158.41,437.46,122.11,370.49,0.7143,-1,-1,-1
240,3,796.39,410.84,245.57,587.70,0.8480,-1,-1,-1
240,25,627.62,460.58,51.64,172.98,0.5951,-1,-1,-1
240,26,509.26,441.34,39.69,117.30,0.4043,-1,-1,-1
240,19,1244.08,432.36,72.70,305.91,0.5409,-1,-1,-1
240,24,422.13,474.92,37.78,98.16,0.1994,-1,-1,-1
240,29,718.58,438.72,159.81,429.40,0.6316,-1,-1,-1
241,2,959.80,425.15,110.47,411.96,0.6741,-1,-1,-1
241,5,1169.79,437.78,113.08,371.24,0.7356,-1,-1,-1
241,3,807.38,414.46,235.74,585.14,0.8194,-1,-1,-1
241,25,628.96,458.20,55.05,174.39,0.5834,-1,-1,-1
241,26,509.06,441.80,39.68,116.94,0.4089,-1,-1,-1
241,19,1250.89,431.10,67.54,322.37,0.5444,-1,-1,-1
241,29,719.27,438.08,161.98,429.16,0.6226,-1,-1,-1
242,2,959.66,425.64,113.07,412.00,0.5612,-1,-1,-1
242,5,1179.45,437.44,110.63,368.73,0.6821,-1,-1,-1
242,3,820.19,420.70,221.96,581.58,0.8238,-1,-1,-1
242,25,629.18,459.08,57.01,171.80,0.5867,-1,-1,-1
242,26,508.69,443.80,39.63,115.22,0.3895,-1,-1,-1
242,19,1255.25,429.78,64.84,337.17,0.2638,-1,-1,-1
242,29,743.18,437.94,140.27,432.88,0.6467,-1,-1,-1
243,2,972.49,427.08,101.38,409.51,0.4637,-1,-1,-1
243,5,1187.91,435.93,108.03,368.86,0.6396,-1,-1,-1
243,3,828.34,409.05,214.52,595.31,0.8009,-1,-1,-1
243,25,630.35,460.80,59.61,169.08,0.5668,-1,-1,-1
243,26,508.24,448.26,39.97,110.74,0.3387,-1,-1,-1
243,19,1257.03,427.23,64.42,351.88,0.1965,-1,-1,-1
243,29,737.46,437.65,149.23,432.64,0.6696,-1,-1,-1
244,2,979.86,424.05,96.91,415.02,0.4873,-1,-1,-1
244,5,1197.62,434.07,111.73,370.06,0.7683,-1,-1,-1
244,3,838.85,399.71,205.70,607.81,0.7916,-1,-1,-1
244,25,631.35,461.90,63.84,168.93,0.5953,-1,-1,-1
244,26,507.75,447.85,40.54,111.37,0.3747,-1,-1,-1
244,19,1264.69,423.88,61.67,268.39,0.1558,-1,-1,-1
244,29,734.89,436.85,152.79,432.78,0.6904,-1,-1,-1
245,2,984.19,421.37,94.93,418.77,0.2539,-1,-1,-1
245,5,1204.56,432.34,115.14,372.01,0.7981,-1,-1,-1
245,3,847.32,400.09,201.74,613.46,0.7381,-1,-1,-1
245,25,631.72,462.79,65.36,168.69,0.5918,-1,-1,-1
245,26,507.17,447.01,41.23,111.89,0.3852,-1,-1,-1
245,19,1270.32,419.14,62.81,237.80,0.2654,-1,-1,-1
245,29,734.74,437.63,156.76,434.10,0.6433,-1,-1,-1
246,2,986.07,422.65,101.08,420.72,0.2666,-1,-1,-1
246,5,1209.21,431.50,113.30,371.61,0.7652,-1,-1,-1
246,3,855.68,407.92,197.51,615.60,0.7833,-1,-1,-1
246,25,632.10,461.17,63.80,170.55,0.5926,-1,-1,-1
246,26,507.40,443.21,41.36,115.80,0.3775,-1,-1,-1
246,19,1277.32,420.37,61.00,223.62,0.4114,-1,-1,-1
246,29,734.80,439.00,162.57,433.88,0.5700,-1,-1,-1
247,2,990.29,426.94,107.29,419.63,0.2783,-1,-1,-1
247,5,1212.56,430.67,117.98,370.61,0.7323,-1,-1,-1
247,3,865.64,416.61,189.93,615.37,0.7729,-1,-1,-1
247,25,632.31,459.03,67.64,172.72,0.5076,-1,-1,-1
247,26,505.30,441.88,43.46,117.27,0.4359,-1,-1,-1
247,19,1283.80,426.38,55.60,207.01,0.2145,-1,-1,-1
247,29,758.48,437.37,145.71,438.45,0.5573,-1,-1,-1
248,2,993.32,437.85,117.04,411.58,0.2506,-1,-1,-1
248,5,1216.37,430.94,130.03,371.34,0.8023,-1,-1,-1
248,3,876.26,419.08,185.86,618.92,0.7380,-1,-1,-1
248,25,636.40,460.50,62.42,171.60,0.5899,-1,-1,-1
248,26,504.25,440.75,44.61,118.45,0.3942,-1,-1,-1
248,19,1289.89,427.13,53.46,213.66,0.1559,-1,-1,-1
248,29,768.01,435.33,139.62,441.89,0.5749,-1,-1,-1
248,12,1070.57,437.84,65.82,154.26,0.3620,-1,-1,-1
249,2,995.50,434.33,115.60,415.13,0.2456,-1,-1,-1
249,5,1219.27,430.99,145.84,371.82,0.7005,-1,-1,-1
249,3,884.66,421.90,182.10,620.90,0.7140,-1,-1,-1
249,25,637.32,455.06,61.95,177.74,0.5780,-1,-1,-1
249,26,504.78,442.47,44.52,116.99,0.4021,-1,-1,-1
249,19,1295.84,423.71,52.53,222.57,0.2648,-1,-1,-1
249,29,776.94,432.48,141.06,445.31,0.7509,-1,-1,-1
249,12,1069.79,440.82,61.74,153.45,0.2698,-1,-1,-1
250,2,994.05,431.48,119.06,418.35,0.2066,-1,-1,-1
250,5,1221.10,431.75,165.09,372.50,0.7416,-1,-1,-1
250,3,891.30,423.06,208.33,617.90,0.7193,-1,-1,-1
250,25,641.85,451.49,64.60,182.03,0.6452,-1,-1,-1
250,26,506.92,443.69,42.79,115.82,0.3403,-1,-1,-1
250,19,1302.68,432.54,50.99,214.33,0.1674,-1,-1,-1
250,29,780.04,429.15,145.33,449.02,0.7530,-1,-1,-1
251,5,1220.42,430.42,183.32,374.39,0.8485,-1,-1,-1
251,3,901.05,414.32,213.78,629.61,0.7894,-1,-1,-1
251,25,646.57,450.08,66.69,182.31,0.6701,-1,-1,-1
251,26,507.45,445.18,42.82,114.74,0.3452,-1,-1,-1
251,29,784.08,428.74,142.44,449.79,0.7635,-1,-1,-1
252,5,1220.15,428.01,196.74,377.76,0.8415,-1,-1,-1
252,3,909.17,407.04,216.47,634.97,0.8474,-1,-1,-1
252,25,649.42,448.27,67.41,183.75,0.7186,-1,-1,-1
252,26,507.40,443.71,43.60,116.58,0.3649,-1,-1,-1
252,29,785.44,429.18,143.05,450.43,0.7428,-1,-1,-1
252,30,1848.14,519.27,71.39,261.53,0.4945,-1,-1,-1
252,24,410.70,472.26,44.04,99.97,0.3845,-1,-1,-1
253,5,1220.39,427.30,203.60,379.82,0.8539,-1,-1,-1
253,3,917.34,405.04,213.00,636.90,0.8429,-1,-1,-1
253,25,651.81,447.02,66.49,185.30,0.6940,-1,-1,-1
253,26,508.03,444.00,43.46,116.75,0.3327,-1,-1,-1
253,29,788.91,431.19,138.52,446.93,0.7414,-1,-1,-1
253,30,1848.12,486.59,71.46,292.35,0.5930,-1,-1,-1
253,24,410.24,471.29,44.67,100.63,0.3768,-1,-1,-1
254,5,1219.96,424.89,204.57,384.02,0.8596,-1,-1,-1
254,3,922.66,407.60,206.88,634.07,0.8356,-1,-1,-1
254,25,654.85,447.60,63.97,184.52,0.7195,-1,-1,-1
254,26,508.48,445.74,42.96,115.31,0.3841,-1,-1,-1
254,29,788.37,432.48,138.81,445.39,0.7461,-1,-1,-1
254,30,1841.53,410.86,77.93,368.93,0.5199,-1,-1,-1
254,24,410.66,468.79,42.44,103.26,0.3537,-1,-1,-1
254,31,730.99,484.76,45.64,112.44,0.3839,-1,-1,-1
255,5,1219.95,426.39,209.47,384.66,0.8622,-1,-1,-1
255,3,926.75,405.72,196.37,637.29,0.8328,-1,-1,-1
255,25,656.87,448.54,64.08,183.98,0.6826,-1,-1,-1
255,26,510.80,446.06,40.92,114.82,0.3657,-1,-1,-1
255,29,796.79,431.27,135.34,446.10,0.7034,-1,-1,-1
255,30,1820.75,382.43,98.62,397.19,0.7463,-1,-1,-1
255,24,410.17,470.19,41.20,102.94,0.3803,-1,-1,-1
255,31,731.04,483.81,46.01,113.63,0.3562,-1,-1,-1
256,5,1223.18,427.39,210.21,385.76,0.8681,-1,-1,-1
256,3,930.06,407.22,195.45,633.87,0.8420,-1,-1,-1
256,25,658.15,449.58,67.32,183.89,0.7106,-1,-1,-1
256,26,510.56,442.35,41.95,118.90,0.4506,-1,-1,-1
256,29,804.54,431.98,130.82,448.51,0.7448,-1,-1,-1
256,30,1808.27,377.77,110.98,401.99,0.7643,-1,-1,-1
256,24,408.63,473.34,41.54,100.70,0.3766,-1,-1,-1
256,31,730.52,483.47,45.20,114.96,0.3396,-1,-1,-1
257,5,1227.56,428.24,209.52,385.97,0.8662,-1,-1,-1
257,3,932.16,407.37,190.66,634.27,0.8271,-1,-1,-1
257,25,658.54,451.38,70.21,183.06,0.7089,-1,-1,-1
257,26,510.20,440.86,42.32,120.22,0.4336,-1,-1,-1
257,29,809.48,433.12,128.66,456.90,0.7056,-1,-1,-1
257,30,1807.10,378.49,112.17,401.89,0.7882,-1,-1,-1
257,24,407.58,474.17,42.15,100.86,0.3684,-1,-1,-1
257,31,730.58,483.96,44.51,114.06,0.3062,-1,-1,-1
257,23,1101.45,435.41,49.81,121.25,0.3593,-1,-1,-1
258,5,1237.24,427.65,201.72,386.02,0.8652,-1,-1,-1
258,3,936.08,400.93,186.33,640.46,0.8023,-1,-1,-1
258,25,659.58,449.04,71.79,189.07,0.7457,-1,-1,-1
258,26,510.23,445.11,42.64,115.28,0.2759,-1,-1,-1
258,29,799.83,433.15,139.58,468.30,0.6286,-1,-1,-1
258,30,1803.76,382.16,115.01,397.48,0.7384,-1,-1,-1
258,24,406.65,473.38,43.01,99.58,0.2298,-1,-1,-1
258,31,732.85,485.55,43.12,114.95,0.2518,-1,-1,-1
258,23,1100.75,434.45,51.62,122.10,0.3993,-1,-1,-1
259,5,1247.68,427.32,191.63,385.95,0.8002,-1,-1,-1
259,3,936.78,396.52,183.13,645.69,0.7602,-1,-1,-1
259,25,660.13,449.75,73.12,188.56,0.7308,-1,-1,-1
259,26,509.37,443.27,43.17,116.94,0.2418,-1,-1,-1
259,29,807.32,432.43,131.76,472.81,0.6533,-1,-1,-1
259,30,1786.88,387.13,131.59,390.21,0.7978,-1,-1,-1
259,24,405.82,474.08,43.70,99.02,0.2674,-1,-1,-1
259,31,733.66,487.24,43.96,111.98,0.2255,-1,-1,-1
259,23,1100.88,433.03,52.65,123.32,0.3997,-1,-1,-1
260,5,1258.79,426.39,181.52,386.85,0.7869,-1,-1,-1
260,3,938.66,395.74,178.25,645.34,0.7712,-1,-1,-1
260,25,662.32,451.30,71.61,186.40,0.7028,-1,-1,-1
260,26,507.77,446.05,44.13,114.12,0.2546,-1,-1,-1
260,29,811.90,432.51,128.96,476.97,0.5795,-1,-1,-1
260,30,1759.85,391.21,158.79,385.67,0.7757,-1,-1,-1
260,24,404.64,473.06,44.50,101.57,0.3160,-1,-1,-1
260,31,735.12,489.36,43.17,109.37,0.2704,-1,-1,-1
260,23,1100.89,433.60,54.75,121.32,0.2861,-1,-1,-1
261,5,1273.52,426.24,166.70,387.19,0.7394,-1,-1,-1
261,3,940.57,398.25,176.24,643.08,0.7815,-1,-1,-1
261,25,663.54,450.99,70.97,188.28,0.7251,-1,-1,-1
261,26,506.23,444.40,45.37,116.07,0.3155,-1,-1,-1
261,29,790.46,439.34,146.95,475.18,0.5587,-1,-1,-1
261,30,1726.81,387.88,191.29,389.17,0.7870,-1,-1,-1
261,24,403.21,471.04,45.80,102.54,0.2707,-1,-1,-1
261,31,735.12,491.94,44.05,107.64,0.2661,-1,-1,-1
261,23,1102.95,435.92,55.22,118.34,0.2112,-1,-1,-1
262,5,1298.00,424.84,144.67,390.35,0.7774,-1,-1,-1
262,3,941.09,396.56,175.03,645.16,0.7995,-1,-1,-1
262,25,664.26,450.65,70.61,189.38,0.6884,-1,-1,-1
262,26,505.37,440.76,46.09,119.68,0.4139,-1,-1,-1
262,29,809.14,435.81,134.57,479.69,0.6391,-1,-1,-1
262,30,1695.10,400.31,222.35,378.23,0.8118,-1,-1,-1
262,24,401.33,470.72,47.82,99.41,0.3280,-1,-1,-1
262,31,732.99,489.68,46.67,111.55,0.2447,-1,-1,-1
262,23,1103.17,435.62,56.30,120.02,0.3304,-1,-1,-1
263,5,1312.72,424.49,137.87,391.49,0.7905,-1,-1,-1
263,3,943.40,395.99,174.96,645.69,0.8204,-1,-1,-1
263,25,664.62,452.10,71.97,187.34,0.6493,-1,-1,-1
263,26,503.71,439.33,47.38,121.26,0.4045,-1,-1,-1
263,29,817.83,434.55,128.28,481.87,0.6632,-1,-1,-1
263,30,1674.13,412.97,243.47,365.38,0.8337,-1,-1,-1
263,24,400.81,470.61,48.66,97.41,0.3309,-1,-1,-1
263,31,729.98,487.59,49.33,114.67,0.2526,-1,-1,-1
263,23,1105.14,437.13,54.77,118.54,0.3361,-1,-1,-1
264,5,1328.53,421.68,129.10,395.87,0.8135,-1,-1,-1
264,3,945.54,398.01,178.60,643.17,0.8214,-1,-1,-1
264,25,666.05,452.38,73.13,187.02,0.6318,-1,-1,-1
264,26,504.20,439.36,47.46,121.11,0.4161,-1,-1,-1
264,29,822.68,433.82,122.09,482.34,0.6326,-1,-1,-1
264,30,1662.04,419.27,254.16,359.18,0.8500,-1,-1,-1
264,24,401.70,468.96,46.22,98.90,0.3450,-1,-1,-1
264,31,728.90,490.18,50.43,112.93,0.2554,-1,-1,-1
264,23,1106.96,438.67,53.15,114.36,0.2284,-1,-1,-1
264,32,1297.02,431.97,42.76,118.50,0.3472,-1,-1,-1
265,5,1340.10,421.64,121.60,398.02,0.8055,-1,-1,-1
265,3,947.06,400.50,181.36,641.27,0.8286,-1,-1,-1
265,25,668.73,452.17,73.28,187.14,0.6310,-1,-1,-1
265,26,504.52,438.82,47.57,121.60,0.4100,-1,-1,-1
265,29,825.06,433.29,120.51,483.72,0.5960,-1,-1,-1
265,30,1655.80,422.80,253.77,354.86,0.8360,-1,-1,-1
265,24,400.99,468.08,47.99,101.45,0.3567,-1,-1,-1
265,31,731.82,495.49,47.37,106.28,0.1979,-1,-1,-1
265,23,1109.19,438.20,51.69,117.67,0.3254,-1,-1,-1
265,32,1298.21,434.21,45.66,114.49,0.3182,-1,-1,-1
266,5,1347.56,421.86,121.22,403.07,0.8189,-1,-1,-1
266,3,949.10,402.06,177.98,639.81,0.8175,-1,-1,-1
266,25,673.12,453.45,71.49,185.50,0.5929,-1,-1,-1
266,26,504.91,438.57,47.57,121.87,0.4097,-1,-1,-1
266,29,826.03,432.23,119.96,485.41,0.6311,-1,-1,-1
266,30,1652.46,415.16,245.74,360.40,0.8503,-1,-1,-1
266,24,401.34,467.37,47.88,104.97,0.3037,-1,-1,-1
266,31,734.90,501.07,43.52,99.49,0.1503,-1,-1,-1
266,23,1110.09,438.03,51.97,119.75,0.4094,-1,-1,-1
267,5,1353.35,419.66,120.81,411.35,0.8200,-1,-1,-1
267,3,950.72,402.32,175.95,639.46,0.8106,-1,-1,-1
267,25,674.98,453.88,71.14,184.01,0.6220,-1,-1,-1
267,26,504.95,438.71,47.62,121.62,0.4301,-1,-1,-1
267,29,826.00,429.47,119.64,489.83,0.7037,-1,-1,-1
267,30,1650.76,415.87,232.02,353.35,0.8299,-1,-1,-1
267,24,400.39,465.10,49.43,108.25,0.3759,-1,-1,-1
267,23,1113.52,438.52,49.08,119.16,0.3496,-1,-1,-1
268,5,1356.50,422.26,133.56,410.16,0.8310,-1,-1,-1
268,3,951.49,403.31,172.76,638.80,0.8181,-1,-1,-1
268,25,677.00,454.06,69.42,183.23,0.6810,-1,-1,-1
268,26,505.61,437.87,46.96,123.14,0.4168,-1,-1,-1
268,29,825.37,429.61,123.56,489.40,0.5948,-1,-1,-1
268,30,1651.69,414.50,206.41,345.64,0.8204,-1,-1,-1
268,24,397.72,463.68,51.73,110.49,0.3044,-1,-1,-1
268,23,1121.51,445.70,39.87,111.73,0.2912,-1,-1,-1
269,5,1360.68,423.39,152.42,412.90,0.8576,-1,-1,-1
269,3,951.85,403.48,175.89,639.07,0.8198,-1,-1,-1
269,25,678.82,453.58,67.85,183.07,0.6686,-1,-1,-1
269,26,505.26,436.49,47.21,124.58,0.4428,-1,-1,-1
269,29,823.83,428.88,125.39,491.62,0.5656,-1,-1,-1
269,30,1651.87,415.33,182.30,341.41,0.8103,-1,-1,-1
269,24,394.62,462.40,53.45,110.49,0.2997,-1,-1,-1
269,23,1122.01,444.71,39.83,111.81,0.3667,-1,-1,-1
270,5,1363.90,423.85,169.33,414.75,0.8496,-1,-1,-1
270,3,953.10,404.22,173.49,638.79,0.8080,-1,-1,-1
270,25,681.38,452.63,66.42,185.49,0.7004,-1,-1,-1
270,26,505.56,436.06,47.01,125.04,0.4107,-1,-1,-1
270,29,825.79,427.25,131.78,493.93,0.5995,-1,-1,-1
270,30,1652.83,410.93,151.86,343.15,0.8018,-1,-1,-1
270,24,391.48,461.11,56.49,111.12,0.1939,-1,-1,-1
270,23,1121.22,441.90,40.86,113.16,0.2589,-1,-1,-1
271,5,1364.46,423.61,187.42,415.25,0.8315,-1,-1,-1
271,3,955.51,404.92,168.13,638.58,0.7718,-1,-1,-1
271,25,684.83,449.37,65.38,190.76,0.6164,-1,-1,-1
271,26,506.76,437.03,46.95,123.98,0.3787,-1,-1,-1
271,29,826.62,426.44,135.51,495.36,0.6079,-1,-1,-1
271,30,1653.48,412.99,121.14,340.22,0.7668,-1,-1,-1
271,24,391.29,459.50,56.62,113.49,0.2411,-1,-1,-1
271,23,1122.63,439.97,38.59,114.77,0.1951,-1,-1,-1
272,5,1364.59,425.11,196.76,415.80,0.8649,-1,-1,-1
272,3,959.34,404.28,161.29,639.00,0.8078,-1,-1,-1
272,25,687.44,446.76,66.43,195.83,0.6517,-1,-1,-1
272,26,507.15,439.63,47.64,121.38,0.3854,-1,-1,-1
272,29,829.00,426.46,134.39,495.02,0.6613,-1,-1,-1
272,30,1643.69,414.33,101.19,337.30,0.7026,-1,-1,-1
272,24,392.78,460.85,56.46,113.38,0.3112,-1,-1,-1
273,5,1365.22,426.77,201.22,418.94,0.8806,-1,-1,-1
273,3,962.84,403.49,158.76,639.77,0.8124,-1,-1,-1
273,25,688.57,444.35,67.23,200.05,0.6533,-1,-1,-1
273,26,508.01,447.23,46.70,113.48,0.2805,-1,-1,-1
273,29,830.66,424.72,133.59,496.08,0.6600,-1,-1,-1
273,30,1637.23,424.46,87.04,327.67,0.7107,-1,-1,-1
273,24,392.78,462.83,54.70,110.89,0.3625,-1,-1,-1
274,5,1366.82,425.97,204.99,425.68,0.8754,-1,-1,-1
274,3,964.74,403.30,155.83,640.18,0.8156,-1,-1,-1
274,25,689.08,447.91,67.46,194.29,0.5840,-1,-1,-1
274,26,508.41,447.70,46.33,112.68,0.2932,-1,-1,-1
274,29,832.08,424.53,133.91,495.65,0.6798,-1,-1,-1
274,30,1624.44,433.91,92.60,316.61,0.7957,-1,-1,-1
274,24,393.38,465.99,53.08,107.28,0.3269,-1,-1,-1
275,5,1370.43,424.78,204.98,429.51,0.8778,-1,-1,-1
275,3,966.32,404.23,153.63,639.59,0.7984,-1,-1,-1
275,25,691.80,448.69,71.66,194.12,0.5694,-1,-1,-1
275,26,509.36,448.89,45.96,111.80,0.2947,-1,-1,-1
275,29,832.65,423.00,134.35,496.35,0.7000,-1,-1,-1
275,30,1596.30,437.28,118.61,313.67,0.7849,-1,-1,-1
275,24,392.71,465.22,54.99,108.12,0.3169,-1,-1,-1
276,5,1375.52,425.14,199.97,430.15,0.8333,-1,-1,-1
276,3,967.80,402.24,154.22,641.47,0.8143,-1,-1,-1
276,25,696.80,449.04,68.50,193.01,0.5454,-1,-1,-1
276,26,508.78,452.62,45.92,107.34,0.2126,-1,-1,-1
276,29,831.40,423.28,132.45,495.88,0.7022,-1,-1,-1
276,30,1573.47,437.78,138.59,314.97,0.8039,-1,-1,-1
276,24,391.58,464.85,57.67,108.58,0.2721,-1,-1,-1
276,33,1070.74,423.28,102.22,228.67,0.4051,-1,-1,-1
276,32,1304.67,427.84,56.99,123.11,0.4031,-1,-1,-1
277,5,1379.63,425.37,196.24,430.43,0.8147,-1,-1,-1
277,3,970.74,403.19,155.19,640.94,0.8280,-1,-1,-1
277,25,696.10,451.80,66.32,192.26,0.4531,-1,-1,-1
277,26,508.34,453.48,45.81,106.16,0.1942,-1,-1,-1
277,29,828.91,423.39,131.65,496.00,0.6844,-1,-1,-1
277,30,1554.48,424.66,156.52,328.48,0.8515,-1,-1,-1
277,24,390.05,467.87,59.75,105.44,0.1767,-1,-1,-1
277,33,1076.01,426.01,97.86,226.46,0.3683,-1,-1,-1
277,32,1304.83,429.40,58.98,121.03,0.2547,-1,-1,-1
278,5,1387.15,425.69,205.09,428.07,0.8072,-1,-1,-1
278,3,971.12,402.01,158.17,642.67,0.8239,-1,-1,-1
278,25,703.14,451.70,68.23,193.27,0.4964,-1,-1,-1
278,26,506.99,456.14,45.34,102.83,0.2729,-1,-1,-1
278,29,830.17,423.07,130.56,496.10,0.7099,-1,-1,-1
278,30,1538.00,447.43,172.73,303.51,0.8509,-1,-1,-1
278,24,389.53,467.94,60.46,105.57,0.1964,-1,-1,-1
278,33,1090.07,439.48,85.17,216.02,0.2768,-1,-1,-1
279,5,1427.05,429.46,164.24,421.98,0.5478,-1,-1,-1
279,3,973.82,401.28,158.39,644.21,0.8244,-1,-1,-1
279,25,707.52,452.17,73.79,192.90,0.4316,-1,-1,-1
279,26,504.75,457.38,44.45,101.59,0.3376,-1,-1,-1
279,29,829.13,421.34,132.05,498.09,0.7356,-1,-1,-1
279,30,1530.76,429.69,178.48,319.76,0.8377,-1,-1,-1
279,24,388.36,463.09,60.21,110.59,0.3213,-1,-1,-1
279,33,1091.66,445.54,84.86,213.40,0.2680,-1,-1,-1
280,5,1447.46,428.91,144.78,422.39,0.7809,-1,-1,-1
280,3,975.55,401.12,162.39,643.77,0.8129,-1,-1,-1
280,25,711.97,452.17,75.32,193.31,0.5386,-1,-1,-1
280,26,503.53,457.86,45.04,101.00,0.3206,-1,-1,-1
280,29,826.74,419.87,135.26,499.55,0.7231,-1,-1,-1
280,30,1542.27,443.60,162.01,302.20,0.7801,-1,-1,-1
280,24,387.40,461.81,58.23,112.97,0.3612,-1,-1,-1
280,33,1099.08,460.66,77.17,198.68,0.2536,-1,-1,-1
281,5,1458.13,428.62,128.36,421.85,0.7882,-1,-1,-1
281,3,977.60,399.12,165.34,645.17,0.8156,-1,-1,-1
281,25,714.82,454.96,76.51,191.57,0.6094,-1,-1,-1
281,26,503.27,456.71,45.32,101.70,0.3046,-1,-1,-1
281,29,826.84,419.83,141.62,499.52,0.7256,-1,-1,-1
281,30,1546.01,424.10,148.67,323.85,0.6388,-1,-1,-1
281,24,386.95,461.03,59.77,113.01,0.3631,-1,-1,-1
281,33,1101.83,460.51,73.26,199.71,0.2410,-1,-1,-1
282,5,1467.00,432.94,122.36,418.41,0.7367,-1,-1,-1
282,3,979.10,399.84,168.33,644.20,0.7955,-1,-1,-1
282,25,714.80,458.28,80.24,187.13,0.5096,-1,-1,-1
282,26,503.98,455.59,44.32,103.27,0.3274,-1,-1,-1
282,29,826.40,419.40,149.93,498.35,0.7451,-1,-1,-1
282,30,1542.93,420.43,135.68,322.79,0.5466,-1,-1,-1
282,24,385.80,462.78,54.83,111.83,0.3584,-1,-1,-1
282,33,1100.37,459.26,75.24,202.36,0.1943,-1,-1,-1
283,5,1472.34,432.19,136.03,420.98,0.7706,-1,-1,-1
283,3,982.64,399.46,168.67,644.54,0.7816,-1,-1,-1
283,25,716.57,458.75,80.37,185.86,0.6089,-1,-1,-1
283,26,503.97,455.78,43.68,103.37,0.3478,-1,-1,-1
283,29,825.74,420.32,162.86,497.65,0.7569,-1,-1,-1
283,24,385.42,463.17,52.89,112.08,0.4538,-1,-1,-1
284,5,1479.42,429.54,143.10,422.76,0.7981,-1,-1,-1
284,3,989.40,400.66,160.78,642.54,0.7643,-1,-1,-1
284,25,717.87,457.97,80.58,186.89,0.6900,-1,-1,-1
284,26,504.83,456.53,42.24,103.25,0.3518,-1,-1,-1
284,29,825.26,420.67,174.81,498.49,0.7646,-1,-1,-1
284,24,384.07,465.45,55.80,109.88,0.4321,-1,-1,-1
285,5,1487.58,433.91,142.21,418.60,0.7757,-1,-1,-1
285,3,992.64,403.25,156.73,639.90,0.7921,-1,-1,-1
285,25,717.13,456.36,82.89,188.41,0.7345,-1,-1,-1
285,26,504.55,456.62,42.26,103.45,0.3973,-1,-1,-1
285,29,825.70,425.67,182.98,496.84,0.7773,-1,-1,-1
285,24,382.10,466.78,56.31,108.40,0.4215,-1,-1,-1
285,34,1346.09,444.29,36.17,102.15,0.4818,-1,-1,-1
286,5,1495.52,434.45,152.48,417.83,0.8167,-1,-1,-1
286,3,995.28,405.53,154.64,637.87,0.7906,-1,-1,-1
286,25,716.98,454.77,86.14,190.00,0.7745,-1,-1,-1
286,26,504.47,457.17,42.15,102.95,0.3724,-1,-1,-1
286,29,825.81,425.40,189.30,498.49,0.7842,-1,-1,-1
286,24,380.73,468.17,55.11,106.80,0.3752,-1,-1,-1
286,34,1348.78,443.04,35.94,103.02,0.4339,-1,-1,-1
286,19,1472.86,442.67,57.14,194.45,0.4084,-1,-1,-1
287,5,1499.29,431.44,175.02,421.13,0.8299,-1,-1,-1
287,3,995.67,406.35,155.59,637.25,0.7840,-1,-1,-1
287,25,718.55,454.91,85.63,189.29,0.7630,-1,-1,-1
287,26,504.45,457.33,41.91,103.14,0.3373,-1,-1,-1
287,29,828.29,422.42,192.20,500.09,0.8057,-1,-1,-1
287,24,380.27,469.50,51.81,104.83,0.3053,-1,-1,-1
287,34,1350.79,443.72,35.08,104.31,0.4859,-1,-1,-1
287,19,1477.93,442.20,58.90,193.71,0.5656,-1,-1,-1
288,5,1503.22,429.97,199.99,426.07,0.8567,-1,-1,-1
288,3,997.30,406.58,154.40,637.58,0.7845,-1,-1,-1
288,25,721.41,449.44,83.25,193.74,0.7399,-1,-1,-1
288,26,504.69,456.63,41.49,104.17,0.3754,-1,-1,-1
288,29,830.06,421.46,193.31,500.62,0.8140,-1,-1,-1
288,24,380.78,470.56,48.77,104.02,0.3563,-1,-1,-1
288,34,1351.28,443.78,38.86,103.31,0.2483,-1,-1,-1
288,19,1484.49,437.51,60.29,207.12,0.2325,-1,-1,-1
289,5,1505.71,435.35,219.46,423.29,0.8817,-1,-1,-1
289,3,999.32,407.79,152.98,636.01,0.7846,-1,-1,-1
289,25,725.49,447.24,81.33,196.47,0.6601,-1,-1,-1
289,26,505.95,456.32,40.36,104.44,0.3565,-1,-1,-1
289,29,834.37,422.97,190.13,497.94,0.8088,-1,-1,-1
289,24,380.82,471.82,47.81,102.48,0.2896,-1,-1,-1
289,34,1353.35,442.54,41.39,105.07,0.3067,-1,-1,-1
289,19,1484.84,434.91,66.59,224.08,0.1551,-1,-1,-1
289,30,1476.48,414.68,107.37,309.43,0.3414,-1,-1,-1
290,5,1505.71,436.19,235.78,427.85,0.8746,-1,-1,-1
290,3,1002.32,405.89,151.45,637.97,0.8122,-1,-1,-1
290,25,729.85,448.14,80.21,195.66,0.6350,-1,-1,-1
290,26,506.35,456.44,39.13,102.80,0.3481,-1,-1,-1
290,29,839.14,419.12,185.26,501.87,0.8087,-1,-1,-1
290,24,379.29,473.83,46.65,98.72,0.2486,-1,-1,-1
290,34,1356.14,440.44,42.94,106.92,0.2754,-1,-1,-1
290,30,1440.85,414.83,132.30,309.10,0.4383,-1,-1,-1
291,5,1504.02,434.77,249.96,433.27,0.8359,-1,-1,-1
291,3,1003.76,404.01,153.27,639.17,0.7855,-1,-1,-1
291,25,733.38,452.59,78.77,192.56,0.6257,-1,-1,-1
291,26,506.01,456.96,39.25,102.01,0.2591,-1,-1,-1
291,29,835.19,420.49,189.71,501.14,0.8188,-1,-1,-1
291,24,380.28,473.97,46.85,98.87,0.1507,-1,-1,-1
291,34,1357.76,441.52,45.23,106.04,0.3007,-1,-1,-1
291,30,1419.55,421.42,146.33,297.70,0.6331,-1,-1,-1
291,35,677.70,483.09,52.64,121.27,0.3428,-1,-1,-1
292,5,1502.46,435.43,256.13,436.91,0.8561,-1,-1,-1
292,3,1003.47,403.73,155.00,638.88,0.7560,-1,-1,-1
292,25,741.31,452.42,70.91,193.23,0.6023,-1,-1,-1
292,26,505.67,456.51,39.81,103.10,0.2613,-1,-1,-1
292,29,835.10,422.02,190.31,498.51,0.8119,-1,-1,-1
292,24,380.49,473.45,48.64,99.48,0.1507,-1,-1,-1
292,34,1358.77,442.33,45.22,104.19,0.1925,-1,-1,-1
292,30,1403.17,426.81,154.84,308.55,0.3363,-1,-1,-1
292,35,680.01,482.54,51.27,122.56,0.2980,-1,-1,-1
293,5,1502.13,436.53,261.71,441.13,0.8686,-1,-1,-1
293,3,1006.34,404.32,155.11,638.07,0.8019,-1,-1,-1
293,25,744.80,450.26,68.92,196.41,0.6663,-1,-1,-1
293,26,505.11,455.08,40.15,104.40,0.3596,-1,-1,-1
293,29,839.13,418.67,185.76,502.35,0.8223,-1,-1,-1
293,24,379.29,472.31,48.80,100.53,0.1779,-1,-1,-1
293,30,1397.18,429.02,140.24,288.62,0.7032,-1,-1,-1
293,35,681.32,487.02,48.71,118.59,0.2650,-1,-1,-1
294,5,1502.65,435.81,266.56,444.91,0.8660,-1,-1,-1
294,3,1008.10,403.08,154.83,640.37,0.8147,-1,-1,-1
294,25,747.52,451.52,64.78,195.09,0.6552,-1,-1,-1
294,26,504.92,457.05,40.27,101.80,0.3390,-1,-1,-1
294,29,842.22,415.57,183.05,505.67,0.8319,-1,-1,-1
294,24,378.49,471.06,48.79,102.18,0.1838,-1,-1,-1
294,30,1394.43,429.67,139.15,282.33,0.7576,-1,-1,-1
294,35,681.69,485.17,49.76,120.88,0.3564,-1,-1,-1
294,19,1528.42,437.57,69.82,219.71,0.4475,-1,-1,-1
295,5,1502.53,432.08,268.58,447.98,0.8550,-1,-1,-1
295,3,1009.69,402.95,152.28,640.59,0.8107,-1,-1,-1
295,25,747.99,451.68,69.07,196.23,0.6384,-1,-1,-1
295,26,504.49,458.27,40.01,100.02,0.2811,-1,-1,-1
295,29,845.17,413.45,180.52,507.35,0.8263,-1,-1,-1
295,24,378.39,470.55,49.11,103.33,0.1868,-1,-1,-1
295,30,1390.17,429.39,148.16,280.79,0.7587,-1,-1,-1
295,35,683.34,486.89,47.56,118.81,0.2559,-1,-1,-1
295,19,1537.37,433.53,69.71,219.66,0.4276,-1,-1,-1
296,5,1511.38,430.08,258.63,450.23,0.8344,-1,-1,-1
296,3,1009.49,403.58,154.67,639.41,0.8181,-1,-1,-1
296,25,750.69,449.98,73.95,196.79,0.6587,-1,-1,-1
296,26,504.77,459.72,39.58,98.32,0.2662,-1,-1,-1
296,29,848.67,412.76,177.39,508.43,0.8371,-1,-1,-1
296,24,377.82,469.11,49.19,105.18,0.2047,-1,-1,-1
296,30,1391.32,428.18,144.79,281.33,0.7698,-1,-1,-1
296,35,681.60,490.61,50.54,116.01,0.2991,-1,-1,-1
296,19,1544.52,431.87,75.66,220.30,0.3585,-1,-1,-1
296,23,1156.34,436.59,46.65,114.72,0.3715,-1,-1,-1
297,5,1527.19,429.92,240.44,449.98,0.7893,-1,-1,-1
297,3,1011.14,404.59,154.90,637.75,0.8149,-1,-1,-1
297,25,757.19,448.47,71.49,199.23,0.7292,-1,-1,-1
297,26,505.71,458.44,38.95,100.13,0.2766,-1,-1,-1
297,29,852.78,409.91,173.23,511.47,0.8351,-1,-1,-1
297,24,378.04,469.39,47.78,105.37,0.2288,-1,-1,-1
297,30,1394.99,432.37,137.76,277.34,0.7838,-1,-1,-1
297,35,680.41,492.00,50.98,114.60,0.3199,-1,-1,-1
297,19,1553.24,438.40,77.44,215.11,0.4016,-1,-1,-1
297,23,1157.66,436.75,46.93,115.60,0.3653,-1,-1,-1
298,5,1540.75,430.75,227.21,447.40,0.7483,-1,-1,-1
298,3,1010.78,405.57,157.28,636.28,0.8084,-1,-1,-1
298,25,757.71,447.58,71.89,199.99,0.7160,-1,-1,-1
298,26,506.29,456.28,39.25,103.08,0.3018,-1,-1,-1
298,29,855.23,410.05,170.83,512.58,0.8063,-1,-1,-1
298,24,378.30,467.97,47.29,106.98,0.2842,-1,-1,-1
298,30,1395.02,438.51,126.98,269.51,0.7832,-1,-1,-1
298,35,679.81,493.32,51.81,112.64,0.2635,-1,-1,-1
298,19,1562.96,432.75,77.48,215.87,0.3785,-1,-1,-1
298,23,1158.03,436.50,48.05,116.66,0.4041,-1,-1,-1
299,5,1554.78,425.77,219.97,454.16,0.7704,-1,-1,-1
299,3,1010.76,405.16,160.41,635.46,0.8110,-1,-1,-1
299,25,762.10,450.45,71.02,199.12,0.7055,-1,-1,-1
299,26,506.84,456.87,38.15,102.87,0.2107,-1,-1,-1
299,29,865.55,413.54,160.67,512.69,0.7732,-1,-1,-1
299,24,378.67,469.48,45.40,104.83,0.2898,-1,-1,-1
299,30,1394.01,447.20,112.82,259.93,0.7397,-1,-1,-1
299,35,681.66,489.69,47.85,115.22,0.3251,-1,-1,-1
299,19,1571.72,424.84,86.22,223.68,0.3319,-1,-1,-1
299,23,1157.90,437.10,49.35,116.02,0.2423,-1,-1,-1
300,5,1574.56,423.32,196.20,457.02,0.6961,-1,-1,-1
300,3,1012.03,405.31,161.98,632.27,0.8217,-1,-1,-1
300,25,765.17,450.85,70.66,199.01,0.7140,-1,-1,-1
300,26,506.08,456.81,38.85,102.83,0.3016,-1,-1,-1
300,29,875.53,417.51,148.98,513.50,0.7726,-1,-1,-1
300,24,378.92,469.70,44.60,104.21,0.3173,-1,-1,-1
300,30,1385.73,430.36,102.76,276.25,0.7878,-1,-1,-1
300,35,682.98,494.31,46.51,110.87,0.3332,-1,-1,-1
300,19,1579.90,425.36,83.65,223.23,0.4268,-1,-1,-1
300,23,1160.65,439.17,47.77,113.99,0.2242,-1,-1,-1
301,5,1604.82,422.05,181.34,457.40,0.7288,-1,-1,-1
301,3,1011.00,404.97,161.36,629.72,0.8168,-1,-1,-1
301,25,769.38,449.96,68.28,199.82,0.7475,-1,-1,-1
301,26,506.20,457.87,37.71,101.68,0.3099,-1,-1,-1
301,29,884.17,418.74,139.05,520.47,0.7648,-1,-1,-1
301,24,378.88,468.52,44.47,105.39,0.3898,-1,-1,-1
301,30,1381.02,442.64,88.79,263.50,0.8122,-1,-1,-1
301,35,681.80,491.90,49.79,114.80,0.2726,-1,-1,-1
301,19,1584.47,425.74,87.10,222.29,0.3794,-1,-1,-1
301,23,1160.60,440.19,49.77,112.31,0.2099,-1,-1,-1
302,5,1628.16,417.08,164.20,463.34,0.7632,-1,-1,-1
302,3,1008.57,405.87,164.35,625.44,0.8146,-1,-1,-1
302,25,770.92,454.14,71.23,196.73,0.7885,-1,-1,-1
302,26,506.65,459.48,36.40,99.59,0.3991,-1,-1,-1
302,29,889.17,419.17,134.22,527.17,0.7535,-1,-1,-1
302,24,379.39,468.69,43.92,104.70,0.4015,-1,-1,-1
302,30,1371.97,450.99,85.63,255.85,0.8323,-1,-1,-1
302,35,681.68,492.48,50.11,114.36,0.2410,-1,-1,-1
302,19,1589.46,422.68,93.50,226.86,0.3657,-1,-1,-1
302,23,1161.18,438.30,53.97,116.28,0.2750,-1,-1,-1
303,5,1646.64,411.15,152.11,475.70,0.7715,-1,-1,-1
303,3,1011.07,405.12,163.20,622.39,0.8101,-1,-1,-1
303,25,771.96,454.18,71.92,197.73,0.7770,-1,-1,-1
303,26,506.32,459.48,36.41,100.13,0.4125,-1,-1,-1
303,29,879.30,420.56,144.63,528.56,0.7569,-1,-1,-1
303,24,378.93,466.68,44.30,106.80,0.4224,-1,-1,-1
303,30,1359.84,430.70,88.17,275.24,0.7920,-1,-1,-1
303,35,681.74,492.37,50.40,114.48,0.2349,-1,-1,-1
303,19,1595.20,419.79,93.85,229.04,0.3899,-1,-1,-1
303,23,1163.29,438.38,53.87,114.46,0.2626,-1,-1,-1
303,37,0.13,655.53,116.63,202.92,0.6847,-1,-1,-1
304,5,1660.52,410.13,153.24,486.21,0.7766,-1,-1,-1
304,3,1012.40,404.29,168.56,622.56,0.8100,-1,-1,-1
304,25,773.91,454.00,74.59,198.71,0.7691,-1,-1,-1
304,26,505.62,459.15,37.59,101.31,0.4880,-1,-1,-1
304,29,871.49,420.29,153.52,530.88,0.7953,-1,-1,-1
304,24,378.57,466.54,44.49,106.91,0.3871,-1,-1,-1
304,30,1345.99,423.88,95.23,281.82,0.7748,-1,-1,-1
304,35,681.81,489.96,51.19,117.23,0.2555,-1,-1,-1
304,19,1603.17,419.46,92.99,229.93,0.3349,-1,-1,-1
304,23,1173.49,438.84,45.47,112.31,0.3284,-1,-1,-1
304,37,0.06,579.42,118.60,278.87,0.7207,-1,-1,-1
305,5,1670.14,412.68,150.61,491.69,0.7424,-1,-1,-1
305,3,1012.59,404.22,179.53,620.63,0.7974,-1,-1,-1
305,25,774.95,451.41,76.03,203.09,0.7744,-1,-1,-1
305,26,505.56,457.97,37.40,102.61,0.4557,-1,-1,-1
305,29,873.30,420.77,151.80,531.09,0.7791,-1,-1,-1
305,24,377.80,466.33,45.26,107.28,0.3843,-1,-1,-1
305,30,1336.50,424.46,100.42,281.01,0.7665,-1,-1,-1
305,35,685.75,477.76,48.39,127.17,0.2187,-1,-1,-1
305,19,1611.55,411.93,93.49,238.52,0.3230,-1,-1,-1
305,23,1181.31,439.36,39.98,110.36,0.3832,-1,-1,-1
305,37,0.32,512.01,117.88,346.43,0.6244,-1,-1,-1
306,5,1674.17,415.68,167.11,495.15,0.8635,-1,-1,-1
306,3,1014.31,404.77,191.72,616.95,0.8194,-1,-1,-1
306,25,776.64,448.49,76.23,206.72,0.7657,-1,-1,-1
306,26,504.51,457.59,39.14,103.30,0.4757,-1,-1,-1
306,29,874.79,420.37,151.17,532.01,0.7989,-1,-1,-1
306,24,377.41,466.03,46.04,107.89,0.3831,-1,-1,-1
306,30,1321.96,434.49,113.71,268.93,0.8032,-1,-1,-1
306,35,684.28,480.29,49.05,124.01,0.2350,-1,-1,-1
306,19,1615.73,411.85,102.72,321.92,0.3463,-1,-1,-1
306,23,1183.60,441.12,40.64,108.19,0.5474,-1,-1,-1
306,37,0.19,470.32,121.81,389.47,0.7373,-1,-1,-1
307,5,1679.02,414.04,199.30,501.36,0.8523,-1,-1,-1
307,3,1016.17,402.84,200.87,617.09,0.8297,-1,-1,-1
307,25,779.44,450.79,74.15,203.71,0.7217,-1,-1,-1
307,26,504.09,460.19,38.72,100.80,0.4178,-1,-1,-1
307,29,873.45,419.92,153.07,532.40,0.8147,-1,-1,-1
307,24,378.34,466.46,45.27,107.39,0.3607,-1,-1,-1
307,30,1311.15,445.50,124.29,255.71,0.8038,-1,-1,-1
307,35,684.34,486.39,48.91,119.28,0.2362,-1,-1,-1
307,19,1616.45,409.55,114.00,372.14,0.5692,-1,-1,-1
307,23,1185.32,442.29,40.71,106.32,0.5617,-1,-1,-1
307,37,0.38,419.33,122.84,441.60,0.7495,-1,-1,-1
308,5,1680.47,416.80,224.38,500.43,0.8351,-1,-1,-1
308,3,1016.61,401.78,210.98,616.05,0.8432,-1,-1,-1
308,25,782.15,449.82,72.37,203.93,0.7513,-1,-1,-1
308,26,502.83,461.78,40.10,99.37,0.4126,-1,-1,-1
308,29,874.30,420.29,152.75,532.10,0.8198,-1,-1,-1
308,24,377.96,466.74,46.48,107.16,0.3472,-1,-1,-1
308,30,1301.31,436.81,132.64,263.42,0.8115,-1,-1,-1
308,35,685.86,490.06,47.37,115.74,0.2551,-1,-1,-1
308,19,1611.85,404.55,126.80,396.33,0.6371,-1,-1,-1
308,23,1186.87,442.50,42.67,105.80,0.4957,-1,-1,-1
308,37,0.50,394.24,123.59,466.75,0.7873,-1,-1,-1
309,5,1680.13,417.51,235.82,503.21,0.8587,-1,-1,-1
309,3,1016.95,400.00,220.44,616.15,0.8481,-1,-1,-1
309,25,788.73,447.68,68.59,206.92,0.7216,-1,-1,-1
309,26,501.39,461.47,41.52,99.58,0.4333,-1,-1,-1
309,29,873.36,421.07,153.42,530.71,0.8314,-1,-1,-1
309,24,378.12,465.64,46.10,107.99,0.3290,-1,-1,-1
309,30,1293.87,433.34,137.77,267.28,0.8018,-1,-1,-1
309,35,684.08,491.79,48.50,112.87,0.2236,-1,-1,-1
309,19,1612.59,405.03,134.47,404.78,0.5927,-1,-1,-1
309,23,1189.43,443.42,40.74,104.32,0.4216,-1,-1,-1
309,37,0.49,381.59,123.92,479.57,0.8110,-1,-1,-1
309,38,732.00,477.79,49.30,118.88,0.3720,-1,-1,-1
310,5,1677.50,417.75,245.54,509.51,0.8810,-1,-1,-1
310,3,1017.43,399.83,228.01,615.13,0.8571,-1,-1,-1
310,25,793.87,445.52,65.30,209.50,0.7221,-1,-1,-1
310,26,499.66,460.52,42.83,100.62,0.4626,-1,-1,-1
310,29,874.26,421.59,151.98,530.12,0.8077,-1,-1,-1
310,24,376.99,464.58,45.56,108.38,0.2798,-1,-1,-1
310,30,1288.12,430.34,139.17,269.46,0.7630,-1,-1,-1
310,35,689.13,479.38,45.50,123.78,0.1687,-1,-1,-1
310,19,1617.19,407.09,139.13,406.69,0.5090,-1,-1,-1
310,23,1190.76,444.89,41.24,103.05,0.4924,-1,-1,-1
310,37,0.41,377.29,124.10,483.79,0.8049,-1,-1,-1
310,38,732.53,479.88,49.59,117.91,0.3743,-1,-1,-1
311,5,1674.96,418.90,250.97,514.33,0.8749,-1,-1,-1
311,3,1016.76,401.55,232.15,613.12,0.8585,-1,-1,-1
311,25,798.10,444.70,64.11,211.02,0.7318,-1,-1,-1
311,26,499.01,457.36,44.57,103.51,0.4796,-1,-1,-1
311,29,873.69,421.04,152.71,530.60,0.8187,-1,-1,-1
311,24,376.00,465.72,45.93,107.34,0.2411,-1,-1,-1
311,30,1285.65,431.46,131.76,264.95,0.7590,-1,-1,-1
311,35,691.78,476.08,43.28,126.21,0.1902,-1,-1,-1
311,19,1638.19,407.86,125.59,411.34,0.4776,-1,-1,-1
311,23,1190.99,446.27,41.41,101.27,0.5115,-1,-1,-1
311,37,0.17,375.01,121.72,483.77,0.8184,-1,-1,-1
311,38,732.65,479.75,51.00,118.89,0.4491,-1,-1,-1
312,5,1675.27,419.76,251.46,515.97,0.8618,-1,-1,-1
312,3,1019.17,403.09,230.65,611.52,0.8612,-1,-1,-1
312,25,800.02,446.85,66.05,209.46,0.7319,-1,-1,-1
312,26,498.58,455.83,45.29,105.34,0.4220,-1,-1,-1
312,29,872.02,420.57,154.96,531.51,0.8328,-1,-1,-1
312,24,375.52,463.00,47.04,109.64,0.2190,-1,-1,-1
312,30,1278.84,430.44,122.71,261.39,0.7648,-1,-1,-1
312,35,691.98,473.33,43.03,128.36,0.1676,-1,-1,-1
312,19,1627.81,409.89,144.01,411.62,0.5106,-1,-1,-1
312,23,1191.94,443.89,40.91,104.96,0.4680,-1,-1,-1
312,37,0.14,374.10,125.59,485.51,0.8302,-1,-1,-1
312,38,732.45,480.04,52.34,118.74,0.4651,-1,-1,-1
313,5,1679.49,421.26,246.77,516.30,0.8693,-1,-1,-1
313,3,1020.12,402.76,230.57,611.81,0.8614,-1,-1,-1
313,25,800.96,445.68,72.99,211.24,0.7277,-1,-1,-1
313,26,498.35,457.29,45.24,104.27,0.3892,-1,-1,-1
313,29,870.83,419.86,156.66,532.44,0.8132,-1,-1,-1
313,24,375.59,460.66,46.86,112.65,0.2313,-1,-1,-1
313,30,1273.26,431.67,113.22,257.73,0.7863,-1,-1,-1
313,35,693.06,472.84,42.14,127.05,0.1741,-1,-1,-1
313,19,1623.95,411.63,159.70,407.28,0.4777,-1,-1,-1
313,23,1192.09,441.52,42.80,108.65,0.4886,-1,-1,-1
313,37,1.07,375.37,136.26,484.98,0.8573,-1,-1,-1
313,38,732.73,479.12,52.18,118.88,0.4908,-1,-1,-1
314,5,1687.71,419.72,237.59,518.58,0.8701,-1,-1,-1
314,3,1021.95,402.42,228.20,611.40,0.8650,-1,-1,-1
314,25,802.55,445.44,75.36,211.69,0.7232,-1,-1,-1
314,26,497.33,456.24,46.26,105.57,0.4150,-1,-1,-1
314,29,869.77,419.22,158.59,533.21,0.8201,-1,-1,-1
314,24,375.84,463.92,46.95,109.51,0.2096,-1,-1,-1
314,30,1273.50,428.41,97.62,259.85,0.8068,-1,-1,-1
314,35,692.13,476.99,43.68,123.98,0.1742,-1,-1,-1
314,19,1625.90,413.83,166.36,402.38,0.3581,-1,-1,-1
314,23,1192.57,439.64,44.21,111.35,0.5536,-1,-1,-1
314,37,5.83,378.05,148.95,480.54,0.8539,-1,-1,-1
314,38,733.44,481.55,50.49,116.24,0.4091,-1,-1,-1
315,5,1748.74,421.22,176.02,517.85,0.7134,-1,-1,-1
315,3,1027.13,400.32,222.94,614.17,0.8600,-1,-1,-1
315,25,805.27,443.85,77.14,213.77,0.7223,-1,-1,-1
315,26,497.45,454.67,45.45,106.53,0.4380,-1,-1,-1
315,29,868.60,417.70,161.13,534.57,0.8150,-1,-1,-1
315,24,376.97,463.18,45.57,110.61,0.3027,-1,-1,-1
315,30,1272.15,427.06,86.14,259.96,0.7805,-1,-1,-1
315,35,685.93,489.74,45.92,113.58,0.1679,-1,-1,-1
315,19,1629.32,417.20,201.77,448.33,0.4210,-1,-1,-1
315,23,1193.80,435.95,43.40,114.92,0.5378,-1,-1,-1
315,37,13.35,382.72,173.22,477.80,0.8670,-1,-1,-1
315,38,732.41,481.03,50.56,116.79,0.3644,-1,-1,-1
316,5,1781.43,418.08,141.59,519.32,0.7921,-1,-1,-1
316,3,1032.58,401.10,215.95,612.42,0.8603,-1,-1,-1
316,25,806.13,444.02,79.06,214.83,0.6921,-1,-1,-1
316,26,497.78,453.47,44.61,107.79,0.4586,-1,-1,-1
316,29,867.45,416.27,161.37,535.97,0.8042,-1,-1,-1
316,24,377.77,462.99,44.64,110.65,0.2962,-1,-1,-1
316,30,1270.98,427.64,75.86,260.93,0.7540,-1,-1,-1
316,35,689.75,483.90,43.97,117.72,0.1613,-1,-1,-1
316,19,1637.54,415.05,212.46,469.80,0.6290,-1,-1,-1
316,23,1195.16,435.86,44.72,115.05,0.6063,-1,-1,-1
316,37,17.30,390.53,205.12,471.47,0.8802,-1,-1,-1
316,38,731.38,481.26,51.15,116.08,0.3192,-1,-1,-1
317,5,1799.03,416.38,123.43,518.96,0.7087,-1,-1,-1
317,3,1035.97,400.18,212.24,613.62,0.8566,-1,-1,-1
317,25,807.67,443.67,72.40,216.51,0.6837,-1,-1,-1
317,26,497.94,451.89,43.52,109.54,0.4662,-1,-1,-1
317,29,866.09,417.10,164.88,534.67,0.8187,-1,-1,-1
317,24,378.21,463.49,44.78,111.14,0.3878,-1,-1,-1
317,30,1265.40,423.49,74.65,263.30,0.7735,-1,-1,-1
317,35,693.09,482.61,41.51,116.92,0.1650,-1,-1,-1
317,19,1646.19,410.84,206.85,475.76,0.5935,-1,-1,-1
317,23,1196.46,436.81,44.17,114.16,0.5819,-1,-1,-1
317,37,18.51,392.50,235.26,469.82,0.8819,-1,-1,-1
317,38,731.65,481.82,50.78,115.59,0.3407,-1,-1,-1
318,5,1790.93,419.71,130.00,524.25,0.6354,-1,-1,-1
318,3,1039.07,399.97,209.62,613.13,0.8524,-1,-1,-1
318,25,808.70,443.61,70.35,216.71,0.6699,-1,-1,-1
318,26,497.49,452.73,42.71,108.53,0.4918,-1,-1,-1
318,29,867.35,417.03,165.18,534.85,0.8161,-1,-1,-1
318,24,377.68,463.19,45.49,111.00,0.3305,-1,-1,-1
318,30,1258.12,427.14,77.76,259.08,0.7974,-1,-1,-1
318,35,694.80,481.20,40.02,117.36,0.1518,-1,-1,-1
318,19,1673.40,409.28,176.19,448.79,0.3693,-1,-1,-1
318,23,1198.71,437.20,44.75,112.67,0.5597,-1,-1,-1
318,37,18.42,393.70,262.30,469.48,0.9009,-1,-1,-1
318,38,730.99,481.67,51.10,115.57,0.3317,-1,-1,-1
319,5,1809.83,416.85,111.01,525.60,0.6740,-1,-1,-1
319,3,1041.33,400.25,207.41,611.97,0.8536,-1,-1,-1
319,25,813.37,444.30,70.48,215.13,0.6716,-1,-1,-1
319,26,496.86,453.55,41.77,107.82,0.4819,-1,-1,-1
319,29,866.68,416.38,166.46,535.53,0.8184,-1,-1,-1
319,24,377.48,462.87,46.00,111.37,0.3381,-1,-1,-1
319,30,1246.54,427.41,87.76,259.19,0.7734,-1,-1,-1
319,19,1705.89,403.77,147.28,448.62,0.4397,-1,-1,-1
319,23,1200.82,438.68,44.73,110.32,0.5845,-1,-1,-1
319,37,18.63,393.70,278.53,469.95,0.8975,-1,-1,-1
319,38,730.15,482.04,51.40,114.73,0.2262,-1,-1,-1
320,5,1828.40,417.55,92.11,523.96,0.7308,-1,-1,-1
320,3,1044.83,401.15,203.30,610.79,0.8578,-1,-1,-1
320,25,816.11,444.96,72.13,214.49,0.6273,-1,-1,-1
320,26,496.53,451.18,41.18,109.99,0.4491,-1,-1,-1
320,29,865.91,416.49,168.74,534.89,0.8259,-1,-1,-1
320,24,377.33,463.90,46.38,110.02,0.2698,-1,-1,-1
320,30,1233.92,433.56,100.35,254.20,0.7428,-1,-1,-1
320,19,1707.93,399.24,150.03,457.95,0.5107,-1,-1,-1
320,23,1202.86,440.36,44.29,108.29,0.4237,-1,-1,-1
320,37,20.44,396.10,288.22,466.46,0.8933,-1,-1,-1
320,38,735.04,485.74,45.32,110.79,0.2580,-1,-1,-1
320,34,1437.63,434.61,41.16,114.59,0.4447,-1,-1,-1
321,5,1844.20,425.31,75.99,516.37,0.7349,-1,-1,-1
321,3,1047.51,400.81,200.37,611.12,0.8621,-1,-1,-1
321,25,818.74,447.24,69.90,211.85,0.6443,-1,-1,-1
321,26,495.60,448.92,40.53,112.13,0.4157,-1,-1,-1
321,29,867.37,417.04,166.45,534.34,0.8211,-1,-1,-1
321,24,377.78,464.01,45.56,109.88,0.2797,-1,-1,-1
321,30,1231.61,434.88,103.05,252.21,0.7711,-1,-1,-1
321,19,1716.12,400.05,147.90,449.37,0.5454,-1,-1,-1
321,23,1206.05,442.40,42.32,99.29,0.3210,-1,-1,-1
321,37,22.15,397.35,293.00,464.28,0.8873,-1,-1,-1
321,38,734.98,486.69,45.41,110.08,0.2862,-1,-1,-1
321,34,1438.52,435.07,42.97,114.46,0.5423,-1,-1,-1
322,5,1856.32,427.30,63.54,513.66,0.6969,-1,-1,-1
322,3,1049.09,403.11,198.24,609.43,0.8586,-1,-1,-1
322,25,820.24,448.43,70.91,210.92,0.6700,-1,-1,-1
322,26,493.85,446.82,41.72,114.47,0.4479,-1,-1,-1
322,29,868.15,416.78,164.42,534.59,0.8249,-1,-1,-1
322,24,377.02,463.03,46.37,111.08,0.3768,-1,-1,-1
322,30,1229.22,440.84,105.56,245.09,0.7585,-1,-1,-1
322,19,1728.99,395.65,143.92,451.88,0.5514,-1,-1,-1
322,37,24.63,399.28,298.24,456.35,0.8863,-1,-1,-1
322,38,735.59,486.69,44.70,110.16,0.2853,-1,-1,-1
322,34,1438.14,434.69,45.13,114.73,0.5468,-1,-1,-1
323,5,1861.65,453.90,58.00,488.28,0.6180,-1,-1,-1
323,3,1051.15,402.51,195.55,609.53,0.8646,-1,-1,-1
323,25,821.14,451.67,73.19,207.50,0.6409,-1,-1,-1
323,26,492.93,446.13,42.56,114.94,0.4655,-1,-1,-1
323,29,869.78,415.90,165.06,535.48,0.8171,-1,-1,-1
323,24,376.69,462.99,46.53,111.37,0.4026,-1,-1,-1
323,30,1228.44,441.26,103.15,243.48,0.7668,-1,-1,-1
323,19,1737.91,393.23,143.11,452.44,0.6870,-1,-1,-1
323,37,25.96,402.02,302.35,450.56,0.8895,-1,-1,-1
323,38,735.93,487.64,44.50,108.74,0.1840,-1,-1,-1
323,34,1437.95,437.16,49.31,111.75,0.4975,-1,-1,-1
324,5,1862.75,450.47,56.82,493.41,0.5790,-1,-1,-1
324,3,1054.46,400.51,192.21,611.65,0.8561,-1,-1,-1
324,25,821.67,455.61,74.21,203.12,0.6246,-1,-1,-1
324,26,492.09,446.31,42.93,114.75,0.4751,-1,-1,-1
324,29,871.70,415.97,164.61,535.51,0.8081,-1,-1,-1
324,24,376.69,463.75,46.24,110.74,0.4078,-1,-1,-1
324,30,1222.59,439.17,103.87,245.70,0.7490,-1,-1,-1
324,19,1748.53,392.52,141.83,454.78,0.6026,-1,-1,-1
324,37,31.06,403.63,299.86,444.86,0.8971,-1,-1,-1
324,38,736.73,487.33,43.58,108.39,0.2613,-1,-1,-1
324,34,1440.02,439.83,51.22,109.03,0.5526,-1,-1,-1
325,5,1865.04,416.53,54.52,525.75,0.5327,-1,-1,-1
325,3,1056.53,398.79,190.82,613.34,0.8534,-1,-1,-1
325,25,825.53,447.23,76.00,213.81,0.4450,-1,-1,-1
325,26,491.84,446.47,42.41,115.46,0.4747,-1,-1,-1
325,29,873.72,415.52,163.22,535.85,0.8059,-1,-1,-1
325,24,376.32,464.06,47.16,110.58,0.4266,-1,-1,-1
325,30,1217.78,442.86,102.87,241.51,0.6805,-1,-1,-1
325,19,1758.24,391.67,152.60,467.48,0.5507,-1,-1,-1
325,37,39.65,403.36,292.55,443.89,0.9014,-1,-1,-1
325,38,735.11,487.59,45.19,108.85,0.2412,-1,-1,-1
325,34,1443.89,439.68,51.24,108.61,0.5735,-1,-1,-1
326,5,1863.16,410.42,56.25,532.83,0.3078,-1,-1,-1
326,3,1057.68,398.50,190.50,613.96,0.8585,-1,-1,-1
326,25,828.26,442.35,79.90,220.49,0.3754,-1,-1,-1
326,26,490.64,445.62,43.64,116.25,0.4506,-1,-1,-1
326,29,875.28,415.69,162.22,535.88,0.7935,-1,-1,-1
326,24,376.66,465.30,46.97,109.80,0.4036,-1,-1,-1
326,30,1212.33,451.89,98.88,229.55,0.5432,-1,-1,-1
326,19,1765.11,393.19,154.60,493.86,0.6152,-1,-1,-1
326,37,54.09,403.64,278.08,440.62,0.8901,-1,-1,-1
326,38,732.62,486.61,49.14,110.68,0.2553,-1,-1,-1
326,34,1446.59,441.12,50.54,107.41,0.5909,-1,-1,-1
327,5,1862.16,401.43,57.32,539.23,0.1845,-1,-1,-1
327,3,1058.27,396.50,190.23,616.59,0.8636,-1,-1,-1
327,25,841.27,442.95,67.81,166.03,0.3474,-1,-1,-1
327,26,489.80,445.25,43.56,116.33,0.5024,-1,-1,-1
327,29,878.61,416.66,158.84,534.84,0.7847,-1,-1,-1
327,24,376.39,466.31,47.71,108.67,0.4009,-1,-1,-1
327,30,1207.02,439.31,74.76,202.75,0.4017,-1,-1,-1
327,19,1770.33,392.17,152.53,525.67,0.7193,-1,-1,-1
327,37,76.77,402.07,254.61,438.35,0.8739,-1,-1,-1
327,38,733.29,485.83,48.98,111.42,0.2876,-1,-1,-1
327,34,1448.25,441.52,52.56,106.86,0.5941,-1,-1,-1
328,3,1058.24,395.97,191.45,617.51,0.8601,-1,-1,-1
328,25,843.49,441.04,71.99,206.67,0.1711,-1,-1,-1
328,26,489.67,448.79,42.05,112.84,0.3990,-1,-1,-1
328,29,879.73,415.95,157.71,535.79,0.7552,-1,-1,-1
328,24,377.10,466.89,47.54,108.59,0.4547,-1,-1,-1
328,30,1202.16,442.74,78.93,218.96,0.3384,-1,-1,-1
328,19,1771.81,389.05,151.80,545.61,0.7893,-1,-1,-1
328,37,98.13,394.15,233.04,439.15,0.8824,-1,-1,-1
328,38,733.58,485.22,48.96,112.00,0.3388,-1,-1,-1
328,34,1452.39,442.32,48.18,105.62,0.6212,-1,-1,-1
329,3,1058.27,398.10,191.79,615.99,0.8602,-1,-1,-1
329,26,489.60,452.06,42.11,109.72,0.3902,-1,-1,-1
329,29,876.04,417.42,161.98,535.85,0.7764,-1,-1,-1
329,24,377.25,467.05,47.49,107.99,0.4087,-1,-1,-1
329,19,1770.26,393.22,153.41,547.05,0.8197,-1,-1,-1
329,37,120.68,392.05,208.99,435.05,0.8310,-1,-1,-1
329,38,733.50,484.65,49.23,113.14,0.3471,-1,-1,-1
329,34,1456.86,441.81,42.90,104.42,0.5397,-1,-1,-1
330,3,1058.32,396.81,191.70,617.53,0.8641,-1,-1,-1
330,26,488.97,452.48,42.54,109.36,0.4432,-1,-1,-1
330,29,870.87,418.98,168.79,534.14,0.8043,-1,-1,-1
330,24,377.60,466.72,47.02,107.62,0.4268,-1,-1,-1
330,19,1769.85,395.55,153.64,541.20,0.7419,-1,-1,-1
330,37,145.22,396.90,182.48,427.24,0.8070,-1,-1,-1
330,38,734.72,484.87,47.83,112.57,0.3623,-1,-1,-1
330,34,1460.28,441.37,39.74,103.60,0.4589,-1,-1,-1
331,3,1058.52,395.74,193.06,618.57,0.8648,-1,-1,-1
331,26,488.05,452.97,42.92,109.03,0.3923,-1,-1,-1
331,29,869.47,419.94,171.45,532.92,0.8023,-1,-1,-1
331,24,377.29,465.78,47.33,108.38,0.4194,-1,-1,-1
331,19,1769.93,392.48,153.18,490.51,0.7402,-1,-1,-1
331,37,172.24,394.16,156.12,428.93,0.7996,-1,-1,-1
331,38,734.71,483.90,47.43,113.92,0.3462,-1,-1,-1
331,34,1464.03,440.76,37.84,104.62,0.5807,-1,-1,-1
332,3,1059.16,396.34,193.63,618.78,0.8638,-1,-1,-1
332,26,488.64,451.41,41.78,110.78,0.4045,-1,-1,-1
332,29,870.91,420.23,173.92,532.45,0.8235,-1,-1,-1
332,24,377.67,463.56,47.25,111.85,0.4431,-1,-1,-1
332,19,1770.55,393.64,152.34,469.77,0.7845,-1,-1,-1
332,37,199.86,392.70,137.07,430.39,0.7746,-1,-1,-1
332,38,736.09,484.20,46.70,113.67,0.3067,-1,-1,-1
332,34,1467.04,440.15,39.45,106.08,0.5810,-1,-1,-1
333,3,1059.94,396.99,194.71,618.08,0.8717,-1,-1,-1
333,26,490.26,452.53,40.37,109.33,0.3880,-1,-1,-1
333,29,871.70,419.78,175.67,532.93,0.8293,-1,-1,-1
333,24,373.96,467.37,52.50,106.53,0.2872,-1,-1,-1
333,19,1770.56,393.88,151.99,464.05,0.7828,-1,-1,-1
333,37,217.89,390.63,132.71,432.44,0.7506,-1,-1,-1
333,38,738.09,482.35,45.60,115.96,0.3096,-1,-1,-1
333,34,1471.03,440.29,38.67,104.62,0.5667,-1,-1,-1
333,39,0.39,592.19,109.74,197.47,0.3765,-1,-1,-1
334,3,1061.02,396.68,193.59,618.44,0.8759,-1,-1,-1
334,26,490.95,453.13,39.45,108.64,0.3498,-1,-1,-1
334,29,872.43,420.14,176.76,532.48,0.8306,-1,-1,-1
334,24,372.70,470.04,54.04,103.62,0.2710,-1,-1,-1
334,19,1775.61,392.45,146.52,462.93,0.6611,-1,-1,-1
334,37,226.18,398.90,141.18,423.59,0.7155,-1,-1,-1
334,38,738.98,482.30,45.69,116.28,0.3453,-1,-1,-1
334,34,1472.88,440.29,37.57,105.74,0.4882,-1,-1,-1
334,39,0.51,484.50,126.56,306.80,0.6673,-1,-1,-1
335,3,1061.43,396.74,192.01,617.58,0.8784,-1,-1,-1
335,26,490.35,449.93,40.02,112.43,0.4444,-1,-1,-1
335,29,872.63,419.57,177.53,532.92,0.8365,-1,-1,-1
335,24,374.06,470.79,53.00,103.39,0.2313,-1,-1,-1
335,19,1780.91,402.90,140.82,453.80,0.6198,-1,-1,-1
335,37,206.98,414.69,177.76,407.25,0.7268,-1,-1,-1
335,38,738.93,481.48,45.55,117.85,0.3815,-1,-1,-1
335,34,1474.28,438.97,38.26,106.61,0.5404,-1,-1,-1
335,39,0.43,449.56,139.67,337.41,0.6943,-1,-1,-1
336,3,1060.69,396.62,192.43,617.51,0.8792,-1,-1,-1
336,26,489.11,447.92,40.22,113.36,0.4384,-1,-1,-1
336,29,873.13,420.45,175.65,532.07,0.8423,-1,-1,-1
336,24,376.58,468.77,49.46,105.55,0.1560,-1,-1,-1
336,19,1789.18,429.25,132.21,429.15,0.5103,-1,-1,-1
336,37,209.52,414.97,189.18,404.55,0.6275,-1,-1,-1
336,38,737.39,482.63,46.61,116.31,0.3300,-1,-1,-1
336,34,1475.61,438.13,37.42,106.69,0.5231,-1,-1,-1
336,39,0.31,429.26,147.05,358.50,0.8055,-1,-1,-1
337,3,1060.79,397.05,194.21,617.54,0.8804,-1,-1,-1
337,26,488.53,449.28,39.24,111.77,0.2597,-1,-1,-1
337,29,873.96,419.70,174.51,532.89,0.8340,-1,-1,-1
337,24,375.68,468.91,49.30,104.85,0.1632,-1,-1,-1
337,19,1803.33,436.44,117.51,421.92,0.3927,-1,-1,-1
337,37,222.51,424.55,194.70,398.00,0.7152,-1,-1,-1
337,38,735.80,482.95,47.20,117.01,0.3872,-1,-1,-1
337,34,1476.23,436.66,39.09,109.01,0.5355,-1,-1,-1
337,39,0.33,423.50,151.70,363.23,0.8235,-1,-1,-1
338,3,1061.18,397.22,195.63,617.17,0.8735,-1,-1,-1
338,26,488.55,452.40,39.15,108.68,0.1862,-1,-1,-1
338,29,874.85,418.73,175.76,534.27,0.8205,-1,-1,-1
338,19,1820.37,455.78,100.19,399.44,0.1838,-1,-1,-1
338,37,229.40,435.56,209.69,387.38,0.7954,-1,-1,-1
338,38,735.19,483.38,47.54,116.80,0.3672,-1,-1,-1
338,34,1478.93,436.16,40.58,109.51,0.5944,-1,-1,-1
338,39,0.53,428.05,152.34,357.70,0.8322,-1,-1,-1
339,3,1062.30,396.68,193.63,617.45,0.8826,-1,-1,-1
339,26,488.43,456.03,38.78,105.23,0.1855,-1,-1,-1
339,29,875.47,418.42,173.68,534.79,0.8225,-1,-1,-1
339,37,236.89,415.61,215.08,406.97,0.8186,-1,-1,-1
339,38,736.41,484.71,46.13,114.95,0.4454,-1,-1,-1
339,34,1481.54,436.91,41.63,108.85,0.5212,-1,-1,-1
339,39,0.60,429.46,153.11,355.62,0.8346,-1,-1,-1
340,3,1062.76,398.11,194.37,615.67,0.8841,-1,-1,-1
340,26,488.02,455.72,38.30,106.45,0.1894,-1,-1,-1
340,29,876.91,418.24,170.82,534.87,0.8207,-1,-1,-1
340,37,237.27,409.03,224.30,413.90,0.8486,-1,-1,-1
340,38,736.79,484.96,45.28,114.29,0.4510,-1,-1,-1
340,34,1484.12,436.79,41.13,109.34,0.4269,-1,-1,-1
340,39,0.61,429.11,151.97,356.70,0.8386,-1,-1,-1
340,42,679.90,491.67,49.31,112.50,0.3513,-1,-1,-1
341,3,1063.80,401.46,194.20,612.36,0.8853,-1,-1,-1
341,26,489.38,455.31,37.86,106.50,0.1883,-1,-1,-1
341,29,878.12,418.02,169.27,534.73,0.8211,-1,-1,-1
341,37,241.56,423.24,223.00,398.97,0.8177,-1,-1,-1
341,38,736.54,483.93,45.07,115.23,0.4488,-1,-1,-1
341,34,1485.26,434.78,44.06,111.63,0.2678,-1,-1,-1
341,39,0.41,425.99,152.64,359.11,0.8458,-1,-1,-1
341,42,679.41,491.94,49.35,111.73,0.3518,-1,-1,-1
342,3,1065.33,400.75,195.97,612.72,0.8778,-1,-1,-1
342,26,490.99,455.60,38.47,106.61,0.2256,-1,-1,-1
342,29,881.42,421.56,171.29,530.99,0.8177,-1,-1,-1
342,37,243.33,430.46,224.24,390.62,0.8160,-1,-1,-1
342,38,737.86,483.63,43.90,115.07,0.4756,-1,-1,-1
342,34,1485.45,434.53,51.81,112.65,0.2321,-1,-1,-1
342,39,0.87,429.11,153.30,355.50,0.8341,-1,-1,-1
342,42,679.27,489.93,50.19,114.04,0.3740,-1,-1,-1
343,3,1065.62,400.93,194.47,612.54,0.8819,-1,-1,-1
343,26,492.85,456.01,37.74,104.91,0.2125,-1,-1,-1
343,29,884.12,422.85,169.51,529.70,0.8164,-1,-1,-1
343,37,245.33,431.50,221.90,388.57,0.8163,-1,-1,-1
343,38,738.21,484.70,44.67,113.95,0.4109,-1,-1,-1
343,34,1487.47,434.13,55.71,113.45,0.2280,-1,-1,-1
343,39,0.68,426.00,153.19,361.95,0.7919,-1,-1,-1
343,42,677.39,489.06,53.19,113.79,0.3025,-1,-1,-1
344,3,1066.15,400.07,194.83,613.56,0.8784,-1,-1,-1
344,26,493.21,457.12,37.84,102.23,0.2276,-1,-1,-1
344,29,886.37,424.03,168.20,528.34,0.8186,-1,-1,-1
344,37,247.76,419.28,218.52,399.03,0.8111,-1,-1,-1
344,38,737.31,484.94,45.96,114.36,0.4691,-1,-1,-1
344,39,6.77,427.28,146.59,359.60,0.7778,-1,-1,-1
344,42,676.55,488.12,54.76,115.48,0.3694,-1,-1,-1
345,3,1066.44,400.76,197.52,612.31,0.8807,-1,-1,-1
345,26,493.60,452.74,38.16,107.10,0.2126,-1,-1,-1
345,29,888.89,424.24,165.54,527.68,0.8060,-1,-1,-1
345,37,250.85,411.29,214.08,405.90,0.8543,-1,-1,-1
345,38,735.31,484.08,48.47,114.71,0.3776,-1,-1,-1
345,39,11.42,426.83,143.05,360.76,0.8136,-1,-1,-1
345,42,677.85,489.17,53.94,114.84,0.3227,-1,-1,-1
346,3,1066.90,400.51,196.96,612.99,0.8778,-1,-1,-1
346,26,491.75,448.68,40.37,111.51,0.2666,-1,-1,-1
346,29,890.13,424.28,167.27,527.22,0.8131,-1,-1,-1
346,37,260.17,404.75,203.81,410.97,0.8381,-1,-1,-1
346,38,734.12,483.27,50.10,115.56,0.4087,-1,-1,-1
346,39,30.17,429.62,129.24,356.48,0.8019,-1,-1,-1
346,42,676.60,491.56,54.74,113.37,0.3186,-1,-1,-1
347,3,1067.57,402.23,198.20,611.66,0.8740,-1,-1,-1
347,26,490.37,447.72,41.57,112.41,0.2492,-1,-1,-1
347,29,891.53,424.38,168.26,526.88,0.8082,-1,-1,-1
347,37,271.21,402.82,193.12,413.62,0.8134,-1,-1,-1
347,38,733.66,483.95,50.35,115.05,0.3355,-1,-1,-1
347,39,47.59,432.75,123.16,350.57,0.8049,-1,-1,-1
347,42,673.17,489.29,57.65,117.83,0.3352,-1,-1,-1
348,3,1067.55,400.35,199.97,613.35,0.8732,-1,-1,-1
348,26,484.13,447.15,46.22,114.05,0.3002,-1,-1,-1
348,29,895.21,423.67,162.03,527.23,0.8009,-1,-1,-1
348,37,287.61,405.72,178.63,409.23,0.7897,-1,-1,-1
348,38,731.78,482.22,52.92,116.09,0.3808,-1,-1,-1
348,39,53.73,431.13,128.31,351.83,0.6843,-1,-1,-1
348,42,671.58,491.65,59.37,116.53,0.2448,-1,-1,-1
349,3,1067.53,401.69,201.13,612.30,0.8727,-1,-1,-1
349,26,476.83,443.47,50.92,118.94,0.2748,-1,-1,-1
349,29,898.30,422.65,159.56,528.47,0.8063,-1,-1,-1
349,37,298.27,401.90,163.57,405.47,0.8059,-1,-1,-1
349,38,733.44,482.79,50.05,115.80,0.2590,-1,-1,-1
349,39,47.73,430.19,143.61,352.96,0.5196,-1,-1,-1
349,42,671.62,493.16,58.67,115.46,0.2268,-1,-1,-1
350,3,1067.07,400.39,201.40,613.34,0.8741,-1,-1,-1
350,26,474.96,443.52,53.06,118.68,0.4957,-1,-1,-1
350,29,899.22,421.87,161.99,529.31,0.8088,-1,-1,-1
350,37,313.87,398.57,147.40,406.13,0.8003,-1,-1,-1
350,38,734.71,486.00,47.63,112.67,0.2048,-1,-1,-1
350,39,66.89,432.20,141.56,351.17,0.7809,-1,-1,-1
350,42,672.09,493.14,56.17,115.27,0.2054,-1,-1,-1
351,3,1066.94,399.96,199.83,613.91,0.8754,-1,-1,-1
351,26,475.54,445.47,52.08,116.46,0.4334,-1,-1,-1
351,29,899.51,421.81,163.12,528.96,0.8006,-1,-1,-1
351,37,337.80,392.27,124.60,407.70,0.7794,-1,-1,-1
351,38,735.39,485.91,47.05,112.81,0.2937,-1,-1,-1
351,39,70.16,434.10,165.89,349.16,0.8102,-1,-1,-1
351,42,672.46,492.26,54.04,115.82,0.2870,-1,-1,-1
351,43,0.57,503.20,52.53,351.16,0.5302,-1,-1,-1
352,3,1066.38,400.47,201.22,613.59,0.8788,-1,-1,-1
352,26,476.01,445.34,51.50,116.26,0.4013,-1,-1,-1
352,29,900.30,422.38,163.28,527.83,0.7986,-1,-1,-1
352,37,356.66,394.60,112.31,403.46,0.7255,-1,-1,-1
352,38,733.21,484.93,49.99,113.44,0.2780,-1,-1,-1
352,39,72.94,433.70,184.63,348.55,0.8393,-1,-1,-1
352,42,672.12,490.09,54.91,117.39,0.2823,-1,-1,-1
352,43,0.55,505.88,59.64,349.49,0.5709,-1,-1,-1
353,3,1065.70,400.31,201.14,614.00,0.8772,-1,-1,-1
353,26,473.13,445.60,50.21,116.68,0.2849,-1,-1,-1
353,29,900.78,421.67,162.03,527.64,0.8014,-1,-1,-1
353,37,369.60,408.40,109.25,390.43,0.5818,-1,-1,-1
353,38,735.87,485.81,45.94,113.04,0.3165,-1,-1,-1
353,39,78.58,432.89,198.46,349.64,0.8507,-1,-1,-1
353,42,671.15,490.22,54.08,116.86,0.2879,-1,-1,-1
353,43,0.46,507.07,70.12,349.21,0.6885,-1,-1,-1
354,3,1065.58,399.47,201.50,614.92,0.8736,-1,-1,-1
354,26,472.83,449.56,50.18,112.31,0.2013,-1,-1,-1
354,29,901.50,421.85,163.86,527.60,0.7947,-1,-1,-1
354,37,369.93,402.03,119.27,397.85,0.5877,-1,-1,-1
354,38,735.03,485.65,47.34,112.64,0.3235,-1,-1,-1
354,39,83.77,433.44,206.69,348.95,0.8238,-1,-1,-1
354,42,676.88,483.69,54.59,120.55,0.2660,-1,-1,-1
354,43,0.66,501.19,79.72,353.03,0.6867,-1,-1,-1
355,3,1066.06,400.17,199.78,613.94,0.8756,-1,-1,-1
355,26,472.38,450.51,49.41,110.54,0.1581,-1,-1,-1
355,29,901.95,421.87,164.79,526.53,0.7720,-1,-1,-1
355,37,356.42,395.12,145.49,402.11,0.5679,-1,-1,-1
355,38,735.91,485.14,45.84,112.92,0.3879,-1,-1,-1
355,39,87.18,436.20,210.35,342.24,0.8583,-1,-1,-1
355,42,678.97,482.42,54.68,120.52,0.2351,-1,-1,-1
355,43,0.69,476.39,102.31,376.79,0.7159,-1,-1,-1
356,3,1066.11,401.10,198.94,613.58,0.8681,-1,-1,-1
356,26,472.80,450.75,48.42,109.86,0.1977,-1,-1,-1
356,29,903.48,421.93,161.58,524.74,0.7564,-1,-1,-1
356,37,355.71,399.65,159.14,397.88,0.6156,-1,-1,-1
356,38,738.21,486.27,43.00,112.31,0.4021,-1,-1,-1
356,39,97.49,437.09,203.29,336.49,0.8343,-1,-1,-1
356,42,680.56,481.18,54.32,120.56,0.2595,-1,-1,-1
356,43,0.69,456.66,136.10,396.16,0.8015,-1,-1,-1
357,3,1066.23,399.96,202.59,614.84,0.8535,-1,-1,-1
357,26,470.30,445.62,50.81,115.54,0.2185,-1,-1,-1
357,29,904.60,421.75,158.70,523.15,0.7652,-1,-1,-1
357,37,360.22,403.24,178.89,395.92,0.6801,-1,-1,-1
357,38,738.33,489.60,42.02,108.89,0.2815,-1,-1,-1
357,39,110.23,436.34,192.03,332.81,0.8122,-1,-1,-1
357,42,680.33,479.51,55.24,121.61,0.3069,-1,-1,-1
357,43,0.74,450.01,166.75,406.31,0.8445,-1,-1,-1
358,3,1066.75,400.21,203.74,614.56,0.8522,-1,-1,-1
358,26,474.08,444.33,51.09,116.66,0.1815,-1,-1,-1
358,29,904.68,419.84,158.20,524.05,0.7858,-1,-1,-1
358,37,382.81,401.42,177.01,395.73,0.6521,-1,-1,-1
358,38,736.83,485.96,44.31,113.36,0.3778,-1,-1,-1
358,39,124.19,436.31,177.79,331.17,0.8109,-1,-1,-1
358,42,680.51,478.63,55.29,119.25,0.2451,-1,-1,-1
358,43,0.67,449.03,194.75,407.07,0.8560,-1,-1,-1
359,3,1067.14,399.51,204.88,615.12,0.8521,-1,-1,-1
359,26,477.08,443.55,50.91,115.79,0.2383,-1,-1,-1
359,29,906.96,419.59,155.79,523.85,0.7899,-1,-1,-1
359,37,393.18,405.19,183.39,393.25,0.8121,-1,-1,-1
359,38,736.13,484.16,45.67,115.57,0.3857,-1,-1,-1
359,39,133.57,434.82,168.10,332.33,0.8211,-1,-1,-1
359,42,679.00,479.44,56.96,114.51,0.2703,-1,-1,-1
359,43,0.44,444.38,208.55,410.66,0.8451,-1,-1,-1
359,45,1045.86,429.77,65.62,213.47,0.4374,-1,-1,-1
360,3,1067.04,400.57,206.90,614.30,0.8503,-1,-1,-1
360,29,908.54,419.94,157.58,522.99,0.7899,-1,-1,-1
360,37,399.08,409.22,189.50,388.98,0.8066,-1,-1,-1
360,38,737.11,486.35,44.74,113.62,0.3582,-1,-1,-1
360,39,143.99,435.21,158.51,328.87,0.7773,-1,-1,-1
360,42,677.84,480.79,57.69,117.37,0.2072,-1,-1,-1
360,43,0.33,443.66,218.55,410.70,0.8746,-1,-1,-1
360,45,1038.00,430.58,68.81,213.00,0.2372,-1,-1,-1
361,3,1066.95,401.77,208.76,612.94,0.8539,-1,-1,-1
361,29,909.14,419.37,158.17,520.55,0.7993,-1,-1,-1
361,37,399.30,406.69,199.51,391.40,0.8432,-1,-1,-1
361,38,736.34,484.51,45.54,115.16,0.2956,-1,-1,-1
361,39,164.69,434.80,138.26,328.62,0.7521,-1,-1,-1
361,42,687.41,466.21,49.41,119.25,0.1791,-1,-1,-1
361,43,0.14,441.74,225.59,411.62,0.8765,-1,-1,-1
362,3,1067.87,402.17,209.22,612.65,0.8602,-1,-1,-1
362,29,909.53,417.48,160.08,519.88,0.8061,-1,-1,-1
362,37,398.81,406.62,204.00,392.00,0.8476,-1,-1,-1
362,38,733.49,484.07,47.88,114.93,0.2724,-1,-1,-1
362,39,174.23,437.91,126.70,326.17,0.6725,-1,-1,-1
362,42,676.98,474.39,57.78,120.88,0.1850,-1,-1,-1
362,43,0.13,442.31,235.00,412.11,0.8540,-1,-1,-1
363,3,1068.09,401.82,209.40,612.85,0.8537,-1,-1,-1
363,29,912.51,418.88,161.17,517.55,0.8019,-1,-1,-1
363,37,395.65,409.87,209.01,388.39,0.8393,-1,-1,-1
363,38,732.59,482.79,48.24,115.83,0.3878,-1,-1,-1
363,39,182.97,437.66,116.84,327.38,0.7535,-1,-1,-1
363,42,676.47,477.00,57.85,119.63,0.1696,-1,-1,-1
363,43,0.03,443.62,237.26,409.89,0.8441,-1,-1,-1
363,34,1540.96,426.09,41.00,118.53,0.3511,-1,-1,-1
364,3,1068.28,401.59,210.68,613.14,0.8541,-1,-1,-1
364,29,914.62,414.63,160.59,520.12,0.8270,-1,-1,-1
364,37,396.61,413.85,207.76,384.53,0.8503,-1,-1,-1
364,38,732.71,482.79,48.25,116.08,0.4333,-1,-1,-1
364,39,195.71,440.69,104.25,323.65,0.7325,-1,-1,-1
364,42,677.29,477.84,57.62,117.17,0.1884,-1,-1,-1
364,43,0.20,439.83,237.13,410.91,0.8534,-1,-1,-1
364,34,1543.22,426.20,40.52,118.49,0.3539,-1,-1,-1
365,3,1068.32,402.49,210.46,611.81,0.8523,-1,-1,-1
365,29,916.59,413.14,160.18,521.12,0.8190,-1,-1,-1
365,37,396.25,413.11,207.43,384.81,0.8574,-1,-1,-1
365,38,733.35,481.75,48.03,117.61,0.4255,-1,-1,-1
365,39,203.23,438.25,101.81,326.31,0.7416,-1,-1,-1
365,42,677.56,477.43,58.42,115.00,0.1575,-1,-1,-1
365,43,1.48,439.76,239.02,411.85,0.8604,-1,-1,-1
365,34,1546.22,424.43,38.10,113.83,0.1692,-1,-1,-1
366,3,1068.33,400.52,209.80,614.16,0.8473,-1,-1,-1
366,29,919.01,412.10,159.97,522.62,0.8290,-1,-1,-1
366,37,398.06,411.88,205.34,382.46,0.8217,-1,-1,-1
366,38,733.22,481.94,46.90,116.98,0.4096,-1,-1,-1
366,39,209.06,435.97,102.12,328.26,0.7750,-1,-1,-1
366,43,3.15,440.43,238.62,409.27,0.8590,-1,-1,-1
366,34,1546.65,425.34,38.11,113.26,0.1579,-1,-1,-1
367,3,1068.51,400.96,211.75,613.96,0.8217,-1,-1,-1
367,29,921.99,410.72,157.97,524.45,0.8251,-1,-1,-1
367,37,400.19,406.94,199.60,385.08,0.8419,-1,-1,-1
367,38,732.28,481.56,46.66,117.19,0.4559,-1,-1,-1
367,39,218.33,436.04,105.00,327.91,0.7568,-1,-1,-1
367,43,21.00,440.26,220.38,400.16,0.7861,-1,-1,-1
368,3,1068.38,399.43,217.62,615.53,0.7878,-1,-1,-1
368,29,924.53,409.69,156.31,525.28,0.8196,-1,-1,-1
368,37,402.51,398.72,194.31,390.48,0.8463,-1,-1,-1
368,38,731.46,481.66,47.22,116.90,0.4664,-1,-1,-1
368,39,227.41,437.35,116.12,327.12,0.7362,-1,-1,-1
368,43,44.67,436.46,193.19,394.42,0.7832,-1,-1,-1
369,3,1069.02,400.07,221.78,614.99,0.7464,-1,-1,-1
369,29,926.13,413.43,155.53,519.96,0.8221,-1,-1,-1
369,37,407.78,396.52,186.94,392.13,0.8534,-1,-1,-1
369,38,731.38,482.20,47.46,116.31,0.4192,-1,-1,-1
369,39,234.60,435.01,131.21,329.33,0.8105,-1,-1,-1
369,43,75.66,433.09,161.68,393.13,0.7699,-1,-1,-1
370,3,1069.03,398.04,221.25,616.89,0.7956,-1,-1,-1
370,29,928.94,415.53,156.69,519.79,0.8015,-1,-1,-1
370,37,414.44,404.21,179.26,385.45,0.8348,-1,-1,-1
370,38,730.96,481.11,47.54,117.38,0.4012,-1,-1,-1
370,39,241.15,434.47,146.37,331.75,0.8302,-1,-1,-1
370,43,105.73,434.10,132.88,388.50,0.8106,-1,-1,-1
371,3,1069.61,397.90,215.20,616.71,0.7180,-1,-1,-1
371,29,932.51,415.58,155.75,520.57,0.7966,-1,-1,-1
371,37,426.57,402.17,168.74,386.78,0.8319,-1,-1,-1
371,38,730.22,481.26,48.27,117.88,0.3855,-1,-1,-1
371,39,244.24,432.73,159.47,331.18,0.8393,-1,-1,-1
371,43,128.05,438.24,122.07,382.14,0.7982,-1,-1,-1
372,3,1070.40,397.40,215.96,616.72,0.8192,-1,-1,-1
372,29,935.40,415.58,154.95,520.64,0.7960,-1,-1,-1
372,37,439.09,418.10,155.65,363.89,0.7976,-1,-1,-1
372,38,730.72,481.94,46.98,116.79,0.3725,-1,-1,-1
372,39,245.07,434.39,167.85,327.75,0.8181,-1,-1,-1
372,43,137.35,437.57,120.90,382.22,0.7600,-1,-1,-1
373,3,1070.87,397.17,218.37,617.19,0.8388,-1,-1,-1
373,29,938.02,416.19,154.59,520.99,0.7949,-1,-1,-1
373,37,457.08,406.10,145.37,370.66,0.8000,-1,-1,-1
373,38,731.61,482.49,47.03,115.26,0.3941,-1,-1,-1
373,39,253.08,435.27,164.53,321.73,0.8037,-1,-1,-1
373,43,147.11,435.03,138.52,383.51,0.8091,-1,-1,-1
373,46,0.34,491.88,46.26,316.20,0.6280,-1,-1,-1
374,3,1071.61,397.75,218.39,616.49,0.8101,-1,-1,-1
374,29,942.79,416.74,152.05,519.82,0.7884,-1,-1,-1
374,37,470.98,402.35,139.59,370.29,0.7729,-1,-1,-1
374,38,732.60,480.66,47.45,117.42,0.3959,-1,-1,-1
374,39,264.77,440.31,157.83,307.41,0.7792,-1,-1,-1
374,43,156.48,431.84,144.70,385.41,0.7267,-1,-1,-1
374,46,0.81,491.58,49.87,316.89,0.7028,-1,-1,-1
375,3,1071.53,399.27,219.23,614.49,0.7952,-1,-1,-1
375,29,942.82,414.19,152.70,521.13,0.7755,-1,-1,-1
375,37,481.70,406.68,140.45,364.37,0.7130,-1,-1,-1
375,38,733.16,480.15,47.51,118.46,0.3844,-1,-1,-1
375,39,277.09,449.09,147.15,297.92,0.7432,-1,-1,-1
375,43,160.93,432.93,167.07,383.52,0.8168,-1,-1,-1
375,46,0.63,487.36,57.86,324.44,0.6592,-1,-1,-1
376,3,1071.42,399.60,221.16,613.60,0.8089,-1,-1,-1
376,29,944.52,416.76,150.03,521.15,0.7739,-1,-1,-1
376,37,488.52,404.53,140.78,364.06,0.6941,-1,-1,-1
376,38,731.42,479.31,48.60,119.74,0.3216,-1,-1,-1
376,39,278.35,439.70,147.34,307.67,0.7427,-1,-1,-1
376,43,160.18,436.08,186.37,379.98,0.7683,-1,-1,-1
376,46,0.34,481.61,69.66,330.84,0.7805,-1,-1,-1
377,3,1071.12,400.44,224.45,613.83,0.8126,-1,-1,-1
377,29,946.18,417.32,151.97,521.19,0.7969,-1,-1,-1
377,37,490.48,400.72,143.61,367.39,0.7360,-1,-1,-1
377,38,731.22,480.84,47.86,118.71,0.3288,-1,-1,-1
377,39,283.74,441.41,144.88,306.21,0.7062,-1,-1,-1
377,43,158.54,439.11,204.05,377.29,0.7978,-1,-1,-1
377,46,0.05,451.78,95.03,358.64,0.7790,-1,-1,-1
378,3,1071.59,399.29,223.48,615.54,0.7753,-1,-1,-1
378,29,946.45,413.31,155.56,522.80,0.7803,-1,-1,-1
378,37,494.84,396.46,147.18,373.15,0.7882,-1,-1,-1
378,38,731.49,482.04,46.67,116.05,0.3463,-1,-1,-1
378,39,292.46,440.64,136.52,309.25,0.6757,-1,-1,-1
378,43,159.18,440.09,211.84,376.33,0.8199,-1,-1,-1
378,46,0.05,436.66,125.62,373.44,0.8290,-1,-1,-1
379,3,1071.21,397.29,222.26,617.05,0.8308,-1,-1,-1
379,29,946.31,411.29,156.68,523.83,0.8145,-1,-1,-1
379,37,500.60,396.75,157.67,373.73,0.7934,-1,-1,-1
379,38,731.72,482.03,45.41,116.10,0.3898,-1,-1,-1
379,39,309.58,439.46,119.02,309.46,0.6842,-1,-1,-1
379,43,159.01,441.35,216.34,374.89,0.8248,-1,-1,-1
379,46,0.06,431.08,138.48,377.39,0.8212,-1,-1,-1
380,3,1071.61,395.62,221.16,618.46,0.8256,-1,-1,-1
380,29,946.81,407.65,159.11,526.40,0.8113,-1,-1,-1
380,37,505.77,398.65,163.34,371.99,0.6396,-1,-1,-1
380,38,731.29,480.61,43.97,116.81,0.3589,-1,-1,-1
380,39,321.95,444.46,102.99,306.52,0.6354,-1,-1,-1
380,43,160.64,443.04,221.47,371.67,0.8375,-1,-1,-1
380,46,0.33,428.57,157.49,378.68,0.7752,-1,-1,-1
381,3,1072.19,393.92,217.43,620.34,0.7992,-1,-1,-1
381,29,950.93,411.25,157.29,525.49,0.7699,-1,-1,-1
381,37,516.14,405.60,149.83,365.41,0.5870,-1,-1,-1
381,38,730.75,479.68,46.45,118.69,0.3084,-1,-1,-1
381,39,324.92,442.21,98.53,309.73,0.7058,-1,-1,-1
381,43,158.60,444.12,226.57,367.27,0.8609,-1,-1,-1
381,46,0.55,434.33,171.26,372.37,0.7525,-1,-1,-1
382,3,1073.43,396.80,219.95,617.79,0.8143,-1,-1,-1
382,29,952.08,414.48,158.82,520.86,0.7524,-1,-1,-1
382,37,533.10,405.65,140.08,364.21,0.6056,-1,-1,-1
382,38,730.80,479.20,48.70,120.45,0.3573,-1,-1,-1
382,39,334.66,442.04,95.48,307.46,0.6881,-1,-1,-1
382,43,164.35,442.80,220.91,367.36,0.8295,-1,-1,-1
382,46,0.65,436.04,179.84,369.73,0.8047,-1,-1,-1
383,3,1073.57,397.29,220.31,617.53,0.8286,-1,-1,-1
383,29,954.02,416.37,157.16,521.58,0.6959,-1,-1,-1
383,37,530.19,411.37,150.33,358.52,0.6917,-1,-1,-1
383,38,730.44,477.86,51.07,121.98,0.3673,-1,-1,-1
383,39,345.18,443.76,96.95,301.91,0.5562,-1,-1,-1
383,43,181.74,442.29,203.50,367.02,0.7936,-1,-1,-1
383,46,0.43,436.30,191.10,368.79,0.8582,-1,-1,-1
383,42,690.65,463.64,44.70,125.79,0.3420,-1,-1,-1
384,3,1073.83,397.11,220.24,617.84,0.8328,-1,-1,-1
384,29,955.69,416.54,153.74,522.71,0.7106,-1,-1,-1
384,37,531.54,408.56,154.53,361.27,0.7507,-1,-1,-1
384,38,730.07,475.85,50.84,124.87,0.4526,-1,-1,-1
384,39,361.46,453.05,92.19,291.03,0.6048,-1,-1,-1
384,43,194.81,437.28,189.79,371.77,0.7940,-1,-1,-1
384,46,0.45,433.31,200.32,372.72,0.8757,-1,-1,-1
384,42,687.95,465.35,46.96,125.68,0.3556,-1,-1,-1
385,3,1074.08,397.15,219.30,617.89,0.7874,-1,-1,-1
385,29,957.87,416.55,150.66,523.71,0.7199,-1,-1,-1
385,37,535.54,408.23,154.42,361.80,0.7876,-1,-1,-1
385,38,730.27,473.17,50.13,127.82,0.5475,-1,-1,-1
385,39,365.41,443.56,95.86,299.85,0.7060,-1,-1,-1
385,43,210.62,434.17,174.01,369.81,0.8061,-1,-1,-1
385,46,0.35,434.62,210.81,371.71,0.8629,-1,-1,-1
385,42,687.26,467.25,47.14,126.48,0.3841,-1,-1,-1
386,3,1073.90,397.36,220.23,617.32,0.7057,-1,-1,-1
386,29,960.34,415.02,149.46,526.35,0.7417,-1,-1,-1
386,37,540.22,406.42,154.20,363.08,0.8331,-1,-1,-1
386,38,730.72,470.98,49.22,129.69,0.5294,-1,-1,-1
386,39,369.13,439.72,110.44,304.81,0.7075,-1,-1,-1
386,43,230.07,435.09,152.84,365.94,0.7924,-1,-1,-1
386,46,0.22,433.09,213.91,374.39,0.8359,-1,-1,-1
386,42,689.77,468.04,43.88,126.29,0.3449,-1,-1,-1
387,3,1073.61,397.55,220.46,616.83,0.7756,-1,-1,-1
387,29,960.36,416.33,148.40,524.48,0.7225,-1,-1,-1
387,37,542.94,407.06,151.63,360.74,0.8457,-1,-1,-1
387,38,731.07,470.77,48.68,129.81,0.5306,-1,-1,-1
387,39,369.94,438.54,134.44,307.62,0.8058,-1,-1,-1
387,43,253.62,431.44,128.45,367.37,0.5761,-1,-1,-1
387,46,1.62,432.79,212.38,373.33,0.8366,-1,-1,-1
387,42,691.00,472.26,42.65,119.81,0.3113,-1,-1,-1
388,3,1061.74,397.16,243.52,617.90,0.7371,-1,-1,-1
388,29,960.87,417.44,145.35,523.13,0.7216,-1,-1,-1
388,37,546.40,405.88,148.21,358.76,0.8252,-1,-1,-1
388,38,730.64,469.14,48.69,132.88,0.4967,-1,-1,-1
388,39,370.83,439.72,150.63,308.04,0.7892,-1,-1,-1
388,43,275.41,433.06,105.97,363.75,0.6754,-1,-1,-1
388,46,9.89,432.02,203.18,372.17,0.8072,-1,-1,-1
388,42,691.78,473.05,42.12,120.25,0.3500,-1,-1,-1
389,3,1056.66,397.36,288.09,617.67,0.7269,-1,-1,-1
389,29,962.81,418.01,140.13,522.38,0.7018,-1,-1,-1
389,37,549.23,407.85,145.92,355.59,0.8065,-1,-1,-1
389,38,730.41,471.06,48.69,131.01,0.5032,-1,-1,-1
389,39,368.11,441.06,165.29,304.52,0.8017,-1,-1,-1
389,43,285.88,429.44,100.65,368.59,0.6792,-1,-1,-1
389,46,20.27,425.23,192.88,374.84,0.7873,-1,-1,-1
389,42,692.20,474.84,40.83,117.41,0.3353,-1,-1,-1
390,3,1057.20,397.21,303.17,618.48,0.7749,-1,-1,-1
390,29,965.52,418.08,135.80,523.30,0.6751,-1,-1,-1
390,37,554.83,409.39,141.08,352.45,0.8008,-1,-1,-1
390,38,729.88,472.93,49.79,130.62,0.4871,-1,-1,-1
390,39,370.40,440.94,171.22,303.30,0.8142,-1,-1,-1
390,43,285.18,433.44,108.89,364.65,0.5268,-1,-1,-1
390,46,32.04,426.85,183.31,371.16,0.7947,-1,-1,-1
390,42,691.05,477.39,40.07,113.52,0.2989,-1,-1,-1
391,3,1054.03,397.09,313.59,618.55,0.7782,-1,-1,-1
391,29,972.11,416.90,128.18,527.63,0.6587,-1,-1,-1
391,37,560.61,411.51,135.45,351.83,0.8021,-1,-1,-1
391,38,728.82,471.56,50.87,131.94,0.4438,-1,-1,-1
391,39,377.11,441.05,168.24,300.28,0.7848,-1,-1,-1
391,43,299.49,436.92,103.24,361.85,0.5330,-1,-1,-1
391,46,40.31,428.02,175.74,369.68,0.7603,-1,-1,-1
391,42,690.41,477.89,40.59,111.46,0.3289,-1,-1,-1
391,47,917.92,435.06,67.93,154.21,0.3732,-1,-1,-1
392,3,1052.43,397.83,314.45,618.25,0.7851,-1,-1,-1
392,29,978.58,412.96,123.24,527.96,0.6500,-1,-1,-1
392,37,568.37,408.97,128.69,356.26,0.7870,-1,-1,-1
392,38,728.13,468.71,51.72,134.21,0.4472,-1,-1,-1
392,39,388.95,439.66,157.90,299.12,0.7249,-1,-1,-1
392,43,308.44,437.44,117.25,361.84,0.6573,-1,-1,-1
392,46,51.93,431.62,165.76,364.22,0.7636,-1,-1,-1
392,42,687.86,472.32,42.91,118.57,0.2544,-1,-1,-1
392,47,924.38,434.83,58.51,155.86,0.5645,-1,-1,-1
393,3,1049.76,398.25,316.56,618.28,0.8137,-1,-1,-1
393,29,971.02,416.86,130.37,525.44,0.6503,-1,-1,-1
393,37,576.16,413.12,121.40,344.25,0.7914,-1,-1,-1
393,38,727.85,467.49,52.25,135.00,0.5306,-1,-1,-1
393,39,399.00,439.67,148.05,296.95,0.7277,-1,-1,-1
393,43,312.45,440.11,138.72,359.51,0.7911,-1,-1,-1
393,46,77.48,429.53,144.06,365.66,0.6333,-1,-1,-1
393,42,685.52,471.28,43.35,119.99,0.3079,-1,-1,-1
393,47,925.10,437.09,54.84,162.48,0.6498,-1,-1,-1
394,3,1053.32,398.18,286.83,617.51,0.6769,-1,-1,-1
394,29,979.93,413.73,120.47,525.66,0.6299,-1,-1,-1
394,37,582.68,412.46,114.91,341.06,0.7609,-1,-1,-1
394,38,726.62,473.41,52.74,129.86,0.5977,-1,-1,-1
394,39,410.68,442.71,137.94,292.76,0.7291,-1,-1,-1
394,43,314.39,443.14,148.59,357.31,0.7243,-1,-1,-1
394,46,71.05,428.82,159.02,366.80,0.7578,-1,-1,-1
394,42,686.33,478.52,41.43,114.58,0.1886,-1,-1,-1
394,47,922.75,438.38,55.14,165.25,0.6390,-1,-1,-1
395,3,1055.05,397.16,272.26,618.38,0.7003,-1,-1,-1
395,29,985.33,413.16,113.83,524.60,0.6579,-1,-1,-1
395,37,587.91,413.51,111.55,336.51,0.7669,-1,-1,-1
395,38,725.13,471.12,53.55,134.26,0.6125,-1,-1,-1
395,39,421.35,441.22,127.06,293.96,0.7398,-1,-1,-1
395,43,314.52,443.96,156.69,357.06,0.7475,-1,-1,-1
395,46,72.32,430.22,163.48,365.92,0.7789,-1,-1,-1
395,47,920.43,439.64,54.17,164.28,0.5963,-1,-1,-1
396,3,1057.03,398.45,292.74,618.03,0.7618,-1,-1,-1
396,29,987.32,412.45,110.50,524.40,0.6217,-1,-1,-1
396,37,591.90,423.04,112.39,322.31,0.7560,-1,-1,-1
396,38,722.64,466.13,56.33,142.65,0.5794,-1,-1,-1
396,39,433.95,443.28,114.34,289.20,0.6566,-1,-1,-1
396,43,313.09,442.90,170.36,356.45,0.7600,-1,-1,-1
396,46,100.02,441.37,141.07,353.85,0.5848,-1,-1,-1
396,47,918.30,442.01,53.90,167.76,0.6768,-1,-1,-1
397,3,1060.60,398.55,262.13,618.64,0.7906,-1,-1,-1
397,29,986.26,413.22,111.84,524.45,0.6774,-1,-1,-1
397,37,596.07,419.49,112.89,325.01,0.7489,-1,-1,-1
397,38,720.58,464.33,57.87,145.00,0.5768,-1,-1,-1
397,39,447.67,465.96,98.88,264.24,0.5737,-1,-1,-1
397,43,312.89,434.48,174.44,364.09,0.7633,-1,-1,-1
397,46,127.16,436.45,123.65,359.82,0.6219,-1,-1,-1
397,47,915.71,442.88,54.94,167.74,0.6401,-1,-1,-1
398,3,1063.77,399.06,246.94,619.06,0.8379,-1,-1,-1
398,29,975.51,415.06,123.19,524.73,0.6353,-1,-1,-1
398,37,599.52,423.17,117.10,319.63,0.7560,-1,-1,-1
398,38,720.08,461.77,57.46,147.52,0.5437,-1,-1,-1
398,39,448.18,443.87,98.91,287.20,0.7331,-1,-1,-1
398,43,313.95,436.55,179.41,360.18,0.8204,-1,-1,-1
398,46,136.80,436.29,125.31,359.99,0.7495,-1,-1,-1
398,47,915.72,444.26,55.12,163.94,0.4858,-1,-1,-1
399,3,1065.51,400.28,241.23,617.92,0.8373,-1,-1,-1
399,29,970.54,415.32,129.27,525.16,0.6616,-1,-1,-1
399,37,604.76,427.57,122.90,312.75,0.7883,-1,-1,-1
399,38,719.68,463.25,55.87,145.99,0.5367,-1,-1,-1
399,39,463.54,442.08,85.45,289.42,0.6278,-1,-1,-1
399,43,316.83,437.75,176.85,358.98,0.8308,-1,-1,-1
399,46,137.37,433.54,151.31,361.56,0.7643,-1,-1,-1
399,47,913.98,439.15,56.56,171.65,0.5831,-1,-1,-1
400,3,1067.65,400.38,237.26,618.39,0.8528,-1,-1,-1
400,29,968.71,414.16,130.77,526.65,0.6567,-1,-1,-1
400,37,607.19,423.83,131.55,316.30,0.7796,-1,-1,-1
400,38,718.18,468.01,52.36,140.30,0.4780,-1,-1,-1
400,39,471.21,439.72,81.87,290.21,0.7307,-1,-1,-1
400,43,316.60,435.74,177.61,360.11,0.8429,-1,-1,-1
400,46,140.40,433.08,169.67,360.96,0.7805,-1,-1,-1
400,47,911.35,438.71,56.13,171.04,0.5658,-1,-1,-1
401,3,1069.18,399.84,235.10,619.28,0.8463,-1,-1,-1
401,29,979.39,411.58,118.40,527.05,0.6369,-1,-1,-1
401,37,609.58,423.94,144.27,315.81,0.7722,-1,-1,-1
401,38,715.86,465.91,52.97,145.57,0.4260,-1,-1,-1
401,39,480.20,443.52,80.47,287.66,0.7211,-1,-1,-1
401,43,322.75,436.61,172.07,356.73,0.8151,-1,-1,-1
401,46,141.88,433.17,174.54,360.98,0.8139,-1,-1,-1
401,47,908.96,438.30,59.15,168.02,0.5769,-1,-1,-1
402,3,1071.32,399.48,231.31,619.94,0.8370,-1,-1,-1
402,29,983.91,410.83,113.18,527.23,0.6258,-1,-1,-1
402,37,615.36,417.12,151.39,322.73,0.8023,-1,-1,-1
402,38,715.44,463.54,53.82,147.23,0.4928,-1,-1,-1
402,39,484.27,449.18,86.44,280.07,0.7225,-1,-1,-1
402,43,335.21,442.43,159.44,348.72,0.8266,-1,-1,-1
402,46,144.27,435.42,174.73,357.57,0.8099,-1,-1,-1
402,47,904.77,438.37,66.23,170.36,0.5296,-1,-1,-1
403,3,1074.62,399.70,227.13,619.58,0.8374,-1,-1,-1
403,29,970.97,415.19,127.88,524.89,0.6180,-1,-1,-1
403,37,619.17,411.11,158.11,330.23,0.8361,-1,-1,-1
403,38,715.58,464.38,53.80,146.21,0.4665,-1,-1,-1
403,39,488.87,445.81,95.79,283.27,0.6048,-1,-1,-1
403,43,347.02,448.65,148.48,335.79,0.7468,-1,-1,-1
403,46,144.15,438.71,183.99,354.22,0.8040,-1,-1,-1
403,47,901.92,441.10,72.83,169.37,0.3612,-1,-1,-1
404,3,1076.55,399.82,225.50,620.32,0.8293,-1,-1,-1
404,29,965.97,416.85,132.90,524.76,0.6691,-1,-1,-1
404,37,623.74,407.91,163.60,334.68,0.8025,-1,-1,-1
404,38,715.37,463.21,52.66,148.03,0.4499,-1,-1,-1
404,39,491.04,441.02,115.46,286.58,0.6408,-1,-1,-1
404,43,357.50,443.71,140.37,339.72,0.7213,-1,-1,-1
404,46,150.32,438.55,183.82,351.57,0.8272,-1,-1,-1
404,47,898.54,446.80,60.22,164.12,0.5258,-1,-1,-1
405,3,1078.28,400.34,213.98,619.19,0.8328,-1,-1,-1
405,29,964.09,416.58,134.91,525.31,0.6857,-1,-1,-1
405,37,627.66,414.26,166.42,329.38,0.7877,-1,-1,-1
405,38,716.12,466.87,51.50,144.93,0.3760,-1,-1,-1
405,39,495.74,444.13,123.29,283.55,0.6790,-1,-1,-1
405,43,377.68,438.02,119.49,340.10,0.7016,-1,-1,-1
405,46,155.04,437.01,178.91,351.14,0.8180,-1,-1,-1
405,47,895.59,452.57,54.38,158.24,0.4054,-1,-1,-1
406,3,1077.15,399.32,209.45,620.65,0.8326,-1,-1,-1
406,29,961.61,416.05,137.03,525.80,0.6970,-1,-1,-1
406,37,632.10,420.70,166.63,322.64,0.7932,-1,-1,-1
406,38,718.37,466.73,48.28,145.74,0.2249,-1,-1,-1
406,39,499.88,447.66,123.85,279.63,0.6749,-1,-1,-1
406,43,395.76,434.78,103.30,337.95,0.7060,-1,-1,-1
406,46,159.69,436.01,173.09,352.42,0.8078,-1,-1,-1
406,47,892.56,454.81,54.01,154.34,0.3644,-1,-1,-1
407,3,1076.47,397.12,203.93,622.21,0.8346,-1,-1,-1
407,29,958.50,417.64,139.15,523.83,0.7254,-1,-1,-1
407,37,635.98,416.54,163.43,327.14,0.8544,-1,-1,-1
407,39,496.90,446.31,135.01,284.03,0.7083,-1,-1,-1
407,43,410.42,434.52,93.45,335.89,0.6732,-1,-1,-1
407,46,171.65,433.61,164.20,355.18,0.8025,-1,-1,-1
407,47,888.69,458.17,55.30,150.41,0.3139,-1,-1,-1
408,3,1073.90,397.66,201.98,622.43,0.8385,-1,-1,-1
408,29,959.09,417.40,138.80,523.81,0.7101,-1,-1,-1
408,37,641.12,418.69,159.26,325.80,0.8467,-1,-1,-1
408,39,500.85,440.69,139.22,289.32,0.7527,-1,-1,-1
408,43,408.49,433.71,100.88,336.20,0.6184,-1,-1,-1
408,46,185.45,433.40,152.80,352.09,0.7956,-1,-1,-1
408,47,880.49,455.99,61.00,153.91,0.4991,-1,-1,-1
409,3,1073.80,398.89,198.68,620.57,0.8396,-1,-1,-1
409,29,959.10,417.07,140.23,523.57,0.7042,-1,-1,-1
409,37,643.82,418.01,157.24,326.43,0.8315,-1,-1,-1
409,39,500.33,436.79,143.40,293.36,0.7531,-1,-1,-1
409,43,400.83,437.11,116.25,331.90,0.6153,-1,-1,-1
409,46,201.81,435.73,138.18,339.13,0.7231,-1,-1,-1
409,47,875.73,448.11,63.96,162.65,0.6138,-1,-1,-1
410,3,1073.41,398.18,192.21,621.00,0.8459,-1,-1,-1
410,29,959.44,418.90,139.15,521.12,0.7094,-1,-1,-1
410,37,645.68,412.74,156.48,331.80,0.8197,-1,-1,-1
410,39,511.08,438.82,133.80,285.19,0.7314,-1,-1,-1
410,43,416.55,438.54,115.53,331.15,0.5812,-1,-1,-1
410,46,222.39,435.40,123.38,336.65,0.6601,-1,-1,-1
410,47,874.75,446.49,62.48,164.73,0.5701,-1,-1,-1
411,3,1072.21,398.22,186.17,620.83,0.8466,-1,-1,-1
411,29,958.37,420.88,140.26,518.62,0.7180,-1,-1,-1
411,37,645.99,416.59,155.82,326.02,0.8268,-1,-1,-1
411,39,521.02,440.48,123.06,282.85,0.6934,-1,-1,-1
411,43,423.70,436.56,131.98,330.98,0.6693,-1,-1,-1
411,46,247.64,428.33,105.63,341.36,0.5465,-1,-1,-1
411,47,874.34,442.70,62.27,168.66,0.5411,-1,-1,-1
412,3,1071.05,399.71,185.52,618.80,0.8433,-1,-1,-1
412,29,961.14,421.72,137.53,518.25,0.6861,-1,-1,-1
412,37,645.98,406.98,155.94,335.98,0.8270,-1,-1,-1
412,39,528.80,437.91,116.50,283.43,0.7388,-1,-1,-1
412,43,420.78,436.17,147.73,331.21,0.6618,-1,-1,-1
412,46,264.02,426.92,99.44,342.55,0.7138,-1,-1,-1
412,47,873.95,441.70,58.95,167.69,0.5164,-1,-1,-1
413,3,1070.95,401.32,185.20,617.32,0.8517,-1,-1,-1
413,29,959.22,421.69,140.43,518.26,0.7357,-1,-1,-1
413,37,647.95,408.36,154.01,333.13,0.8040,-1,-1,-1
413,39,547.54,436.57,101.94,283.15,0.6172,-1,-1,-1
413,43,431.89,435.09,154.32,331.27,0.7119,-1,-1,-1
413,46,269.72,426.16,104.70,344.34,0.7257,-1,-1,-1
413,47,874.87,440.41,55.81,167.73,0.4904,-1,-1,-1
414,3,1066.60,404.03,188.73,614.96,0.8609,-1,-1,-1
414,29,961.09,421.60,138.00,516.84,0.6945,-1,-1,-1
414,37,653.05,419.93,148.06,320.85,0.8021,-1,-1,-1
414,39,558.34,437.46,95.31,282.34,0.6546,-1,-1,-1
414,43,436.49,436.94,158.91,329.04,0.7422,-1,-1,-1
414,46,273.16,424.68,109.84,346.91,0.6976,-1,-1,-1
414,47,872.11,440.17,53.90,167.96,0.5951,-1,-1,-1
415,3,1064.08,407.52,191.30,611.77,0.8578,-1,-1,-1
415,29,963.39,419.97,133.68,518.50,0.7133,-1,-1,-1
415,37,657.59,424.51,143.64,316.47,0.8065,-1,-1,-1
415,39,562.40,434.36,92.04,286.58,0.6033,-1,-1,-1
415,43,436.12,438.51,162.88,327.56,0.7650,-1,-1,-1
415,46,278.84,430.97,116.77,340.61,0.6673,-1,-1,-1
415,47,871.46,440.87,50.93,167.22,0.7084,-1,-1,-1
416,3,1061.44,410.86,195.31,608.77,0.8635,-1,-1,-1
416,29,964.16,419.31,131.77,519.22,0.7056,-1,-1,-1
416,37,666.77,430.51,134.75,308.17,0.7947,-1,-1,-1
416,39,570.62,433.84,87.20,286.47,0.7330,-1,-1,-1
416,43,435.68,440.90,163.62,325.47,0.8113,-1,-1,-1
416,46,287.34,435.56,115.67,334.83,0.7308,-1,-1,-1
416,47,869.65,440.40,51.18,166.48,0.6150,-1,-1,-1
417,3,1061.57,409.48,197.03,610.89,0.8531,-1,-1,-1
417,29,968.13,417.40,128.18,518.37,0.6689,-1,-1,-1
417,37,675.85,424.63,125.97,310.45,0.8035,-1,-1,-1
417,39,569.61,435.55,96.73,283.88,0.6753,-1,-1,-1
417,43,436.10,449.68,164.23,317.02,0.7915,-1,-1,-1
417,46,289.13,437.96,128.75,330.77,0.5966,-1,-1,-1
417,47,868.17,439.10,50.78,167.12,0.6313,-1,-1,-1
418,3,1059.61,405.87,199.87,614.66,0.8571,-1,-1,-1
418,29,968.39,418.08,126.87,519.50,0.6732,-1,-1,-1
418,37,682.06,413.73,121.82,318.44,0.7854,-1,-1,-1
418,39,581.52,436.13,94.42,282.44,0.7151,-1,-1,-1
418,43,438.19,446.41,158.85,319.46,0.8078,-1,-1,-1
418,46,289.97,436.01,142.77,332.63,0.6847,-1,-1,-1
418,47,867.44,439.65,48.87,165.31,0.5211,-1,-1,-1
419,3,1056.87,407.63,204.72,612.90,0.8489,-1,-1,-1
419,29,969.98,419.53,125.74,517.17,0.6839,-1,-1,-1
419,37,688.24,407.18,120.30,324.05,0.8005,-1,-1,-1
419,39,588.49,436.99,91.26,280.41,0.7167,-1,-1,-1
419,43,441.09,439.45,159.52,324.60,0.8021,-1,-1,-1
419,46,291.16,438.18,155.79,330.76,0.7583,-1,-1,-1
419,47,865.62,440.67,46.16,164.16,0.5456,-1,-1,-1
420,3,1054.07,409.22,212.65,611.61,0.8392,-1,-1,-1
420,29,970.67,415.53,123.96,521.78,0.5915,-1,-1,-1
420,37,694.89,407.34,116.71,323.11,0.7801,-1,-1,-1
420,39,586.93,436.93,97.25,278.24,0.7142,-1,-1,-1
420,43,448.03,435.80,152.94,327.38,0.7693,-1,-1,-1
420,46,293.48,442.10,161.28,326.90,0.7820,-1,-1,-1
420,47,861.76,443.42,45.97,162.17,0.2582,-1,-1,-1
421,3,1051.12,409.24,215.67,611.62,0.8238,-1,-1,-1
421,29,969.32,412.23,123.97,525.48,0.5963,-1,-1,-1
421,37,697.74,418.56,111.22,311.95,0.7100,-1,-1,-1
421,39,589.28,438.99,108.55,277.23,0.7301,-1,-1,-1
421,43,448.30,434.33,150.95,326.94,0.7422,-1,-1,-1
421,46,292.61,439.60,167.11,328.93,0.7780,-1,-1,-1
421,47,858.50,437.24,47.70,168.30,0.4991,-1,-1,-1
422,3,1047.35,407.12,216.04,614.34,0.8180,-1,-1,-1
422,29,968.77,412.54,124.32,525.16,0.5193,-1,-1,-1
422,37,701.89,431.60,108.30,296.20,0.6477,-1,-1,-1
422,39,595.39,440.49,114.09,276.31,0.7148,-1,-1,-1
422,43,459.56,435.12,135.77,325.66,0.6973,-1,-1,-1
422,46,292.89,439.60,182.90,327.68,0.8235,-1,-1,-1
422,47,859.24,439.72,47.04,160.83,0.4730,-1,-1,-1
422,50,1158.56,410.93,163.37,492.71,0.5075,-1,-1,-1
423,3,1046.18,404.04,218.34,618.23,0.8159,-1,-1,-1
423,29,969.05,416.37,123.32,520.61,0.4219,-1,-1,-1
423,37,707.16,435.99,105.72,291.94,0.6216,-1,-1,-1
423,39,601.76,443.06,121.84,273.00,0.7249,-1,-1,-1
423,43,470.50,437.20,123.18,320.32,0.7151,-1,-1,-1
423,46,292.55,436.91,187.13,329.52,0.7827,-1,-1,-1
423,47,856.50,439.00,50.20,161.38,0.5990,-1,-1,-1
423,50,1155.45,411.97,168.25,493.44,0.6566,-1,-1,-1
424,3,1047.56,399.91,217.51,624.41,0.7840,-1,-1,-1
424,29,969.07,462.43,121.43,472.92,0.4155,-1,-1,-1
424,37,711.34,431.19,104.48,298.12,0.6346,-1,-1,-1
424,39,607.67,443.22,130.28,272.31,0.7741,-1,-1,-1
424,43,477.01,437.22,120.75,320.56,0.7190,-1,-1,-1
424,46,300.38,436.87,179.58,327.81,0.7753,-1,-1,-1
424,47,851.70,438.80,52.34,163.13,0.5305,-1,-1,-1
424,50,1151.55,412.41,173.58,498.50,0.5144,-1,-1,-1
425,3,1048.55,397.79,208.78,633.06,0.7195,-1,-1,-1
425,29,970.76,482.43,119.57,451.17,0.5234,-1,-1,-1
425,37,714.20,421.69,113.02,305.21,0.7298,-1,-1,-1
425,39,610.80,448.85,130.54,266.75,0.7359,-1,-1,-1
425,43,487.96,438.75,112.83,318.97,0.6389,-1,-1,-1
425,46,310.24,437.95,170.23,325.71,0.7789,-1,-1,-1
425,47,850.24,439.84,49.45,159.43,0.5432,-1,-1,-1
425,50,1159.76,412.73,165.71,508.62,0.6052,-1,-1,-1
426,3,1050.14,397.44,201.88,638.34,0.7135,-1,-1,-1
426,29,970.99,489.77,118.88,442.03,0.5296,-1,-1,-1
426,37,715.59,413.42,115.50,312.47,0.7551,-1,-1,-1
426,39,611.80,449.00,133.10,267.92,0.7211,-1,-1,-1
426,43,514.46,438.37,96.92,315.96,0.6451,-1,-1,-1
426,46,321.44,434.43,157.98,329.50,0.7907,-1,-1,-1
426,47,848.18,439.07,47.78,159.11,0.5964,-1,-1,-1
426,50,1163.18,411.73,163.48,516.01,0.5898,-1,-1,-1
427,3,1053.74,399.98,187.78,638.39,0.6817,-1,-1,-1
427,29,971.67,452.64,119.73,478.84,0.4417,-1,-1,-1
427,37,720.47,411.06,111.39,315.30,0.7452,-1,-1,-1
427,39,611.42,450.04,132.64,267.63,0.7150,-1,-1,-1
427,43,520.31,438.64,94.15,315.02,0.6316,-1,-1,-1
427,46,330.67,433.85,151.12,326.19,0.7856,-1,-1,-1
427,47,844.34,437.32,48.98,161.87,0.4929,-1,-1,-1
427,50,1159.63,409.68,171.08,521.68,0.4895,-1,-1,-1
428,3,1058.10,405.58,169.65,622.51,0.6657,-1,-1,-1
428,29,972.55,440.35,120.81,486.60,0.5753,-1,-1,-1
428,37,723.82,417.55,114.61,309.91,0.7234,-1,-1,-1
428,39,609.28,447.67,133.54,268.31,0.6944,-1,-1,-1
428,43,508.13,437.79,109.37,317.27,0.6652,-1,-1,-1
428,46,346.73,436.52,136.14,317.95,0.7384,-1,-1,-1
428,47,841.30,441.10,49.86,157.83,0.5164,-1,-1,-1
428,50,1149.14,411.83,179.74,597.19,0.4307,-1,-1,-1
428,54,1692.09,330.63,227.48,619.65,0.6094,-1,-1,-1
429,3,1059.74,402.86,164.62,619.37,0.6603,-1,-1,-1
429,29,973.96,452.21,119.14,478.19,0.5116,-1,-1,-1
429,37,727.33,430.94,116.29,296.40,0.7137,-1,-1,-1
429,39,618.14,442.56,123.35,271.62,0.7096,-1,-1,-1
429,43,503.03,438.49,123.79,316.39,0.6044,-1,-1,-1
429,46,366.25,438.04,119.41,314.24,0.7166,-1,-1,-1
429,47,837.03,451.95,50.61,146.33,0.1557,-1,-1,-1
429,50,1145.67,414.19,182.90,627.80,0.3516,-1,-1,-1
429,54,1650.14,325.82,269.69,615.15,0.4652,-1,-1,-1
430,3,1062.55,403.14,163.33,623.72,0.6897,-1,-1,-1
430,29,975.07,446.06,119.19,482.41,0.5744,-1,-1,-1
430,37,729.48,431.69,119.78,295.45,0.6789,-1,-1,-1
430,39,633.51,441.88,109.17,271.14,0.6005,-1,-1,-1
430,43,510.73,438.10,136.05,317.29,0.5813,-1,-1,-1
430,46,377.43,437.86,109.81,310.23,0.7392,-1,-1,-1
430,47,838.40,442.98,47.06,151.78,0.3812,-1,-1,-1
430,50,1147.31,416.12,182.80,638.89,0.3104,-1,-1,-1
430,54,1597.90,320.75,321.85,620.65,0.4813,-1,-1,-1
431,3,1065.82,404.32,162.15,629.66,0.6788,-1,-1,-1
431,29,976.14,440.16,120.32,486.93,0.5676,-1,-1,-1
431,37,728.35,430.27,122.96,297.28,0.6863,-1,-1,-1
431,39,642.06,441.87,99.93,266.35,0.5393,-1,-1,-1
431,43,531.59,441.19,132.30,313.73,0.6323,-1,-1,-1
431,46,384.79,438.03,106.32,307.00,0.7315,-1,-1,-1
431,47,838.99,441.62,43.84,152.58,0.5895,-1,-1,-1
431,50,1144.40,417.06,181.75,650.71,0.3021,-1,-1,-1
431,54,1548.61,308.14,371.08,690.03,0.7133,-1,-1,-1
432,3,1069.26,407.12,167.95,630.37,0.7300,-1,-1,-1
432,29,976.88,443.56,120.84,484.79,0.5617,-1,-1,-1
432,37,728.49,424.64,124.25,301.83,0.6501,-1,-1,-1
432,39,655.65,446.56,84.40,257.64,0.4660,-1,-1,-1
432,43,543.21,441.38,135.10,313.86,0.6601,-1,-1,-1
432,46,388.93,439.63,106.97,308.01,0.7041,-1,-1,-1
432,47,836.61,442.52,45.13,150.90,0.6308,-1,-1,-1
432,50,1166.87,413.18,158.20,483.37,0.5701,-1,-1,-1
432,54,1501.09,301.76,418.11,715.25,0.8268,-1,-1,-1
432,55,1261.18,420.95,94.18,256.41,0.4266,-1,-1,-1
433,3,1073.75,409.03,165.93,616.77,0.7187,-1,-1,-1
433,29,978.83,429.72,125.76,498.56,0.5651,-1,-1,-1
433,37,732.62,427.16,121.92,298.07,0.6894,-1,-1,-1
433,39,665.54,446.46,82.35,256.91,0.4261,-1,-1,-1
433,43,544.49,442.58,143.04,313.87,0.6806,-1,-1,-1
433,46,395.78,440.88,107.97,306.29,0.6750,-1,-1,-1
433,47,834.69,439.61,46.67,154.45,0.6019,-1,-1,-1
433,50,1179.99,413.42,151.76,411.00,0.6481,-1,-1,-1
433,54,1452.77,302.78,466.97,719.99,0.7812,-1,-1,-1
433,55,1266.07,417.97,93.57,258.78,0.3079,-1,-1,-1
434,3,1076.25,403.68,158.51,558.14,0.4758,-1,-1,-1
434,29,981.45,424.47,132.82,512.81,0.6457,-1,-1,-1
434,37,737.81,419.98,118.02,305.64,0.6974,-1,-1,-1
434,39,669.63,448.72,84.65,254.13,0.4131,-1,-1,-1
434,43,547.91,445.19,142.61,311.31,0.7810,-1,-1,-1
434,46,403.21,440.86,107.18,305.93,0.6778,-1,-1,-1
434,47,833.18,438.63,46.18,151.78,0.2679,-1,-1,-1
434,50,1188.72,408.26,132.02,341.79,0.4603,-1,-1,-1
434,54,1406.71,302.41,497.49,717.32,0.7407,-1,-1,-1
434,55,1270.91,418.41,93.92,289.96,0.3901,-1,-1,-1
435,3,1081.95,404.81,160.62,439.77,0.6220,-1,-1,-1
435,29,983.87,419.46,136.27,495.81,0.7034,-1,-1,-1
435,37,743.46,422.34,112.41,302.06,0.6919,-1,-1,-1
435,39,683.74,437.74,78.35,266.01,0.5281,-1,-1,-1
435,43,548.73,444.97,145.32,311.42,0.7972,-1,-1,-1
435,46,413.37,437.90,105.99,309.80,0.7634,-1,-1,-1
435,47,831.80,442.44,46.37,149.33,0.1966,-1,-1,-1
435,50,1193.44,405.37,126.89,306.70,0.6139,-1,-1,-1
435,54,1364.96,305.83,482.67,708.46,0.4202,-1,-1,-1
435,55,1276.95,418.71,93.47,299.77,0.5584,-1,-1,-1
436,3,1087.27,410.21,162.73,415.51,0.6526,-1,-1,-1
436,29,994.15,419.09,133.62,421.39,0.6309,-1,-1,-1
436,37,751.11,424.42,105.55,297.26,0.6587,-1,-1,-1
436,39,696.07,437.10,75.95,270.61,0.4709,-1,-1,-1
436,43,547.40,442.31,148.49,314.07,0.7821,-1,-1,-1
436,46,416.96,437.24,109.45,310.90,0.7579,-1,-1,-1
436,47,829.84,438.79,45.97,151.88,0.2430,-1,-1,-1
436,50,1191.40,408.77,133.05,365.87,0.5846,-1,-1,-1
436,54,1312.54,309.82,471.65,704.65,0.8392,-1,-1,-1
436,55,1279.37,417.21,83.94,286.34,0.1864,-1,-1,-1
437,3,1093.85,404.33,158.80,427.90,0.6935,-1,-1,-1
437,29,997.99,419.99,135.18,403.47,0.6795,-1,-1,-1
437,37,757.22,416.89,99.99,302.80,0.5659,-1,-1,-1
437,39,706.69,432.56,74.96,276.53,0.4961,-1,-1,-1
437,43,548.20,440.64,148.94,316.66,0.7818,-1,-1,-1
437,46,418.04,438.58,115.74,311.86,0.7784,-1,-1,-1
437,50,1198.90,405.97,132.33,324.44,0.5319,-1,-1,-1
437,54,1225.84,317.36,489.25,702.86,0.8074,-1,-1,-1
438,3,1099.10,396.63,157.39,444.98,0.8133,-1,-1,-1
438,29,1001.04,422.38,135.52,405.54,0.6850,-1,-1,-1
438,37,768.27,415.08,90.91,303.83,0.5403,-1,-1,-1
438,39,710.33,430.32,81.80,279.53,0.5465,-1,-1,-1
438,43,549.15,441.80,149.47,312.55,0.7834,-1,-1,-1
438,46,421.15,434.45,119.31,316.10,0.8065,-1,-1,-1
438,54,1193.62,326.22,449.12,700.98,0.7264,-1,-1,-1
439,3,1101.82,419.76,154.08,429.87,0.5207,-1,-1,-1
439,29,1000.23,421.78,139.76,419.75,0.7033,-1,-1,-1
439,37,772.31,430.06,89.01,287.89,0.5402,-1,-1,-1
439,39,711.88,434.88,85.90,276.29,0.4634,-1,-1,-1
439,43,551.27,439.94,148.48,314.13,0.7898,-1,-1,-1
439,46,424.27,438.34,123.77,309.61,0.7600,-1,-1,-1
439,54,1155.05,333.26,417.47,701.52,0.7738,-1,-1,-1
440,29,999.35,423.40,146.06,435.19,0.7793,-1,-1,-1
440,37,773.86,439.07,88.17,277.76,0.5880,-1,-1,-1
440,39,712.77,437.58,85.75,273.58,0.5189,-1,-1,-1
440,43,552.21,440.81,148.10,313.46,0.7787,-1,-1,-1
440,46,428.72,438.34,124.37,306.40,0.7012,-1,-1,-1
440,54,1103.63,349.04,398.89,685.84,0.7388,-1,-1,-1
440,56,1832.89,466.14,65.09,179.84,0.4016,-1,-1,-1
441,29,999.81,431.62,140.04,407.99,0.4474,-1,-1,-1
441,37,776.64,436.15,86.42,276.64,0.5726,-1,-1,-1
441,39,713.33,444.88,95.66,266.62,0.5614,-1,-1,-1
441,43,552.95,441.07,147.05,312.74,0.7496,-1,-1,-1
441,46,436.07,438.79,118.45,302.86,0.6946,-1,-1,-1
441,54,1050.80,357.98,380.36,673.03,0.7499,-1,-1,-1
441,56,1833.43,466.32,68.94,181.95,0.4010,-1,-1,-1
442,29,1001.56,442.81,126.74,328.06,0.2685,-1,-1,-1
442,37,778.49,430.84,87.62,279.38,0.5490,-1,-1,-1
442,39,713.57,447.76,109.93,264.31,0.5512,-1,-1,-1
442,43,560.23,439.79,140.33,310.57,0.7673,-1,-1,-1
442,46,442.95,437.47,110.80,307.64,0.6990,-1,-1,-1
442,54,1004.15,364.73,363.50,659.81,0.7932,-1,-1,-1
442,56,1834.14,465.93,67.42,182.40,0.3564,-1,-1,-1
442,57,1306.54,431.45,151.10,324.99,0.7324,-1,-1,-1
443,37,783.98,428.44,82.56,281.97,0.6365,-1,-1,-1
443,39,712.87,444.47,114.75,267.09,0.5491,-1,-1,-1
443,43,566.92,438.42,134.55,310.98,0.7963,-1,-1,-1
443,46,450.18,439.94,106.11,303.11,0.7199,-1,-1,-1
443,54,960.00,364.59,351.73,654.13,0.8090,-1,-1,-1
443,56,1834.75,465.88,67.68,181.77,0.2928,-1,-1,-1
443,57,1310.60,431.80,149.02,326.42,0.6966,-1,-1,-1
443,50,1230.19,426.51,122.16,401.66,0.6267,-1,-1,-1
444,37,787.17,430.76,84.39,279.73,0.5143,-1,-1,-1
444,39,712.12,443.62,127.37,267.48,0.5972,-1,-1,-1
444,43,578.54,437.16,123.10,308.59,0.7458,-1,-1,-1
444,46,461.09,436.49,99.67,304.28,0.7625,-1,-1,-1
444,54,917.25,363.45,338.80,651.46,0.8146,-1,-1,-1
444,56,1834.78,466.51,68.58,181.70,0.3266,-1,-1,-1
444,57,1314.11,432.57,145.14,329.48,0.6652,-1,-1,-1
444,50,1235.39,429.37,120.99,413.32,0.5236,-1,-1,-1
445,37,785.57,436.35,89.81,275.93,0.5037,-1,-1,-1
445,39,712.28,445.61,107.40,263.43,0.4197,-1,-1,-1
445,43,587.24,437.76,114.60,306.85,0.7547,-1,-1,-1
445,46,468.77,434.55,99.68,301.13,0.7623,-1,-1,-1
445,54,875.89,354.26,338.98,657.40,0.7807,-1,-1,-1
445,56,1833.58,467.67,71.49,180.30,0.2897,-1,-1,-1
445,57,1324.57,432.88,134.76,328.58,0.7328,-1,-1,-1
445,50,1237.78,429.59,127.08,387.98,0.4106,-1,-1,-1
445,3,1140.11,409.36,206.01,503.54,0.5942,-1,-1,-1
446,37,790.53,429.83,88.28,281.75,0.5672,-1,-1,-1
446,39,713.23,450.76,109.43,258.18,0.4570,-1,-1,-1
446,43,603.29,438.75,99.38,303.75,0.6876,-1,-1,-1
446,46,471.28,434.66,103.72,294.64,0.7216,-1,-1,-1
446,54,842.36,345.81,329.77,654.94,0.7819,-1,-1,-1
446,56,1832.68,469.19,71.36,179.01,0.3500,-1,-1,-1
446,57,1334.04,432.36,124.84,329.03,0.7053,-1,-1,-1
446,50,1241.10,428.88,126.95,403.98,0.4986,-1,-1,-1
446,3,1138.71,420.95,202.31,593.11,0.7607,-1,-1,-1
447,37,792.50,431.47,82.52,273.31,0.2884,-1,-1,-1
447,39,716.55,451.51,106.38,256.26,0.3909,-1,-1,-1
447,43,610.67,433.68,95.87,308.21,0.6744,-1,-1,-1
447,46,474.62,431.20,105.79,295.58,0.6849,-1,-1,-1
447,54,801.03,336.55,333.26,654.20,0.7790,-1,-1,-1
447,56,1832.46,469.88,69.22,178.09,0.2776,-1,-1,-1
447,57,1341.31,431.23,118.85,329.57,0.6711,-1,-1,-1
447,50,1238.79,423.74,127.52,417.19,0.3027,-1,-1,-1
447,3,1136.96,416.14,197.89,636.65,0.7875,-1,-1,-1
448,37,792.66,454.13,72.58,232.31,0.1513,-1,-1,-1
448,39,724.06,445.71,122.65,262.93,0.4139,-1,-1,-1
448,43,606.70,434.51,104.17,308.78,0.6113,-1,-1,-1
448,46,482.84,434.08,103.08,285.28,0.5846,-1,-1,-1
448,54,766.06,333.26,334.30,646.27,0.7763,-1,-1,-1
448,56,1831.89,469.51,72.07,178.81,0.2749,-1,-1,-1
448,57,1346.87,423.37,116.47,339.19,0.7804,-1,-1,-1
448,50,1243.36,422.37,126.44,379.23,0.3710,-1,-1,-1
448,3,1139.17,418.83,198.20,650.27,0.7742,-1,-1,-1
448,61,1057.15,421.34,130.93,484.55,0.5337,-1,-1,-1
449,43,625.82,434.77,93.74,308.07,0.5934,-1,-1,-1
449,46,485.15,436.82,105.63,282.99,0.7029,-1,-1,-1
449,54,729.86,332.22,333.83,646.30,0.7322,-1,-1,-1
449,56,1831.17,469.80,73.19,179.25,0.3388,-1,-1,-1
449,57,1350.80,421.36,113.63,340.77,0.7502,-1,-1,-1
449,50,1245.61,419.38,123.57,343.76,0.5109,-1,-1,-1
449,3,1142.61,423.88,192.89,649.32,0.7307,-1,-1,-1
449,61,1037.68,420.95,150.19,519.74,0.8011,-1,-1,-1
450,43,635.35,434.80,87.53,303.48,0.6594,-1,-1,-1
450,46,486.57,435.78,106.67,285.30,0.6995,-1,-1,-1
450,54,695.71,335.47,331.11,635.42,0.7551,-1,-1,-1
450,56,1831.65,468.80,74.93,180.17,0.3340,-1,-1,-1
450,57,1353.33,420.53,116.64,340.94,0.7539,-1,-1,-1
450,50,1253.92,424.21,116.12,333.62,0.2411,-1,-1,-1
450,3,1143.88,420.75,210.83,651.30,0.8143,-1,-1,-1
450,61,1032.46,415.70,159.18,544.15,0.7719,-1,-1,-1
451,43,644.81,437.97,81.00,300.50,0.6660,-1,-1,-1
451,46,489.54,434.29,118.57,289.35,0.6385,-1,-1,-1
451,54,660.43,339.49,333.42,638.60,0.7166,-1,-1,-1
451,56,1832.60,467.59,79.46,182.53,0.2803,-1,-1,-1
451,57,1353.61,418.02,122.71,345.56,0.7262,-1,-1,-1
451,50,1258.38,425.34,111.52,327.98,0.2703,-1,-1,-1
451,3,1136.59,418.77,248.63,654.77,0.8218,-1,-1,-1
451,61,1032.96,412.51,161.84,553.64,0.7849,-1,-1,-1
452,43,646.54,458.39,72.47,253.83,0.2746,-1,-1,-1
452,46,490.03,433.75,127.32,290.08,0.7214,-1,-1,-1
452,54,634.20,346.98,323.87,635.82,0.7140,-1,-1,-1
452,56,1835.00,466.46,73.09,182.37,0.2411,-1,-1,-1
452,57,1359.05,417.27,125.50,347.15,0.7836,-1,-1,-1
452,50,1268.18,443.68,107.32,257.87,0.1558,-1,-1,-1
452,3,1107.02,416.40,293.98,657.33,0.7162,-1,-1,-1
452,61,1037.02,413.47,162.27,553.46,0.7996,-1,-1,-1
453,46,495.97,436.26,125.57,286.74,0.7165,-1,-1,-1
453,54,586.72,358.21,347.02,668.45,0.5383,-1,-1,-1
453,56,1834.94,464.19,70.69,184.90,0.2483,-1,-1,-1
453,57,1365.91,417.33,123.81,346.77,0.8185,-1,-1,-1
453,50,1276.79,433.63,105.23,255.08,0.1581,-1,-1,-1
453,3,1135.72,415.91,294.64,652.82,0.8062,-1,-1,-1
453,61,1043.92,414.28,155.09,549.83,0.7941,-1,-1,-1
454,46,504.38,437.62,111.68,284.69,0.7770,-1,-1,-1
454,54,541.88,368.41,362.42,657.69,0.6765,-1,-1,-1
454,56,1834.44,465.03,79.08,185.29,0.2194,-1,-1,-1
454,57,1370.20,417.36,125.16,349.40,0.8183,-1,-1,-1
454,3,1144.64,410.45,303.44,662.87,0.7957,-1,-1,-1
454,61,1046.60,415.37,156.80,544.74,0.7732,-1,-1,-1
454,37,819.96,425.09,69.07,267.97,0.4522,-1,-1,-1
455,46,513.88,449.28,94.41,268.58,0.6621,-1,-1,-1
455,54,499.08,384.49,370.10,631.79,0.6364,-1,-1,-1
455,56,1835.06,460.29,82.27,190.68,0.1806,-1,-1,-1
455,57,1373.12,418.10,127.91,349.64,0.8235,-1,-1,-1
455,3,1149.00,417.14,304.37,661.39,0.7102,-1,-1,-1
455,61,1050.59,417.77,169.26,545.25,0.7695,-1,-1,-1
455,64,243.80,517.24,90.98,123.19,0.5262,-1,-1,-1
455,37,820.90,420.97,74.55,282.79,0.6186,-1,-1,-1
456,54,460.34,391.88,376.50,647.07,0.7103,-1,-1,-1
456,56,1831.34,466.83,84.22,185.12,0.1856,-1,-1,-1
456,57,1376.67,419.25,130.45,353.31,0.8204,-1,-1,-1
456,3,1151.04,421.87,309.89,659.15,0.7531,-1,-1,-1
456,61,1054.76,420.01,170.82,543.59,0.7770,-1,-1,-1
456,64,240.39,516.13,88.43,121.14,0.2719,-1,-1,-1
456,37,815.07,419.23,86.05,289.25,0.5994,-1,-1,-1
457,54,411.74,395.68,382.78,646.11,0.6783,-1,-1,-1
457,56,1831.34,467.32,82.19,184.92,0.2025,-1,-1,-1
457,57,1379.36,420.10,134.21,357.31,0.8460,-1,-1,-1
457,3,1152.50,414.92,298.29,665.16,0.8218,-1,-1,-1
457,61,1059.98,420.78,168.06,543.70,0.8056,-1,-1,-1
457,64,230.73,514.34,92.51,115.92,0.3939,-1,-1,-1
457,37,809.65,412.92,95.47,296.79,0.6822,-1,-1,-1
457,66,415.70,470.95,42.48,100.97,0.3416,-1,-1,-1
457,43,687.00,442.24,69.39,215.04,0.3440,-1,-1,-1
458,54,375.14,394.23,390.99,666.67,0.7580,-1,-1,-1
458,56,1831.10,455.44,85.47,196.90,0.2223,-1,-1,-1
458,57,1386.32,421.35,134.03,359.32,0.8286,-1,-1,-1
458,3,1153.33,414.90,303.37,664.31,0.8404,-1,-1,-1
458,61,1067.27,419.69,162.15,541.41,0.8053,-1,-1,-1
458,64,220.86,517.59,93.83,117.30,0.4044,-1,-1,-1
458,37,809.27,414.26,97.97,295.01,0.6736,-1,-1,-1
458,66,415.27,471.70,41.27,100.39,0.2662,-1,-1,-1
458,43,688.78,441.20,81.25,268.56,0.4973,-1,-1,-1
459,54,339.84,390.36,395.57,680.42,0.8430,-1,-1,-1
459,56,1830.47,445.60,87.05,206.00,0.2299,-1,-1,-1
459,57,1391.63,423.19,143.76,361.41,0.8361,-1,-1,-1
459,3,1154.83,414.77,314.07,664.28,0.8346,-1,-1,-1
459,61,1074.78,418.82,158.04,544.92,0.7696,-1,-1,-1
459,64,210.10,520.65,96.09,123.23,0.3800,-1,-1,-1
459,37,816.78,417.97,88.74,288.05,0.5968,-1,-1,-1
459,43,688.22,441.82,102.92,283.98,0.4899,-1,-1,-1
460,54,302.43,388.38,405.30,678.29,0.6816,-1,-1,-1
460,56,1831.24,445.90,86.51,205.50,0.2571,-1,-1,-1
460,57,1397.51,423.73,156.07,363.48,0.8446,-1,-1,-1
460,3,1158.26,412.72,311.54,664.43,0.8425,-1,-1,-1
460,61,1084.91,418.87,152.88,546.97,0.7160,-1,-1,-1
460,64,202.12,521.59,95.75,117.39,0.4019,-1,-1,-1
460,37,820.91,420.99,88.61,282.13,0.5387,-1,-1,-1
460,43,678.15,440.36,122.33,292.82,0.6885,-1,-1,-1
461,54,274.10,375.09,404.54,698.79,0.8019,-1,-1,-1
461,56,1831.73,447.92,86.04,203.66,0.2019,-1,-1,-1
461,57,1401.26,425.24,163.19,365.03,0.8552,-1,-1,-1
461,3,1160.27,411.08,310.20,667.71,0.8620,-1,-1,-1
461,61,1096.86,421.75,151.46,552.28,0.7146,-1,-1,-1
461,64,192.46,521.00,96.65,116.04,0.2782,-1,-1,-1
461,37,818.55,415.79,97.16,286.39,0.5821,-1,-1,-1
461,43,662.76,439.07,141.92,298.43,0.7447,-1,-1,-1
462,54,249.36,369.93,396.43,705.04,0.7662,-1,-1,-1
462,56,1831.92,458.42,85.35,192.92,0.2819,-1,-1,-1
462,57,1403.58,426.04,166.60,366.42,0.8153,-1,-1,-1
462,3,1158.56,405.76,313.26,672.38,0.8665,-1,-1,-1
462,61,1098.45,420.33,157.50,555.47,0.7318,-1,-1,-1
462,37,813.28,412.47,103.00,290.72,0.6093,-1,-1,-1
462,43,665.41,438.89,138.27,299.82,0.6932,-1,-1,-1
462,46,563.96,434.81,88.35,276.02,0.5542,-1,-1,-1
463,54,243.47,363.35,382.03,711.22,0.7795,-1,-1,-1
463,56,1832.14,459.54,85.30,190.66,0.2874,-1,-1,-1
463,57,1405.39,430.17,170.63,367.21,0.8300,-1,-1,-1
463,3,1160.95,403.41,310.40,674.78,0.8029,-1,-1,-1
463,61,1102.10,417.32,157.45,557.33,0.7729,-1,-1,-1
463,37,810.23,410.84,109.75,292.21,0.5970,-1,-1,-1
463,43,672.19,438.34,126.39,299.17,0.6769,-1,-1,-1
463,46,567.04,432.70,91.79,276.93,0.7023,-1,-1,-1
463,47,774.38,446.64,46.98,141.06,0.4049,-1,-1,-1
464,54,221.00,358.78,384.90,714.70,0.8128,-1,-1,-1
464,56,1831.55,464.32,84.35,185.07,0.2935,-1,-1,-1
464,57,1413.22,427.52,165.57,372.86,0.8497,-1,-1,-1
464,3,1167.02,401.94,303.27,675.26,0.7972,-1,-1,-1
464,61,1104.44,413.54,162.30,563.62,0.7789,-1,-1,-1
464,37,809.30,411.11,114.95,293.11,0.6323,-1,-1,-1
464,43,680.75,437.88,117.44,295.82,0.6815,-1,-1,-1
464,46,572.21,432.06,91.62,275.63,0.6958,-1,-1,-1
464,47,772.86,446.08,46.94,140.35,0.5095,-1,-1,-1
465,54,195.65,360.42,393.31,710.32,0.7817,-1,-1,-1
465,56,1830.93,456.93,86.27,193.05,0.2134,-1,-1,-1
465,57,1421.60,424.64,158.04,378.42,0.8427,-1,-1,-1
465,3,1183.21,402.00,286.27,677.07,0.8340,-1,-1,-1
465,61,1107.83,416.29,159.73,560.98,0.7699,-1,-1,-1
465,37,817.10,411.75,108.65,292.78,0.6268,-1,-1,-1
465,43,685.74,438.23,114.10,294.69,0.6239,-1,-1,-1
465,46,568.01,430.82,99.80,276.64,0.6813,-1,-1,-1
466,54,157.88,365.12,399.43,707.35,0.7488,-1,-1,-1
466,56,1831.35,457.15,86.31,192.77,0.2379,-1,-1,-1
466,57,1432.83,421.69,146.75,382.99,0.8452,-1,-1,-1
466,3,1195.73,402.61,274.47,676.12,0.8166,-1,-1,-1
466,61,1107.44,420.35,165.41,554.83,0.7763,-1,-1,-1
466,37,822.51,409.21,106.56,296.33,0.6719,-1,-1,-1
466,43,704.21,437.95,108.51,294.04,0.6412,-1,-1,-1
466,46,564.58,430.15,106.12,278.08,0.6882,-1,-1,-1
466,67,512.16,448.53,75.11,193.41,0.3998,-1,-1,-1
467,54,129.58,369.20,402.31,703.80,0.8543,-1,-1,-1
467,56,1831.49,458.80,86.50,191.07,0.1940,-1,-1,-1
467,57,1447.85,420.93,135.19,385.47,0.8018,-1,-1,-1
467,3,1216.26,404.52,259.60,667.70,0.7361,-1,-1,-1
467,61,1108.49,426.10,171.63,549.44,0.7268,-1,-1,-1
467,37,827.49,407.54,100.69,298.54,0.6769,-1,-1,-1
467,43,718.54,439.47,98.10,293.22,0.6693,-1,-1,-1
467,46,568.53,428.66,103.53,279.87,0.6877,-1,-1,-1
467,67,501.98,456.11,78.95,183.33,0.3585,-1,-1,-1
468,54,113.41,371.99,391.00,702.30,0.8188,-1,-1,-1
468,56,1831.95,458.53,85.68,191.14,0.2017,-1,-1,-1
468,57,1459.70,416.17,131.29,389.07,0.8164,-1,-1,-1
468,3,1239.03,405.56,244.04,655.02,0.6429,-1,-1,-1
468,61,1112.39,423.95,176.46,561.44,0.7788,-1,-1,-1
468,37,830.59,406.58,97.39,299.13,0.6697,-1,-1,-1
468,43,713.54,439.05,101.54,293.98,0.6053,-1,-1,-1
468,46,572.39,432.39,99.11,272.87,0.7036,-1,-1,-1
468,67,497.54,456.06,73.43,165.95,0.2641,-1,-1,-1
469,54,78.72,379.67,388.30,689.90,0.7289,-1,-1,-1
469,56,1831.43,463.71,85.80,185.89,0.2407,-1,-1,-1
469,57,1471.53,414.14,123.06,391.18,0.7870,-1,-1,-1
469,3,1253.47,403.35,242.72,665.75,0.7933,-1,-1,-1
469,61,1116.35,422.69,173.83,573.65,0.7742,-1,-1,-1
469,37,833.65,406.72,93.70,299.38,0.6873,-1,-1,-1
469,43,711.61,437.13,106.23,295.85,0.6255,-1,-1,-1
469,46,575.93,435.62,97.30,269.00,0.7121,-1,-1,-1
469,67,492.46,457.65,79.89,186.51,0.3647,-1,-1,-1
470,54,49.07,388.96,392.56,679.48,0.7838,-1,-1,-1
470,56,1831.10,463.30,80.37,184.13,0.2081,-1,-1,-1
470,57,1481.45,412.20,119.53,391.49,0.8235,-1,-1,-1
470,3,1270.79,405.88,236.21,667.59,0.6420,-1,-1,-1
470,61,1123.00,422.18,178.26,583.21,0.7597,-1,-1,-1
470,37,833.36,407.67,93.08,299.68,0.7193,-1,-1,-1
470,43,712.94,436.99,118.69,294.00,0.6062,-1,-1,-1
470,46,579.69,438.77,95.00,267.58,0.7096,-1,-1,-1
470,67,488.36,470.43,75.57,174.69,0.3062,-1,-1,-1
471,54,18.97,395.50,408.78,673.59,0.8302,-1,-1,-1
471,56,1832.42,463.30,77.74,183.27,0.2328,-1,-1,-1
471,57,1489.80,410.33,116.52,392.99,0.8151,-1,-1,-1
471,3,1289.67,401.64,213.32,673.34,0.5577,-1,-1,-1
471,61,1129.77,421.94,173.33,587.63,0.7716,-1,-1,-1
471,37,837.12,412.60,90.61,293.63,0.7531,-1,-1,-1
471,43,730.41,432.78,117.01,299.55,0.5846,-1,-1,-1
471,46,581.83,446.01,94.69,262.65,0.6995,-1,-1,-1
471,67,482.13,477.31,74.50,175.09,0.2112,-1,-1,-1
472,54,-2.64,401.31,398.78,665.09,0.7826,-1,-1,-1
472,56,1833.07,465.63,74.35,179.80,0.1826,-1,-1,-1
472,57,1494.90,409.51,117.71,395.51,0.8315,-1,-1,-1
472,3,1290.40,399.19,207.73,674.59,0.6532,-1,-1,-1
472,61,1133.63,418.64,178.83,593.05,0.8032,-1,-1,-1
472,37,838.19,412.59,89.60,292.92,0.7329,-1,-1,-1
472,43,738.56,432.14,119.25,300.07,0.6447,-1,-1,-1
472,46,584.35,446.11,96.10,262.35,0.7329,-1,-1,-1
472,67,482.60,474.67,66.10,169.26,0.3567,-1,-1,-1
472,69,408.56,486.69,62.37,138.08,0.3858,-1,-1,-1
473,54,-11.34,402.90,394.34,663.67,0.6320,-1,-1,-1
473,56,1834.20,467.89,74.23,179.62,0.2322,-1,-1,-1
473,57,1500.48,410.29,118.46,393.01,0.8029,-1,-1,-1
473,3,1310.56,399.19,201.71,669.82,0.6614,-1,-1,-1
473,61,1138.33,421.67,171.58,590.18,0.7926,-1,-1,-1
473,37,840.10,415.78,89.74,289.84,0.6987,-1,-1,-1
473,43,742.14,434.76,119.14,296.53,0.6692,-1,-1,-1
473,46,587.10,441.88,97.52,266.51,0.7315,-1,-1,-1
473,67,470.50,475.26,72.41,174.31,0.3435,-1,-1,-1
473,69,409.41,488.08,54.34,127.15,0.3492,-1,-1,-1
474,54,-13.57,401.11,364.84,670.01,0.5938,-1,-1,-1
474,56,1834.15,467.81,75.83,180.93,0.2549,-1,-1,-1
474,57,1504.00,411.03,123.62,391.80,0.7798,-1,-1,-1
474,3,1323.96,399.68,202.01,666.54,0.7211,-1,-1,-1
474,61,1143.68,422.06,166.85,589.67,0.8007,-1,-1,-1
474,37,839.34,414.30,86.42,290.61,0.6225,-1,-1,-1
474,43,741.99,437.58,119.73,292.70,0.6532,-1,-1,-1
474,46,589.82,440.18,98.32,267.88,0.7394,-1,-1,-1
474,67,453.20,475.76,88.85,181.23,0.4081,-1,-1,-1
474,69,405.20,489.36,53.87,114.59,0.1644,-1,-1,-1
475,54,-12.32,398.85,346.44,674.04,0.7463,-1,-1,-1
475,56,1834.40,460.43,80.06,189.20,0.1949,-1,-1,-1
475,57,1508.79,410.40,130.35,392.85,0.7779,-1,-1,-1
475,3,1326.34,400.98,205.70,666.12,0.7505,-1,-1,-1
475,61,1147.44,422.10,167.22,589.75,0.8165,-1,-1,-1
475,37,845.77,415.36,90.92,288.24,0.5108,-1,-1,-1
475,43,743.67,436.58,118.60,294.11,0.6513,-1,-1,-1
475,46,592.72,441.79,98.69,265.74,0.7414,-1,-1,-1
475,67,453.52,476.06,86.01,186.02,0.3747,-1,-1,-1
476,54,-10.79,395.58,258.03,678.62,0.6777,-1,-1,-1
476,56,1834.23,459.35,73.79,189.66,0.2355,-1,-1,-1
476,57,1513.69,411.49,145.47,392.95,0.7606,-1,-1,-1
476,3,1328.77,397.81,212.95,673.19,0.6740,-1,-1,-1
476,61,1149.70,421.54,167.36,590.10,0.8137,-1,-1,-1
476,37,846.91,416.40,83.56,287.85,0.5583,-1,-1,-1
476,43,744.06,436.48,118.25,294.62,0.7016,-1,-1,-1
476,46,595.57,444.39,100.86,261.80,0.7923,-1,-1,-1
476,67,443.04,478.57,89.17,183.52,0.5482,-1,-1,-1
477,54,-6.64,390.88,283.23,680.80,0.7831,-1,-1,-1
477,56,1835.39,462.49,70.50,185.71,0.2349,-1,-1,-1
477,57,1517.09,411.07,165.56,398.62,0.8324,-1,-1,-1
477,3,1335.27,396.84,199.01,665.37,0.3971,-1,-1,-1
477,61,1151.56,421.22,170.76,590.49,0.8250,-1,-1,-1
477,37,847.28,416.71,77.10,285.79,0.5528,-1,-1,-1
477,43,745.55,437.31,116.46,293.98,0.7030,-1,-1,-1
477,46,600.19,444.63,100.36,260.93,0.7704,-1,-1,-1
477,67,432.63,475.35,92.38,187.53,0.4174,-1,-1,-1
478,54,-6.83,385.21,212.83,687.11,0.4849,-1,-1,-1
478,56,1836.15,464.07,74.14,183.15,0.2624,-1,-1,-1
478,57,1523.57,408.27,180.42,401.41,0.8257,-1,-1,-1
478,3,1338.38,398.19,202.06,660.28,0.6572,-1,-1,-1
478,61,1157.49,421.04,169.12,590.53,0.8188,-1,-1,-1
478,37,848.77,415.51,75.37,286.43,0.4893,-1,-1,-1
478,43,747.48,437.30,113.58,295.13,0.6313,-1,-1,-1
478,46,611.03,445.38,94.02,258.66,0.6862,-1,-1,-1
478,67,422.63,475.09,97.24,189.87,0.4568,-1,-1,-1
478,72,1307.58,418.27,86.74,511.22,0.4051,-1,-1,-1
478,39,852.47,427.75,143.91,269.21,0.3467,-1,-1,-1
479,54,-3.36,382.89,243.32,687.21,0.7240,-1,-1,-1
479,56,1835.23,464.23,75.10,182.99,0.2522,-1,-1,-1
479,57,1530.01,409.40,193.63,404.29,0.8491,-1,-1,-1
479,3,1345.10,398.17,212.13,669.10,0.7608,-1,-1,-1
479,61,1162.39,420.15,168.44,590.84,0.8017,-1,-1,-1
479,37,851.34,414.08,70.35,286.21,0.5195,-1,-1,-1
479,43,755.65,438.37,106.79,294.14,0.6153,-1,-1,-1
479,46,609.61,444.44,101.04,258.73,0.6578,-1,-1,-1
479,67,417.59,476.27,91.44,185.54,0.2734,-1,-1,-1
479,72,1316.03,413.41,94.32,529.13,0.4341,-1,-1,-1
479,39,883.98,433.09,118.85,258.61,0.4881,-1,-1,-1
480,54,-3.68,389.06,170.96,684.17,0.4760,-1,-1,-1
480,56,1835.16,463.88,69.92,184.22,0.2442,-1,-1,-1
480,57,1536.57,412.78,199.50,408.36,0.8577,-1,-1,-1
480,3,1348.17,401.72,226.52,670.21,0.8131,-1,-1,-1
480,61,1168.13,420.50,166.05,589.89,0.8060,-1,-1,-1
480,37,852.11,412.85,69.60,287.04,0.5702,-1,-1,-1
480,43,763.65,437.32,100.45,292.50,0.6541,-1,-1,-1
480,46,618.65,439.23,92.89,262.06,0.6059,-1,-1,-1
480,67,412.72,478.94,91.44,182.41,0.3093,-1,-1,-1
480,72,1323.79,411.26,93.78,542.16,0.4473,-1,-1,-1
480,39,896.80,436.18,110.04,250.76,0.5523,-1,-1,-1
481,54,-1.69,406.23,205.67,666.05,0.7640,-1,-1,-1
481,56,1833.32,462.53,75.29,185.70,0.2665,-1,-1,-1
481,57,1542.19,417.71,203.73,407.08,0.8479,-1,-1,-1
481,3,1349.40,399.23,243.91,676.94,0.8316,-1,-1,-1
481,61,1173.02,419.49,165.10,590.38,0.8083,-1,-1,-1
481,37,853.30,413.12,67.71,286.32,0.5483,-1,-1,-1
481,43,773.12,439.34,96.27,286.44,0.6125,-1,-1,-1
481,46,625.97,436.11,92.56,263.59,0.6030,-1,-1,-1
481,67,406.98,479.26,86.59,184.22,0.5196,-1,-1,-1
481,72,1328.61,407.64,90.96,554.92,0.3934,-1,-1,-1
481,39,902.81,439.17,105.09,245.11,0.6320,-1,-1,-1
482,54,-2.15,452.99,199.45,619.12,0.7681,-1,-1,-1
482,56,1833.81,459.28,80.04,188.84,0.2706,-1,-1,-1
482,57,1547.83,418.59,205.92,409.49,0.8333,-1,-1,-1
482,3,1354.45,396.90,254.38,680.48,0.8511,-1,-1,-1
482,61,1177.24,419.13,164.07,592.88,0.7925,-1,-1,-1
482,37,854.45,413.28,66.63,284.35,0.5303,-1,-1,-1
482,43,780.92,438.67,92.23,284.31,0.5800,-1,-1,-1
482,46,632.01,434.71,88.92,265.44,0.5774,-1,-1,-1
482,67,404.15,478.07,84.39,190.73,0.4567,-1,-1,-1
482,72,1330.70,406.42,97.15,551.13,0.3446,-1,-1,-1
482,39,906.60,442.55,102.52,240.48,0.6762,-1,-1,-1
483,54,-1.86,500.91,185.76,570.11,0.7446,-1,-1,-1
483,56,1834.81,458.74,81.85,190.39,0.2034,-1,-1,-1
483,57,1555.22,418.44,199.46,413.02,0.8255,-1,-1,-1
483,3,1358.77,394.78,263.14,681.99,0.8279,-1,-1,-1
483,61,1183.37,418.61,162.09,593.27,0.7928,-1,-1,-1
483,37,855.70,415.19,66.92,284.04,0.5269,-1,-1,-1
483,43,792.74,437.05,82.33,288.06,0.6331,-1,-1,-1
483,46,631.12,433.75,94.96,264.33,0.6164,-1,-1,-1
483,67,398.82,476.77,88.61,192.85,0.4749,-1,-1,-1
483,72,1332.32,401.36,102.96,558.95,0.4050,-1,-1,-1
483,39,909.95,445.05,98.29,237.63,0.6639,-1,-1,-1
484,54,-1.24,544.37,165.83,454.71,0.3872,-1,-1,-1
484,56,1835.01,451.47,83.31,198.43,0.2222,-1,-1,-1
484,57,1563.13,416.40,193.55,418.84,0.8216,-1,-1,-1
484,3,1360.58,393.98,272.22,683.75,0.8717,-1,-1,-1
484,61,1188.86,417.68,161.46,594.81,0.7880,-1,-1,-1
484,37,859.16,428.38,65.24,271.07,0.5167,-1,-1,-1
484,43,797.71,437.81,78.04,289.87,0.6599,-1,-1,-1
484,46,633.12,435.09,100.20,261.96,0.6559,-1,-1,-1
484,67,384.45,476.03,101.31,195.09,0.4640,-1,-1,-1
484,72,1336.03,405.75,101.42,557.31,0.4310,-1,-1,-1
484,39,912.81,445.56,95.13,237.87,0.6518,-1,-1,-1
485,54,-1.01,564.59,146.29,488.67,0.4238,-1,-1,-1
485,56,1834.17,447.07,84.18,203.47,0.2502,-1,-1,-1
485,57,1573.66,411.70,184.80,426.06,0.8338,-1,-1,-1
485,3,1361.21,395.41,278.44,681.69,0.8567,-1,-1,-1
485,61,1193.89,419.63,162.94,593.47,0.7823,-1,-1,-1
485,37,861.73,425.30,61.02,271.19,0.4659,-1,-1,-1
485,43,801.13,438.69,83.11,286.78,0.6579,-1,-1,-1
485,46,632.56,434.88,110.19,261.90,0.6880,-1,-1,-1
485,67,368.20,477.08,110.67,198.35,0.3479,-1,-1,-1
485,72,1338.34,417.87,101.25,543.63,0.5510,-1,-1,-1
485,39,913.88,442.38,94.64,239.94,0.6780,-1,-1,-1
486,54,-0.49,580.15,118.88,427.10,0.5680,-1,-1,-1
486,56,1846.10,413.82,73.33,237.33,0.2191,-1,-1,-1
486,57,1582.51,412.07,178.35,427.57,0.8356,-1,-1,-1
486,3,1360.78,396.56,283.69,679.87,0.8409,-1,-1,-1
486,61,1198.92,419.93,163.51,592.74,0.7762,-1,-1,-1
486,37,864.68,429.98,59.50,251.59,0.3564,-1,-1,-1
486,43,802.19,438.67,95.09,285.94,0.5761,-1,-1,-1
486,46,633.27,434.54,118.10,262.33,0.7144,-1,-1,-1
486,67,356.53,478.64,108.28,193.61,0.3277,-1,-1,-1
486,72,1339.44,415.55,105.28,549.10,0.6093,-1,-1,-1
486,39,913.10,441.60,94.42,239.92,0.6945,-1,-1,-1
487,54,-0.27,553.68,94.39,434.67,0.4663,-1,-1,-1
487,56,1852.08,422.40,67.74,229.32,0.1841,-1,-1,-1
487,57,1590.00,415.29,169.89,425.10,0.7894,-1,-1,-1
487,3,1361.84,396.47,283.59,679.60,0.8439,-1,-1,-1
487,61,1201.60,419.22,175.71,593.59,0.7764,-1,-1,-1
487,37,863.96,429.44,61.39,260.42,0.4202,-1,-1,-1
487,43,804.12,437.93,93.41,285.46,0.4917,-1,-1,-1
487,46,633.85,435.34,125.26,261.34,0.6701,-1,-1,-1
487,67,353.35,478.26,106.69,197.17,0.4731,-1,-1,-1
487,72,1345.40,413.31,104.34,533.61,0.5813,-1,-1,-1
487,39,917.62,441.76,91.18,240.17,0.6628,-1,-1,-1
488,54,-0.02,628.21,71.48,337.93,0.5588,-1,-1,-1
488,56,1855.28,405.35,64.53,245.68,0.1958,-1,-1,-1
488,57,1598.43,417.91,164.64,422.14,0.7656,-1,-1,-1
488,3,1361.71,399.54,288.32,676.57,0.8192,-1,-1,-1
488,61,1203.20,419.59,181.49,592.73,0.7843,-1,-1,-1
488,43,805.59,434.45,115.62,290.28,0.5851,-1,-1,-1
488,46,636.01,435.44,126.50,261.05,0.6730,-1,-1,-1
488,67,348.64,475.98,105.94,201.91,0.4939,-1,-1,-1
488,72,1349.21,416.97,106.42,514.33,0.5109,-1,-1,-1
488,39,920.95,447.57,88.67,234.15,0.5542,-1,-1,-1
489,56,1855.38,399.10,64.31,251.60,0.2118,-1,-1,-1
489,57,1607.63,414.28,156.81,428.07,0.7449,-1,-1,-1
489,3,1362.34,395.01,290.76,678.30,0.7880,-1,-1,-1
489,61,1205.75,415.10,185.50,595.01,0.8260,-1,-1,-1
489,43,806.91,432.37,127.72,292.24,0.5715,-1,-1,-1
489,46,640.73,436.05,125.31,260.03,0.6960,-1,-1,-1
489,67,340.19,460.34,101.72,219.80,0.5010,-1,-1,-1
489,72,1351.13,421.51,110.24,484.29,0.5551,-1,-1,-1
489,39,923.60,441.34,87.99,239.90,0.6094,-1,-1,-1
489,77,-0.32,534.49,64.79,130.32,0.5446,-1,-1,-1
490,56,1854.39,407.35,65.27,244.34,0.1713,-1,-1,-1
490,57,1615.79,412.33,149.63,431.73,0.7323,-1,-1,-1
490,3,1366.83,396.58,274.06,675.77,0.7451,-1,-1,-1
490,61,1205.90,416.70,187.87,594.53,0.8008,-1,-1,-1
490,43,807.10,435.33,134.41,289.31,0.5803,-1,-1,-1
490,46,643.32,435.42,124.54,261.98,0.7904,-1,-1,-1
490,67,331.97,460.61,98.12,220.43,0.5006,-1,-1,-1
490,72,1355.06,420.22,113.08,477.21,0.6121,-1,-1,-1
490,39,933.19,439.84,79.63,240.29,0.6166,-1,-1,-1
490,77,-0.46,541.89,53.17,112.91,0.3636,-1,-1,-1
491,56,1854.15,432.71,65.47,219.31,0.1651,-1,-1,-1
491,57,1620.84,409.74,133.58,432.50,0.7353,-1,-1,-1
491,3,1369.20,399.17,260.80,670.68,0.6710,-1,-1,-1
491,61,1206.55,417.43,188.35,594.42,0.8076,-1,-1,-1
491,43,808.54,436.41,137.04,288.28,0.5251,-1,-1,-1
491,46,647.18,435.07,122.53,263.78,0.7892,-1,-1,-1
491,67,321.30,482.33,101.98,199.92,0.4786,-1,-1,-1
491,72,1361.34,418.78,114.36,473.53,0.5507,-1,-1,-1
491,39,944.75,437.22,71.40,241.25,0.5935,-1,-1,-1
491,77,-0.15,553.06,41.96,86.96,0.2449,-1,-1,-1
492,56,1853.86,446.54,65.84,204.86,0.1969,-1,-1,-1
492,57,1631.68,409.76,120.25,436.90,0.7097,-1,-1,-1
492,3,1373.22,394.90,298.51,668.02,0.4253,-1,-1,-1
492,61,1206.48,414.33,194.20,596.05,0.8157,-1,-1,-1
492,43,808.89,442.04,141.10,282.98,0.6685,-1,-1,-1
492,46,648.58,433.55,123.71,266.85,0.7643,-1,-1,-1
492,67,315.33,482.45,98.19,200.84,0.5227,-1,-1,-1
492,72,1366.95,413.71,120.32,469.37,0.5256,-1,-1,-1
492,39,953.27,439.28,70.23,238.60,0.6241,-1,-1,-1
492,77,-0.00,560.41,34.20,86.04,0.3578,-1,-1,-1
492,79,723.84,444.43,46.76,132.02,0.3466,-1,-1,-1
492,80,565.67,440.54,32.49,89.82,0.3618,-1,-1,-1
493,56,1853.52,443.57,66.13,208.22,0.2242,-1,-1,-1
493,57,1636.70,409.91,120.80,434.95,0.6401,-1,-1,-1
493,3,1374.73,390.43,260.83,670.38,0.4734,-1,-1,-1
493,61,1206.91,416.40,198.13,593.70,0.8290,-1,-1,-1
493,43,810.31,445.14,142.46,279.16,0.6881,-1,-1,-1
493,46,651.78,439.37,120.97,262.41,0.7729,-1,-1,-1
493,67,306.59,486.63,101.39,194.16,0.4879,-1,-1,-1
493,72,1372.88,410.88,121.60,486.76,0.5388,-1,-1,-1
493,39,957.93,440.04,72.91,238.81,0.7063,-1,-1,-1
493,79,727.77,444.27,42.06,130.11,0.3713,-1,-1,-1
493,80,563.81,439.07,34.93,92.42,0.3295,-1,-1,-1
494,56,1851.68,430.34,67.92,221.58,0.1849,-1,-1,-1
494,57,1637.31,410.05,129.28,410.40,0.6720,-1,-1,-1
494,3,1378.10,388.57,284.61,663.06,0.4989,-1,-1,-1
494,61,1207.03,419.66,205.13,590.41,0.8281,-1,-1,-1
494,43,810.97,445.79,144.13,279.39,0.7111,-1,-1,-1
494,46,654.49,441.50,119.72,260.56,0.7828,-1,-1,-1
494,67,301.20,479.19,103.98,200.83,0.3785,-1,-1,-1
494,72,1378.23,408.24,123.14,515.88,0.6173,-1,-1,-1
494,39,958.42,441.29,76.94,238.39,0.6563,-1,-1,-1
494,79,729.04,445.67,39.89,129.43,0.2627,-1,-1,-1
494,80,564.08,439.54,35.02,92.56,0.3095,-1,-1,-1
495,57,1638.37,406.75,154.31,441.87,0.6937,-1,-1,-1
495,3,1379.24,384.59,285.21,664.32,0.4453,-1,-1,-1
495,61,1207.72,421.02,212.24,589.93,0.8145,-1,-1,-1
495,43,817.24,443.85,138.71,281.03,0.6833,-1,-1,-1
495,46,655.21,438.64,118.55,263.28,0.7628,-1,-1,-1
495,67,295.01,474.11,100.79,215.00,0.3151,-1,-1,-1
495,72,1379.07,406.90,125.75,543.84,0.5724,-1,-1,-1
495,39,961.24,441.73,86.06,239.04,0.6633,-1,-1,-1
495,80,564.10,440.99,35.44,92.54,0.3224,-1,-1,-1
496,57,1641.98,404.51,168.88,417.47,0.4882,-1,-1,-1
496,3,1388.45,377.24,280.05,684.52,0.5698,-1,-1,-1
496,61,1208.16,420.34,219.10,591.09,0.8325,-1,-1,-1
496,43,821.65,441.84,135.32,284.33,0.7018,-1,-1,-1
496,46,657.24,438.07,116.18,263.85,0.7864,-1,-1,-1
496,67,291.47,463.19,92.35,224.39,0.3580,-1,-1,-1
496,72,1382.60,410.58,129.30,558.31,0.6484,-1,-1,-1
496,39,961.09,442.71,99.20,238.79,0.7297,-1,-1,-1
496,80,566.31,441.68,33.84,91.92,0.3875,-1,-1,-1
497,57,1646.13,405.36,160.63,454.38,0.8001,-1,-1,-1
497,3,1395.82,377.25,288.56,692.30,0.6531,-1,-1,-1
497,61,1209.21,420.48,223.55,590.52,0.8528,-1,-1,-1
497,43,828.86,442.63,128.31,285.18,0.7342,-1,-1,-1
497,46,663.09,435.09,109.56,267.11,0.7761,-1,-1,-1
497,67,262.85,467.94,109.54,224.23,0.4462,-1,-1,-1
497,72,1389.67,415.74,130.56,496.48,0.6543,-1,-1,-1
497,39,963.54,442.35,108.36,239.52,0.7281,-1,-1,-1
497,80,567.08,442.25,33.11,91.19,0.3681,-1,-1,-1
498,57,1651.63,408.40,160.16,463.04,0.7418,-1,-1,-1
498,3,1409.87,376.66,280.00,693.81,0.6498,-1,-1,-1
498,61,1213.03,418.25,223.29,592.86,0.8473,-1,-1,-1
498,43,838.06,443.69,119.30,283.33,0.6812,-1,-1,-1
498,46,669.40,432.99,102.17,269.31,0.7723,-1,-1,-1
498,67,256.27,474.79,111.54,223.86,0.4573,-1,-1,-1
498,72,1392.29,413.25,135.81,519.50,0.6521,-1,-1,-1
498,39,967.68,440.57,112.97,241.46,0.7380,-1,-1,-1
498,80,567.07,441.70,33.53,92.00,0.3902,-1,-1,-1
499,57,1654.48,406.72,190.95,469.07,0.8522,-1,-1,-1
499,3,1422.48,377.67,272.47,693.73,0.6667,-1,-1,-1
499,61,1220.06,415.71,216.21,596.12,0.8361,-1,-1,-1
499,43,851.55,443.31,106.27,284.70,0.7000,-1,-1,-1
499,46,673.36,435.36,98.13,265.96,0.7669,-1,-1,-1
499,67,244.85,480.66,111.33,220.32,0.5495,-1,-1,-1
499,72,1393.59,407.95,143.17,531.62,0.6557,-1,-1,-1
499,39,970.33,440.65,118.75,242.10,0.6979,-1,-1,-1
499,80,567.25,442.26,32.74,91.61,0.3973,-1,-1,-1
500,57,1661.10,410.60,205.90,473.09,0.8427,-1,-1,-1
500,3,1443.92,377.89,263.15,693.09,0.5802,-1,-1,-1
500,61,1228.42,416.52,209.89,595.94,0.7888,-1,-1,-1
500,43,856.41,440.08,102.87,286.73,0.6592,-1,-1,-1
500,46,676.27,433.97,95.96,267.05,0.7473,-1,-1,-1
500,67,237.32,481.37,104.30,222.79,0.6091,-1,-1,-1
500,72,1390.90,408.99,154.14,544.74,0.6766,-1,-1,-1
500,39,971.16,442.90,120.26,240.15,0.6807,-1,-1,-1
500,80,568.40,442.67,32.00,91.07,0.3358,-1,-1,-1
501,57,1671.65,415.16,218.53,472.30,0.8534,-1,-1,-1
501,3,1477.31,375.01,232.74,611.51,0.6121,-1,-1,-1
501,61,1239.75,414.88,202.53,598.21,0.7920,-1,-1,-1
501,43,859.47,438.34,102.54,287.55,0.6994,-1,-1,-1
501,46,682.34,433.78,91.17,266.34,0.6852,-1,-1,-1
501,67,226.57,481.34,107.32,222.33,0.6272,-1,-1,-1
501,72,1394.36,411.57,153.83,543.79,0.6843,-1,-1,-1
501,39,970.47,450.99,120.33,231.87,0.7069,-1,-1,-1
501,80,570.87,445.03,29.86,88.89,0.3177,-1,-1,-1
502,57,1683.00,415.15,217.70,474.65,0.8443,-1,-1,-1
502,3,1496.31,376.21,225.86,662.18,0.6170,-1,-1,-1
502,61,1252.98,414.93,195.95,599.40,0.7968,-1,-1,-1
502,43,862.04,439.73,103.66,286.43,0.6563,-1,-1,-1
502,46,691.61,435.45,83.57,263.62,0.6774,-1,-1,-1
502,67,217.87,483.58,112.83,219.42,0.6012,-1,-1,-1
502,72,1390.66,407.40,162.07,554.78,0.7129,-1,-1,-1
502,39,972.82,451.17,117.22,231.61,0.7336,-1,-1,-1
502,80,572.19,449.13,28.48,84.26,0.3031,-1,-1,-1
503,57,1691.73,413.08,216.07,481.33,0.8554,-1,-1,-1
503,3,1508.89,374.14,217.99,681.48,0.7257,-1,-1,-1
503,61,1276.50,411.43,178.73,605.16,0.7669,-1,-1,-1
503,43,867.27,440.14,104.75,285.63,0.6734,-1,-1,-1
503,46,691.97,434.71,86.41,265.00,0.6962,-1,-1,-1
503,67,205.65,481.76,118.56,230.15,0.5359,-1,-1,-1
503,72,1386.60,409.93,169.84,555.75,0.6207,-1,-1,-1
503,39,979.70,448.23,110.60,234.44,0.7196,-1,-1,-1
503,80,572.27,447.77,28.44,86.40,0.3503,-1,-1,-1
503,82,0.07,914.29,111.29,165.73,0.4085,-1,-1,-1
504,57,1698.19,411.03,218.75,492.82,0.8656,-1,-1,-1
504,3,1518.39,372.77,216.51,690.38,0.7002,-1,-1,-1
504,61,1292.62,411.83,168.59,606.89,0.8043,-1,-1,-1
504,43,873.28,440.47,105.88,284.63,0.5696,-1,-1,-1
504,46,693.83,435.36,86.78,265.00,0.6868,-1,-1,-1
504,67,192.30,482.05,119.11,234.95,0.6460,-1,-1,-1
504,72,1390.18,410.45,170.31,556.16,0.6973,-1,-1,-1
504,39,989.06,447.99,99.52,234.69,0.6597,-1,-1,-1
504,80,572.10,447.32,28.47,87.44,0.4039,-1,-1,-1
504,82,0.35,929.50,92.84,149.28,0.3494,-1,-1,-1
505,57,1708.39,408.11,212.60,500.85,0.8851,-1,-1,-1
505,3,1525.22,372.80,219.59,698.02,0.7683,-1,-1,-1
505,61,1302.47,410.53,165.28,613.20,0.8282,-1,-1,-1
505,43,882.29,442.83,113.79,281.04,0.5835,-1,-1,-1
505,46,694.36,436.70,89.71,264.40,0.7823,-1,-1,-1
505,67,181.97,482.40,114.53,235.96,0.6029,-1,-1,-1
505,72,1401.19,420.77,164.14,547.83,0.6624,-1,-1,-1
505,39,1000.15,453.84,87.37,229.12,0.6443,-1,-1,-1
505,80,572.01,448.96,28.44,85.81,0.4043,-1,-1,-1
505,82,0.44,952.26,72.22,126.14,0.1577,-1,-1,-1
505,84,866.27,425.17,61.88,282.55,0.4617,-1,-1,-1
506,57,1718.10,403.53,204.84,507.29,0.8852,-1,-1,-1
506,3,1529.72,372.05,218.17,701.28,0.7570,-1,-1,-1
506,61,1309.27,411.24,163.99,622.87,0.7935,-1,-1,-1
506,43,893.91,449.05,117.82,273.59,0.6528,-1,-1,-1
506,46,699.10,435.44,90.19,266.35,0.7433,-1,-1,-1
506,67,168.33,484.00,114.30,234.31,0.6548,-1,-1,-1
506,72,1430.75,422.84,138.01,534.63,0.7062,-1,-1,-1
506,39,1010.76,459.07,78.66,223.42,0.6267,-1,-1,-1
506,80,571.83,448.39,28.91,85.83,0.4102,-1,-1,-1
506,82,0.27,981.66,55.26,96.70,0.1595,-1,-1,-1
506,84,868.49,415.62,68.13,287.97,0.5856,-1,-1,-1
507,57,1732.67,399.93,190.45,512.88,0.8765,-1,-1,-1
507,3,1532.37,374.27,220.18,701.06,0.7412,-1,-1,-1
507,61,1314.84,411.96,162.03,631.94,0.8117,-1,-1,-1
507,43,899.95,450.76,120.68,270.81,0.6702,-1,-1,-1
507,46,702.35,435.46,95.25,266.10,0.7236,-1,-1,-1
507,67,153.22,482.49,116.30,242.45,0.6776,-1,-1,-1
507,72,1444.43,418.88,126.88,541.64,0.6953,-1,-1,-1
507,39,1017.35,452.69,79.30,228.83,0.5339,-1,-1,-1
507,80,572.24,447.34,28.70,86.89,0.3942,-1,-1,-1
507,84,869.44,413.08,69.44,289.44,0.6053,-1,-1,-1
508,57,1743.22,397.80,179.00,514.83,0.8460,-1,-1,-1
508,3,1532.05,373.85,227.20,699.32,0.7468,-1,-1,-1
508,61,1319.34,414.76,178.72,637.69,0.7755,-1,-1,-1
508,43,901.38,452.36,133.17,269.10,0.7103,-1,-1,-1
508,46,712.29,435.76,92.03,264.46,0.6848,-1,-1,-1
508,67,139.35,483.39,120.39,244.64,0.6713,-1,-1,-1
508,72,1453.87,413.72,121.42,537.66,0.6746,-1,-1,-1
508,39,1026.11,450.01,73.37,230.19,0.5331,-1,-1,-1
508,80,571.29,446.95,29.21,88.14,0.4387,-1,-1,-1
508,84,869.47,411.93,69.96,286.91,0.6057,-1,-1,-1
509,57,1751.72,396.11,170.15,514.34,0.7911,-1,-1,-1
509,3,1532.90,373.85,225.67,695.07,0.7010,-1,-1,-1
509,61,1324.80,413.59,199.10,643.78,0.8279,-1,-1,-1
509,43,902.47,448.97,138.71,274.26,0.7371,-1,-1,-1
509,46,715.71,438.03,96.23,262.15,0.6717,-1,-1,-1
509,67,127.51,479.42,120.71,245.46,0.6709,-1,-1,-1
509,72,1461.72,407.75,120.75,558.41,0.5879,-1,-1,-1
509,39,1032.24,460.86,67.99,218.11,0.4934,-1,-1,-1
509,80,570.87,446.47,29.86,89.03,0.4296,-1,-1,-1
509,84,872.86,419.51,66.41,279.92,0.5876,-1,-1,-1
510,57,1767.83,393.46,153.81,503.90,0.8242,-1,-1,-1
510,3,1545.24,375.74,237.94,697.89,0.6137,-1,-1,-1
510,61,1326.88,413.27,217.50,644.97,0.8406,-1,-1,-1
510,43,902.40,446.78,139.79,277.90,0.7513,-1,-1,-1
510,46,715.50,436.28,109.14,263.79,0.7045,-1,-1,-1
510,67,110.00,477.49,125.78,247.83,0.6634,-1,-1,-1
510,72,1468.64,405.31,121.10,570.23,0.7084,-1,-1,-1
510,39,1036.71,465.36,69.85,210.39,0.4969,-1,-1,-1
510,80,570.35,445.69,29.92,88.88,0.4343,-1,-1,-1
510,84,874.84,413.55,66.83,284.24,0.5884,-1,-1,-1
511,57,1778.94,393.63,142.56,497.36,0.8074,-1,-1,-1
511,3,1545.25,371.13,262.32,703.80,0.7180,-1,-1,-1
511,61,1326.19,414.56,233.33,645.42,0.8385,-1,-1,-1
511,43,901.39,446.49,150.31,278.81,0.7629,-1,-1,-1
511,46,715.92,438.28,114.21,261.53,0.7251,-1,-1,-1
511,67,98.04,477.12,127.19,251.48,0.5584,-1,-1,-1
511,72,1475.05,405.15,119.90,559.16,0.6675,-1,-1,-1
511,39,1037.36,461.79,75.75,213.24,0.5458,-1,-1,-1
511,80,570.19,446.06,29.81,88.04,0.4667,-1,-1,-1
511,84,875.10,421.37,67.91,274.24,0.4941,-1,-1,-1
512,57,1786.27,393.63,134.75,497.86,0.8065,-1,-1,-1
512,3,1548.70,373.66,242.50,694.50,0.5764,-1,-1,-1
512,61,1324.42,417.62,241.57,644.53,0.8451,-1,-1,-1
512,43,901.33,444.42,153.24,281.21,0.7578,-1,-1,-1
512,46,718.37,437.20,113.74,261.92,0.7390,-1,-1,-1
512,67,82.12,494.07,136.38,238.23,0.2137,-1,-1,-1
512,72,1477.05,407.59,119.76,542.04,0.6394,-1,-1,-1
512,39,1039.69,456.24,83.24,220.36,0.6053,-1,-1,-1
512,80,570.46,446.85,29.27,87.14,0.4566,-1,-1,-1
512,84,874.82,414.68,72.81,280.62,0.5619,-1,-1,-1
513,57,1802.08,390.69,118.83,507.78,0.7984,-1,-1,-1
513,3,1551.91,372.56,234.16,622.14,0.4816,-1,-1,-1
513,61,1323.63,418.46,248.32,647.25,0.8471,-1,-1,-1
513,43,901.41,443.95,155.42,281.77,0.7508,-1,-1,-1
513,46,719.93,436.46,117.19,262.88,0.7424,-1,-1,-1
513,67,66.13,482.75,140.73,251.63,0.6031,-1,-1,-1
513,72,1480.43,411.95,120.12,550.89,0.6535,-1,-1,-1
513,39,1042.48,447.98,89.83,229.13,0.6052,-1,-1,-1
513,80,570.60,446.26,29.29,87.73,0.4767,-1,-1,-1
513,84,875.84,412.92,75.40,283.25,0.5147,-1,-1,-1
514,57,1809.34,390.25,111.49,512.12,0.8036,-1,-1,-1
514,3,1557.70,371.62,226.63,592.00,0.5669,-1,-1,-1
514,61,1323.38,418.60,251.83,648.42,0.8434,-1,-1,-1
514,43,902.24,444.30,155.99,280.75,0.7015,-1,-1,-1
514,46,722.36,439.01,115.18,258.96,0.7478,-1,-1,-1
514,67,50.61,478.65,143.72,256.73,0.6566,-1,-1,-1
514,72,1485.21,415.34,119.96,538.55,0.5939,-1,-1,-1
514,39,1043.58,445.63,98.97,231.29,0.6227,-1,-1,-1
514,80,570.19,446.03,29.67,87.47,0.5261,-1,-1,-1
514,84,877.71,412.71,76.79,284.33,0.5096,-1,-1,-1
515,57,1819.62,388.78,101.09,517.41,0.7930,-1,-1,-1
515,3,1563.73,371.98,243.04,661.09,0.5284,-1,-1,-1
515,61,1324.17,418.00,253.58,650.07,0.8440,-1,-1,-1
515,43,903.53,443.48,156.78,280.81,0.7434,-1,-1,-1
515,46,725.82,439.18,112.89,257.31,0.7252,-1,-1,-1
515,67,37.46,477.93,146.02,259.36,0.6999,-1,-1,-1
515,72,1489.48,415.36,124.93,524.98,0.5208,-1,-1,-1
515,39,1046.03,449.12,103.76,228.06,0.6782,-1,-1,-1
515,80,569.80,446.16,30.30,87.66,0.4838,-1,-1,-1
515,84,876.90,417.86,75.58,279.66,0.5767,-1,-1,-1
515,86,693.68,451.75,39.06,124.52,0.4617,-1,-1,-1
516,57,1824.34,387.62,95.72,525.22,0.7578,-1,-1,-1
516,3,1564.14,374.02,269.11,676.03,0.6070,-1,-1,-1
516,61,1324.09,421.43,257.16,648.48,0.8307,-1,-1,-1
516,43,906.66,439.39,154.31,282.70,0.7599,-1,-1,-1
516,46,730.85,436.33,109.35,259.23,0.7486,-1,-1,-1
516,67,22.49,478.37,149.12,260.39,0.7055,-1,-1,-1
516,72,1495.48,415.01,128.00,516.07,0.4172,-1,-1,-1
516,39,1049.36,449.75,100.47,226.07,0.5778,-1,-1,-1
516,80,569.28,445.69,31.25,89.20,0.5026,-1,-1,-1
516,84,877.61,417.97,79.08,282.30,0.5693,-1,-1,-1
516,86,692.67,450.06,38.43,126.29,0.4893,-1,-1,-1
517,57,1833.95,390.58,86.03,517.27,0.6984,-1,-1,-1
517,3,1572.27,376.90,274.69,686.60,0.4324,-1,-1,-1
517,61,1324.20,423.70,261.28,646.73,0.8206,-1,-1,-1
517,43,910.24,437.87,149.69,284.17,0.7691,-1,-1,-1
517,46,734.95,438.83,106.91,255.80,0.7291,-1,-1,-1
517,67,13.68,489.26,148.84,249.57,0.5803,-1,-1,-1
517,72,1501.43,411.10,130.42,508.44,0.3996,-1,-1,-1
517,39,1050.42,449.87,101.39,226.26,0.5539,-1,-1,-1
517,80,568.37,444.72,31.84,90.97,0.4719,-1,-1,-1
517,84,879.13,422.62,82.96,280.67,0.5799,-1,-1,-1
517,86,686.11,446.46,43.12,129.71,0.4904,-1,-1,-1
518,57,1842.44,393.18,77.46,514.11,0.6631,-1,-1,-1
518,3,1577.00,377.81,275.63,690.81,0.4232,-1,-1,-1
518,61,1327.53,419.77,263.65,649.73,0.8203,-1,-1,-1
518,43,913.90,435.62,145.91,286.92,0.7867,-1,-1,-1
518,46,740.15,433.83,102.30,259.69,0.7801,-1,-1,-1
518,67,2.48,483.27,150.67,256.63,0.6831,-1,-1,-1
518,72,1509.05,411.27,131.16,597.64,0.3613,-1,-1,-1
518,39,1050.29,457.27,103.69,219.77,0.5714,-1,-1,-1
518,80,569.55,446.19,30.88,89.01,0.4535,-1,-1,-1
518,84,879.36,418.27,81.52,286.01,0.6182,-1,-1,-1
518,86,682.10,447.82,44.85,126.19,0.4472,-1,-1,-1
519,57,1852.34,393.57,67.44,497.44,0.5248,-1,-1,-1
519,3,1577.54,380.34,301.78,690.28,0.6567,-1,-1,-1
519,61,1330.14,420.47,263.31,648.24,0.7950,-1,-1,-1
519,43,917.37,439.18,142.41,281.50,0.6554,-1,-1,-1
519,46,743.82,432.64,100.62,260.06,0.7720,-1,-1,-1
519,67,-3.11,488.28,148.47,252.04,0.6147,-1,-1,-1
519,72,1516.36,412.51,126.23,629.99,0.4688,-1,-1,-1
519,39,1051.11,451.40,102.95,226.13,0.5341,-1,-1,-1
519,80,570.45,448.99,30.04,86.48,0.4611,-1,-1,-1
519,84,879.93,428.25,79.82,273.22,0.5930,-1,-1,-1
519,86,678.62,447.61,45.85,126.00,0.5498,-1,-1,-1
520,57,1866.63,395.55,53.15,483.43,0.5437,-1,-1,-1
520,3,1580.74,380.27,269.47,691.77,0.5518,-1,-1,-1
520,61,1334.53,418.69,258.18,649.76,0.7825,-1,-1,-1
520,43,927.91,443.92,135.82,276.07,0.6576,-1,-1,-1
520,46,749.55,430.79,95.13,260.31,0.7282,-1,-1,-1
520,67,-4.99,482.51,150.34,261.01,0.5356,-1,-1,-1
520,72,1522.16,417.02,129.94,561.45,0.4475,-1,-1,-1
520,39,1051.37,454.42,102.18,222.87,0.5677,-1,-1,-1
520,80,570.92,449.39,29.68,86.45,0.4251,-1,-1,-1
520,84,881.23,433.39,79.13,266.31,0.6393,-1,-1,-1
520,86,679.02,448.06,44.78,124.62,0.5484,-1,-1,-1
521,57,1868.45,391.27,51.19,458.58,0.3688,-1,-1,-1
521,3,1580.30,380.85,313.78,686.94,0.6121,-1,-1,-1
521,61,1339.33,415.94,250.63,651.68,0.8273,-1,-1,-1
521,43,936.34,444.73,130.43,275.01,0.6328,-1,-1,-1
521,46,756.30,430.88,89.41,259.62,0.7425,-1,-1,-1
521,67,-5.10,480.90,135.81,267.17,0.4947,-1,-1,-1
521,72,1527.03,418.99,135.74,534.06,0.4991,-1,-1,-1
521,39,1052.82,443.38,99.78,234.20,0.6212,-1,-1,-1
521,80,571.44,452.39,29.11,82.62,0.4258,-1,-1,-1
521,84,881.87,432.69,80.49,267.39,0.6337,-1,-1,-1
521,86,679.18,450.15,43.04,122.92,0.5129,-1,-1,-1
522,3,1602.02,378.37,305.79,606.47,0.6272,-1,-1,-1
522,61,1345.01,413.15,249.69,653.67,0.8023,-1,-1,-1
522,43,948.01,442.15,121.97,277.22,0.6703,-1,-1,-1
522,46,765.68,432.53,80.73,256.06,0.7150,-1,-1,-1
522,67,-4.60,478.25,114.93,269.03,0.4966,-1,-1,-1
522,72,1531.70,416.92,142.91,537.17,0.4887,-1,-1,-1
522,39,1054.52,443.14,98.09,234.54,0.6241,-1,-1,-1
522,80,572.32,454.17,28.52,80.58,0.3788,-1,-1,-1
522,84,880.63,432.04,84.47,268.98,0.6426,-1,-1,-1
522,86,677.48,449.10,44.00,124.14,0.5585,-1,-1,-1
523,3,1589.08,379.09,330.65,664.07,0.6021,-1,-1,-1
523,61,1352.01,412.21,246.81,655.04,0.7313,-1,-1,-1
523,43,952.81,442.22,115.68,278.30,0.6813,-1,-1,-1
523,46,766.02,432.84,85.53,256.45,0.7169,-1,-1,-1
523,67,-3.57,502.90,107.92,251.22,0.3593,-1,-1,-1
523,72,1538.35,413.23,151.67,543.30,0.5181,-1,-1,-1
523,39,1055.56,452.56,98.31,225.18,0.6443,-1,-1,-1
523,80,572.71,454.11,28.70,80.95,0.4002,-1,-1,-1
523,84,881.12,422.91,89.73,279.79,0.6482,-1,-1,-1
523,86,675.38,448.46,45.48,125.58,0.5925,-1,-1,-1
524,3,1589.11,375.44,335.25,684.36,0.7976,-1,-1,-1
524,61,1363.14,411.34,238.47,655.39,0.7130,-1,-1,-1
524,43,964.86,443.01,104.86,276.62,0.6237,-1,-1,-1
524,46,768.26,431.31,87.85,258.47,0.7390,-1,-1,-1
524,67,-3.17,519.89,84.65,240.22,0.2300,-1,-1,-1
524,72,1546.61,412.09,150.93,556.62,0.4793,-1,-1,-1
524,39,1059.15,455.73,95.86,221.66,0.6085,-1,-1,-1
524,80,573.43,453.99,29.24,82.01,0.4090,-1,-1,-1
524,84,880.43,419.53,94.40,283.33,0.6633,-1,-1,-1
524,86,673.99,448.67,46.25,124.76,0.6100,-1,-1,-1
525,3,1594.40,370.95,330.95,697.68,0.6824,-1,-1,-1
525,61,1380.06,411.14,224.94,656.70,0.7223,-1,-1,-1
525,43,971.79,443.94,97.32,275.73,0.6576,-1,-1,-1
525,46,767.92,430.40,91.35,259.46,0.7486,-1,-1,-1
525,67,-1.23,514.64,78.88,235.05,0.3249,-1,-1,-1
525,72,1546.50,409.30,157.27,580.30,0.5921,-1,-1,-1
525,39,1061.10,459.45,97.31,218.63,0.6289,-1,-1,-1
525,80,573.89,452.51,29.42,82.39,0.4421,-1,-1,-1
525,84,885.41,413.43,93.87,291.09,0.6533,-1,-1,-1
525,86,673.85,451.26,44.77,121.55,0.6309,-1,-1,-1
526,3,1598.93,363.49,325.94,707.87,0.8159,-1,-1,-1
526,61,1401.75,410.57,207.88,654.20,0.6754,-1,-1,-1
526,43,985.62,444.85,81.78,277.15,0.6581,-1,-1,-1
526,46,767.85,434.24,95.71,255.19,0.7176,-1,-1,-1
526,67,-1.15,521.38,70.52,186.35,0.2942,-1,-1,-1
526,72,1549.27,408.94,160.76,587.46,0.5770,-1,-1,-1
526,39,1064.32,461.86,97.72,215.33,0.6345,-1,-1,-1
526,80,573.87,451.68,29.96,82.54,0.4092,-1,-1,-1
526,84,893.48,411.71,88.69,294.34,0.6754,-1,-1,-1
526,86,671.15,451.21,46.97,120.98,0.5834,-1,-1,-1
526,88,715.05,450.34,33.86,89.08,0.4108,-1,-1,-1
527,3,1600.99,365.99,322.79,706.46,0.6972,-1,-1,-1
527,61,1422.05,412.93,197.36,653.89,0.7510,-1,-1,-1
527,43,994.28,447.99,77.41,274.61,0.7055,-1,-1,-1
527,46,770.51,435.74,104.32,253.66,0.6896,-1,-1,-1
527,67,-1.07,539.18,63.44,144.41,0.3602,-1,-1,-1
527,72,1561.12,408.76,156.69,590.39,0.6803,-1,-1,-1
527,39,1069.12,460.00,97.76,215.82,0.6218,-1,-1,-1
527,80,573.88,451.25,29.64,82.47,0.4244,-1,-1,-1
527,84,898.02,408.50,86.20,297.64,0.7361,-1,-1,-1
527,86,668.98,454.15,48.09,117.84,0.5885,-1,-1,-1
527,88,715.03,449.97,33.59,89.27,0.4905,-1,-1,-1
528,3,1603.52,383.02,320.80,689.98,0.7341,-1,-1,-1
528,61,1436.73,412.07,184.18,653.73,0.6920,-1,-1,-1
528,43,997.29,446.07,82.19,278.32,0.7124,-1,-1,-1
528,46,783.93,437.07,96.96,250.79,0.5981,-1,-1,-1
528,67,-0.87,546.93,55.54,114.57,0.3467,-1,-1,-1
528,72,1569.54,410.06,162.46,590.98,0.7154,-1,-1,-1
528,39,1075.86,454.62,90.01,220.45,0.6413,-1,-1,-1
528,80,573.77,450.72,30.56,83.69,0.4257,-1,-1,-1
528,84,903.28,410.87,81.54,295.59,0.7283,-1,-1,-1
528,86,668.51,455.95,47.64,115.05,0.6125,-1,-1,-1
528,88,714.45,451.16,34.44,87.77,0.4952,-1,-1,-1
529,3,1664.34,384.15,258.72,604.73,0.5823,-1,-1,-1
529,61,1445.01,412.61,181.59,654.70,0.7819,-1,-1,-1
529,43,1000.65,443.48,90.02,279.13,0.7068,-1,-1,-1
529,46,782.32,436.18,118.44,251.92,0.6293,-1,-1,-1
529,67,-0.65,546.92,43.24,109.38,0.3698,-1,-1,-1
529,72,1577.46,411.74,164.47,592.25,0.7311,-1,-1,-1
529,39,1084.50,451.61,78.06,222.34,0.5330,-1,-1,-1
529,80,573.61,450.17,31.02,84.47,0.4560,-1,-1,-1
529,84,912.14,407.05,75.00,299.23,0.7329,-1,-1,-1
529,86,665.78,454.25,52.41,116.90,0.5693,-1,-1,-1
529,88,712.70,450.80,29.55,88.14,0.4921,-1,-1,-1
530,3,1694.74,371.13,227.20,584.95,0.5900,-1,-1,-1
530,61,1450.41,413.83,180.31,654.57,0.7935,-1,-1,-1
530,43,1003.82,440.61,94.94,279.27,0.7167,-1,-1,-1
530,46,789.58,435.23,115.07,252.00,0.6857,-1,-1,-1
530,72,1581.01,411.87,164.69,596.09,0.6785,-1,-1,-1
530,39,1092.01,448.77,71.10,225.54,0.5651,-1,-1,-1
530,80,573.51,449.20,31.17,86.14,0.4592,-1,-1,-1
530,84,916.85,404.63,72.44,301.76,0.7548,-1,-1,-1
530,86,663.69,454.78,52.33,115.86,0.5688,-1,-1,-1
530,88,711.50,450.21,29.32,88.36,0.4387,-1,-1,-1
531,3,1702.42,366.46,219.11,575.06,0.5008,-1,-1,-1
531,61,1452.57,413.41,188.05,653.94,0.8099,-1,-1,-1
531,43,1007.25,442.60,99.56,276.06,0.7752,-1,-1,-1
531,46,787.34,434.47,116.77,252.84,0.7536,-1,-1,-1
531,72,1586.89,413.40,162.20,599.07,0.7199,-1,-1,-1
531,39,1093.31,450.53,71.62,225.43,0.5846,-1,-1,-1
531,80,573.04,448.58,31.50,87.87,0.4670,-1,-1,-1
531,84,919.44,402.94,72.47,303.90,0.7635,-1,-1,-1
531,86,662.90,454.65,50.11,114.24,0.5487,-1,-1,-1
531,88,712.17,450.24,29.96,89.09,0.3998,-1,-1,-1
532,3,1663.56,365.98,257.91,662.49,0.7790,-1,-1,-1
532,61,1454.87,412.45,199.30,654.65,0.7968,-1,-1,-1
532,43,1009.08,443.49,106.42,275.23,0.8031,-1,-1,-1
532,46,788.69,435.22,117.89,252.26,0.7542,-1,-1,-1
532,72,1590.12,410.63,166.78,612.27,0.7535,-1,-1,-1
532,39,1096.61,451.91,63.57,224.37,0.5171,-1,-1,-1
532,80,572.13,448.13,32.15,88.96,0.4831,-1,-1,-1
532,84,922.42,401.82,74.28,303.60,0.7298,-1,-1,-1
532,86,663.69,452.66,46.13,116.67,0.5465,-1,-1,-1
532,88,713.64,450.65,30.25,89.47,0.4131,-1,-1,-1
533,3,1664.57,366.24,257.10,694.59,0.8247,-1,-1,-1
533,61,1456.76,411.50,208.63,654.90,0.8243,-1,-1,-1
533,43,1006.82,444.92,114.01,273.01,0.7603,-1,-1,-1
533,46,793.18,435.46,114.67,251.85,0.7412,-1,-1,-1
533,72,1596.29,407.96,175.25,622.94,0.7709,-1,-1,-1
533,39,1099.04,447.17,65.67,230.84,0.5591,-1,-1,-1
533,80,572.78,447.07,33.02,90.18,0.3915,-1,-1,-1
533,84,922.56,403.02,79.79,302.11,0.7079,-1,-1,-1
533,86,663.54,452.25,42.44,117.68,0.5588,-1,-1,-1
533,88,715.80,452.21,28.34,88.41,0.3784,-1,-1,-1
534,3,1704.58,368.27,217.23,651.82,0.6670,-1,-1,-1
534,61,1457.61,410.96,212.53,655.53,0.8335,-1,-1,-1
534,43,1007.77,448.74,124.86,270.11,0.7157,-1,-1,-1
534,46,799.56,435.96,115.17,251.42,0.7641,-1,-1,-1
534,72,1598.67,410.93,188.02,618.16,0.7504,-1,-1,-1
534,39,1096.36,447.53,67.97,230.46,0.5676,-1,-1,-1
534,80,574.58,447.29,34.41,90.22,0.4194,-1,-1,-1
534,84,921.29,406.15,85.53,300.30,0.7237,-1,-1,-1
534,86,661.58,451.06,42.03,118.44,0.6098,-1,-1,-1
534,88,715.82,452.34,27.95,88.53,0.4158,-1,-1,-1
535,3,1714.51,371.82,206.87,685.53,0.6242,-1,-1,-1
535,61,1457.71,411.86,213.12,654.90,0.8323,-1,-1,-1
535,43,1008.39,444.88,131.63,276.86,0.6865,-1,-1,-1
535,46,799.34,437.77,119.51,249.49,0.7658,-1,-1,-1
535,72,1606.13,409.61,184.21,615.66,0.7675,-1,-1,-1
535,39,1099.74,444.83,72.33,231.90,0.4569,-1,-1,-1
535,80,575.09,445.74,35.14,91.74,0.4695,-1,-1,-1
535,84,920.38,421.46,92.87,285.54,0.7383,-1,-1,-1
535,86,660.24,449.98,41.99,119.44,0.6463,-1,-1,-1
535,88,715.30,451.84,28.10,88.81,0.4227,-1,-1,-1
536,3,1738.58,369.01,182.29,701.25,0.8055,-1,-1,-1
536,61,1457.85,412.97,216.59,654.23,0.8186,-1,-1,-1
536,43,1007.37,448.36,137.80,272.73,0.7139,-1,-1,-1
536,46,801.56,436.94,117.96,249.33,0.7336,-1,-1,-1
536,72,1610.02,408.46,182.72,620.22,0.7378,-1,-1,-1
536,39,1103.56,445.13,70.43,229.22,0.3851,-1,-1,-1
536,80,576.01,450.26,34.13,88.16,0.3893,-1,-1,-1
536,84,916.30,426.74,100.14,280.44,0.7413,-1,-1,-1
536,86,659.16,449.65,41.64,119.04,0.5694,-1,-1,-1
536,88,714.20,450.18,28.74,90.37,0.4317,-1,-1,-1
537,3,1757.58,369.84,162.80,705.99,0.8077,-1,-1,-1
537,61,1458.87,414.13,227.14,652.37,0.7857,-1,-1,-1
537,43,1006.99,452.93,141.69,268.05,0.6609,-1,-1,-1
537,46,804.07,436.52,116.13,249.91,0.7347,-1,-1,-1
537,72,1614.75,407.38,184.15,626.42,0.5626,-1,-1,-1
537,39,1108.75,453.78,65.82,220.34,0.4648,-1,-1,-1
537,80,578.40,455.78,31.92,82.72,0.3418,-1,-1,-1
537,84,916.34,433.59,102.80,272.19,0.7106,-1,-1,-1
537,86,658.46,449.67,41.72,119.12,0.6083,-1,-1,-1
537,88,712.42,449.55,29.84,91.09,0.4631,-1,-1,-1
538,3,1767.69,370.25,152.49,708.17,0.8157,-1,-1,-1
538,61,1459.93,413.74,229.86,652.98,0.7970,-1,-1,-1
538,43,1009.82,450.97,138.71,270.21,0.7041,-1,-1,-1
538,46,804.95,435.25,117.53,250.98,0.7536,-1,-1,-1
538,72,1618.93,408.57,189.77,623.89,0.6291,-1,-1,-1
538,39,1107.25,450.46,66.98,225.67,0.4773,-1,-1,-1
538,80,579.58,457.74,31.51,80.95,0.3852,-1,-1,-1
538,84,917.55,428.20,104.38,279.19,0.7381,-1,-1,-1
538,86,657.32,450.77,42.00,118.48,0.5810,-1,-1,-1
538,88,711.50,449.05,31.42,91.04,0.4799,-1,-1,-1
539,3,1777.53,378.84,142.57,700.78,0.7907,-1,-1,-1
539,61,1461.41,413.20,232.97,653.82,0.7981,-1,-1,-1
539,43,1011.09,443.56,137.18,277.68,0.7103,-1,-1,-1
539,46,807.78,434.34,116.36,253.25,0.7495,-1,-1,-1
539,72,1623.48,408.57,195.68,618.09,0.6964,-1,-1,-1
539,39,1112.87,447.15,64.88,229.61,0.4287,-1,-1,-1
539,80,579.98,458.48,31.41,79.98,0.3893,-1,-1,-1
539,84,919.92,425.17,103.64,282.73,0.7462,-1,-1,-1
539,86,656.36,451.67,41.61,117.78,0.5730,-1,-1,-1
539,88,712.74,449.28,29.55,91.23,0.4758,-1,-1,-1
540,3,1783.91,404.03,135.99,673.81,0.7930,-1,-1,-1
540,61,1464.53,414.00,233.02,653.85,0.7923,-1,-1,-1
540,43,1012.17,440.38,136.02,281.48,0.6801,-1,-1,-1
540,46,812.81,433.56,112.25,252.94,0.7280,-1,-1,-1
540,72,1631.91,408.36,192.66,612.19,0.7277,-1,-1,-1
540,39,1112.30,447.67,64.82,229.96,0.3890,-1,-1,-1
540,80,578.50,458.54,32.99,79.96,0.4297,-1,-1,-1
540,84,920.30,424.70,107.08,283.53,0.7698,-1,-1,-1
540,86,655.09,452.89,38.61,116.40,0.6165,-1,-1,-1
540,88,712.56,449.04,27.69,91.73,0.4971,-1,-1,-1
541,3,1789.23,393.14,130.91,686.53,0.7729,-1,-1,-1
541,61,1468.06,412.47,239.07,658.27,0.7715,-1,-1,-1
541,43,1020.36,437.42,127.16,285.16,0.6587,-1,-1,-1
541,46,815.43,432.61,111.74,254.06,0.7387,-1,-1,-1
541,72,1639.58,407.14,191.31,613.43,0.7708,-1,-1,-1
541,39,1115.86,447.69,62.11,230.16,0.4592,-1,-1,-1
541,80,577.91,458.72,33.27,80.05,0.3892,-1,-1,-1
541,84,921.52,420.92,118.08,287.43,0.7211,-1,-1,-1
541,86,654.85,453.72,37.35,116.16,0.5567,-1,-1,-1
541,88,712.67,449.30,27.31,93.10,0.5290,-1,-1,-1
542,3,1797.67,388.35,122.47,692.13,0.7392,-1,-1,-1
542,61,1472.11,411.44,258.43,659.58,0.7631,-1,-1,-1
542,43,1028.42,434.15,117.68,288.04,0.6443,-1,-1,-1
542,46,819.80,433.78,108.85,253.08,0.7250,-1,-1,-1
542,72,1644.49,405.92,191.81,615.53,0.6299,-1,-1,-1
542,39,1118.72,451.71,60.37,224.49,0.5020,-1,-1,-1
542,80,578.26,459.25,33.50,79.71,0.4259,-1,-1,-1
542,84,921.96,415.99,122.40,293.11,0.7281,-1,-1,-1
542,86,655.05,454.50,36.84,115.27,0.5632,-1,-1,-1
542,88,712.67,449.41,27.70,95.41,0.5132,-1,-1,-1
543,3,1805.94,388.45,114.17,692.92,0.6775,-1,-1,-1
543,61,1480.29,411.10,256.38,658.20,0.6022,-1,-1,-1
543,43,1042.61,436.07,104.51,285.09,0.5757,-1,-1,-1
543,46,825.28,432.68,103.91,253.54,0.6640,-1,-1,-1
543,72,1648.16,404.49,194.34,614.60,0.5379,-1,-1,-1
543,39,1121.85,449.29,57.88,226.09,0.3828,-1,-1,-1
543,80,577.59,458.55,33.38,80.35,0.3937,-1,-1,-1
543,84,921.84,421.76,121.28,285.77,0.7431,-1,-1,-1
543,86,655.23,455.42,37.52,114.78,0.5965,-1,-1,-1
543,88,712.16,449.18,28.69,96.26,0.5183,-1,-1,-1
544,3,1822.22,385.38,97.51,609.98,0.6722,-1,-1,-1
544,61,1493.59,411.19,308.12,658.15,0.5399,-1,-1,-1
544,43,1050.30,436.25,99.28,283.88,0.5857,-1,-1,-1
544,46,834.22,433.36,96.46,252.15,0.6831,-1,-1,-1
544,72,1650.74,406.05,193.71,599.00,0.4535,-1,-1,-1
544,39,1123.27,450.20,59.33,226.61,0.3416,-1,-1,-1
544,80,577.63,456.99,33.44,81.37,0.4462,-1,-1,-1
544,84,921.76,431.27,124.17,275.44,0.7078,-1,-1,-1
544,86,654.95,455.20,38.47,114.88,0.6250,-1,-1,-1
544,88,712.25,448.72,28.90,96.12,0.5110,-1,-1,-1
545,3,1836.98,448.61,82.47,518.96,0.5113,-1,-1,-1
545,61,1511.25,410.45,298.81,656.62,0.5706,-1,-1,-1
545,43,1064.42,434.93,93.37,286.03,0.4628,-1,-1,-1
545,46,844.66,435.18,89.39,247.53,0.6680,-1,-1,-1
545,72,1653.49,406.79,193.57,614.39,0.5734,-1,-1,-1
545,39,1120.44,456.21,67.23,223.12,0.2948,-1,-1,-1
545,80,578.58,455.28,33.46,82.98,0.3948,-1,-1,-1
545,84,924.28,432.60,126.65,274.38,0.6998,-1,-1,-1
545,86,655.00,453.28,41.01,115.75,0.5947,-1,-1,-1
545,88,711.88,448.13,30.55,96.91,0.5500,-1,-1,-1
546,3,1826.43,472.13,93.03,572.66,0.5887,-1,-1,-1
546,61,1528.21,409.85,242.24,656.33,0.5448,-1,-1,-1
546,43,1075.24,435.61,83.64,282.22,0.5184,-1,-1,-1
546,46,860.04,433.95,78.25,246.70,0.7017,-1,-1,-1
546,72,1658.26,406.16,191.64,623.27,0.5455,-1,-1,-1
546,39,1123.29,455.32,66.95,225.79,0.3772,-1,-1,-1
546,80,579.17,452.59,33.43,84.88,0.4171,-1,-1,-1
546,84,929.05,433.23,123.58,272.43,0.7097,-1,-1,-1
546,86,655.14,453.21,40.02,115.11,0.5903,-1,-1,-1
546,88,712.75,448.06,30.28,97.45,0.5186,-1,-1,-1
547,3,1824.64,490.37,94.70,577.82,0.6470,-1,-1,-1
547,61,1541.65,408.31,213.84,655.37,0.6410,-1,-1,-1
547,43,1090.86,435.04,85.23,272.89,0.4565,-1,-1,-1
547,46,867.88,435.47,71.99,244.44,0.6621,-1,-1,-1
547,72,1664.27,410.67,189.17,607.39,0.6553,-1,-1,-1
547,39,1126.42,452.32,64.84,227.27,0.2732,-1,-1,-1
547,80,579.32,452.36,33.71,85.23,0.4718,-1,-1,-1
547,84,934.73,429.37,118.86,276.82,0.6842,-1,-1,-1
547,86,654.19,454.27,39.92,113.10,0.6220,-1,-1,-1
547,88,713.17,448.28,29.63,97.00,0.5017,-1,-1,-1
547,89,544.45,449.14,30.56,87.21,0.3809,-1,-1,-1
548,3,1829.79,463.34,89.44,614.86,0.5216,-1,-1,-1
548,61,1548.32,408.45,198.85,659.82,0.7218,-1,-1,-1
548,43,1093.34,433.59,91.02,274.69,0.4720,-1,-1,-1
548,46,871.49,435.10,70.31,242.79,0.6325,-1,-1,-1
548,72,1668.57,411.59,190.96,602.46,0.7374,-1,-1,-1
548,39,1127.00,451.94,65.50,231.59,0.1703,-1,-1,-1
548,80,579.88,453.65,33.73,83.51,0.4928,-1,-1,-1
548,84,937.20,427.74,117.95,277.79,0.6612,-1,-1,-1
548,86,653.67,454.04,37.92,112.39,0.6773,-1,-1,-1
548,88,713.85,448.43,28.86,96.79,0.4941,-1,-1,-1
548,89,545.29,449.68,31.28,86.66,0.4365,-1,-1,-1
549,3,1833.55,435.66,85.67,645.32,0.3140,-1,-1,-1
549,61,1551.25,408.47,196.88,656.46,0.7544,-1,-1,-1
549,43,1087.94,437.09,87.53,279.54,0.4026,-1,-1,-1
549,46,874.85,436.82,71.46,243.33,0.6224,-1,-1,-1
549,72,1675.95,413.05,188.45,600.92,0.7198,-1,-1,-1
549,39,1119.57,443.54,73.41,243.77,0.2877,-1,-1,-1
549,80,580.13,452.16,33.85,85.18,0.4403,-1,-1,-1
549,84,943.90,425.99,111.53,278.20,0.6544,-1,-1,-1
549,86,652.43,454.48,38.52,110.56,0.6687,-1,-1,-1
549,88,714.44,448.40,29.11,96.85,0.5574,-1,-1,-1
549,89,545.95,447.91,31.63,87.89,0.4120,-1,-1,-1
550,61,1553.25,409.06,195.28,655.76,0.7736,-1,-1,-1
550,43,1080.94,436.03,105.74,281.32,0.4615,-1,-1,-1
550,46,876.69,437.60,76.22,243.66,0.6221,-1,-1,-1
550,72,1683.91,407.89,191.63,610.03,0.7344,-1,-1,-1
550,80,580.62,453.09,33.25,84.18,0.4521,-1,-1,-1
550,84,953.66,419.96,106.39,282.68,0.6230,-1,-1,-1
550,86,652.58,455.01,37.60,109.13,0.6713,-1,-1,-1
550,88,714.72,449.89,31.27,96.00,0.5145,-1,-1,-1
550,89,546.69,448.01,31.62,87.51,0.4037,-1,-1,-1
551,61,1555.89,409.69,199.00,658.70,0.7708,-1,-1,-1
551,43,1072.41,437.52,120.70,279.74,0.5120,-1,-1,-1
551,46,879.10,435.73,76.35,246.62,0.6450,-1,-1,-1
551,72,1690.59,404.99,192.53,610.66,0.7088,-1,-1,-1
551,80,580.81,453.73,33.04,83.55,0.5139,-1,-1,-1
551,84,961.57,414.89,100.00,286.24,0.6155,-1,-1,-1
551,86,651.99,455.63,37.98,108.02,0.6457,-1,-1,-1
551,88,714.38,449.82,32.23,96.01,0.5347,-1,-1,-1
551,89,547.63,447.85,31.17,87.60,0.4031,-1,-1,-1
552,61,1558.00,409.80,207.51,665.25,0.8022,-1,-1,-1
552,43,1079.31,436.86,120.65,283.01,0.5009,-1,-1,-1
552,46,884.57,433.35,75.45,250.07,0.6799,-1,-1,-1
552,72,1696.77,404.29,190.89,609.75,0.7359,-1,-1,-1
552,80,580.63,452.83,33.37,84.41,0.5235,-1,-1,-1
552,84,970.83,416.21,88.92,282.43,0.6093,-1,-1,-1
552,86,650.75,455.48,40.69,109.03,0.6135,-1,-1,-1
552,88,714.83,449.68,32.77,96.26,0.5942,-1,-1,-1
552,89,547.67,445.94,31.35,89.12,0.4411,-1,-1,-1
553,61,1560.73,409.35,212.12,666.61,0.7908,-1,-1,-1
553,43,1084.46,436.72,111.60,284.31,0.5001,-1,-1,-1
553,46,887.05,433.06,81.25,250.00,0.7234,-1,-1,-1
553,72,1702.01,403.50,196.53,614.87,0.6790,-1,-1,-1
553,80,580.30,452.60,33.82,84.92,0.5203,-1,-1,-1
553,84,984.18,418.75,78.48,276.84,0.6988,-1,-1,-1
553,86,649.58,455.22,42.19,109.84,0.5780,-1,-1,-1
553,88,715.47,449.05,34.04,96.24,0.5780,-1,-1,-1
553,89,547.43,445.53,30.88,90.03,0.4166,-1,-1,-1
554,61,1561.62,409.71,272.23,662.36,0.5406,-1,-1,-1
554,43,1081.40,435.77,119.85,285.45,0.5787,-1,-1,-1
554,46,887.94,431.93,86.54,251.31,0.7366,-1,-1,-1
554,72,1703.70,402.82,201.23,633.09,0.2847,-1,-1,-1
554,80,580.60,449.96,33.46,87.45,0.5268,-1,-1,-1
554,84,988.71,415.03,78.77,284.71,0.6596,-1,-1,-1
554,86,647.46,455.28,41.54,109.51,0.4868,-1,-1,-1
554,88,715.29,448.46,33.63,95.75,0.5864,-1,-1,-1
554,89,546.88,444.50,30.45,91.32,0.4492,-1,-1,-1
555,61,1562.33,408.87,264.13,661.84,0.6172,-1,-1,-1
555,43,1079.82,434.41,124.89,286.90,0.5963,-1,-1,-1
555,46,888.07,431.91,88.44,251.45,0.7331,-1,-1,-1
555,72,1711.32,401.95,201.40,637.71,0.4143,-1,-1,-1
555,80,580.90,447.63,33.61,89.76,0.5424,-1,-1,-1
555,84,993.67,412.04,78.28,287.62,0.6793,-1,-1,-1
555,86,645.91,456.32,41.36,107.74,0.4909,-1,-1,-1
555,88,714.43,446.64,33.74,98.15,0.5748,-1,-1,-1
555,89,546.43,444.01,31.64,91.96,0.4761,-1,-1,-1
556,61,1561.82,407.20,270.43,660.82,0.5708,-1,-1,-1
556,43,1085.94,435.50,122.00,285.32,0.7180,-1,-1,-1
556,46,889.14,432.88,87.84,251.17,0.7684,-1,-1,-1
556,72,1716.63,401.01,202.59,628.46,0.2028,-1,-1,-1
556,80,581.39,446.38,33.32,90.87,0.4999,-1,-1,-1
556,84,999.83,411.23,80.21,288.17,0.7242,-1,-1,-1
556,86,644.16,457.00,42.17,107.18,0.5158,-1,-1,-1
556,88,714.59,446.28,33.65,99.66,0.5952,-1,-1,-1
556,89,546.31,442.27,32.76,93.63,0.4541,-1,-1,-1
557,61,1560.83,407.20,263.48,661.76,0.6846,-1,-1,-1
557,43,1088.91,437.13,119.15,283.30,0.7481,-1,-1,-1
557,46,890.95,434.73,89.26,249.46,0.7571,-1,-1,-1
557,72,1717.09,399.53,201.90,646.53,0.3308,-1,-1,-1
557,80,581.06,446.41,33.87,91.26,0.5235,-1,-1,-1
557,84,996.93,420.65,88.06,275.88,0.6696,-1,-1,-1
557,86,643.58,457.63,41.66,106.59,0.5426,-1,-1,-1
557,88,714.05,445.96,34.21,101.31,0.6253,-1,-1,-1
557,89,546.02,440.94,33.67,95.90,0.4755,-1,-1,-1
558,61,1560.59,405.23,288.86,667.81,0.8041,-1,-1,-1
558,43,1092.05,437.22,117.14,282.14,0.8019,-1,-1,-1
558,46,892.09,435.80,88.39,248.25,0.7478,-1,-1,-1
558,80,582.87,450.32,32.63,88.76,0.5486,-1,-1,-1
558,84,991.38,430.69,98.82,265.60,0.7064,-1,-1,-1
558,86,643.00,459.38,40.94,105.08,0.5463,-1,-1,-1
558,88,712.79,445.32,35.72,102.34,0.6485,-1,-1,-1
558,89,546.36,442.11,34.60,94.80,0.5023,-1,-1,-1
559,61,1561.57,405.28,295.14,665.81,0.8006,-1,-1,-1
559,43,1092.95,434.93,119.47,283.34,0.8026,-1,-1,-1
559,46,891.56,436.81,90.49,247.30,0.7451,-1,-1,-1
559,80,583.75,452.35,32.03,87.09,0.5578,-1,-1,-1
559,84,992.81,430.91,102.41,265.95,0.6418,-1,-1,-1
559,86,643.40,461.40,39.93,102.01,0.5364,-1,-1,-1
559,88,712.50,444.91,36.18,102.16,0.6459,-1,-1,-1
559,89,546.50,442.57,34.18,94.56,0.5172,-1,-1,-1
559,72,1743.66,399.80,177.86,589.03,0.3954,-1,-1,-1
560,61,1562.05,404.18,305.35,670.44,0.8597,-1,-1,-1
560,43,1097.23,435.52,116.05,282.04,0.7143,-1,-1,-1
560,46,891.03,435.76,92.45,247.16,0.7593,-1,-1,-1
560,80,584.28,453.51,31.58,86.02,0.5227,-1,-1,-1
560,84,997.36,424.85,104.50,271.75,0.6795,-1,-1,-1
560,86,643.25,460.93,37.73,101.16,0.5574,-1,-1,-1
560,88,712.85,444.97,36.03,101.90,0.6330,-1,-1,-1
560,89,547.52,444.90,32.82,92.47,0.5055,-1,-1,-1
560,72,1751.73,402.82,169.81,411.33,0.3130,-1,-1,-1
561,61,1565.64,403.06,289.54,669.75,0.7236,-1,-1,-1
561,43,1101.71,436.78,111.14,278.62,0.6600,-1,-1,-1
561,46,900.01,435.54,88.66,246.59,0.6557,-1,-1,-1
561,80,584.45,453.06,31.79,85.90,0.4890,-1,-1,-1
561,84,1000.27,423.56,110.23,273.04,0.6979,-1,-1,-1
561,86,642.45,458.75,36.32,102.89,0.5437,-1,-1,-1
561,88,712.21,445.75,37.13,101.74,0.6253,-1,-1,-1
561,89,548.52,442.65,32.18,94.56,0.5232,-1,-1,-1
561,72,1749.07,399.42,172.00,514.36,0.3760,-1,-1,-1
562,61,1569.20,404.81,301.47,669.60,0.8118,-1,-1,-1
562,43,1105.69,438.24,113.01,277.74,0.7008,-1,-1,-1
562,46,908.40,435.02,84.35,246.03,0.6980,-1,-1,-1
562,80,584.42,452.45,31.84,87.04,0.4986,-1,-1,-1
562,84,1000.91,419.60,112.61,276.69,0.6645,-1,-1,-1
562,86,642.75,458.51,35.45,102.68,0.5040,-1,-1,-1
562,88,713.78,448.24,35.96,99.10,0.5757,-1,-1,-1
562,89,548.74,441.24,33.36,96.01,0.4866,-1,-1,-1
562,72,1758.07,397.94,162.82,556.63,0.3108,-1,-1,-1
563,61,1573.52,405.08,316.30,669.83,0.8044,-1,-1,-1
563,43,1110.19,439.54,111.13,275.15,0.6919,-1,-1,-1
563,46,911.73,434.17,83.58,248.68,0.7014,-1,-1,-1
563,80,584.37,452.97,32.53,86.60,0.4489,-1,-1,-1
563,84,1000.08,419.26,117.59,277.09,0.6619,-1,-1,-1
563,86,642.12,457.97,34.46,102.82,0.5253,-1,-1,-1
563,88,714.39,448.97,36.89,98.69,0.5295,-1,-1,-1
563,89,548.69,441.07,34.45,95.49,0.4626,-1,-1,-1
563,72,1766.07,394.23,154.68,547.53,0.3418,-1,-1,-1
564,61,1580.77,402.70,325.41,669.50,0.8679,-1,-1,-1
564,43,1113.25,435.69,112.19,277.42,0.7002,-1,-1,-1
564,46,915.08,431.67,82.72,250.23,0.6336,-1,-1,-1
564,80,584.61,454.27,32.22,84.20,0.3943,-1,-1,-1
564,84,1002.47,425.44,117.70,269.91,0.6410,-1,-1,-1
564,86,641.96,457.39,34.71,103.60,0.4944,-1,-1,-1
564,88,715.47,448.98,36.04,98.41,0.5201,-1,-1,-1
564,89,548.53,441.57,34.82,94.70,0.3785,-1,-1,-1
564,72,1780.73,398.49,139.88,493.71,0.4058,-1,-1,-1
565,61,1587.24,400.45,313.88,668.30,0.7037,-1,-1,-1
565,43,1117.58,433.21,110.80,279.05,0.6436,-1,-1,-1
565,46,920.06,433.15,79.90,245.85,0.6350,-1,-1,-1
565,80,584.75,455.24,32.32,83.03,0.3997,-1,-1,-1
565,84,1000.94,429.68,122.12,265.11,0.6368,-1,-1,-1
565,86,641.83,456.48,35.33,104.49,0.5471,-1,-1,-1
565,88,716.22,449.11,35.69,97.45,0.5561,-1,-1,-1
565,89,548.43,441.78,34.38,94.29,0.4266,-1,-1,-1
565,72,1783.74,393.72,136.37,614.55,0.6220,-1,-1,-1
566,61,1601.29,399.32,306.30,670.54,0.7344,-1,-1,-1
566,43,1124.07,433.05,107.50,281.37,0.5410,-1,-1,-1
566,46,927.30,432.08,84.34,242.71,0.5395,-1,-1,-1
566,80,585.02,455.60,32.48,83.04,0.4356,-1,-1,-1
566,84,1004.00,435.14,122.30,261.23,0.6648,-1,-1,-1
566,86,641.47,454.77,35.60,106.53,0.5218,-1,-1,-1
566,88,716.96,449.52,35.50,97.06,0.5434,-1,-1,-1
566,89,548.60,442.21,34.09,93.84,0.4298,-1,-1,-1
566,72,1790.90,392.36,129.15,647.85,0.6379,-1,-1,-1
567,61,1620.91,399.81,289.09,669.20,0.8355,-1,-1,-1
567,43,1124.53,431.50,109.14,283.47,0.6358,-1,-1,-1
567,46,932.10,430.32,84.19,242.48,0.5115,-1,-1,-1
567,80,585.41,455.76,32.28,82.72,0.4658,-1,-1,-1
567,84,1005.48,440.53,126.34,257.11,0.6881,-1,-1,-1
567,86,641.19,454.59,34.57,106.48,0.4865,-1,-1,-1
567,88,717.73,449.23,35.44,97.72,0.5409,-1,-1,-1
567,89,548.84,442.33,33.77,93.88,0.4388,-1,-1,-1
567,72,1797.49,396.54,122.67,644.58,0.6307,-1,-1,-1
568,61,1642.86,400.42,267.91,668.87,0.8224,-1,-1,-1
568,43,1129.38,430.62,108.33,282.47,0.6109,-1,-1,-1
568,46,940.82,431.53,78.48,241.40,0.5363,-1,-1,-1
568,80,585.90,456.06,32.13,84.15,0.4897,-1,-1,-1
568,84,1004.97,432.34,136.13,267.05,0.6906,-1,-1,-1
568,86,641.14,455.61,32.79,105.00,0.4803,-1,-1,-1
568,88,718.15,448.60,36.95,99.13,0.5149,-1,-1,-1
568,89,548.47,441.03,35.16,95.86,0.4362,-1,-1,-1
568,72,1801.60,401.32,118.39,656.25,0.6107,-1,-1,-1
569,61,1655.67,400.59,243.30,671.73,0.8117,-1,-1,-1
569,43,1132.19,431.25,109.69,281.36,0.5307,-1,-1,-1
569,46,943.10,434.72,79.30,234.26,0.6686,-1,-1,-1
569,80,586.21,455.87,32.25,85.26,0.5299,-1,-1,-1
569,84,1006.28,432.81,139.03,267.38,0.7158,-1,-1,-1
569,86,641.22,455.46,33.26,104.55,0.5250,-1,-1,-1
569,88,718.35,448.45,37.18,99.84,0.5256,-1,-1,-1
569,89,548.49,442.21,35.49,95.47,0.4211,-1,-1,-1
569,72,1800.86,407.75,118.94,653.04,0.4549,-1,-1,-1
570,61,1662.75,402.02,236.25,670.22,0.7783,-1,-1,-1
570,43,1135.26,433.28,116.26,280.23,0.6419,-1,-1,-1
570,46,944.35,434.75,81.58,234.17,0.7105,-1,-1,-1
570,80,586.59,455.87,31.79,85.60,0.5238,-1,-1,-1
570,84,1007.02,433.08,138.90,267.38,0.7110,-1,-1,-1
570,86,640.00,455.26,32.43,104.45,0.5120,-1,-1,-1
570,88,718.11,447.06,37.75,102.07,0.5574,-1,-1,-1
570,89,548.87,442.71,35.62,95.84,0.4401,-1,-1,-1
570,72,1806.50,414.03,113.16,530.71,0.2620,-1,-1,-1
571,61,1667.91,401.56,246.65,671.38,0.8658,-1,-1,-1
571,43,1142.92,432.28,126.63,281.49,0.5990,-1,-1,-1
571,46,947.22,435.06,80.37,239.35,0.6899,-1,-1,-1
571,80,586.78,455.88,31.62,85.95,0.5254,-1,-1,-1
571,84,1010.39,428.27,134.59,270.91,0.7019,-1,-1,-1
571,86,638.88,456.22,30.84,104.24,0.4921,-1,-1,-1
571,88,717.58,445.95,39.07,102.77,0.6078,-1,-1,-1
571,89,549.45,447.25,35.93,91.84,0.4300,-1,-1,-1
571,72,1813.87,412.64,105.67,478.19,0.2275,-1,-1,-1
572,61,1672.07,401.98,247.00,670.88,0.8700,-1,-1,-1
572,43,1145.10,433.04,133.30,281.82,0.7604,-1,-1,-1
572,46,948.94,435.72,80.45,239.86,0.6855,-1,-1,-1
572,80,586.90,452.78,31.96,89.14,0.4944,-1,-1,-1
572,84,1012.31,430.76,131.43,268.12,0.6878,-1,-1,-1
572,86,637.72,456.71,31.94,103.00,0.5208,-1,-1,-1
572,88,717.53,444.87,40.04,104.46,0.6255,-1,-1,-1
572,89,549.44,442.21,37.15,97.40,0.4582,-1,-1,-1
572,72,1821.20,420.72,98.39,444.28,0.3003,-1,-1,-1
573,61,1676.17,402.41,244.86,668.95,0.8859,-1,-1,-1
573,43,1149.92,435.87,136.99,279.26,0.7013,-1,-1,-1
573,46,945.79,434.81,89.56,242.48,0.6387,-1,-1,-1
573,80,585.88,453.32,32.21,88.94,0.4884,-1,-1,-1
573,84,1015.98,430.49,126.48,266.01,0.6447,-1,-1,-1
573,86,636.82,456.75,30.82,102.63,0.5575,-1,-1,-1
573,88,718.11,445.12,40.28,104.81,0.5691,-1,-1,-1
573,89,550.41,449.13,35.47,90.92,0.4045,-1,-1,-1
573,72,1830.63,426.77,89.20,297.72,0.3977,-1,-1,-1
573,90,1110.38,430.42,47.46,146.14,0.3490,-1,-1,-1
574,61,1676.88,399.71,244.78,673.99,0.9003,-1,-1,-1
574,43,1151.05,437.50,140.92,278.03,0.7348,-1,-1,-1
574,46,951.28,434.88,101.60,247.69,0.6144,-1,-1,-1
574,80,585.03,454.63,33.04,88.17,0.3410,-1,-1,-1
574,84,1029.18,432.48,112.94,263.60,0.5435,-1,-1,-1
574,86,636.33,457.07,30.36,101.64,0.5466,-1,-1,-1
574,88,718.03,445.04,40.73,105.24,0.5538,-1,-1,-1
574,89,550.26,450.24,35.73,89.16,0.3869,-1,-1,-1
574,72,1837.11,430.18,82.73,255.27,0.3398,-1,-1,-1
574,90,1112.00,428.41,45.80,149.10,0.3577,-1,-1,-1
575,61,1677.13,398.30,244.58,676.28,0.9046,-1,-1,-1
575,43,1154.63,438.87,139.78,276.89,0.7003,-1,-1,-1
575,46,955.06,434.57,106.20,248.33,0.5751,-1,-1,-1
575,80,584.71,454.30,33.63,88.69,0.4282,-1,-1,-1
575,84,1037.03,427.75,104.40,268.59,0.5017,-1,-1,-1
575,86,635.60,456.31,30.54,102.23,0.5657,-1,-1,-1
575,88,718.04,445.34,40.60,104.80,0.5795,-1,-1,-1
575,89,550.49,450.11,35.21,88.76,0.3541,-1,-1,-1
575,72,1845.03,431.59,74.76,232.73,0.3096,-1,-1,-1
575,90,1113.25,425.67,43.96,151.85,0.2350,-1,-1,-1
576,61,1676.27,397.45,245.14,677.19,0.8990,-1,-1,-1
576,43,1157.76,438.18,138.13,277.52,0.7313,-1,-1,-1
576,46,956.46,434.20,111.15,248.35,0.6244,-1,-1,-1
576,80,585.31,454.22,33.19,88.79,0.4252,-1,-1,-1
576,84,1041.50,426.94,99.55,269.20,0.6166,-1,-1,-1
576,86,634.34,456.11,32.67,102.04,0.5204,-1,-1,-1
576,88,719.16,445.97,39.52,104.72,0.6063,-1,-1,-1
576,89,550.46,449.49,33.96,88.68,0.2930,-1,-1,-1
576,72,1854.79,432.08,65.03,213.25,0.4445,-1,-1,-1
577,61,1675.44,398.37,245.63,676.70,0.9090,-1,-1,-1
577,43,1157.76,436.89,138.35,278.67,0.7444,-1,-1,-1
577,46,957.89,434.05,112.01,247.24,0.6659,-1,-1,-1
577,80,585.16,453.07,33.53,90.35,0.3977,-1,-1,-1
577,84,1048.27,424.39,92.45,270.76,0.6273,-1,-1,-1
577,86,633.39,453.55,33.27,105.26,0.5247,-1,-1,-1
577,88,719.67,446.87,38.93,104.33,0.5855,-1,-1,-1
577,89,550.14,447.08,35.54,91.36,0.2892,-1,-1,-1
577,72,1857.36,429.81,62.54,203.09,0.2286,-1,-1,-1
578,61,1673.92,399.07,246.80,676.65,0.9062,-1,-1,-1
578,43,1159.23,434.55,134.11,280.37,0.7291,-1,-1,-1
578,46,958.82,438.64,104.18,237.51,0.7228,-1,-1,-1
578,80,584.42,451.78,34.31,92.09,0.3742,-1,-1,-1
578,84,1051.53,426.65,88.90,266.94,0.6187,-1,-1,-1
578,86,632.91,450.12,33.20,108.34,0.6220,-1,-1,-1
578,88,719.73,445.89,38.84,104.22,0.6295,-1,-1,-1
578,89,549.89,449.61,36.43,88.71,0.3215,-1,-1,-1
579,61,1673.36,400.32,247.27,676.11,0.8991,-1,-1,-1
579,43,1159.90,434.94,132.44,279.19,0.6913,-1,-1,-1
579,46,959.08,439.48,102.36,234.41,0.7530,-1,-1,-1
579,80,583.84,449.28,32.68,93.07,0.3512,-1,-1,-1
579,84,1055.65,431.62,86.07,262.91,0.6593,-1,-1,-1
579,86,632.40,448.49,33.05,110.01,0.5774,-1,-1,-1
579,88,720.35,446.80,38.59,104.21,0.5933,-1,-1,-1
579,89,549.08,444.93,37.68,93.22,0.3128,-1,-1,-1
580,61,1673.19,401.91,247.20,675.04,0.9084,-1,-1,-1
580,43,1158.93,440.13,133.65,275.10,0.7499,-1,-1,-1
580,46,959.67,437.48,102.11,236.77,0.7575,-1,-1,-1
580,80,584.44,448.79,31.51,92.74,0.3531,-1,-1,-1
580,84,1054.37,436.83,88.54,257.79,0.6681,-1,-1,-1
580,86,631.03,449.35,35.58,109.14,0.5580,-1,-1,-1
580,88,720.76,446.96,38.31,104.77,0.5720,-1,-1,-1
580,89,549.38,441.93,38.44,96.11,0.3508,-1,-1,-1
581,61,1673.09,402.44,247.13,674.84,0.9082,-1,-1,-1
581,43,1159.81,440.44,134.73,275.98,0.6988,-1,-1,-1
581,46,959.66,435.67,102.88,237.54,0.7611,-1,-1,-1
581,80,584.52,447.50,33.34,95.42,0.3907,-1,-1,-1
581,84,1055.79,438.78,92.54,256.19,0.6866,-1,-1,-1
581,86,630.68,452.66,36.39,105.57,0.5504,-1,-1,-1
581,88,721.01,447.18,38.35,104.25,0.5025,-1,-1,-1
581,89,548.99,436.92,40.33,101.40,0.3654,-1,-1,-1
582,61,1673.27,402.10,246.80,676.10,0.9087,-1,-1,-1
582,43,1180.64,439.64,117.00,275.50,0.6915,-1,-1,-1
582,46,957.94,435.77,109.86,236.86,0.7490,-1,-1,-1
582,80,584.45,446.89,33.95,96.24,0.4205,-1,-1,-1
582,84,1065.50,438.18,86.93,260.56,0.6234,-1,-1,-1
582,86,631.21,453.03,34.67,105.09,0.5113,-1,-1,-1
582,88,721.50,447.85,37.86,103.44,0.4976,-1,-1,-1
582,89,548.54,435.76,40.07,102.23,0.3787,-1,-1,-1
583,61,1674.24,399.44,245.64,679.06,0.9097,-1,-1,-1
583,43,1192.90,439.77,107.18,274.31,0.7225,-1,-1,-1
583,46,962.43,436.06,108.75,235.84,0.7285,-1,-1,-1
583,80,584.43,447.96,33.90,95.32,0.4671,-1,-1,-1
583,84,1076.67,434.52,78.71,263.63,0.6309,-1,-1,-1
583,86,631.06,453.65,34.19,104.45,0.4540,-1,-1,-1
583,88,721.21,446.66,38.76,103.63,0.5275,-1,-1,-1
583,89,549.17,438.24,38.95,99.52,0.4176,-1,-1,-1
584,61,1675.99,395.69,243.85,682.05,0.9116,-1,-1,-1
584,43,1201.80,440.62,99.97,271.92,0.7219,-1,-1,-1
584,46,966.15,436.75,107.39,235.98,0.7423,-1,-1,-1
584,80,584.81,447.80,33.57,95.72,0.4715,-1,-1,-1
584,84,1083.98,435.47,75.52,261.71,0.6626,-1,-1,-1
584,86,630.49,454.94,35.13,103.31,0.4307,-1,-1,-1
584,88,721.99,447.19,37.97,104.16,0.5302,-1,-1,-1
584,89,550.14,438.71,37.94,99.18,0.3974,-1,-1,-1
585,61,1677.72,394.51,242.17,682.85,0.8981,-1,-1,-1
585,43,1204.82,441.08,100.32,267.37,0.7486,-1,-1,-1
585,46,969.31,436.54,105.70,235.65,0.7613,-1,-1,-1
585,80,585.45,447.98,33.23,95.12,0.4595,-1,-1,-1
585,84,1087.79,438.90,74.83,257.22,0.6349,-1,-1,-1
585,86,628.40,452.07,36.58,105.90,0.3952,-1,-1,-1
585,88,722.81,447.14,37.73,103.46,0.5280,-1,-1,-1
585,89,550.22,438.62,38.41,99.33,0.4327,-1,-1,-1
586,61,1681.23,393.18,238.93,683.14,0.8962,-1,-1,-1
586,43,1212.28,438.22,100.47,272.17,0.7545,-1,-1,-1
586,46,976.14,440.47,100.81,233.27,0.7690,-1,-1,-1
586,80,585.01,445.39,34.61,98.12,0.4492,-1,-1,-1
586,84,1089.63,436.60,72.96,260.48,0.6901,-1,-1,-1
586,86,626.96,452.37,37.34,105.36,0.4272,-1,-1,-1
586,88,723.58,445.24,37.77,103.71,0.5440,-1,-1,-1
586,89,549.89,439.96,37.80,98.54,0.4358,-1,-1,-1
587,61,1684.96,390.04,235.25,685.58,0.8696,-1,-1,-1
587,43,1216.50,434.57,99.58,276.19,0.6139,-1,-1,-1
587,46,981.35,443.45,96.76,228.01,0.7384,-1,-1,-1
587,80,584.61,444.61,35.16,98.67,0.4197,-1,-1,-1
587,84,1090.74,429.97,73.37,267.35,0.7208,-1,-1,-1
587,86,625.55,452.28,38.25,105.52,0.4832,-1,-1,-1
587,88,724.32,444.39,37.50,104.70,0.5518,-1,-1,-1
587,89,550.08,441.04,37.28,98.11,0.4673,-1,-1,-1
587,91,665.18,452.71,32.95,101.26,0.3699,-1,-1,-1
588,61,1692.31,387.60,227.70,687.86,0.8556,-1,-1,-1
588,43,1215.37,434.53,102.54,277.65,0.7924,-1,-1,-1
588,46,987.83,445.47,91.13,223.88,0.7006,-1,-1,-1
588,80,584.03,445.45,35.79,98.63,0.4143,-1,-1,-1
588,84,1092.07,423.53,77.97,273.49,0.7360,-1,-1,-1
588,86,625.25,453.03,36.63,104.51,0.5080,-1,-1,-1
588,88,726.18,442.94,34.90,106.34,0.5565,-1,-1,-1
588,89,551.09,445.82,36.19,93.99,0.4318,-1,-1,-1
588,91,664.26,452.06,30.88,104.97,0.3577,-1,-1,-1
588,39,1175.71,437.56,66.38,237.20,0.4287,-1,-1,-1
589,61,1700.57,390.19,219.22,683.61,0.7504,-1,-1,-1
589,43,1216.65,434.78,102.61,277.10,0.7780,-1,-1,-1
589,46,995.84,446.06,85.06,222.92,0.7050,-1,-1,-1
589,80,583.35,446.64,36.76,98.68,0.3783,-1,-1,-1
589,84,1092.98,420.54,86.17,276.31,0.7105,-1,-1,-1
589,86,624.73,452.02,35.94,105.64,0.5820,-1,-1,-1
589,88,725.05,443.26,36.40,106.26,0.5503,-1,-1,-1
589,89,551.00,447.06,36.61,93.49,0.4277,-1,-1,-1
589,91,663.71,450.82,30.94,108.11,0.4619,-1,-1,-1
589,39,1183.32,438.37,59.16,234.89,0.3398,-1,-1,-1
590,61,1711.73,410.22,207.93,663.55,0.7422,-1,-1,-1
590,43,1219.83,433.94,101.70,277.46,0.7845,-1,-1,-1
590,46,1005.22,446.97,79.18,221.40,0.7375,-1,-1,-1
590,80,583.94,448.04,36.00,97.90,0.3170,-1,-1,-1
590,84,1092.65,426.65,88.05,270.51,0.6567,-1,-1,-1
590,86,624.17,450.98,35.26,106.39,0.5155,-1,-1,-1
590,88,726.20,442.78,35.21,106.80,0.5676,-1,-1,-1
590,89,551.09,447.66,37.12,92.85,0.3674,-1,-1,-1
590,91,663.51,451.55,31.43,107.97,0.4666,-1,-1,-1
590,39,1185.20,437.70,58.83,238.31,0.3704,-1,-1,-1
591,61,1731.23,461.53,188.36,612.72,0.5595,-1,-1,-1
591,43,1222.93,434.37,103.83,276.87,0.7446,-1,-1,-1
591,46,1011.02,444.71,78.28,222.67,0.7133,-1,-1,-1
591,80,585.13,449.47,33.29,94.78,0.3402,-1,-1,-1
591,84,1091.52,418.68,92.21,278.00,0.6516,-1,-1,-1
591,86,623.99,449.67,34.00,107.88,0.5363,-1,-1,-1
591,88,727.36,442.56,33.59,107.15,0.5755,-1,-1,-1
591,89,550.82,445.03,37.56,95.20,0.3389,-1,-1,-1
591,91,663.37,451.71,32.14,108.17,0.5350,-1,-1,-1
591,39,1188.85,435.57,59.82,240.34,0.3290,-1,-1,-1
592,61,1753.23,490.27,166.21,582.53,0.6783,-1,-1,-1
592,43,1226.53,436.86,108.14,274.45,0.7288,-1,-1,-1
592,46,1013.10,443.91,77.59,222.08,0.7365,-1,-1,-1
592,80,585.51,450.17,32.22,93.44,0.3123,-1,-1,-1
592,84,1091.43,416.84,102.14,279.71,0.6755,-1,-1,-1
592,86,623.99,449.03,34.47,108.88,0.5154,-1,-1,-1
592,88,728.11,443.13,32.30,107.01,0.5668,-1,-1,-1
592,89,550.03,444.33,38.56,95.36,0.3225,-1,-1,-1
592,91,662.63,452.01,33.09,108.12,0.5614,-1,-1,-1
592,39,1190.89,434.26,59.63,238.93,0.2715,-1,-1,-1
593,61,1777.06,500.20,142.39,572.93,0.3900,-1,-1,-1
593,43,1230.95,439.22,110.44,273.68,0.7526,-1,-1,-1
593,46,1014.58,439.82,79.30,226.25,0.6586,-1,-1,-1
593,80,584.39,450.86,32.34,91.29,0.3165,-1,-1,-1
593,84,1092.14,413.45,101.34,282.93,0.6912,-1,-1,-1
593,86,623.21,449.23,35.86,108.58,0.4957,-1,-1,-1
593,88,728.29,443.39,32.75,107.39,0.5404,-1,-1,-1
593,89,550.60,446.40,35.78,93.09,0.3092,-1,-1,-1
593,91,661.67,451.85,33.90,108.18,0.5482,-1,-1,-1
593,39,1193.50,438.19,68.54,239.33,0.2479,-1,-1,-1
594,61,1809.97,520.46,109.49,557.22,0.3173,-1,-1,-1
594,43,1234.36,441.85,112.76,270.81,0.7833,-1,-1,-1
594,46,1020.65,436.68,76.88,228.99,0.6273,-1,-1,-1
594,80,584.08,451.36,32.38,90.53,0.3225,-1,-1,-1
594,84,1092.26,412.57,101.77,285.29,0.7001,-1,-1,-1
594,86,622.89,448.77,36.20,107.97,0.5039,-1,-1,-1
594,88,726.99,444.59,35.69,106.73,0.5130,-1,-1,-1
594,89,549.70,448.00,36.69,91.35,0.3509,-1,-1,-1
594,91,660.47,451.54,35.15,108.98,0.5312,-1,-1,-1
594,39,1192.61,438.22,74.57,240.39,0.3649,-1,-1,-1
595,43,1239.41,439.17,112.19,273.27,0.8188,-1,-1,-1
595,46,1023.14,436.18,76.05,228.82,0.6713,-1,-1,-1
595,80,581.67,451.03,34.47,90.50,0.2789,-1,-1,-1
595,84,1094.28,413.65,101.15,283.19,0.7178,-1,-1,-1
595,86,622.53,449.18,36.97,106.84,0.5527,-1,-1,-1
595,88,728.52,444.08,33.43,106.69,0.5407,-1,-1,-1
595,89,550.79,451.51,33.88,88.04,0.2711,-1,-1,-1
595,91,660.50,452.32,35.16,108.52,0.4748,-1,-1,-1
595,39,1190.66,440.62,74.93,238.84,0.4700,-1,-1,-1
596,43,1242.53,437.41,112.90,275.33,0.8097,-1,-1,-1
596,46,1024.88,440.08,76.57,224.72,0.7104,-1,-1,-1
596,80,581.75,450.34,34.16,91.24,0.3123,-1,-1,-1
596,84,1095.80,418.95,100.45,278.89,0.7374,-1,-1,-1
596,86,623.05,450.08,36.93,104.92,0.5697,-1,-1,-1
596,88,727.06,445.13,35.89,105.54,0.5620,-1,-1,-1
596,89,551.38,451.41,32.66,88.58,0.2983,-1,-1,-1
596,91,660.73,453.75,35.17,107.12,0.4559,-1,-1,-1
596,39,1191.07,441.89,76.07,238.70,0.5269,-1,-1,-1
597,43,1244.55,437.64,113.11,275.68,0.8035,-1,-1,-1
597,46,1026.35,441.77,76.63,223.89,0.7386,-1,-1,-1
597,80,582.36,451.54,32.91,89.99,0.2986,-1,-1,-1
597,84,1097.54,422.11,98.44,275.90,0.7591,-1,-1,-1
597,86,623.71,451.70,35.49,103.25,0.5130,-1,-1,-1
597,88,726.23,445.10,37.58,106.46,0.6074,-1,-1,-1
597,89,550.55,452.37,34.87,87.82,0.3081,-1,-1,-1
597,91,659.81,453.96,37.76,106.94,0.4252,-1,-1,-1
597,39,1191.62,454.71,76.79,227.32,0.5311,-1,-1,-1
598,43,1248.06,437.70,111.21,275.56,0.8135,-1,-1,-1
598,46,1026.51,441.73,79.37,224.43,0.7390,-1,-1,-1
598,80,583.47,451.66,32.42,89.34,0.3398,-1,-1,-1
598,84,1099.10,427.42,98.03,270.21,0.7211,-1,-1,-1
598,86,624.45,453.12,33.67,101.77,0.4819,-1,-1,-1
598,88,725.89,445.40,38.54,107.39,0.5878,-1,-1,-1
598,89,550.44,450.70,34.69,89.22,0.3662,-1,-1,-1
598,91,659.04,455.67,37.11,105.19,0.4313,-1,-1,-1
598,39,1193.23,452.00,76.62,230.69,0.5216,-1,-1,-1
599,43,1252.34,437.24,107.72,275.80,0.7812,-1,-1,-1
599,46,1027.55,442.21,85.05,224.69,0.7389,-1,-1,-1
599,80,583.46,452.60,33.70,90.32,0.3282,-1,-1,-1
599,84,1101.66,430.58,97.23,265.57,0.7001,-1,-1,-1
599,86,624.65,454.23,33.48,100.87,0.4789,-1,-1,-1
599,88,726.42,445.89,37.76,106.52,0.5696,-1,-1,-1
599,89,551.23,449.56,33.41,90.39,0.3356,-1,-1,-1
599,91,657.73,455.06,39.46,105.90,0.4074,-1,-1,-1
599,39,1191.54,443.84,78.94,238.94,0.5725,-1,-1,-1
599,93,378.26,467.31,47.76,109.13,0.3762,-1,-1,-1
600,43,1256.30,437.16,104.88,275.84,0.8178,-1,-1,-1
600,46,1028.50,441.86,88.07,223.94,0.7548,-1,-1,-1
600,80,583.33,455.99,32.78,85.69,0.3142,-1,-1,-1
600,84,1106.73,431.05,94.15,263.55,0.7029,-1,-1,-1
600,86,624.88,454.95,33.13,100.85,0.5049,-1,-1,-1
600,88,726.49,444.66,37.20,108.08,0.5853,-1,-1,-1
600,89,550.82,451.77,35.91,88.43,0.3187,-1,-1,-1
600,91,657.07,455.61,39.73,105.33,0.3591,-1,-1,-1
600,39,1197.14,447.30,73.40,228.83,0.6019,-1,-1,-1
600,93,378.91,465.16,46.28,111.63,0.3493,-1,-1,-1
