1,1,118.00,157.54,79.99,171.14,0.8483,-1,-1,-1
1,2,16.01,148.76,74.72,190.85,0.8160,-1,-1,-1
2,1,118.06,154.91,82.13,174.66,0.8474,-1,-1,-1
2,2,17.58,145.34,74.09,194.75,0.8566,-1,-1,-1
3,1,124.62,153.60,68.49,177.41,0.7125,-1,-1,-1
3,2,22.14,137.94,73.93,203.10,0.8291,-1,-1,-1
4,1,129.90,154.10,78.48,179.19,0.8465,-1,-1,-1
4,2,27.45,141.88,72.91,201.19,0.8196,-1,-1,-1
4,3,253.00,193.86,24.96,67.01,0.4799,-1,-1,-1
5,1,136.47,156.85,83.67,180.23,0.8143,-1,-1,-1
5,2,35.33,140.63,73.38,206.92,0.8696,-1,-1,-1
5,3,263.44,198.62,23.51,64.62,0.5437,-1,-1,-1
6,1,141.45,155.47,86.54,183.81,0.8338,-1,-1,-1
6,2,35.64,140.63,78.02,209.29,0.8532,-1,-1,-1
6,3,269.38,198.31,24.89,66.28,0.5849,-1,-1,-1
6,4,222.71,197.97,23.85,67.04,0.6154,-1,-1,-1
6,5,251.16,197.66,21.85,66.04,0.4321,-1,-1,-1
7,1,144.59,152.17,87.78,187.06,0.8595,-1,-1,-1
7,2,38.97,139.17,76.78,210.29,0.8356,-1,-1,-1
7,3,274.25,198.68,25.84,63.74,0.6751,-1,-1,-1
7,4,226.25,197.75,24.83,66.19,0.6564,-1,-1,-1
7,5,256.79,195.94,21.48,62.93,0.6032,-1,-1,-1
8,1,152.13,152.82,88.95,190.20,0.8704,-1,-1,-1
8,2,43.25,140.05,78.11,213.22,0.8246,-1,-1,-1
8,3,281.23,200.89,26.53,64.76,0.5865,-1,-1,-1
8,4,234.53,200.20,24.63,65.57,0.6829,-1,-1,-1
8,5,265.05,198.04,20.57,64.07,0.5557,-1,-1,-1
9,1,156.58,151.64,88.24,193.06,0.8673,-1,-1,-1
9,2,47.22,139.58,77.80,214.09,0.8302,-1,-1,-1
9,3,287.55,200.19,25.69,65.65,0.7196,-1,-1,-1
9,4,240.32,203.03,24.92,63.22,0.5642,-1,-1,-1
9,5,269.92,198.76,22.03,65.88,0.6484,-1,-1,-1
10,1,164.82,148.03,88.02,197.40,0.8699,-1,-1,-1
10,2,50.41,135.26,83.18,219.53,0.8569,-1,-1,-1
10,3,296.14,200.89,25.50,64.98,0.6354,-1,-1,-1
10,4,250.17,198.30,25.27,67.12,0.6480,-1,-1,-1
10,5,278.75,196.90,21.74,66.87,0.4574,-1,-1,-1
11,1,171.08,147.13,88.85,200.44,0.8611,-1,-1,-1
11,2,55.11,135.08,84.92,221.58,0.8677,-1,-1,-1
11,3,305.23,201.13,22.79,64.57,0.6467,-1,-1,-1
11,4,256.09,200.30,22.99,65.06,0.4893,-1,-1,-1
11,5,285.23,197.60,22.88,67.30,0.6968,-1,-1,-1
11,9,143.72,195.56,28.50,69.84,0.5640,-1,-1,-1
12,1,181.90,147.53,91.58,204.67,0.8703,-1,-1,-1
12,2,64.57,131.78,84.47,230.56,0.8809,-1,-1,-1
12,3,316.46,204.78,22.54,63.18,0.5019,-1,-1,-1
12,4,268.82,200.20,24.22,67.50,0.6255,-1,-1,-1
12,5,297.44,199.34,21.87,67.53,0.2319,-1,-1,-1
12,9,153.87,197.76,29.56,69.11,0.5753,-1,-1,-1
13,1,184.44,147.18,95.81,208.29,0.8587,-1,-1,-1
13,2,67.91,138.80,85.82,225.83,0.8562,-1,-1,-1
13,3,321.40,197.69,24.35,70.16,0.4620,-1,-1,-1
13,4,275.34,200.26,23.99,67.97,0.5113,-1,-1,-1
13,5,303.78,202.57,21.07,64.28,0.4762,-1,-1,-1
13,9,159.07,196.83,30.34,70.57,0.5702,-1,-1,-1
14,1,197.40,144.95,94.51,211.42,0.8290,-1,-1,-1
14,2,81.52,130.68,82.71,235.25,0.8714,-1,-1,-1
14,3,334.17,202.42,22.12,64.98,0.3740,-1,-1,-1
14,4,286.96,202.48,23.60,64.37,0.5900,-1,-1,-1
14,5,316.23,201.53,21.67,64.79,0.5775,-1,-1,-1
14,9,170.58,195.61,29.85,71.18,0.5990,-1,-1,-1
15,1,208.74,144.86,95.29,215.05,0.8598,-1,-1,-1
15,2,87.01,135.68,85.26,233.66,0.8602,-1,-1,-1
15,3,345.47,204.42,25.26,64.41,0.6200,-1,-1,-1
15,4,297.11,202.47,22.82,65.93,0.5782,-1,-1,-1
15,5,325.91,200.75,22.77,66.59,0.5195,-1,-1,-1
15,9,181.80,197.20,28.95,70.88,0.6603,-1,-1,-1
16,1,211.96,143.26,98.66,216.41,0.8451,-1,-1,-1
16,2,82.14,126.32,92.96,242.84,0.8775,-1,-1,-1
16,3,351.57,200.20,26.68,66.56,0.5439,-1,-1,-1
16,4,301.03,198.71,23.64,66.45,0.6869,-1,-1,-1
16,5,330.61,195.92,23.83,69.64,0.5515,-1,-1,-1
16,9,185.66,193.51,29.83,71.58,0.6428,-1,-1,-1
16,12,1.10,142.45,45.77,156.64,0.4310,-1,-1,-1
17,1,213.84,140.21,105.22,221.88,0.7736,-1,-1,-1
17,2,84.26,123.86,93.20,247.08,0.8982,-1,-1,-1
17,3,354.17,190.87,26.07,74.25,0.4915,-1,-1,-1
17,4,305.68,196.45,23.91,68.73,0.5982,-1,-1,-1
17,5,334.53,195.23,23.45,69.83,0.4475,-1,-1,-1
17,9,188.95,192.66,29.01,71.82,0.6428,-1,-1,-1
17,12,1.15,140.61,60.21,150.08,0.3785,-1,-1,-1
18,1,216.20,138.24,109.76,228.61,0.8571,-1,-1,-1
18,2,84.05,123.82,96.13,252.04,0.9012,-1,-1,-1
18,4,311.33,195.68,22.59,70.58,0.7055,-1,-1,-1
18,9,193.30,194.34,27.93,70.66,0.5468,-1,-1,-1
18,12,1.02,140.50,54.35,155.48,0.4974,-1,-1,-1
19,1,216.68,133.12,112.36,233.83,0.8666,-1,-1,-1
19,2,81.33,118.80,97.79,256.67,0.9063,-1,-1,-1
19,4,311.22,192.36,24.53,71.03,0.6224,-1,-1,-1
19,9,193.67,192.25,28.64,70.30,0.5151,-1,-1,-1
19,12,-0.18,137.37,47.60,156.90,0.3076,-1,-1,-1
20,1,214.34,129.04,114.06,240.08,0.8877,-1,-1,-1
20,2,76.63,113.82,99.02,263.83,0.9029,-1,-1,-1
20,9,192.10,188.49,28.75,72.20,0.5807,-1,-1,-1
20,12,-0.85,134.96,45.60,151.20,0.2928,-1,-1,-1
21,1,213.60,127.10,116.46,246.65,0.8791,-1,-1,-1
21,2,72.85,109.09,101.52,272.75,0.8988,-1,-1,-1
21,9,191.90,187.25,28.20,73.95,0.6611,-1,-1,-1
21,12,-0.87,132.74,39.84,161.45,0.5218,-1,-1,-1
21,14,42.27,186.17,25.34,69.65,0.5717,-1,-1,-1
22,1,214.42,123.28,118.40,253.34,0.8830,-1,-1,-1
22,2,68.93,104.25,105.03,280.34,0.8850,-1,-1,-1
22,9,193.87,185.94,27.43,73.94,0.3518,-1,-1,-1
22,12,-0.44,129.35,38.18,205.80,0.3500,-1,-1,-1
22,14,41.70,183.17,27.96,70.89,0.4109,-1,-1,-1
23,1,215.57,124.19,120.38,260.65,0.8812,-1,-1,-1
23,2,67.57,105.50,108.12,289.04,0.8965,-1,-1,-1
23,9,197.90,190.53,26.63,73.80,0.5793,-1,-1,-1
23,12,-0.23,133.59,39.08,224.22,0.3570,-1,-1,-1
23,14,48.44,190.56,24.24,68.18,0.3667,-1,-1,-1
24,1,219.92,121.90,117.51,265.60,0.7989,-1,-1,-1
24,2,65.56,104.05,111.31,294.71,0.8602,-1,-1,-1
24,9,200.71,189.64,25.41,74.58,0.1670,-1,-1,-1
24,12,0.53,133.11,39.60,190.73,0.4361,-1,-1,-1
25,1,228.52,121.24,112.28,274.24,0.8810,-1,-1,-1
25,2,62.51,103.27,114.86,302.83,0.8911,-1,-1,-1
25,12,0.75,134.08,38.09,178.65,0.3619,-1,-1,-1
26,1,230.40,117.46,110.38,280.89,0.8711,-1,-1,-1
26,2,58.69,100.38,117.34,308.99,0.8825,-1,-1,-1
26,12,0.51,132.52,36.94,174.91,0.3658,-1,-1,-1
27,1,235.43,113.12,110.55,289.28,0.8808,-1,-1,-1
27,2,55.13,95.37,120.75,317.03,0.8972,-1,-1,-1
27,12,-0.38,129.73,37.51,173.06,0.4626,-1,-1,-1
28,1,240.10,111.54,110.29,294.46,0.8851,-1,-1,-1
28,2,54.43,94.30,123.00,322.66,0.9022,-1,-1,-1
28,12,0.73,129.97,38.34,171.45,0.3377,-1,-1,-1
29,1,236.52,105.68,120.12,302.34,0.8660,-1,-1,-1
29,2,51.99,87.16,127.33,335.60,0.8817,-1,-1,-1
29,12,0.68,126.46,37.59,177.19,0.2421,-1,-1,-1
30,1,235.30,103.62,123.23,309.43,0.8839,-1,-1,-1
30,2,48.17,84.35,131.16,344.36,0.8887,-1,-1,-1
30,12,0.02,125.44,36.72,179.50,0.3051,-1,-1,-1
31,1,243.18,99.25,121.21,319.89,0.8791,-1,-1,-1
31,2,43.57,80.51,137.63,353.27,0.8946,-1,-1,-1
31,12,0.03,122.64,35.78,239.50,0.2274,-1,-1,-1
32,1,252.56,97.04,121.39,330.45,0.8769,-1,-1,-1
32,2,44.53,78.35,140.59,363.30,0.8790,-1,-1,-1
32,12,1.09,123.55,36.87,260.10,0.2164,-1,-1,-1
32,17,147.28,80.27,47.80,176.02,0.5283,-1,-1,-1
33,1,260.12,90.18,126.58,339.44,0.8614,-1,-1,-1
33,2,51.27,71.04,140.26,374.25,0.8887,-1,-1,-1
33,12,1.96,117.63,41.98,269.78,0.1717,-1,-1,-1
33,17,153.53,76.55,46.89,181.85,0.3757,-1,-1,-1
33,18,418.38,188.64,26.53,75.39,0.6741,-1,-1,-1
33,4,360.90,187.02,26.93,75.26,0.6280,-1,-1,-1
34,1,269.45,89.04,130.49,350.53,0.8579,-1,-1,-1
34,2,57.88,70.61,142.15,382.00,0.8852,-1,-1,-1
34,17,158.92,75.66,53.26,181.07,0.5100,-1,-1,-1
34,4,369.00,187.45,29.02,76.57,0.6829,-1,-1,-1
34,3,425.86,187.53,27.06,79.18,0.6606,-1,-1,-1
35,1,272.84,88.68,142.70,360.23,0.8551,-1,-1,-1
35,2,64.35,70.82,142.15,388.43,0.9043,-1,-1,-1
35,17,165.30,76.04,55.48,225.92,0.2982,-1,-1,-1
35,4,377.98,189.80,28.67,76.99,0.7057,-1,-1,-1
35,19,1.37,118.95,35.46,103.83,0.6115,-1,-1,-1
35,20,410.42,188.04,24.56,77.67,0.4803,-1,-1,-1
35,3,435.56,190.47,28.08,78.66,0.6582,-1,-1,-1
36,1,275.54,82.07,156.77,369.81,0.8937,-1,-1,-1
36,2,71.75,63.42,145.37,399.45,0.8947,-1,-1,-1
36,17,174.76,71.67,56.00,203.47,0.5572,-1,-1,-1
36,4,388.63,189.00,28.04,76.47,0.5828,-1,-1,-1
36,19,2.85,115.96,45.52,104.92,0.1602,-1,-1,-1
36,20,421.00,182.45,25.90,82.55,0.4861,-1,-1,-1
36,3,448.09,189.62,28.28,78.30,0.6642,-1,-1,-1
37,1,274.21,78.65,165.39,378.31,0.8908,-1,-1,-1
37,2,72.07,61.17,148.38,406.21,0.9015,-1,-1,-1
37,17,177.39,70.97,55.00,193.14,0.4360,-1,-1,-1
37,4,392.22,189.37,28.37,76.33,0.6551,-1,-1,-1
37,20,424.91,186.44,24.46,79.48,0.3207,-1,-1,-1
37,3,452.75,190.22,27.43,78.44,0.6202,-1,-1,-1
38,1,278.63,76.48,174.13,387.87,0.8879,-1,-1,-1
38,2,71.67,58.93,152.49,415.47,0.8760,-1,-1,-1
38,17,181.07,70.62,57.09,196.44,0.4529,-1,-1,-1
38,4,398.09,193.27,28.90,73.94,0.4974,-1,-1,-1
38,20,430.04,189.21,26.44,78.90,0.5465,-1,-1,-1
38,3,457.71,190.15,28.53,80.08,0.7278,-1,-1,-1
39,1,283.40,70.50,178.72,397.86,0.8903,-1,-1,-1
39,2,70.00,53.31,157.13,424.75,0.8789,-1,-1,-1
39,17,182.82,64.35,57.71,197.18,0.5575,-1,-1,-1
39,4,403.40,194.40,27.56,71.30,0.5581,-1,-1,-1
39,20,434.50,187.11,26.37,78.31,0.5779,-1,-1,-1
39,3,461.26,187.60,31.71,81.51,0.6730,-1,-1,-1
40,1,285.47,67.26,186.57,410.13,0.8875,-1,-1,-1
40,2,68.18,53.12,162.34,428.88,0.8846,-1,-1,-1
40,17,185.04,63.75,57.21,200.23,0.6958,-1,-1,-1
40,4,409.04,198.90,24.87,70.01,0.4656,-1,-1,-1
40,20,438.62,186.88,27.75,81.26,0.5365,-1,-1,-1
40,3,465.38,188.63,31.86,82.80,0.7036,-1,-1,-1
41,1,287.98,63.70,192.41,417.48,0.8832,-1,-1,-1
41,2,64.04,49.84,166.86,433.26,0.8903,-1,-1,-1
41,17,183.40,63.00,58.12,200.27,0.7383,-1,-1,-1
41,4,413.25,202.51,19.46,66.26,0.1604,-1,-1,-1
41,20,440.07,188.16,27.50,80.20,0.5487,-1,-1,-1
41,3,468.23,188.94,31.75,59.06,0.6163,-1,-1,-1
41,19,0.22,114.44,49.58,152.64,0.3850,-1,-1,-1
42,1,283.52,56.41,197.93,425.93,0.8998,-1,-1,-1
42,2,51.90,41.71,171.60,440.30,0.8915,-1,-1,-1
42,17,177.84,55.86,59.43,207.58,0.6335,-1,-1,-1
42,3,465.57,187.51,33.33,43.11,0.5381,-1,-1,-1
42,19,-2.03,108.89,42.74,129.39,0.2356,-1,-1,-1
43,1,281.91,53.08,204.40,430.44,0.9045,-1,-1,-1
43,2,46.73,36.27,173.84,446.13,0.8964,-1,-1,-1
43,17,175.38,51.54,58.88,208.53,0.6477,-1,-1,-1
43,3,464.82,190.03,31.66,33.12,0.5270,-1,-1,-1
43,19,-1.59,105.73,38.35,119.07,0.2693,-1,-1,-1
44,1,281.69,50.21,209.66,433.18,0.9040,-1,-1,-1
44,2,43.72,31.06,177.09,450.69,0.8976,-1,-1,-1
44,17,175.33,48.55,59.40,212.14,0.6433,-1,-1,-1
44,19,-0.21,103.78,37.30,143.52,0.2233,-1,-1,-1
44,9,266.56,186.91,26.06,77.84,0.3631,-1,-1,-1
45,1,283.67,46.42,213.93,435.46,0.8964,-1,-1,-1
45,2,41.74,27.13,179.13,452.97,0.8951,-1,-1,-1
45,17,176.11,46.66,61.00,215.30,0.6475,-1,-1,-1
45,19,0.30,99.98,37.07,154.35,0.2012,-1,-1,-1
45,9,267.93,185.84,27.37,77.81,0.4536,-1,-1,-1
45,12,0.31,102.02,39.37,324.91,0.3612,-1,-1,-1
46,1,279.64,42.70,222.91,440.02,0.9094,-1,-1,-1
46,2,36.05,20.61,184.14,460.50,0.8835,-1,-1,-1
46,17,174.61,44.64,62.42,218.71,0.6942,-1,-1,-1
46,9,268.38,185.60,27.94,77.69,0.1691,-1,-1,-1
46,12,-0.81,98.55,37.36,329.73,0.4203,-1,-1,-1
47,1,282.91,38.12,223.87,443.80,0.9064,-1,-1,-1
47,2,33.09,14.86,186.29,465.05,0.8726,-1,-1,-1
47,17,174.46,41.15,61.90,218.46,0.6581,-1,-1,-1
47,9,269.68,183.69,27.50,78.80,0.3724,-1,-1,-1
47,12,-0.24,94.45,36.60,333.64,0.3064,-1,-1,-1
48,1,288.54,31.05,224.94,450.49,0.8999,-1,-1,-1
48,2,30.27,11.08,192.02,469.76,0.8635,-1,-1,-1
48,17,176.69,38.22,63.44,222.72,0.6425,-1,-1,-1
48,12,0.09,93.00,38.99,339.28,0.3444,-1,-1,-1
49,1,287.50,28.48,230.40,453.25,0.8895,-1,-1,-1
49,2,26.72,8.96,199.14,470.14,0.8603,-1,-1,-1
49,17,176.25,36.42,65.43,226.41,0.6408,-1,-1,-1
50,1,286.19,23.27,234.14,458.12,0.8995,-1,-1,-1
50,2,20.70,3.31,204.30,476.36,0.8586,-1,-1,-1
50,17,174.32,34.16,66.79,234.78,0.6500,-1,-1,-1
50,19,-0.15,90.96,29.94,122.36,0.5214,-1,-1,-1
51,1,285.75,19.63,238.92,460.43,0.9086,-1,-1,-1
51,2,20.95,0.97,203.63,476.50,0.8588,-1,-1,-1
51,17,174.33,33.01,69.90,237.85,0.7360,-1,-1,-1
51,19,0.25,90.01,30.51,118.15,0.4487,-1,-1,-1
52,1,288.99,15.62,240.96,462.45,0.9019,-1,-1,-1
52,2,17.27,-0.28,206.64,477.42,0.8465,-1,-1,-1
52,17,173.67,30.16,71.66,239.96,0.5961,-1,-1,-1
52,19,0.44,88.27,31.09,147.41,0.4835,-1,-1,-1
53,1,288.55,13.04,248.95,467.28,0.9045,-1,-1,-1
53,2,12.56,-1.36,212.12,481.75,0.8605,-1,-1,-1
53,17,173.17,27.90,71.72,241.77,0.6310,-1,-1,-1
53,19,-0.75,87.15,35.45,157.93,0.3697,-1,-1,-1
54,1,290.10,11.79,250.53,469.83,0.9116,-1,-1,-1
54,2,12.29,-1.03,211.87,480.06,0.8425,-1,-1,-1
54,17,173.27,27.74,71.52,242.56,0.5771,-1,-1,-1
54,19,-0.38,87.12,35.73,130.88,0.4180,-1,-1,-1
55,1,292.21,8.10,258.74,468.46,0.8857,-1,-1,-1
55,2,10.65,1.01,217.10,477.55,0.8571,-1,-1,-1
55,17,174.26,26.62,73.39,243.29,0.5489,-1,-1,-1
55,19,0.52,87.67,37.67,177.15,0.4507,-1,-1,-1
56,1,290.70,5.60,263.54,472.33,0.8459,-1,-1,-1
56,2,10.21,0.22,218.08,478.98,0.8620,-1,-1,-1
56,17,175.00,25.08,72.86,246.53,0.5892,-1,-1,-1
56,19,-0.32,86.15,37.44,172.81,0.4635,-1,-1,-1
57,1,297.42,2.92,264.38,476.31,0.9115,-1,-1,-1
57,2,7.77,0.50,220.48,477.43,0.8576,-1,-1,-1
57,17,175.80,23.42,73.72,275.52,0.6119,-1,-1,-1
57,19,-0.05,84.72,36.62,169.83,0.5687,-1,-1,-1
58,1,301.11,1.65,266.88,478.85,0.8997,-1,-1,-1
58,2,6.83,0.66,221.78,477.69,0.8593,-1,-1,-1
58,17,176.08,21.22,76.10,344.05,0.4967,-1,-1,-1
58,19,-0.06,84.29,35.55,168.53,0.4869,-1,-1,-1
59,1,302.95,0.15,273.60,480.92,0.9035,-1,-1,-1
59,2,4.82,0.11,224.05,478.59,0.8445,-1,-1,-1
59,17,176.61,19.81,76.47,343.27,0.7054,-1,-1,-1
59,19,-0.68,84.12,33.35,166.82,0.4012,-1,-1,-1
60,1,303.43,-1.45,280.35,480.52,0.9006,-1,-1,-1
60,2,3.59,-0.64,225.82,478.80,0.8184,-1,-1,-1
60,17,174.86,18.06,79.13,388.86,0.5707,-1,-1,-1
60,19,-0.84,80.60,30.93,202.72,0.3768,-1,-1,-1
61,1,306.33,-1.42,284.93,480.91,0.8971,-1,-1,-1
61,2,1.28,0.31,227.05,477.30,0.8556,-1,-1,-1
61,17,174.79,17.55,79.56,403.12,0.6079,-1,-1,-1
61,19,-0.60,80.24,29.14,211.85,0.3825,-1,-1,-1
62,1,310.93,-1.40,286.64,478.05,0.8307,-1,-1,-1
62,2,0.82,-0.05,226.07,477.23,0.8612,-1,-1,-1
62,17,177.04,15.77,78.77,416.15,0.7278,-1,-1,-1
62,19,-0.04,78.23,30.34,223.82,0.4518,-1,-1,-1
63,1,312.83,-0.71,286.66,479.48,0.8857,-1,-1,-1
63,2,0.57,0.64,225.39,476.00,0.7899,-1,-1,-1
63,17,177.07,14.86,79.63,422.43,0.7196,-1,-1,-1
63,19,0.49,76.07,34.66,312.48,0.3739,-1,-1,-1
64,1,316.51,-0.69,288.13,480.27,0.8757,-1,-1,-1
64,2,0.42,1.75,227.92,476.13,0.8101,-1,-1,-1
64,17,176.34,14.75,82.57,420.54,0.5743,-1,-1,-1
64,19,0.54,75.70,34.38,359.12,0.3601,-1,-1,-1
65,1,317.17,-0.67,289.48,480.25,0.8765,-1,-1,-1
65,2,-0.02,1.69,233.98,474.88,0.7657,-1,-1,-1
65,17,177.22,14.15,83.56,377.84,0.5252,-1,-1,-1
65,19,0.37,75.01,35.20,361.91,0.3510,-1,-1,-1
65,23,501.65,192.60,26.34,76.70,0.6449,-1,-1,-1
66,1,314.25,-0.49,292.89,480.20,0.8840,-1,-1,-1
66,2,-0.45,1.26,232.24,473.38,0.8419,-1,-1,-1
66,17,177.03,12.97,85.06,347.60,0.6342,-1,-1,-1
66,19,0.07,74.52,33.99,376.63,0.3685,-1,-1,-1
66,23,502.01,192.06,26.44,76.81,0.6828,-1,-1,-1
67,1,312.31,-0.15,298.60,479.93,0.8852,-1,-1,-1
67,2,-0.07,1.60,228.80,475.26,0.8088,-1,-1,-1
67,17,179.01,12.05,84.35,393.88,0.7480,-1,-1,-1
67,19,0.46,75.34,32.77,384.34,0.5347,-1,-1,-1
67,23,503.53,192.56,24.98,76.50,0.6495,-1,-1,-1
68,1,315.58,0.21,296.95,480.03,0.8942,-1,-1,-1
68,2,-0.20,2.51,226.68,474.88,0.7491,-1,-1,-1
68,17,179.17,11.23,84.74,421.36,0.6781,-1,-1,-1
68,19,0.44,75.23,33.35,359.14,0.3685,-1,-1,-1
68,23,505.70,192.90,23.36,76.79,0.6042,-1,-1,-1
69,1,317.28,0.30,294.47,479.82,0.8915,-1,-1,-1
69,2,-0.30,2.59,225.56,475.14,0.7380,-1,-1,-1
69,17,179.05,9.97,85.20,433.11,0.6040,-1,-1,-1
69,19,0.33,73.93,33.86,364.52,0.3953,-1,-1,-1
69,23,505.93,193.37,22.17,75.82,0.6364,-1,-1,-1
69,9,293.95,176.06,28.68,86.47,0.5638,-1,-1,-1
70,1,317.87,0.41,293.58,479.73,0.8925,-1,-1,-1
70,2,-0.23,1.70,223.79,477.31,0.8234,-1,-1,-1
70,17,181.93,9.15,84.17,430.96,0.8347,-1,-1,-1
70,19,0.46,74.30,34.28,363.12,0.4043,-1,-1,-1
70,23,506.45,193.28,22.43,75.87,0.6175,-1,-1,-1
70,26,0.15,77.53,22.52,128.51,0.3827,-1,-1,-1
70,9,295.11,176.66,27.18,85.57,0.5261,-1,-1,-1
71,1,318.03,0.16,292.36,479.92,0.8762,-1,-1,-1
71,2,-0.07,1.56,222.79,478.06,0.8287,-1,-1,-1
71,17,183.51,8.33,84.49,430.27,0.8365,-1,-1,-1
71,19,0.57,74.17,33.80,370.20,0.3860,-1,-1,-1
71,23,506.81,193.38,22.29,75.00,0.5615,-1,-1,-1
71,26,0.20,77.92,22.51,126.49,0.4387,-1,-1,-1
71,9,293.76,176.76,28.10,84.93,0.5885,-1,-1,-1
72,1,316.97,0.55,294.20,479.41,0.8827,-1,-1,-1
72,2,0.12,1.77,223.06,478.20,0.8601,-1,-1,-1
72,17,184.64,8.05,85.12,430.02,0.8375,-1,-1,-1
72,19,0.80,75.36,33.42,372.89,0.4921,-1,-1,-1
72,23,507.14,193.07,22.42,75.81,0.5835,-1,-1,-1
72,26,0.32,78.37,22.79,126.39,0.4067,-1,-1,-1
72,9,291.81,176.96,30.58,85.01,0.6207,-1,-1,-1
73,1,314.71,0.52,296.79,479.31,0.8921,-1,-1,-1
73,2,0.08,1.65,223.05,478.23,0.8545,-1,-1,-1
73,17,185.08,9.62,86.90,427.59,0.8394,-1,-1,-1
73,19,0.69,74.60,34.06,367.92,0.3454,-1,-1,-1
73,23,506.21,192.42,22.77,77.34,0.5065,-1,-1,-1
73,26,0.20,78.18,22.58,127.72,0.4081,-1,-1,-1
73,9,290.54,177.21,30.83,83.24,0.6043,-1,-1,-1
73,27,586.32,196.28,23.10,51.81,0.5506,-1,-1,-1
74,1,313.48,0.24,296.20,479.50,0.8504,-1,-1,-1
74,2,0.11,1.66,223.35,477.54,0.8477,-1,-1,-1
74,17,185.43,9.29,88.53,426.89,0.8486,-1,-1,-1
74,19,0.66,73.95,34.20,360.40,0.3472,-1,-1,-1
74,23,505.67,192.94,22.60,76.23,0.5655,-1,-1,-1
74,26,0.17,78.33,22.64,126.41,0.4142,-1,-1,-1
74,9,290.31,177.17,30.59,82.45,0.5465,-1,-1,-1
74,27,584.92,197.66,24.10,51.40,0.2045,-1,-1,-1
75,1,309.10,0.58,295.85,478.52,0.8712,-1,-1,-1
75,2,1.03,1.60,222.60,477.13,0.8281,-1,-1,-1
75,17,186.78,9.73,89.16,425.10,0.8458,-1,-1,-1
75,19,1.01,74.12,35.22,366.66,0.3004,-1,-1,-1
75,23,505.90,192.43,21.87,65.08,0.2229,-1,-1,-1
75,26,0.50,78.02,22.91,125.43,0.3665,-1,-1,-1
75,9,290.29,177.24,31.12,81.92,0.6054,-1,-1,-1
76,1,306.33,0.22,297.38,477.51,0.8884,-1,-1,-1
76,2,1.25,1.51,222.32,476.80,0.8186,-1,-1,-1
76,17,187.09,10.06,89.84,424.31,0.8553,-1,-1,-1
76,19,0.94,74.27,34.96,364.77,0.2831,-1,-1,-1
76,26,0.43,78.34,22.79,127.41,0.3267,-1,-1,-1
76,9,290.26,176.87,30.67,81.33,0.6552,-1,-1,-1
77,1,304.29,0.09,296.97,476.66,0.8744,-1,-1,-1
77,2,1.34,1.61,222.91,476.10,0.8269,-1,-1,-1
77,17,187.51,10.00,90.21,423.47,0.8453,-1,-1,-1
77,19,0.75,75.00,34.41,353.02,0.2901,-1,-1,-1
77,26,0.27,78.95,22.93,120.57,0.3556,-1,-1,-1
77,9,290.10,176.76,31.87,81.15,0.6554,-1,-1,-1
78,1,302.35,0.07,297.75,476.41,0.8931,-1,-1,-1
78,2,1.16,1.52,223.19,477.65,0.8335,-1,-1,-1
78,17,188.75,9.44,88.12,423.59,0.8443,-1,-1,-1
78,19,0.54,74.41,33.15,360.08,0.2770,-1,-1,-1
78,26,0.16,79.00,22.81,114.08,0.4591,-1,-1,-1
78,9,289.63,177.17,31.37,80.89,0.4946,-1,-1,-1
79,1,303.92,-0.08,291.56,478.58,0.8718,-1,-1,-1
79,2,1.15,0.94,222.97,477.88,0.8324,-1,-1,-1
79,17,188.68,9.79,86.14,423.68,0.8373,-1,-1,-1
79,19,0.22,74.96,33.13,353.63,0.2710,-1,-1,-1
79,26,-0.12,79.00,22.93,121.24,0.3719,-1,-1,-1
79,9,288.70,177.53,32.76,80.52,0.4669,-1,-1,-1
80,1,310.81,-0.11,279.09,479.52,0.8759,-1,-1,-1
80,2,0.63,1.24,224.05,478.45,0.8515,-1,-1,-1
80,17,188.63,10.64,85.64,424.33,0.8294,-1,-1,-1
80,19,-0.01,75.82,32.50,353.07,0.3054,-1,-1,-1
80,26,-0.31,79.50,23.10,119.12,0.3803,-1,-1,-1
81,1,312.29,-0.09,276.77,479.32,0.8797,-1,-1,-1
81,2,1.01,1.46,226.12,477.89,0.8432,-1,-1,-1
81,17,189.14,11.02,84.86,420.56,0.7937,-1,-1,-1
81,19,0.48,75.97,32.69,365.80,0.4112,-1,-1,-1
81,26,0.24,79.53,23.64,118.70,0.3806,-1,-1,-1
82,1,316.51,-0.13,270.97,480.23,0.8625,-1,-1,-1
82,2,0.34,1.43,229.83,477.38,0.8404,-1,-1,-1
82,17,188.97,11.80,84.53,420.41,0.7391,-1,-1,-1
82,19,-0.06,75.82,33.26,361.91,0.3537,-1,-1,-1
82,26,-0.30,79.73,23.28,115.93,0.4133,-1,-1,-1
83,1,311.88,0.04,275.21,477.84,0.8782,-1,-1,-1
83,2,0.26,1.45,227.06,478.22,0.8173,-1,-1,-1
83,17,188.27,13.01,84.08,423.47,0.8172,-1,-1,-1
83,19,-0.02,74.62,32.85,374.89,0.3465,-1,-1,-1
83,26,-0.25,79.34,22.87,118.40,0.4515,-1,-1,-1
84,1,308.57,0.04,273.87,478.88,0.9028,-1,-1,-1
84,2,0.15,1.17,224.82,476.84,0.7690,-1,-1,-1
84,17,184.83,12.25,85.16,425.98,0.7984,-1,-1,-1
84,19,-0.02,72.50,30.54,374.47,0.2624,-1,-1,-1
84,26,-0.21,78.74,21.56,121.42,0.4581,-1,-1,-1
85,1,308.51,0.07,277.03,478.87,0.8923,-1,-1,-1
85,2,0.19,1.28,228.86,475.78,0.7588,-1,-1,-1
85,17,182.76,14.09,84.17,424.72,0.7475,-1,-1,-1
85,19,0.05,72.47,32.15,363.65,0.2943,-1,-1,-1
85,26,-0.13,78.76,21.77,123.64,0.3621,-1,-1,-1
86,1,307.71,0.30,278.54,476.72,0.8678,-1,-1,-1
86,2,0.42,1.84,228.96,475.79,0.7405,-1,-1,-1
86,17,179.15,16.55,84.57,423.42,0.7508,-1,-1,-1
86,19,0.20,73.31,33.05,368.47,0.3094,-1,-1,-1
86,26,-0.00,79.66,22.13,125.19,0.3758,-1,-1,-1
86,28,615.34,193.43,24.22,56.56,0.4655,-1,-1,-1
87,1,309.28,-0.07,276.93,478.86,0.8880,-1,-1,-1
87,2,-0.16,1.49,231.42,475.35,0.7022,-1,-1,-1
87,17,174.95,16.83,84.75,414.67,0.6691,-1,-1,-1
87,19,-0.15,74.00,32.66,367.90,0.4777,-1,-1,-1
87,26,-0.34,79.56,21.37,123.46,0.3262,-1,-1,-1
87,28,614.96,193.26,24.51,56.16,0.4911,-1,-1,-1
87,23,503.69,192.88,23.67,75.60,0.6591,-1,-1,-1
88,1,307.55,0.84,279.72,479.16,0.8988,-1,-1,-1
88,2,-0.10,2.06,228.60,475.82,0.8130,-1,-1,-1
88,17,174.11,20.84,83.18,412.12,0.7454,-1,-1,-1
88,19,0.02,73.99,32.98,378.62,0.3270,-1,-1,-1
88,26,-0.14,80.76,21.81,123.53,0.4352,-1,-1,-1
88,23,504.94,193.32,23.45,77.09,0.5266,-1,-1,-1
89,1,310.47,0.57,276.98,479.50,0.8955,-1,-1,-1
89,2,-0.16,1.86,227.28,476.51,0.8042,-1,-1,-1
89,17,172.09,22.70,83.84,406.95,0.7137,-1,-1,-1
89,19,0.04,74.95,32.60,356.98,0.3442,-1,-1,-1
89,26,-0.14,81.02,21.89,123.58,0.3758,-1,-1,-1
89,23,505.70,192.90,22.43,77.42,0.5059,-1,-1,-1
90,1,308.91,0.72,278.66,479.26,0.8977,-1,-1,-1
90,2,-0.35,1.85,224.94,477.04,0.7953,-1,-1,-1
90,17,169.28,23.69,86.57,403.76,0.7516,-1,-1,-1
90,19,-0.06,77.27,32.18,365.41,0.4349,-1,-1,-1
90,26,-0.21,82.06,21.77,121.25,0.2838,-1,-1,-1
90,23,505.77,192.91,21.48,77.48,0.4279,-1,-1,-1
91,1,308.63,1.01,279.85,478.84,0.8943,-1,-1,-1
91,2,-0.02,1.77,223.44,477.03,0.7909,-1,-1,-1
91,17,167.77,24.16,89.19,402.58,0.7203,-1,-1,-1
91,19,0.25,78.66,32.03,374.50,0.4678,-1,-1,-1
91,26,0.05,83.38,21.88,127.19,0.4239,-1,-1,-1
91,23,505.49,192.41,21.20,77.01,0.2999,-1,-1,-1
92,1,305.99,0.87,282.44,478.91,0.9044,-1,-1,-1
92,2,0.14,1.83,230.35,476.25,0.7656,-1,-1,-1
92,17,166.71,24.73,92.58,400.58,0.6929,-1,-1,-1
92,19,0.17,80.13,32.82,365.58,0.4250,-1,-1,-1
92,26,-0.07,84.33,22.11,135.92,0.2262,-1,-1,-1
92,23,506.39,192.82,20.77,77.14,0.3292,-1,-1,-1
93,1,305.94,0.52,280.15,478.87,0.8917,-1,-1,-1
93,2,0.17,1.43,225.57,475.34,0.8434,-1,-1,-1
93,17,166.82,24.08,100.56,406.63,0.7886,-1,-1,-1
93,19,0.23,79.57,32.89,361.57,0.3032,-1,-1,-1
93,26,-0.01,84.60,21.71,129.97,0.3354,-1,-1,-1
93,30,299.32,180.44,25.52,76.32,0.4505,-1,-1,-1
94,1,306.58,0.05,278.31,479.66,0.9028,-1,-1,-1
94,2,0.47,1.15,223.86,475.15,0.8470,-1,-1,-1
94,17,167.64,23.77,103.96,408.75,0.7890,-1,-1,-1
94,19,0.54,79.39,32.70,365.21,0.3180,-1,-1,-1
94,26,0.29,84.38,22.41,127.49,0.2945,-1,-1,-1
94,30,299.73,179.24,25.65,78.39,0.4524,-1,-1,-1
94,32,267.17,190.87,17.78,57.78,0.4876,-1,-1,-1
95,1,307.41,-0.06,276.90,477.94,0.9010,-1,-1,-1
95,2,0.74,1.36,223.20,474.89,0.8603,-1,-1,-1
95,17,169.79,22.43,104.39,411.51,0.7887,-1,-1,-1
95,19,0.71,79.09,33.63,369.84,0.4198,-1,-1,-1
95,26,0.57,83.04,25.34,123.14,0.1802,-1,-1,-1
95,30,301.17,178.72,24.21,80.69,0.5129,-1,-1,-1
95,32,266.81,192.71,16.27,55.80,0.5567,-1,-1,-1
96,1,306.98,-0.09,275.87,479.12,0.9001,-1,-1,-1
96,2,0.47,1.46,222.58,474.32,0.8358,-1,-1,-1
96,17,171.52,21.96,102.57,411.20,0.7913,-1,-1,-1
96,19,0.25,81.97,34.27,365.76,0.4164,-1,-1,-1
96,26,0.21,83.45,26.20,122.11,0.1768,-1,-1,-1
96,30,301.65,177.87,22.70,81.11,0.5026,-1,-1,-1
96,32,265.53,192.15,16.56,56.53,0.5346,-1,-1,-1
97,1,307.20,0.15,275.92,477.54,0.9030,-1,-1,-1
97,2,0.48,1.64,222.38,472.66,0.8640,-1,-1,-1
97,17,174.33,21.20,99.47,412.03,0.8178,-1,-1,-1
97,19,0.10,83.98,34.02,329.32,0.3746,-1,-1,-1
97,26,0.14,83.97,27.43,116.62,0.2069,-1,-1,-1
97,30,301.83,178.68,22.88,81.25,0.5724,-1,-1,-1
97,32,262.85,192.21,16.74,58.15,0.5795,-1,-1,-1
97,9,282.80,179.79,25.13,78.45,0.3722,-1,-1,-1
98,1,308.65,0.03,275.11,477.88,0.9063,-1,-1,-1
98,2,0.95,1.28,222.26,472.75,0.8745,-1,-1,-1
98,17,180.30,20.41,94.02,412.49,0.8352,-1,-1,-1
98,19,0.42,83.08,33.08,341.65,0.5059,-1,-1,-1
98,26,0.55,82.16,28.74,116.24,0.1745,-1,-1,-1
98,30,302.41,178.09,22.69,82.67,0.5931,-1,-1,-1
98,9,285.06,181.70,22.93,76.63,0.2878,-1,-1,-1
98,23,506.66,192.62,21.38,76.64,0.5044,-1,-1,-1
99,1,309.07,0.04,274.84,478.03,0.9089,-1,-1,-1
99,2,0.73,1.17,222.34,473.92,0.8856,-1,-1,-1
99,17,184.01,20.78,91.61,411.81,0.8484,-1,-1,-1
99,19,0.31,79.94,34.68,361.77,0.4608,-1,-1,-1
99,26,0.30,81.52,29.35,116.46,0.2006,-1,-1,-1
99,30,301.48,177.84,23.63,81.42,0.5369,-1,-1,-1
99,9,281.16,180.43,25.16,78.42,0.3558,-1,-1,-1
99,23,506.83,192.53,21.81,76.70,0.3773,-1,-1,-1
100,1,309.55,-0.06,273.94,477.74,0.9027,-1,-1,-1
100,2,0.49,0.98,221.72,475.05,0.8821,-1,-1,-1
100,17,186.65,18.93,90.41,413.30,0.8406,-1,-1,-1
100,19,-0.02,81.21,34.78,345.79,0.4251,-1,-1,-1
100,26,0.03,81.38,28.86,119.55,0.2019,-1,-1,-1
100,30,300.96,178.16,24.93,80.47,0.5874,-1,-1,-1
100,9,279.64,178.99,25.94,79.81,0.5718,-1,-1,-1
100,23,506.12,192.57,22.03,76.05,0.5345,-1,-1,-1
101,1,310.24,-0.01,274.07,479.35,0.9087,-1,-1,-1
101,2,0.63,0.93,221.67,475.27,0.8766,-1,-1,-1
101,17,189.34,17.58,91.50,413.80,0.8510,-1,-1,-1
101,19,0.11,81.44,34.03,354.14,0.4264,-1,-1,-1
101,26,0.20,80.85,28.98,118.34,0.2586,-1,-1,-1
101,30,300.96,178.07,24.36,81.49,0.4532,-1,-1,-1
101,9,279.43,179.07,26.24,79.74,0.4016,-1,-1,-1
101,23,507.09,192.77,21.87,76.19,0.3766,-1,-1,-1
102,1,311.84,-0.06,272.07,478.71,0.9022,-1,-1,-1
102,2,0.55,0.65,221.51,475.75,0.8732,-1,-1,-1
102,17,189.96,16.21,93.24,413.51,0.8479,-1,-1,-1
102,19,0.05,81.58,33.94,349.20,0.4415,-1,-1,-1
102,26,0.14,81.04,28.66,119.67,0.2542,-1,-1,-1
102,23,507.81,192.94,19.99,75.85,0.2887,-1,-1,-1
103,1,313.32,-0.07,271.56,479.83,0.9121,-1,-1,-1
103,2,0.52,0.74,221.56,476.57,0.8701,-1,-1,-1
103,17,191.24,16.74,93.26,414.63,0.8402,-1,-1,-1
103,19,0.10,82.00,33.89,330.06,0.3842,-1,-1,-1
103,26,0.20,81.24,29.56,117.90,0.2881,-1,-1,-1
103,23,508.61,193.12,18.75,75.46,0.3142,-1,-1,-1
104,1,314.24,-0.04,273.37,480.04,0.9108,-1,-1,-1
104,2,0.26,0.86,222.41,476.88,0.8892,-1,-1,-1
104,17,192.20,17.37,91.14,414.98,0.8419,-1,-1,-1
104,19,0.10,80.70,33.85,337.81,0.3362,-1,-1,-1
104,26,0.14,81.40,29.28,117.77,0.3104,-1,-1,-1
104,23,508.13,193.20,19.41,75.09,0.3209,-1,-1,-1
105,1,314.09,-0.06,274.62,480.20,0.9088,-1,-1,-1
105,2,-0.20,0.74,223.08,476.92,0.8626,-1,-1,-1
105,17,191.98,17.11,89.87,412.07,0.8375,-1,-1,-1
105,19,-0.28,82.95,32.19,348.27,0.3772,-1,-1,-1
105,26,-0.24,83.29,26.24,119.00,0.3025,-1,-1,-1
105,23,508.28,193.60,18.68,74.75,0.2329,-1,-1,-1
106,1,314.12,-0.09,276.16,479.57,0.9044,-1,-1,-1
106,2,-0.12,0.52,223.46,477.64,0.8800,-1,-1,-1
106,17,192.42,16.65,87.30,414.21,0.8269,-1,-1,-1
106,19,-0.22,82.69,32.59,357.92,0.4092,-1,-1,-1
106,26,-0.12,82.18,24.75,121.21,0.2772,-1,-1,-1
106,23,509.04,193.98,18.05,74.03,0.2969,-1,-1,-1
106,34,540.78,203.78,12.32,36.01,0.4060,-1,-1,-1
106,30,300.90,178.72,23.98,82.18,0.6318,-1,-1,-1
106,9,279.01,178.84,25.56,81.31,0.5838,-1,-1,-1
107,1,313.73,0.19,278.69,478.95,0.8953,-1,-1,-1
107,2,-0.10,0.33,224.42,478.12,0.8802,-1,-1,-1
107,17,192.47,16.68,86.44,414.73,0.8185,-1,-1,-1
107,19,-0.22,82.63,31.79,361.51,0.3584,-1,-1,-1
107,26,-0.12,82.10,23.35,119.41,0.2878,-1,-1,-1
107,23,510.27,197.55,16.58,70.44,0.1996,-1,-1,-1
107,34,541.30,204.16,11.90,35.66,0.3815,-1,-1,-1
107,30,300.87,178.62,24.28,82.13,0.5893,-1,-1,-1
107,9,279.33,179.31,25.53,79.91,0.5652,-1,-1,-1
108,1,312.61,-0.10,282.74,477.88,0.8996,-1,-1,-1
108,2,-0.26,-0.04,225.31,478.00,0.8739,-1,-1,-1
108,17,192.03,16.09,86.12,415.48,0.8234,-1,-1,-1
108,19,-0.29,79.91,31.05,354.59,0.1666,-1,-1,-1
108,26,-0.16,80.73,22.70,119.19,0.2132,-1,-1,-1
108,23,510.94,196.93,16.22,71.27,0.3207,-1,-1,-1
108,34,541.20,202.42,12.08,37.55,0.4678,-1,-1,-1
108,30,300.96,178.69,24.25,81.49,0.6025,-1,-1,-1
108,9,279.23,180.45,25.05,78.16,0.5114,-1,-1,-1
109,1,312.39,-0.18,284.78,475.93,0.8307,-1,-1,-1
109,2,-0.41,-0.02,225.06,478.56,0.8855,-1,-1,-1
109,17,190.14,16.47,87.78,414.35,0.8310,-1,-1,-1
109,19,-0.37,79.46,31.19,362.74,0.2196,-1,-1,-1
109,26,-0.23,80.93,22.89,115.57,0.2043,-1,-1,-1
109,30,300.93,178.35,24.05,82.08,0.5543,-1,-1,-1
109,9,278.92,180.38,25.70,78.16,0.5040,-1,-1,-1
110,1,312.21,-0.25,288.17,477.20,0.7582,-1,-1,-1
110,2,-0.72,0.22,224.60,478.47,0.9072,-1,-1,-1
110,17,188.40,16.65,90.61,414.16,0.8394,-1,-1,-1
110,19,-0.61,79.98,30.32,347.86,0.1718,-1,-1,-1
110,26,-0.43,81.42,22.63,110.59,0.2796,-1,-1,-1
110,30,300.53,178.18,24.55,82.18,0.4511,-1,-1,-1
110,9,282.01,179.43,25.67,79.37,0.2637,-1,-1,-1
111,1,311.29,0.05,290.08,476.96,0.7992,-1,-1,-1
111,2,-0.21,0.04,222.88,478.99,0.8960,-1,-1,-1
111,17,188.08,17.08,91.89,414.20,0.8443,-1,-1,-1
111,19,-0.19,78.99,28.67,360.21,0.1772,-1,-1,-1
111,26,-0.04,81.44,21.31,107.69,0.2924,-1,-1,-1
111,30,299.47,178.13,24.33,81.71,0.2974,-1,-1,-1
111,9,282.80,178.89,28.22,80.18,0.1646,-1,-1,-1
112,1,323.80,0.11,279.72,478.84,0.7954,-1,-1,-1
112,2,-0.29,0.11,222.77,479.42,0.9071,-1,-1,-1
112,17,187.70,17.03,94.65,415.59,0.8492,-1,-1,-1
112,19,-0.25,79.73,29.11,347.96,0.2970,-1,-1,-1
112,26,-0.12,81.06,22.00,106.65,0.2899,-1,-1,-1
112,30,298.42,177.78,26.23,82.80,0.3508,-1,-1,-1
112,9,280.30,186.18,27.28,70.82,0.1616,-1,-1,-1
113,1,315.72,0.25,283.38,479.38,0.8648,-1,-1,-1
113,2,-0.21,0.16,222.73,479.25,0.9027,-1,-1,-1
113,17,187.73,17.80,94.51,416.64,0.8531,-1,-1,-1
113,19,-0.17,78.52,27.97,324.70,0.1590,-1,-1,-1
113,26,-0.06,81.35,20.71,104.90,0.2071,-1,-1,-1
114,1,311.30,0.21,287.04,479.19,0.8970,-1,-1,-1
114,2,0.14,0.15,222.18,478.64,0.8954,-1,-1,-1
114,17,187.67,19.11,94.81,414.25,0.8538,-1,-1,-1
114,26,0.28,80.79,20.96,102.57,0.2111,-1,-1,-1
115,1,309.79,0.14,284.65,477.89,0.8815,-1,-1,-1
115,2,0.48,-0.18,221.56,478.80,0.8897,-1,-1,-1
115,17,188.42,19.83,94.44,414.79,0.8667,-1,-1,-1
115,26,0.49,80.22,17.97,100.28,0.1554,-1,-1,-1
116,1,307.08,0.05,284.90,478.61,0.8952,-1,-1,-1
116,2,0.98,-0.48,220.51,478.13,0.8793,-1,-1,-1
116,17,191.04,20.17,92.84,414.92,0.8595,-1,-1,-1
117,1,306.15,0.18,282.11,477.93,0.8834,-1,-1,-1
117,2,1.48,-0.33,220.78,477.02,0.8702,-1,-1,-1
117,17,192.68,20.24,93.59,415.16,0.8547,-1,-1,-1
118,1,304.42,0.53,278.12,476.76,0.8898,-1,-1,-1
118,2,1.57,0.27,222.02,476.80,0.8679,-1,-1,-1
118,17,193.85,20.42,92.68,415.76,0.8589,-1,-1,-1
119,1,303.30,0.82,278.47,477.46,0.9114,-1,-1,-1
119,2,1.65,1.21,226.12,477.20,0.8853,-1,-1,-1
119,17,196.94,20.67,91.96,413.02,0.8164,-1,-1,-1
119,23,498.90,193.44,29.57,77.96,0.6999,-1,-1,-1
119,19,0.61,80.39,30.04,339.17,0.4017,-1,-1,-1
120,1,302.22,0.50,279.95,478.75,0.9103,-1,-1,-1
120,2,0.93,1.26,230.21,478.29,0.8726,-1,-1,-1
120,17,199.97,21.38,89.29,411.39,0.8095,-1,-1,-1
120,23,498.72,193.16,30.03,78.75,0.7205,-1,-1,-1
120,19,0.51,79.58,30.83,349.17,0.2137,-1,-1,-1
121,1,302.84,0.91,280.27,478.10,0.8873,-1,-1,-1
121,2,1.43,1.34,234.45,478.07,0.8771,-1,-1,-1
121,17,200.80,21.69,88.84,413.34,0.8196,-1,-1,-1
121,23,498.55,192.68,30.41,79.30,0.6618,-1,-1,-1
121,19,1.27,78.57,34.12,373.34,0.1968,-1,-1,-1
122,1,305.46,0.86,281.27,476.81,0.8887,-1,-1,-1
122,2,1.80,1.23,238.51,478.35,0.8574,-1,-1,-1
122,17,202.53,22.39,85.07,415.54,0.8233,-1,-1,-1
122,23,498.67,193.44,30.13,78.36,0.6643,-1,-1,-1
122,19,1.39,76.66,35.40,391.75,0.3793,-1,-1,-1
123,1,303.33,1.02,281.91,477.63,0.8960,-1,-1,-1
123,2,1.88,1.47,242.18,478.03,0.8721,-1,-1,-1
123,17,202.78,21.76,84.48,414.43,0.8339,-1,-1,-1
123,23,498.93,193.68,30.61,78.00,0.6805,-1,-1,-1
123,19,1.39,76.12,37.91,400.29,0.5538,-1,-1,-1
124,1,304.20,0.45,280.03,478.62,0.9043,-1,-1,-1
124,2,1.55,1.06,245.28,478.01,0.8646,-1,-1,-1
124,17,203.38,22.29,82.80,410.01,0.8399,-1,-1,-1
124,23,499.38,193.93,30.31,77.90,0.6535,-1,-1,-1
124,19,0.97,75.78,38.80,402.93,0.5494,-1,-1,-1
125,1,304.80,0.58,278.33,478.79,0.9025,-1,-1,-1
125,2,0.99,1.03,248.28,478.02,0.8533,-1,-1,-1
125,17,203.47,22.70,81.84,407.03,0.8190,-1,-1,-1
125,23,500.27,193.68,29.46,77.80,0.6411,-1,-1,-1
125,19,0.53,76.40,41.51,405.15,0.5967,-1,-1,-1
125,36,561.13,201.90,16.18,37.96,0.4811,-1,-1,-1
125,30,297.63,178.50,27.22,79.08,0.3565,-1,-1,-1
126,1,305.16,0.46,276.84,479.37,0.8998,-1,-1,-1
126,2,-0.01,0.81,251.38,469.64,0.7896,-1,-1,-1
126,17,203.77,22.58,80.71,406.64,0.7895,-1,-1,-1
126,23,500.78,193.91,28.61,77.95,0.6276,-1,-1,-1
126,19,-0.02,76.51,42.98,404.35,0.4523,-1,-1,-1
126,36,561.23,202.30,16.25,37.45,0.4964,-1,-1,-1
126,30,298.12,178.24,25.85,79.08,0.2947,-1,-1,-1
126,9,286.82,180.20,26.04,78.13,0.3462,-1,-1,-1
127,1,306.18,0.38,276.67,479.49,0.8969,-1,-1,-1
127,2,0.40,1.06,251.14,473.33,0.8428,-1,-1,-1
127,17,205.08,22.78,79.26,406.38,0.8087,-1,-1,-1
127,23,502.10,193.29,27.63,77.86,0.5892,-1,-1,-1
127,19,-0.09,77.55,45.36,404.65,0.4115,-1,-1,-1
127,36,562.35,202.95,15.35,37.03,0.5215,-1,-1,-1
127,30,296.79,178.62,27.53,79.20,0.2805,-1,-1,-1
128,1,305.96,0.36,277.15,479.60,0.9036,-1,-1,-1
128,2,-0.15,0.76,253.92,473.70,0.8326,-1,-1,-1
128,17,204.98,22.65,79.41,407.05,0.7369,-1,-1,-1
128,23,502.70,193.81,26.90,77.13,0.6029,-1,-1,-1
128,19,-0.48,77.48,47.16,405.20,0.5871,-1,-1,-1
128,36,562.23,203.38,15.79,37.42,0.4792,-1,-1,-1
128,30,295.15,178.43,29.84,79.66,0.3227,-1,-1,-1
129,1,306.56,0.14,275.95,479.46,0.8965,-1,-1,-1
129,2,-0.27,0.71,254.42,474.25,0.8552,-1,-1,-1
129,17,204.79,22.78,79.36,407.70,0.7419,-1,-1,-1
129,23,502.86,193.96,26.65,77.20,0.5898,-1,-1,-1
129,19,-0.69,79.14,48.06,403.49,0.6341,-1,-1,-1
129,36,561.51,203.94,16.23,37.13,0.4412,-1,-1,-1
129,30,295.52,178.55,28.09,79.90,0.2026,-1,-1,-1
130,1,306.26,0.06,276.57,479.76,0.9090,-1,-1,-1
130,2,0.76,0.63,251.24,473.76,0.8324,-1,-1,-1
130,17,204.80,23.44,79.21,407.73,0.7664,-1,-1,-1
130,23,503.81,193.76,26.57,77.16,0.6027,-1,-1,-1
130,19,-0.74,79.98,49.10,402.60,0.6947,-1,-1,-1
130,36,561.44,203.40,16.32,37.81,0.4588,-1,-1,-1
130,30,295.78,178.27,26.71,80.08,0.1652,-1,-1,-1
130,9,288.77,188.73,21.09,69.50,0.3440,-1,-1,-1
131,1,306.00,0.15,276.10,479.71,0.8996,-1,-1,-1
131,2,7.96,0.59,242.11,471.96,0.8093,-1,-1,-1
131,17,204.13,23.12,79.91,406.04,0.7975,-1,-1,-1
131,23,502.59,193.68,27.55,77.66,0.6515,-1,-1,-1
131,19,-0.80,80.06,49.41,292.01,0.3750,-1,-1,-1
131,36,560.34,203.57,17.12,37.15,0.4560,-1,-1,-1
131,30,296.81,179.70,25.02,78.27,0.1675,-1,-1,-1
131,9,288.52,190.83,20.60,67.36,0.3444,-1,-1,-1
132,1,306.32,-0.07,274.50,480.09,0.8961,-1,-1,-1
132,2,9.74,0.43,238.34,472.27,0.7881,-1,-1,-1
132,17,202.32,22.81,81.36,406.43,0.8255,-1,-1,-1
132,23,502.43,193.06,27.61,77.90,0.6414,-1,-1,-1
132,19,-0.86,80.38,49.08,368.93,0.2878,-1,-1,-1
132,36,559.90,205.45,17.57,35.02,0.2232,-1,-1,-1
132,30,296.00,178.49,26.34,80.27,0.5034,-1,-1,-1
132,9,284.07,190.22,20.84,67.36,0.3158,-1,-1,-1
133,1,306.01,-0.21,273.80,478.25,0.8986,-1,-1,-1
133,2,8.80,0.31,237.44,474.78,0.8360,-1,-1,-1
133,17,201.10,22.56,82.41,407.16,0.8322,-1,-1,-1
133,23,502.09,192.99,28.03,78.46,0.5939,-1,-1,-1
133,19,-0.89,79.74,48.90,388.42,0.1822,-1,-1,-1
133,36,558.51,204.08,18.50,36.40,0.2557,-1,-1,-1
133,30,294.81,178.16,28.63,80.76,0.5440,-1,-1,-1
133,9,280.98,188.58,21.62,67.83,0.3832,-1,-1,-1
134,1,305.31,-0.06,271.96,477.55,0.9033,-1,-1,-1
134,2,9.15,0.43,235.37,477.23,0.8551,-1,-1,-1
134,17,200.89,22.57,81.69,410.55,0.8372,-1,-1,-1
134,23,501.35,192.80,28.82,79.23,0.6290,-1,-1,-1
134,19,-0.93,80.48,47.89,396.39,0.4219,-1,-1,-1
134,36,557.94,201.63,19.25,39.04,0.4409,-1,-1,-1
134,30,294.68,178.39,29.56,80.54,0.5869,-1,-1,-1
134,9,279.94,188.44,20.84,66.60,0.3155,-1,-1,-1
135,1,305.86,-0.22,270.55,479.84,0.8891,-1,-1,-1
135,2,7.56,0.45,234.85,478.51,0.8785,-1,-1,-1
135,17,201.40,22.55,81.16,412.45,0.8360,-1,-1,-1
135,23,500.92,192.96,28.40,79.11,0.6267,-1,-1,-1
135,19,-0.94,80.21,45.21,398.63,0.4020,-1,-1,-1
135,36,557.15,203.39,20.45,37.83,0.1535,-1,-1,-1
135,30,294.61,177.82,29.94,81.49,0.5321,-1,-1,-1
135,9,279.58,188.82,22.69,66.69,0.2183,-1,-1,-1
135,40,537.13,192.49,19.22,55.47,0.5089,-1,-1,-1
136,1,305.60,-0.22,269.82,480.50,0.8891,-1,-1,-1
136,2,5.97,0.51,232.28,478.45,0.8581,-1,-1,-1
136,17,200.10,23.22,82.46,411.52,0.8289,-1,-1,-1
136,23,500.48,192.71,28.70,79.52,0.6369,-1,-1,-1
136,19,-0.80,78.60,44.22,397.22,0.4076,-1,-1,-1
136,30,296.06,178.22,28.16,81.06,0.4172,-1,-1,-1
136,40,535.39,191.18,20.64,57.70,0.3693,-1,-1,-1
137,1,305.54,-0.20,269.65,480.61,0.8920,-1,-1,-1
137,2,5.95,0.58,227.40,478.81,0.8565,-1,-1,-1
137,17,196.25,22.95,86.86,410.40,0.8277,-1,-1,-1
137,23,500.56,193.10,28.68,79.06,0.6007,-1,-1,-1
137,19,-0.72,79.40,42.22,393.82,0.4125,-1,-1,-1
137,30,297.01,178.13,27.32,80.95,0.5053,-1,-1,-1
137,40,534.30,190.96,21.89,58.20,0.4993,-1,-1,-1
138,1,304.22,-0.32,271.35,480.96,0.9059,-1,-1,-1
138,2,4.82,0.18,223.63,480.17,0.8711,-1,-1,-1
138,17,192.50,23.04,90.48,412.25,0.8409,-1,-1,-1
138,23,501.28,193.01,28.22,79.09,0.5743,-1,-1,-1
138,19,-1.09,78.77,40.22,388.86,0.1598,-1,-1,-1
138,30,293.74,178.37,31.77,81.10,0.6005,-1,-1,-1
138,40,533.15,190.18,23.84,58.45,0.4714,-1,-1,-1
139,1,304.62,-0.17,272.10,480.56,0.9105,-1,-1,-1
139,2,4.00,0.20,222.52,480.12,0.8712,-1,-1,-1
139,17,190.75,22.57,92.68,411.10,0.8470,-1,-1,-1
139,23,501.73,193.45,27.86,78.36,0.5516,-1,-1,-1
139,30,292.18,178.22,34.04,81.23,0.6249,-1,-1,-1
139,40,531.34,191.46,21.45,57.32,0.1671,-1,-1,-1
139,36,556.30,201.94,17.83,40.06,0.3997,-1,-1,-1
140,1,304.98,0.35,273.55,479.68,0.9103,-1,-1,-1
140,2,2.61,0.51,220.65,479.65,0.8795,-1,-1,-1
140,17,189.29,22.41,94.65,410.79,0.8525,-1,-1,-1
140,23,502.32,192.99,27.95,78.51,0.5440,-1,-1,-1
140,30,292.35,177.48,33.04,81.95,0.6004,-1,-1,-1
140,40,531.07,190.82,21.68,58.22,0.1509,-1,-1,-1
140,36,556.25,202.97,16.80,38.97,0.3283,-1,-1,-1
141,1,304.12,0.06,275.88,476.35,0.8997,-1,-1,-1
141,2,1.65,0.73,218.43,479.07,0.8872,-1,-1,-1
141,17,187.48,21.40,96.79,411.99,0.8562,-1,-1,-1
141,23,502.11,192.82,27.63,78.37,0.5857,-1,-1,-1
141,30,292.48,178.11,32.66,80.81,0.4772,-1,-1,-1
141,40,528.07,193.94,18.49,54.74,0.2406,-1,-1,-1
141,36,555.03,203.57,15.95,38.35,0.3271,-1,-1,-1
142,1,303.89,0.22,277.08,478.19,0.9093,-1,-1,-1
142,2,1.22,0.93,216.25,479.13,0.8835,-1,-1,-1
142,17,186.90,20.87,97.42,413.18,0.8585,-1,-1,-1
142,23,502.36,192.38,27.27,78.81,0.5660,-1,-1,-1
142,30,293.57,178.19,29.66,80.38,0.4533,-1,-1,-1
142,40,524.89,196.75,16.27,47.61,0.1667,-1,-1,-1
142,36,555.39,203.35,17.26,38.91,0.3910,-1,-1,-1
143,1,304.83,-0.13,278.33,479.71,0.9058,-1,-1,-1
143,2,0.27,0.83,216.03,479.59,0.8861,-1,-1,-1
143,17,185.30,20.24,99.38,414.36,0.8618,-1,-1,-1
143,23,503.80,192.03,25.40,78.59,0.5973,-1,-1,-1
143,30,292.14,178.17,31.97,81.16,0.5432,-1,-1,-1
143,40,522.98,198.14,15.93,47.01,0.2030,-1,-1,-1
143,36,555.51,205.73,15.08,36.73,0.3283,-1,-1,-1
144,1,304.98,-0.24,281.05,480.32,0.9140,-1,-1,-1
144,2,-0.09,0.73,216.12,479.26,0.8927,-1,-1,-1
144,17,184.63,20.19,100.04,414.08,0.8556,-1,-1,-1
144,23,504.45,191.49,24.11,78.79,0.5346,-1,-1,-1
144,30,292.70,178.13,30.71,80.57,0.5565,-1,-1,-1
144,40,522.07,198.87,15.10,44.97,0.1836,-1,-1,-1
144,36,554.53,203.85,16.28,38.58,0.4365,-1,-1,-1
145,1,306.45,-0.31,284.74,481.09,0.9005,-1,-1,-1
145,2,-0.22,0.32,214.79,479.41,0.9011,-1,-1,-1
145,17,182.79,19.78,101.64,414.03,0.8543,-1,-1,-1
145,23,505.57,192.18,23.08,78.28,0.5529,-1,-1,-1
145,30,293.38,178.31,29.50,80.24,0.5817,-1,-1,-1
145,40,523.17,200.83,13.88,42.90,0.1975,-1,-1,-1
145,36,555.14,202.80,19.26,52.24,0.4485,-1,-1,-1
146,1,308.09,-0.11,285.29,480.38,0.8603,-1,-1,-1
146,2,0.20,0.68,214.44,478.23,0.8963,-1,-1,-1
146,17,182.55,19.96,102.11,412.99,0.8513,-1,-1,-1
146,30,295.17,178.13,27.38,80.31,0.6034,-1,-1,-1
147,1,318.73,-0.09,283.30,477.82,0.8403,-1,-1,-1
147,2,0.50,1.21,215.13,476.79,0.8910,-1,-1,-1
147,17,183.04,20.22,101.64,412.40,0.8539,-1,-1,-1
147,30,296.34,177.37,25.04,82.09,0.3720,-1,-1,-1
148,1,317.34,0.17,290.21,476.20,0.8730,-1,-1,-1
148,2,1.46,1.48,216.18,476.97,0.8647,-1,-1,-1
148,17,185.30,20.56,99.59,411.86,0.8583,-1,-1,-1
148,30,298.55,177.89,24.06,82.79,0.3988,-1,-1,-1
149,1,316.71,0.21,294.35,475.95,0.8849,-1,-1,-1
149,2,2.37,1.20,219.66,477.71,0.8583,-1,-1,-1
149,17,188.06,20.94,96.71,410.62,0.8565,-1,-1,-1
149,30,300.34,178.25,22.46,83.88,0.4506,-1,-1,-1
149,41,289.67,197.39,19.84,62.27,0.4408,-1,-1,-1
150,1,316.16,0.31,297.84,477.67,0.8776,-1,-1,-1
150,2,2.48,1.44,222.23,478.05,0.8666,-1,-1,-1
150,17,189.67,21.74,95.05,411.91,0.8527,-1,-1,-1
150,41,288.93,200.76,19.30,47.64,0.2913,-1,-1,-1
151,1,316.78,0.45,296.48,478.33,0.8437,-1,-1,-1
151,2,3.75,1.41,223.64,478.08,0.8561,-1,-1,-1
151,17,192.24,22.27,92.03,413.20,0.8592,-1,-1,-1
152,1,316.96,0.10,292.17,478.54,0.7836,-1,-1,-1
152,2,7.03,0.96,223.50,478.87,0.8585,-1,-1,-1
152,17,193.49,22.05,90.65,413.14,0.8666,-1,-1,-1
153,1,313.02,0.31,290.82,475.98,0.8183,-1,-1,-1
153,2,9.17,0.83,223.76,475.60,0.8398,-1,-1,-1
153,17,193.83,21.88,89.47,411.35,0.8636,-1,-1,-1
154,1,308.27,0.70,288.61,477.44,0.8768,-1,-1,-1
154,2,7.51,0.59,226.04,474.43,0.8283,-1,-1,-1
154,17,193.22,21.66,89.69,412.38,0.8524,-1,-1,-1
154,19,0.24,79.77,45.18,386.06,0.3546,-1,-1,-1
154,23,502.98,188.63,25.89,79.40,0.6723,-1,-1,-1
154,36,553.76,206.28,15.44,36.95,0.4257,-1,-1,-1
155,1,305.99,0.76,285.91,478.63,0.8916,-1,-1,-1
155,2,8.02,0.78,226.06,475.69,0.8270,-1,-1,-1
155,17,192.80,22.06,89.86,413.68,0.8441,-1,-1,-1
155,19,0.30,79.22,44.14,386.67,0.3344,-1,-1,-1
155,23,501.01,191.48,27.11,77.43,0.6322,-1,-1,-1
155,36,553.55,205.36,16.05,37.17,0.3842,-1,-1,-1
156,1,304.96,0.49,281.65,479.59,0.9024,-1,-1,-1
156,2,7.04,0.69,227.22,477.20,0.8637,-1,-1,-1
156,17,192.25,21.97,89.54,413.79,0.8660,-1,-1,-1
156,19,0.15,79.74,43.29,386.41,0.1937,-1,-1,-1
156,23,499.19,194.13,27.87,75.59,0.5660,-1,-1,-1
156,36,552.34,207.77,15.55,34.93,0.3118,-1,-1,-1
157,1,303.22,0.12,267.73,480.16,0.9151,-1,-1,-1
157,2,7.06,0.29,226.73,476.13,0.8366,-1,-1,-1
157,17,191.48,21.15,89.13,415.42,0.8652,-1,-1,-1
157,19,0.03,78.44,42.49,388.26,0.2101,-1,-1,-1
157,23,498.01,194.50,29.05,76.39,0.5836,-1,-1,-1
157,36,553.88,209.76,14.52,33.02,0.3184,-1,-1,-1
158,1,303.77,-0.16,242.11,480.59,0.9172,-1,-1,-1
158,2,6.20,-0.28,225.48,477.72,0.8401,-1,-1,-1
158,17,190.95,19.67,88.96,418.15,0.8587,-1,-1,-1
158,23,497.35,195.61,29.68,75.65,0.5190,-1,-1,-1
158,36,552.52,209.54,16.06,33.59,0.4268,-1,-1,-1
158,43,589.76,0.86,49.72,255.04,0.4966,-1,-1,-1
159,1,300.95,-0.08,224.10,480.78,0.9095,-1,-1,-1
159,2,4.43,-0.14,226.62,478.59,0.8462,-1,-1,-1
159,17,190.58,18.96,90.75,418.59,0.8467,-1,-1,-1
159,23,496.78,188.24,30.92,84.06,0.7016,-1,-1,-1
159,36,550.37,206.93,17.06,37.21,0.3324,-1,-1,-1
159,43,587.95,0.43,51.59,252.41,0.3504,-1,-1,-1
159,44,526.91,195.23,20.55,56.38,0.4938,-1,-1,-1
159,19,-0.21,76.44,39.73,393.13,0.4557,-1,-1,-1
160,1,301.63,0.21,205.28,477.33,0.9183,-1,-1,-1
160,2,0.99,0.18,227.80,479.16,0.8644,-1,-1,-1
160,17,189.85,18.59,90.72,420.05,0.8495,-1,-1,-1
160,23,496.17,186.24,31.89,86.43,0.7206,-1,-1,-1
160,36,549.20,207.39,17.96,37.70,0.2934,-1,-1,-1
160,43,585.22,0.23,54.33,252.35,0.2666,-1,-1,-1
160,44,528.26,196.85,18.79,55.81,0.2914,-1,-1,-1
160,19,-0.52,75.99,39.61,393.92,0.4352,-1,-1,-1
161,1,296.57,-0.35,203.80,480.15,0.9106,-1,-1,-1
161,2,-0.35,-0.05,228.45,480.46,0.8619,-1,-1,-1
161,17,188.80,17.74,91.34,421.58,0.8481,-1,-1,-1
161,23,495.97,186.02,32.36,86.71,0.6948,-1,-1,-1
161,36,549.32,207.90,13.98,37.03,0.1795,-1,-1,-1
161,43,585.39,0.24,54.71,250.57,0.3891,-1,-1,-1
161,44,526.64,197.28,17.98,55.38,0.2944,-1,-1,-1
161,19,-0.80,75.48,37.14,393.97,0.4435,-1,-1,-1
162,1,291.89,-0.14,208.10,477.25,0.9057,-1,-1,-1
162,2,-0.29,-0.17,229.58,480.06,0.8341,-1,-1,-1
162,17,188.46,15.79,93.77,422.75,0.8530,-1,-1,-1
162,23,497.21,184.57,32.51,88.14,0.7160,-1,-1,-1
162,36,548.86,206.40,17.54,38.09,0.2369,-1,-1,-1
162,43,588.25,0.32,52.50,248.92,0.3282,-1,-1,-1
162,44,525.67,194.28,19.07,58.11,0.4761,-1,-1,-1
162,19,-0.12,73.25,35.67,391.81,0.3514,-1,-1,-1
163,1,288.75,-0.01,210.73,476.70,0.9063,-1,-1,-1
163,2,-0.95,0.05,229.26,477.51,0.8298,-1,-1,-1
163,17,187.42,15.21,94.14,426.34,0.8500,-1,-1,-1
163,23,497.10,183.89,33.58,88.79,0.7193,-1,-1,-1
163,36,549.01,205.54,18.65,39.03,0.2220,-1,-1,-1
163,43,589.25,0.44,51.20,248.47,0.3869,-1,-1,-1
163,44,526.70,192.89,18.50,58.88,0.1884,-1,-1,-1
163,19,-0.58,71.29,35.46,380.13,0.3306,-1,-1,-1
164,1,288.47,0.02,210.26,475.86,0.9040,-1,-1,-1
164,2,-1.11,-0.02,226.63,476.65,0.8045,-1,-1,-1
164,17,186.35,13.57,94.20,428.78,0.8367,-1,-1,-1
164,23,496.22,182.73,33.22,89.93,0.7226,-1,-1,-1
164,36,548.69,205.87,16.82,37.98,0.2384,-1,-1,-1
164,43,588.25,-0.15,51.74,249.92,0.2068,-1,-1,-1
164,44,525.73,191.55,19.01,59.85,0.1573,-1,-1,-1
164,19,-0.72,71.18,33.50,369.73,0.3544,-1,-1,-1
165,1,292.38,-0.15,207.00,479.20,0.9196,-1,-1,-1
165,2,-0.94,0.15,225.00,476.53,0.8192,-1,-1,-1
165,17,186.57,13.27,93.90,429.43,0.8456,-1,-1,-1
165,23,496.49,182.95,33.48,89.93,0.7147,-1,-1,-1
165,36,549.24,208.03,14.14,36.35,0.2580,-1,-1,-1
165,43,588.06,-0.13,52.11,249.65,0.1863,-1,-1,-1
165,19,-0.52,75.83,30.51,353.95,0.3300,-1,-1,-1
166,1,294.85,-0.32,205.54,479.94,0.9216,-1,-1,-1
166,2,-0.22,-0.14,223.61,476.87,0.8164,-1,-1,-1
166,17,186.06,12.03,94.71,430.97,0.8413,-1,-1,-1
166,23,496.84,182.43,33.38,90.00,0.7194,-1,-1,-1
166,36,548.99,206.21,18.90,37.80,0.2870,-1,-1,-1
166,43,588.77,0.02,51.53,173.92,0.2497,-1,-1,-1
167,1,294.20,-0.15,205.84,480.32,0.9167,-1,-1,-1
167,2,-0.87,0.35,222.26,474.43,0.7955,-1,-1,-1
167,17,184.44,10.95,94.98,432.63,0.8183,-1,-1,-1
167,23,496.07,183.13,33.94,89.45,0.7213,-1,-1,-1
167,36,547.65,204.02,18.13,40.95,0.3512,-1,-1,-1
167,43,587.37,-0.04,52.26,226.55,0.1931,-1,-1,-1
168,1,293.51,-0.16,206.20,480.13,0.9130,-1,-1,-1
168,2,-0.61,0.42,221.42,474.35,0.8191,-1,-1,-1
168,17,183.56,10.45,95.18,432.82,0.8437,-1,-1,-1
168,23,495.88,182.61,34.25,89.64,0.7229,-1,-1,-1
168,36,547.34,201.68,19.95,43.72,0.3974,-1,-1,-1
168,43,586.62,-0.18,52.85,236.91,0.2033,-1,-1,-1
169,1,288.37,0.86,211.71,475.68,0.9027,-1,-1,-1
169,2,-0.14,0.70,221.00,473.92,0.7544,-1,-1,-1
169,17,183.20,10.52,96.06,433.53,0.8433,-1,-1,-1
169,23,496.33,183.34,33.84,89.39,0.7325,-1,-1,-1
169,36,547.86,202.25,20.27,42.83,0.3259,-1,-1,-1
169,43,587.48,0.53,52.18,242.43,0.2687,-1,-1,-1
170,1,282.97,0.84,216.82,474.93,0.8991,-1,-1,-1
170,2,-0.25,0.14,220.05,472.97,0.7600,-1,-1,-1
170,17,182.81,9.83,96.10,435.88,0.8439,-1,-1,-1
170,23,496.47,183.10,33.79,90.03,0.7139,-1,-1,-1
170,44,526.56,188.67,17.78,63.75,0.3604,-1,-1,-1
171,1,280.14,1.02,218.87,474.05,0.9022,-1,-1,-1
171,2,0.10,0.23,218.91,472.90,0.7941,-1,-1,-1
171,17,182.28,9.88,96.46,436.72,0.8462,-1,-1,-1
172,1,280.71,0.97,219.17,474.54,0.8971,-1,-1,-1
172,2,0.22,0.55,219.15,474.42,0.8446,-1,-1,-1
172,17,182.43,9.91,97.04,437.54,0.8467,-1,-1,-1
173,1,280.61,1.08,220.19,472.41,0.8991,-1,-1,-1
173,2,-0.12,2.48,221.74,472.57,0.8153,-1,-1,-1
173,17,180.78,10.85,101.05,434.26,0.8485,-1,-1,-1
174,1,281.37,1.22,217.63,474.23,0.9030,-1,-1,-1
174,2,-0.02,1.50,219.83,473.72,0.8273,-1,-1,-1
174,17,180.54,10.68,99.66,435.11,0.8488,-1,-1,-1
175,1,280.52,1.30,218.65,475.62,0.8519,-1,-1,-1
175,2,-0.01,1.36,219.61,475.21,0.8591,-1,-1,-1
175,17,179.81,11.21,100.95,439.82,0.8492,-1,-1,-1
176,1,282.81,0.43,216.56,478.38,0.8984,-1,-1,-1
176,2,0.20,0.39,219.20,476.78,0.8271,-1,-1,-1
176,17,180.63,11.18,100.35,440.10,0.8401,-1,-1,-1
177,1,283.62,1.02,214.18,476.60,0.8926,-1,-1,-1
177,2,1.41,-0.48,216.75,475.52,0.7938,-1,-1,-1
177,17,181.85,11.56,97.24,439.31,0.8551,-1,-1,-1
178,1,283.14,0.91,215.34,476.61,0.9043,-1,-1,-1
178,2,2.23,-0.38,215.49,475.77,0.8279,-1,-1,-1
178,17,181.64,11.53,97.47,436.43,0.8604,-1,-1,-1
178,23,495.58,183.04,34.65,89.34,0.7169,-1,-1,-1
179,1,272.45,0.61,227.23,477.17,0.8600,-1,-1,-1
179,2,0.91,-0.30,216.99,476.12,0.8363,-1,-1,-1
179,17,181.25,11.16,98.00,439.34,0.8658,-1,-1,-1
179,46,548.44,204.21,18.13,41.32,0.4068,-1,-1,-1
179,23,496.33,183.28,34.03,89.60,0.7315,-1,-1,-1
180,1,279.56,0.07,221.15,478.84,0.9031,-1,-1,-1
180,2,0.65,-0.26,217.72,477.39,0.8415,-1,-1,-1
180,17,181.02,11.06,98.54,438.77,0.8561,-1,-1,-1
180,46,549.66,205.83,17.34,40.24,0.3471,-1,-1,-1
180,23,496.79,183.33,33.48,89.58,0.7044,-1,-1,-1
181,1,281.01,0.21,220.56,479.56,0.9067,-1,-1,-1
181,2,0.40,0.19,218.10,476.97,0.8205,-1,-1,-1
181,17,181.87,11.68,97.66,437.93,0.8608,-1,-1,-1
181,46,549.84,206.63,17.23,39.99,0.3745,-1,-1,-1
181,23,496.91,183.63,33.03,89.42,0.7025,-1,-1,-1
182,1,282.12,0.25,220.45,477.12,0.9032,-1,-1,-1
182,2,0.20,-0.26,217.49,475.53,0.8312,-1,-1,-1
182,17,181.57,10.98,97.05,436.60,0.8436,-1,-1,-1
182,46,549.11,206.64,15.91,40.13,0.2835,-1,-1,-1
182,23,496.76,183.76,32.61,88.89,0.7113,-1,-1,-1
183,1,282.90,0.32,220.89,476.54,0.9035,-1,-1,-1
183,2,0.22,-0.03,218.18,476.06,0.8450,-1,-1,-1
183,17,182.04,11.25,96.49,436.40,0.8514,-1,-1,-1
183,46,548.86,206.12,15.86,40.39,0.3511,-1,-1,-1
183,23,497.20,184.37,31.56,88.17,0.7192,-1,-1,-1
184,1,284.74,0.63,220.92,475.92,0.9052,-1,-1,-1
184,2,0.34,0.24,218.39,475.51,0.8218,-1,-1,-1
184,17,181.68,11.39,97.01,435.91,0.8484,-1,-1,-1
184,46,549.39,205.77,17.48,41.05,0.2844,-1,-1,-1
184,23,498.12,184.32,30.25,88.44,0.7046,-1,-1,-1
184,47,524.08,187.73,25.21,69.43,0.5913,-1,-1,-1
185,1,287.62,0.73,219.84,475.34,0.8970,-1,-1,-1
185,2,0.23,0.33,218.57,475.65,0.8311,-1,-1,-1
185,17,181.18,11.49,97.46,435.67,0.8490,-1,-1,-1
185,46,547.86,203.71,18.11,43.33,0.3317,-1,-1,-1
185,23,498.77,184.53,29.53,87.88,0.7022,-1,-1,-1
185,47,523.35,188.79,25.50,67.52,0.4269,-1,-1,-1
186,1,292.73,0.96,216.36,474.87,0.9136,-1,-1,-1
186,2,0.17,0.27,218.71,476.45,0.8592,-1,-1,-1
186,17,181.36,11.39,97.34,436.03,0.8525,-1,-1,-1
186,46,548.34,204.54,18.15,42.70,0.3170,-1,-1,-1
186,23,499.05,185.30,28.85,86.61,0.6991,-1,-1,-1
186,47,522.92,188.11,23.34,68.36,0.5188,-1,-1,-1
187,1,294.33,1.06,215.73,474.82,0.9097,-1,-1,-1
187,2,-0.02,0.35,218.83,476.17,0.8707,-1,-1,-1
187,17,181.92,11.46,96.58,435.99,0.8491,-1,-1,-1
187,46,548.35,204.11,17.60,42.95,0.2982,-1,-1,-1
187,23,499.40,185.66,28.12,85.74,0.6705,-1,-1,-1
187,47,522.76,190.99,21.29,65.67,0.5336,-1,-1,-1
188,1,295.78,0.97,214.57,474.50,0.9124,-1,-1,-1
188,2,-0.03,0.30,218.75,476.17,0.8591,-1,-1,-1
188,17,181.37,11.31,97.06,435.86,0.8515,-1,-1,-1
188,46,549.06,205.73,16.77,41.43,0.3246,-1,-1,-1
188,23,499.82,185.45,27.97,86.18,0.6813,-1,-1,-1
188,47,522.58,192.02,19.66,66.83,0.4155,-1,-1,-1
189,1,296.74,0.86,213.46,474.15,0.9132,-1,-1,-1
189,2,0.06,0.14,218.62,475.87,0.8382,-1,-1,-1
189,17,181.38,10.94,96.78,436.00,0.8536,-1,-1,-1
189,46,545.94,199.56,19.61,46.47,0.2296,-1,-1,-1
189,23,499.69,184.86,28.36,86.78,0.6820,-1,-1,-1
189,47,523.46,190.29,19.98,69.07,0.5305,-1,-1,-1
190,1,296.88,0.79,213.25,474.51,0.9129,-1,-1,-1
190,2,0.01,0.18,218.54,475.62,0.8496,-1,-1,-1
190,17,181.57,10.95,96.45,435.19,0.8424,-1,-1,-1
190,46,544.96,202.28,20.38,42.67,0.1544,-1,-1,-1
190,23,499.34,185.38,28.71,86.12,0.6714,-1,-1,-1
190,47,523.33,189.43,19.92,70.39,0.5011,-1,-1,-1
191,1,296.96,0.94,212.78,474.57,0.9146,-1,-1,-1
191,2,-0.02,0.34,218.38,475.71,0.8552,-1,-1,-1
191,17,181.47,10.91,96.50,435.63,0.8468,-1,-1,-1
191,23,499.00,185.07,29.14,86.95,0.6867,-1,-1,-1
191,47,524.35,189.55,20.63,70.04,0.4344,-1,-1,-1
191,49,294.45,178.07,22.99,78.29,0.5040,-1,-1,-1
192,1,296.19,0.95,213.53,474.46,0.9103,-1,-1,-1
192,2,-0.06,0.35,218.35,475.65,0.8472,-1,-1,-1
192,17,180.96,11.00,97.17,435.73,0.8523,-1,-1,-1
192,23,498.89,184.70,29.30,86.99,0.6721,-1,-1,-1
192,47,525.19,189.13,21.91,71.24,0.2826,-1,-1,-1
192,49,294.33,178.30,23.05,77.70,0.4817,-1,-1,-1
193,1,295.11,0.81,214.54,474.57,0.9085,-1,-1,-1
193,2,-0.10,0.35,218.02,474.84,0.8333,-1,-1,-1
193,17,181.14,11.09,96.93,436.22,0.8511,-1,-1,-1
193,23,498.92,184.80,29.12,87.31,0.6923,-1,-1,-1
193,47,525.06,189.07,23.80,71.90,0.3453,-1,-1,-1
193,49,293.35,177.51,23.74,77.70,0.3577,-1,-1,-1
194,1,291.89,0.53,217.46,475.40,0.8971,-1,-1,-1
194,2,-0.01,0.24,217.44,475.58,0.8345,-1,-1,-1
194,17,180.47,10.94,97.41,436.70,0.8552,-1,-1,-1
194,23,499.11,184.71,28.98,87.58,0.6949,-1,-1,-1
194,47,523.75,188.87,25.89,72.82,0.3117,-1,-1,-1
194,49,292.82,177.00,24.04,74.63,0.2352,-1,-1,-1
195,1,287.33,0.34,221.59,476.06,0.8812,-1,-1,-1
195,2,-0.19,0.28,217.18,475.80,0.8489,-1,-1,-1
195,17,179.91,10.81,97.40,436.98,0.8557,-1,-1,-1
195,23,498.78,184.33,28.64,88.22,0.6762,-1,-1,-1
195,47,525.24,190.33,26.81,71.83,0.2968,-1,-1,-1
196,1,283.90,0.41,225.05,476.30,0.8901,-1,-1,-1
196,2,-0.07,0.39,216.96,474.79,0.7973,-1,-1,-1
196,17,179.04,10.88,98.45,437.06,0.8554,-1,-1,-1
196,23,499.33,183.87,28.73,88.87,0.6644,-1,-1,-1
196,47,526.03,190.15,28.16,72.06,0.3367,-1,-1,-1
197,1,281.73,0.44,228.02,476.68,0.8978,-1,-1,-1
197,2,-0.05,0.52,217.29,474.52,0.8444,-1,-1,-1
197,17,178.23,10.53,99.25,437.58,0.8518,-1,-1,-1
197,23,499.19,184.27,29.10,88.21,0.6448,-1,-1,-1
197,47,526.46,189.82,27.54,72.99,0.3978,-1,-1,-1
198,1,280.68,0.61,228.52,476.28,0.9113,-1,-1,-1
198,2,-0.18,0.54,216.66,474.67,0.8636,-1,-1,-1
198,17,177.19,10.45,99.09,438.31,0.8590,-1,-1,-1
198,23,498.94,184.63,29.75,87.88,0.6914,-1,-1,-1
198,47,526.99,188.77,33.58,74.49,0.3533,-1,-1,-1
199,1,279.15,0.52,229.72,476.77,0.9095,-1,-1,-1
199,2,-0.45,1.06,216.70,474.01,0.8072,-1,-1,-1
199,17,175.82,10.91,98.82,438.19,0.8503,-1,-1,-1
199,23,498.16,184.64,30.43,86.95,0.6872,-1,-1,-1
199,47,525.35,187.22,30.15,76.03,0.4142,-1,-1,-1
199,36,540.15,187.19,23.35,73.64,0.3566,-1,-1,-1
200,1,277.19,0.59,231.49,476.16,0.9050,-1,-1,-1
200,2,-0.39,3.88,216.51,470.71,0.7859,-1,-1,-1
200,17,174.59,11.57,97.45,438.00,0.8485,-1,-1,-1
200,23,498.04,184.97,30.70,87.17,0.7190,-1,-1,-1
200,47,527.84,186.09,34.21,75.15,0.4081,-1,-1,-1
200,36,541.51,188.79,22.43,65.61,0.1754,-1,-1,-1
201,1,274.53,0.18,233.36,478.81,0.9075,-1,-1,-1
201,2,-0.41,3.54,216.54,470.88,0.7747,-1,-1,-1
201,17,170.74,12.47,98.67,438.63,0.8344,-1,-1,-1
201,23,497.52,185.14,30.38,87.37,0.7010,-1,-1,-1
201,36,541.88,195.82,22.51,54.96,0.2702,-1,-1,-1
202,1,272.96,0.03,234.16,479.99,0.9087,-1,-1,-1
202,2,-0.73,6.18,217.01,469.63,0.7261,-1,-1,-1
202,17,165.51,14.42,100.23,437.05,0.8104,-1,-1,-1
202,23,497.16,185.33,30.11,87.32,0.6884,-1,-1,-1
202,36,544.16,196.36,19.92,53.11,0.2832,-1,-1,-1
202,47,525.55,188.37,28.97,75.71,0.3474,-1,-1,-1
203,1,272.63,0.05,233.77,479.21,0.8959,-1,-1,-1
203,2,-0.13,11.88,215.87,464.37,0.6433,-1,-1,-1
203,17,158.28,16.23,104.56,433.98,0.7761,-1,-1,-1
203,23,496.86,185.02,29.90,87.89,0.7031,-1,-1,-1
203,36,546.82,200.57,16.87,48.28,0.2207,-1,-1,-1
203,47,524.56,188.23,28.13,76.61,0.5205,-1,-1,-1
204,1,272.00,0.73,233.72,476.06,0.8902,-1,-1,-1
204,2,-0.51,5.72,215.32,467.82,0.6955,-1,-1,-1
204,17,155.41,18.49,103.57,424.50,0.8096,-1,-1,-1
204,23,495.38,185.94,29.79,87.31,0.7612,-1,-1,-1
204,36,546.83,204.74,16.70,44.88,0.2872,-1,-1,-1
204,47,521.06,189.09,30.37,76.79,0.5683,-1,-1,-1
205,1,271.74,0.72,234.56,474.85,0.8818,-1,-1,-1
205,2,-0.21,2.38,214.44,469.53,0.6696,-1,-1,-1
205,17,153.80,20.10,99.71,416.47,0.8105,-1,-1,-1
205,23,495.94,186.36,28.99,86.47,0.7398,-1,-1,-1
205,36,546.94,207.20,15.53,42.94,0.3065,-1,-1,-1
205,47,521.65,188.30,30.21,78.11,0.5864,-1,-1,-1
206,1,269.71,0.61,236.67,474.40,0.8896,-1,-1,-1
206,2,-0.34,1.97,213.05,470.79,0.6220,-1,-1,-1
206,17,152.59,22.43,96.95,409.31,0.7806,-1,-1,-1
206,23,495.33,186.41,29.25,85.78,0.7053,-1,-1,-1
206,36,548.46,205.55,13.83,44.66,0.3122,-1,-1,-1
206,47,522.92,187.20,29.81,78.32,0.4720,-1,-1,-1
207,1,270.37,0.86,235.84,474.05,0.8838,-1,-1,-1
207,2,-0.32,2.19,212.11,469.88,0.5667,-1,-1,-1
207,17,154.07,24.64,93.85,399.43,0.7156,-1,-1,-1
207,23,494.98,186.08,28.86,86.02,0.7403,-1,-1,-1
207,36,548.19,203.40,13.73,46.99,0.3131,-1,-1,-1
207,47,520.42,185.96,30.87,79.56,0.5186,-1,-1,-1
208,1,265.26,0.58,241.28,474.60,0.8868,-1,-1,-1
208,2,-0.15,0.82,211.20,472.56,0.7746,-1,-1,-1
208,17,161.91,28.67,87.75,381.26,0.7923,-1,-1,-1
208,23,493.87,186.36,29.50,86.72,0.7039,-1,-1,-1
208,36,548.64,201.34,14.20,48.44,0.2545,-1,-1,-1
208,47,519.60,186.51,33.53,78.78,0.4417,-1,-1,-1
209,1,262.31,0.79,244.70,474.96,0.8914,-1,-1,-1
209,2,0.25,0.41,209.48,473.69,0.7689,-1,-1,-1
209,17,167.53,32.62,82.63,368.50,0.7932,-1,-1,-1
209,23,494.22,186.16,29.18,86.71,0.7295,-1,-1,-1
209,36,549.99,200.09,14.20,49.94,0.1841,-1,-1,-1
209,47,520.59,186.06,33.82,80.93,0.4609,-1,-1,-1
210,1,257.79,0.96,248.20,475.70,0.8625,-1,-1,-1
210,2,0.13,1.10,206.01,474.03,0.8731,-1,-1,-1
210,17,171.32,41.94,80.24,355.69,0.8382,-1,-1,-1
210,23,492.89,185.79,30.13,87.72,0.7286,-1,-1,-1
210,36,549.64,199.30,14.59,51.26,0.1734,-1,-1,-1
210,47,519.93,186.22,27.86,80.84,0.4352,-1,-1,-1
211,1,263.84,1.12,241.60,476.25,0.8113,-1,-1,-1
211,2,0.17,1.25,202.47,475.26,0.8798,-1,-1,-1
211,17,171.96,47.07,82.69,349.12,0.8474,-1,-1,-1
211,23,492.04,184.26,31.12,89.10,0.7399,-1,-1,-1
211,36,549.00,199.83,15.28,50.64,0.2881,-1,-1,-1
211,47,523.32,185.33,25.64,80.75,0.4123,-1,-1,-1
212,1,263.37,1.59,241.62,476.27,0.8356,-1,-1,-1
212,2,-0.16,1.61,199.08,473.25,0.8258,-1,-1,-1
212,17,170.38,53.58,89.74,344.41,0.8593,-1,-1,-1
212,23,491.08,185.61,30.57,89.42,0.7198,-1,-1,-1
212,36,549.50,203.54,13.53,47.21,0.1839,-1,-1,-1
212,47,524.31,186.68,31.35,79.56,0.3883,-1,-1,-1
213,1,255.14,1.20,248.51,477.18,0.8697,-1,-1,-1
213,2,-0.50,2.11,191.71,473.97,0.7970,-1,-1,-1
213,17,168.14,54.67,99.00,342.99,0.8614,-1,-1,-1
213,23,490.12,184.94,29.81,89.55,0.6659,-1,-1,-1
213,36,548.91,204.77,13.58,44.97,0.1964,-1,-1,-1
213,47,522.06,186.11,27.13,80.10,0.4460,-1,-1,-1
214,1,253.70,1.27,247.45,476.64,0.8787,-1,-1,-1
214,2,-0.31,1.72,185.94,475.98,0.8093,-1,-1,-1
214,17,159.38,56.91,114.21,348.81,0.8708,-1,-1,-1
214,23,489.48,184.86,29.10,89.88,0.7142,-1,-1,-1
214,47,518.94,185.50,26.81,82.22,0.5571,-1,-1,-1
215,1,254.79,1.08,244.08,475.56,0.8978,-1,-1,-1
215,2,0.30,1.00,183.09,476.25,0.7629,-1,-1,-1
215,17,160.55,57.82,117.55,345.06,0.8817,-1,-1,-1
215,23,486.63,184.99,31.77,89.66,0.7069,-1,-1,-1
215,47,517.05,184.81,26.56,83.26,0.5481,-1,-1,-1
216,1,255.30,0.51,240.68,475.89,0.8769,-1,-1,-1
216,2,0.82,0.34,179.24,474.80,0.7168,-1,-1,-1
216,17,165.39,59.54,116.17,340.83,0.8861,-1,-1,-1
216,23,487.26,184.53,29.49,89.95,0.7331,-1,-1,-1
216,47,519.54,186.27,21.84,81.10,0.4106,-1,-1,-1
216,51,537.21,197.85,20.68,53.45,0.4401,-1,-1,-1
217,1,278.17,1.10,216.36,477.16,0.8183,-1,-1,-1
217,2,1.65,0.18,177.67,475.86,0.8017,-1,-1,-1
217,17,169.42,61.94,115.77,337.96,0.8841,-1,-1,-1
217,23,486.00,183.02,30.81,91.10,0.7297,-1,-1,-1
217,47,521.81,185.40,19.53,80.20,0.5044,-1,-1,-1
217,51,537.91,196.64,19.57,54.26,0.4278,-1,-1,-1
218,1,269.36,2.50,221.39,476.50,0.7992,-1,-1,-1
218,2,2.56,1.62,178.39,475.73,0.7899,-1,-1,-1
218,17,173.35,68.74,114.72,330.91,0.8689,-1,-1,-1
218,23,482.96,182.79,31.06,93.41,0.7211,-1,-1,-1
218,47,521.47,189.79,18.48,76.84,0.3868,-1,-1,-1
218,51,537.43,198.59,19.52,52.57,0.2771,-1,-1,-1
219,1,287.16,1.85,201.23,477.04,0.8276,-1,-1,-1
219,2,3.23,1.44,179.76,474.50,0.8153,-1,-1,-1
219,17,180.17,74.33,111.71,324.92,0.8703,-1,-1,-1
219,23,481.86,181.53,30.82,93.85,0.7536,-1,-1,-1
219,47,510.84,186.78,26.66,81.02,0.4144,-1,-1,-1
219,51,535.76,198.60,21.05,53.43,0.3230,-1,-1,-1
220,1,293.29,8.89,191.94,468.69,0.7507,-1,-1,-1
220,2,4.55,2.30,182.67,472.93,0.8099,-1,-1,-1
220,17,186.92,80.59,107.13,316.29,0.8614,-1,-1,-1
220,23,480.70,181.36,30.86,94.87,0.7704,-1,-1,-1
220,47,509.82,185.91,27.11,83.05,0.5778,-1,-1,-1
220,51,537.08,199.40,21.41,52.33,0.3205,-1,-1,-1
221,1,278.09,19.41,208.11,458.74,0.8684,-1,-1,-1
221,2,4.18,2.98,188.52,472.65,0.7586,-1,-1,-1
221,17,190.95,87.79,105.08,303.27,0.8713,-1,-1,-1
221,23,482.90,182.20,27.40,93.75,0.7415,-1,-1,-1
221,47,507.70,185.46,28.69,83.83,0.6158,-1,-1,-1
221,51,537.79,200.27,21.32,51.96,0.3595,-1,-1,-1
222,1,282.52,26.18,208.54,451.14,0.9130,-1,-1,-1
222,2,4.10,3.24,195.29,474.04,0.5463,-1,-1,-1
222,17,197.39,91.00,103.38,291.38,0.8688,-1,-1,-1
222,23,486.29,182.01,25.07,92.03,0.6508,-1,-1,-1
222,47,507.55,182.67,30.06,85.46,0.6744,-1,-1,-1
222,51,539.14,202.08,21.26,49.98,0.4668,-1,-1,-1
223,1,288.98,31.16,205.58,446.28,0.8906,-1,-1,-1
223,2,3.83,1.46,205.27,471.18,0.7689,-1,-1,-1
223,17,203.49,93.01,98.35,276.14,0.8623,-1,-1,-1
223,23,488.36,181.71,22.52,95.45,0.4531,-1,-1,-1
223,47,506.82,182.57,29.60,87.08,0.4509,-1,-1,-1
223,51,538.46,202.78,21.87,49.60,0.5086,-1,-1,-1
224,1,291.55,34.54,204.32,443.97,0.9124,-1,-1,-1
224,2,2.40,0.77,211.91,473.03,0.6625,-1,-1,-1
224,17,208.13,95.21,94.12,270.20,0.8636,-1,-1,-1
224,23,488.71,182.00,22.91,95.53,0.5212,-1,-1,-1
224,47,507.78,184.28,26.89,86.84,0.3174,-1,-1,-1
224,51,538.16,202.86,22.04,50.33,0.5165,-1,-1,-1
225,1,293.45,38.42,202.29,439.32,0.9179,-1,-1,-1
225,2,2.42,0.66,217.53,474.99,0.8390,-1,-1,-1
225,17,214.01,100.80,90.47,264.56,0.8740,-1,-1,-1
225,23,487.23,183.03,26.73,94.86,0.6246,-1,-1,-1
225,47,508.05,187.87,22.31,83.24,0.2739,-1,-1,-1
225,51,538.63,201.36,22.43,52.17,0.5127,-1,-1,-1
226,1,295.34,42.73,195.72,436.16,0.9127,-1,-1,-1
226,2,1.47,1.88,224.17,473.75,0.8229,-1,-1,-1
226,17,219.28,106.73,86.79,259.48,0.8762,-1,-1,-1
226,23,485.42,181.07,28.96,97.27,0.6675,-1,-1,-1
226,47,509.86,189.11,21.56,82.72,0.4368,-1,-1,-1
226,51,539.02,201.78,23.08,53.06,0.5080,-1,-1,-1
227,1,298.11,48.92,186.42,431.11,0.9026,-1,-1,-1
227,2,0.58,2.09,226.63,474.70,0.8147,-1,-1,-1
227,17,222.02,111.50,86.51,250.66,0.8698,-1,-1,-1
227,23,482.11,181.07,31.72,99.39,0.7180,-1,-1,-1
227,47,509.56,189.40,21.43,83.49,0.4048,-1,-1,-1
227,51,539.25,201.96,22.45,53.72,0.5443,-1,-1,-1
228,1,301.60,54.12,176.15,425.61,0.9123,-1,-1,-1
228,2,0.01,1.66,230.38,475.67,0.9134,-1,-1,-1
228,17,228.93,112.64,84.39,245.45,0.8428,-1,-1,-1
228,23,481.58,180.80,33.38,101.89,0.7393,-1,-1,-1
228,47,510.01,187.05,21.70,85.90,0.3761,-1,-1,-1
228,51,541.11,202.13,21.76,54.67,0.5634,-1,-1,-1
229,1,305.58,60.98,162.59,419.82,0.9038,-1,-1,-1
229,2,0.69,2.31,227.90,475.94,0.9023,-1,-1,-1
229,17,235.57,112.54,85.04,234.09,0.8608,-1,-1,-1
229,23,483.47,183.61,32.50,101.58,0.6983,-1,-1,-1
229,47,511.54,186.39,23.09,87.66,0.2033,-1,-1,-1
229,51,542.61,201.60,23.11,57.16,0.5928,-1,-1,-1
230,1,308.35,65.51,153.80,414.88,0.8854,-1,-1,-1
230,2,-0.48,1.66,226.07,477.82,0.8907,-1,-1,-1
230,17,239.01,111.86,84.59,229.45,0.8485,-1,-1,-1
230,23,484.91,183.28,32.46,102.81,0.6966,-1,-1,-1
230,47,512.06,185.09,22.92,89.70,0.2883,-1,-1,-1
230,51,544.78,200.35,22.06,58.67,0.6462,-1,-1,-1
230,54,454.92,169.04,32.11,122.35,0.6902,-1,-1,-1
231,1,308.62,66.40,149.17,414.03,0.8866,-1,-1,-1
231,2,-1.43,3.20,225.33,474.07,0.7197,-1,-1,-1
231,17,243.71,111.17,83.87,227.96,0.8646,-1,-1,-1
231,23,487.80,182.92,30.79,103.42,0.7235,-1,-1,-1
231,47,514.45,184.14,22.96,89.66,0.4094,-1,-1,-1
231,51,550.09,199.24,22.40,59.27,0.6641,-1,-1,-1
231,54,453.77,165.94,36.91,125.58,0.7730,-1,-1,-1
232,1,320.94,66.38,138.37,414.01,0.8691,-1,-1,-1
232,2,-0.93,3.98,223.83,474.96,0.8017,-1,-1,-1
232,17,250.48,113.16,81.77,226.78,0.8518,-1,-1,-1
232,23,492.86,183.04,27.07,102.72,0.6567,-1,-1,-1
232,47,515.48,183.93,24.39,92.21,0.5440,-1,-1,-1
232,51,553.26,199.49,25.36,60.48,0.5286,-1,-1,-1
232,54,455.97,163.30,41.07,129.80,0.7572,-1,-1,-1
232,55,577.80,155.75,62.65,190.64,0.6590,-1,-1,-1
233,1,331.45,65.23,131.37,415.42,0.8698,-1,-1,-1
233,2,0.56,1.38,222.01,473.94,0.5824,-1,-1,-1
233,17,258.23,117.10,79.20,223.48,0.8269,-1,-1,-1
233,23,501.63,180.21,21.74,100.35,0.3930,-1,-1,-1
233,47,521.66,184.53,21.65,92.95,0.5436,-1,-1,-1
233,51,558.42,199.27,25.45,61.56,0.6123,-1,-1,-1
233,54,465.06,160.54,39.59,133.23,0.6893,-1,-1,-1
233,55,578.40,162.16,62.88,190.76,0.3397,-1,-1,-1
234,1,327.57,68.80,152.89,412.09,0.8999,-1,-1,-1
234,2,0.85,0.03,223.03,473.62,0.6602,-1,-1,-1
234,17,265.93,120.21,76.35,218.17,0.8079,-1,-1,-1
234,23,509.95,180.85,19.14,101.84,0.2201,-1,-1,-1
234,47,522.24,184.50,24.71,93.32,0.4940,-1,-1,-1
234,51,566.22,201.64,22.76,59.40,0.5038,-1,-1,-1
234,54,475.51,159.80,38.36,133.40,0.5223,-1,-1,-1
234,55,585.15,166.75,56.10,210.24,0.4543,-1,-1,-1
235,1,335.00,73.46,161.71,407.62,0.8958,-1,-1,-1
235,2,5.68,-0.62,220.76,477.80,0.8443,-1,-1,-1
235,17,272.07,121.83,76.31,213.69,0.8102,-1,-1,-1
235,47,527.69,186.63,23.67,93.54,0.4078,-1,-1,-1
235,51,571.54,200.08,26.37,62.46,0.4996,-1,-1,-1
235,54,484.47,159.11,37.37,131.46,0.3944,-1,-1,-1
236,1,342.92,78.09,166.39,402.60,0.8976,-1,-1,-1
236,2,7.81,-0.46,222.92,478.30,0.8866,-1,-1,-1
236,17,279.43,119.40,73.96,207.13,0.7915,-1,-1,-1
236,47,531.37,190.29,25.31,88.67,0.4801,-1,-1,-1
236,51,576.39,194.15,28.34,67.75,0.5560,-1,-1,-1
236,54,491.81,156.77,39.14,149.55,0.2100,-1,-1,-1
236,56,1.32,114.00,43.45,216.66,0.5007,-1,-1,-1
236,55,608.07,169.70,32.69,263.76,0.5688,-1,-1,-1
237,1,359.75,86.72,165.21,395.84,0.9058,-1,-1,-1
237,2,10.18,4.50,229.39,476.42,0.8753,-1,-1,-1
237,17,288.63,120.61,73.86,204.37,0.8393,-1,-1,-1
237,47,542.28,187.07,21.17,94.48,0.4476,-1,-1,-1
237,51,586.71,194.93,27.98,69.50,0.5670,-1,-1,-1
237,54,495.88,162.24,43.15,156.10,0.3037,-1,-1,-1
237,56,2.84,119.86,53.78,160.49,0.5855,-1,-1,-1
238,1,371.38,86.92,164.28,394.22,0.9026,-1,-1,-1
238,2,10.40,6.33,234.99,474.64,0.8707,-1,-1,-1
238,17,292.11,120.69,75.93,202.03,0.8212,-1,-1,-1
238,47,546.42,185.69,20.79,96.88,0.3530,-1,-1,-1
238,51,591.03,194.74,29.25,69.08,0.5374,-1,-1,-1
238,56,1.61,117.22,64.34,154.39,0.4619,-1,-1,-1
238,57,610.98,205.02,30.53,274.72,0.5989,-1,-1,-1
238,58,242.11,170.40,30.78,103.19,0.5701,-1,-1,-1
239,1,387.98,88.69,160.44,391.77,0.8985,-1,-1,-1
239,2,6.02,11.99,246.79,469.36,0.8337,-1,-1,-1
239,17,304.09,123.92,69.23,198.60,0.7857,-1,-1,-1
239,51,597.52,197.62,29.96,65.73,0.3599,-1,-1,-1
239,58,248.42,165.16,32.64,112.90,0.5152,-1,-1,-1
239,59,366.23,175.84,22.88,86.90,0.5245,-1,-1,-1
240,1,397.67,86.02,161.53,378.13,0.8860,-1,-1,-1
240,2,14.13,14.18,247.46,464.99,0.7602,-1,-1,-1
240,17,306.89,124.02,69.49,194.24,0.7561,-1,-1,-1
240,51,599.64,190.23,31.46,70.49,0.5218,-1,-1,-1
240,58,252.97,159.06,37.21,116.59,0.7077,-1,-1,-1
240,59,367.97,178.78,24.44,81.38,0.4234,-1,-1,-1
241,1,407.93,84.33,156.71,375.57,0.8927,-1,-1,-1
241,2,4.20,14.37,260.60,462.03,0.7144,-1,-1,-1
241,17,309.20,123.57,74.06,192.95,0.7987,-1,-1,-1
241,51,599.39,194.76,31.23,62.05,0.3114,-1,-1,-1
241,58,255.93,156.46,30.89,109.55,0.2412,-1,-1,-1
241,59,366.74,180.65,24.30,79.63,0.3869,-1,-1,-1
242,1,413.14,86.70,150.91,375.03,0.8768,-1,-1,-1
242,2,31.59,11.39,238.67,466.54,0.8343,-1,-1,-1
242,17,297.13,122.82,87.10,191.17,0.8221,-1,-1,-1
242,63,392.86,180.19,24.86,80.76,0.5071,-1,-1,-1
242,56,21.98,114.56,83.38,139.44,0.4001,-1,-1,-1
243,1,415.44,88.75,147.00,377.32,0.8919,-1,-1,-1
243,2,45.11,8.61,229.41,468.75,0.8381,-1,-1,-1
243,17,301.30,122.35,81.79,188.50,0.8472,-1,-1,-1
243,63,391.60,180.71,26.24,80.91,0.5727,-1,-1,-1
243,64,578.77,48.89,60.88,430.69,0.7337,-1,-1,-1
243,65,8.61,115.37,102.21,325.55,0.3918,-1,-1,-1
243,56,42.54,115.00,65.96,152.07,0.1695,-1,-1,-1
244,1,422.41,91.08,142.38,375.84,0.8873,-1,-1,-1
244,2,67.24,8.69,213.03,466.79,0.7839,-1,-1,-1
244,17,311.62,121.86,71.33,187.42,0.7010,-1,-1,-1
244,63,393.16,179.55,25.58,82.64,0.5856,-1,-1,-1
244,64,552.98,16.61,86.26,462.43,0.8332,-1,-1,-1
244,65,21.55,119.48,94.03,319.95,0.1724,-1,-1,-1
244,66,12.62,168.42,54.96,85.78,0.7449,-1,-1,-1
245,1,426.96,89.13,137.12,379.79,0.8594,-1,-1,-1
245,2,69.12,10.64,214.59,453.57,0.8552,-1,-1,-1
245,17,310.81,121.73,72.17,189.47,0.7880,-1,-1,-1
245,63,391.69,179.24,25.85,82.52,0.6205,-1,-1,-1
245,64,534.33,0.29,105.66,477.07,0.7260,-1,-1,-1
245,67,413.30,173.20,30.37,106.02,0.4909,-1,-1,-1
246,1,431.85,87.15,125.60,378.60,0.8572,-1,-1,-1
246,2,72.61,10.73,214.64,460.81,0.9022,-1,-1,-1
246,17,307.18,121.08,75.00,188.58,0.8128,-1,-1,-1
246,63,388.45,175.33,27.81,85.75,0.5740,-1,-1,-1
246,64,527.17,-3.31,113.18,479.74,0.7501,-1,-1,-1
246,67,411.35,169.62,37.14,108.68,0.7343,-1,-1,-1
247,1,435.05,86.18,119.69,365.73,0.8353,-1,-1,-1
247,2,78.38,12.47,210.73,460.76,0.9034,-1,-1,-1
247,17,306.32,122.34,73.84,187.43,0.8132,-1,-1,-1
247,63,386.04,175.46,27.05,84.82,0.6346,-1,-1,-1
247,64,506.37,-4.25,133.29,479.35,0.8081,-1,-1,-1
247,67,408.62,170.68,35.49,106.74,0.7498,-1,-1,-1
248,1,437.11,87.61,125.45,356.61,0.8477,-1,-1,-1
248,2,85.77,10.10,203.88,466.24,0.8325,-1,-1,-1
248,17,306.48,122.75,73.21,188.44,0.8409,-1,-1,-1
248,63,384.33,174.67,27.96,86.83,0.6756,-1,-1,-1
248,64,513.39,-1.82,126.18,480.87,0.8617,-1,-1,-1
248,67,407.84,171.79,34.73,107.64,0.7695,-1,-1,-1
248,72,27.75,195.01,18.77,38.79,0.6139,-1,-1,-1
248,73,285.66,169.02,28.12,93.02,0.5170,-1,-1,-1
249,1,445.81,87.47,122.17,357.89,0.7634,-1,-1,-1
249,2,96.62,7.94,197.86,469.81,0.8886,-1,-1,-1
249,17,311.35,122.35,72.51,186.70,0.8360,-1,-1,-1
249,63,386.45,174.17,28.92,88.06,0.6867,-1,-1,-1
249,64,501.45,-1.53,138.88,480.70,0.8527,-1,-1,-1
249,67,410.64,170.93,34.88,110.15,0.7721,-1,-1,-1
249,72,30.13,195.34,17.46,38.22,0.5669,-1,-1,-1
249,73,290.17,169.55,25.17,92.36,0.6560,-1,-1,-1
250,1,459.31,88.88,121.48,363.79,0.6550,-1,-1,-1
250,2,108.77,8.15,194.04,472.12,0.9174,-1,-1,-1
250,17,318.77,123.95,71.59,183.68,0.8529,-1,-1,-1
250,63,391.18,175.77,29.89,90.81,0.6796,-1,-1,-1
250,64,502.06,-0.70,141.10,483.37,0.8214,-1,-1,-1
250,67,415.32,172.79,35.23,113.01,0.7798,-1,-1,-1
250,72,33.18,197.43,18.11,39.27,0.5373,-1,-1,-1
250,73,297.47,172.94,21.97,91.88,0.5939,-1,-1,-1
250,74,79.98,176.26,35.40,87.15,0.4477,-1,-1,-1
251,1,484.38,121.68,104.54,330.83,0.2449,-1,-1,-1
251,2,119.11,8.49,189.38,472.50,0.9129,-1,-1,-1
251,17,324.06,123.92,68.40,182.74,0.8604,-1,-1,-1
251,63,394.66,175.28,28.09,91.97,0.6136,-1,-1,-1
251,64,506.72,-1.45,135.87,484.11,0.8438,-1,-1,-1
251,67,416.20,171.39,36.48,116.00,0.7772,-1,-1,-1
251,72,34.73,196.95,17.33,40.38,0.5070,-1,-1,-1
251,74,79.66,177.10,39.60,89.21,0.5204,-1,-1,-1
252,1,501.12,142.86,89.06,313.88,0.2072,-1,-1,-1
252,2,126.36,14.98,188.70,467.17,0.8903,-1,-1,-1
252,17,327.58,128.33,66.47,181.64,0.8592,-1,-1,-1
252,63,397.06,177.72,27.53,92.77,0.5380,-1,-1,-1
252,64,512.85,1.83,128.81,477.08,0.8709,-1,-1,-1
252,67,416.88,174.59,36.34,117.31,0.7350,-1,-1,-1
252,72,36.58,199.79,16.47,40.65,0.4356,-1,-1,-1
252,74,70.75,180.19,48.05,90.30,0.6016,-1,-1,-1
253,2,136.72,24.95,188.19,456.77,0.8997,-1,-1,-1
253,17,333.89,130.48,68.19,181.70,0.8571,-1,-1,-1
253,63,401.85,175.30,27.91,94.97,0.5321,-1,-1,-1
253,64,518.81,3.49,125.69,470.14,0.8818,-1,-1,-1
253,67,421.32,174.38,37.52,119.79,0.6897,-1,-1,-1
253,72,42.57,203.33,15.34,39.63,0.4386,-1,-1,-1
253,74,68.37,181.57,51.10,92.96,0.7022,-1,-1,-1
253,76,463.41,143.51,57.66,177.69,0.7376,-1,-1,-1
254,2,145.78,28.21,184.40,452.75,0.8915,-1,-1,-1
254,17,338.26,133.09,65.12,180.08,0.8496,-1,-1,-1
254,63,404.71,175.41,26.90,95.59,0.4114,-1,-1,-1
254,64,524.19,3.47,118.72,472.18,0.8783,-1,-1,-1
254,67,422.15,172.38,38.29,122.92,0.6798,-1,-1,-1
254,72,44.20,204.01,14.80,39.35,0.3575,-1,-1,-1
254,74,67.11,181.11,48.42,93.40,0.6662,-1,-1,-1
254,76,461.54,141.81,57.37,180.80,0.7379,-1,-1,-1
254,56,124.95,143.48,41.84,149.52,0.3939,-1,-1,-1
255,2,136.00,35.93,202.92,446.56,0.8652,-1,-1,-1
255,17,341.77,137.35,61.79,178.95,0.8388,-1,-1,-1
255,64,525.57,4.29,116.32,474.94,0.8989,-1,-1,-1
255,67,420.26,173.05,38.56,125.91,0.6414,-1,-1,-1
255,72,42.43,208.51,15.04,37.80,0.2381,-1,-1,-1
255,74,60.24,182.19,44.07,96.51,0.6413,-1,-1,-1
255,76,445.24,142.24,70.70,186.64,0.8488,-1,-1,-1
255,56,115.66,144.69,52.04,157.84,0.7458,-1,-1,-1
256,2,157.56,34.95,191.28,445.00,0.8961,-1,-1,-1
256,17,344.44,134.84,58.85,177.59,0.7647,-1,-1,-1
256,64,525.06,1.04,115.12,477.43,0.9070,-1,-1,-1
256,67,417.28,168.97,37.04,129.77,0.5573,-1,-1,-1
256,74,43.36,177.94,47.19,99.96,0.6235,-1,-1,-1
256,76,431.11,140.71,82.38,190.62,0.8102,-1,-1,-1
256,78,497.60,163.77,44.92,137.92,0.5907,-1,-1,-1
257,2,166.55,35.49,186.54,442.87,0.8838,-1,-1,-1
257,17,345.45,133.35,53.71,176.28,0.7823,-1,-1,-1
257,64,523.02,0.08,115.68,478.79,0.9039,-1,-1,-1
257,67,415.56,167.45,33.95,130.86,0.2341,-1,-1,-1
257,74,21.94,177.52,59.27,101.67,0.6385,-1,-1,-1
257,76,424.53,138.98,85.71,195.58,0.8733,-1,-1,-1
257,78,491.33,166.80,49.95,142.40,0.6822,-1,-1,-1
257,79,62.62,132.09,82.54,175.07,0.7948,-1,-1,-1
258,2,156.61,29.65,196.65,448.01,0.8614,-1,-1,-1
258,17,342.72,132.91,54.49,178.46,0.7985,-1,-1,-1
258,64,494.23,-0.62,143.10,480.78,0.8379,-1,-1,-1
258,74,3.01,180.19,56.18,98.62,0.3846,-1,-1,-1
258,76,411.76,133.43,83.01,205.43,0.8204,-1,-1,-1
258,78,483.95,164.87,53.14,148.30,0.6864,-1,-1,-1
258,79,38.94,132.00,94.87,179.14,0.8589,-1,-1,-1
259,2,152.59,28.78,198.24,449.65,0.8739,-1,-1,-1
259,17,342.81,135.53,51.28,177.41,0.7994,-1,-1,-1
259,64,476.96,-0.37,159.06,481.36,0.8552,-1,-1,-1
259,74,-3.85,176.82,48.58,99.41,0.4516,-1,-1,-1
259,76,397.76,129.63,77.52,212.47,0.8711,-1,-1,-1
259,78,479.86,164.62,56.09,150.43,0.6150,-1,-1,-1
259,79,15.58,129.94,108.01,184.03,0.8813,-1,-1,-1
260,2,144.09,28.26,196.16,451.27,0.9072,-1,-1,-1
260,17,334.77,140.09,51.76,174.44,0.7813,-1,-1,-1
260,64,483.21,0.95,148.45,480.23,0.8915,-1,-1,-1
260,76,386.25,128.08,74.22,222.37,0.7484,-1,-1,-1
260,78,470.48,148.95,57.93,170.78,0.6938,-1,-1,-1
260,79,-2.20,127.85,107.75,191.05,0.8998,-1,-1,-1
261,2,134.40,27.61,193.22,452.64,0.8995,-1,-1,-1
261,17,323.57,144.82,55.32,172.16,0.8075,-1,-1,-1
261,64,480.54,1.54,151.03,479.07,0.9112,-1,-1,-1
261,76,361.46,128.81,91.96,230.88,0.8354,-1,-1,-1
261,78,463.08,146.64,51.02,178.58,0.6196,-1,-1,-1
261,79,-7.90,125.19,89.80,195.54,0.8624,-1,-1,-1
262,2,120.16,23.85,194.45,454.49,0.8416,-1,-1,-1
262,17,315.33,146.01,55.85,168.98,0.6463,-1,-1,-1
262,64,459.84,1.05,171.70,475.96,0.8911,-1,-1,-1
262,76,334.83,127.26,105.88,238.57,0.8338,-1,-1,-1
263,2,109.59,15.75,197.12,462.59,0.8953,-1,-1,-1
263,17,314.86,159.82,43.27,151.02,0.2173,-1,-1,-1
263,64,442.80,-0.64,191.35,476.59,0.9250,-1,-1,-1
263,76,318.08,121.74,107.26,252.36,0.8725,-1,-1,-1
264,2,103.37,11.80,196.27,465.91,0.8476,-1,-1,-1
264,64,434.50,-0.89,201.94,477.75,0.9049,-1,-1,-1
264,76,311.80,117.57,109.53,261.81,0.8486,-1,-1,-1
265,2,78.86,8.80,212.16,470.51,0.8509,-1,-1,-1
265,64,425.36,-0.04,209.66,477.42,0.9103,-1,-1,-1
265,76,288.29,110.48,92.38,275.74,0.7722,-1,-1,-1
266,2,77.80,7.26,212.49,471.86,0.8525,-1,-1,-1
266,64,421.76,-0.55,215.62,477.61,0.8700,-1,-1,-1
266,76,280.90,101.48,73.74,286.41,0.7699,-1,-1,-1
266,82,370.16,156.56,46.96,159.25,0.7847,-1,-1,-1
267,2,62.12,4.25,224.99,472.71,0.8257,-1,-1,-1
267,64,418.21,-2.21,220.79,477.11,0.9144,-1,-1,-1
267,76,259.04,89.60,81.14,294.23,0.7856,-1,-1,-1
267,82,360.55,147.50,59.68,164.22,0.7856,-1,-1,-1
267,83,318.00,140.22,49.50,158.37,0.8248,-1,-1,-1
268,2,45.05,0.32,240.27,477.43,0.7727,-1,-1,-1
268,64,419.68,-1.55,221.29,476.16,0.9181,-1,-1,-1
268,76,244.54,79.11,88.49,301.47,0.5002,-1,-1,-1
268,82,356.20,141.43,66.20,166.34,0.7796,-1,-1,-1
268,83,310.70,134.41,53.35,160.80,0.8496,-1,-1,-1
268,67,285.66,159.57,30.08,102.45,0.3464,-1,-1,-1
269,2,36.11,-1.81,255.45,479.75,0.8082,-1,-1,-1
269,64,417.76,-0.77,222.83,474.61,0.9117,-1,-1,-1
269,82,348.63,135.65,63.87,170.31,0.7766,-1,-1,-1
269,83,307.34,129.97,53.57,159.38,0.7998,-1,-1,-1
269,67,276.95,147.87,33.44,123.35,0.3930,-1,-1,-1
270,2,34.72,-7.39,256.03,480.39,0.8814,-1,-1,-1
270,64,407.30,-5.42,231.97,476.01,0.9089,-1,-1,-1
270,82,338.56,114.97,59.92,175.75,0.7992,-1,-1,-1
270,83,308.12,110.68,44.40,160.05,0.7386,-1,-1,-1
270,84,588.99,169.15,49.64,239.88,0.6832,-1,-1,-1
271,2,30.79,-12.16,260.30,478.45,0.8835,-1,-1,-1
271,64,401.26,-10.76,240.15,479.22,0.9133,-1,-1,-1
271,82,329.61,85.53,60.97,181.47,0.7889,-1,-1,-1
271,83,313.30,83.06,36.71,161.79,0.5845,-1,-1,-1
271,84,590.71,102.33,48.94,267.98,0.5438,-1,-1,-1
271,17,298.04,110.64,24.43,123.42,0.3441,-1,-1,-1
272,2,26.64,-16.64,253.95,459.73,0.7820,-1,-1,-1
272,64,396.67,-15.13,246.04,484.99,0.9158,-1,-1,-1
272,82,316.47,47.54,66.38,191.70,0.8086,-1,-1,-1
272,84,591.24,41.22,49.31,297.41,0.4048,-1,-1,-1
272,17,296.11,74.63,23.13,121.91,0.1779,-1,-1,-1
272,65,21.07,0.31,122.19,386.62,0.3727,-1,-1,-1
272,63,270.99,67.67,39.14,137.93,0.4075,-1,-1,-1
273,2,23.86,-4.17,250.94,451.34,0.6984,-1,-1,-1
273,64,395.91,-3.65,246.37,482.76,0.9118,-1,-1,-1
273,82,310.67,41.35,66.92,195.82,0.7509,-1,-1,-1
273,84,586.83,103.37,53.19,218.78,0.3696,-1,-1,-1
273,65,6.21,0.74,108.53,379.57,0.3706,-1,-1,-1
273,63,257.59,61.69,53.71,145.04,0.7547,-1,-1,-1
274,2,60.11,8.61,208.42,467.30,0.7080,-1,-1,-1
274,64,394.58,7.54,248.25,474.87,0.9034,-1,-1,-1
274,82,305.02,55.58,70.26,198.96,0.7753,-1,-1,-1
274,84,585.06,70.30,55.24,254.34,0.4810,-1,-1,-1
274,63,255.84,80.24,53.99,143.91,0.7574,-1,-1,-1
274,56,0.06,1.51,66.56,262.60,0.4698,-1,-1,-1
275,2,41.21,12.61,217.20,471.68,0.8455,-1,-1,-1
275,64,392.16,12.12,246.26,472.94,0.8674,-1,-1,-1
275,82,296.76,73.77,68.61,202.22,0.7900,-1,-1,-1
275,84,592.66,29.96,45.66,301.54,0.5048,-1,-1,-1
275,63,259.21,100.93,45.46,140.97,0.6514,-1,-1,-1
275,56,-0.96,58.17,58.61,247.89,0.6454,-1,-1,-1
276,2,40.68,17.03,212.90,467.97,0.8090,-1,-1,-1
276,64,399.50,16.63,240.80,475.08,0.9043,-1,-1,-1
276,82,292.68,102.68,71.39,204.79,0.8093,-1,-1,-1
276,84,601.79,100.02,37.76,255.51,0.4007,-1,-1,-1
276,63,259.49,133.07,47.20,135.34,0.4935,-1,-1,-1
277,2,42.64,9.97,202.67,446.92,0.8311,-1,-1,-1
277,64,400.97,10.68,237.70,477.86,0.9186,-1,-1,-1
277,82,283.40,112.88,70.99,209.63,0.7235,-1,-1,-1
277,84,597.11,58.54,41.55,308.45,0.4073,-1,-1,-1
277,63,249.56,143.80,41.61,132.62,0.4889,-1,-1,-1
278,2,26.57,4.83,209.19,466.58,0.8500,-1,-1,-1
278,64,396.74,4.02,230.45,477.39,0.9041,-1,-1,-1
278,82,269.15,113.76,73.95,216.43,0.7792,-1,-1,-1
278,84,589.84,82.06,48.05,283.38,0.4624,-1,-1,-1
278,63,238.17,148.12,39.71,128.79,0.5448,-1,-1,-1
278,67,205.11,121.59,46.12,185.82,0.3733,-1,-1,-1
279,2,7.96,22.96,209.17,456.90,0.8794,-1,-1,-1
279,64,379.47,5.76,226.78,476.09,0.8975,-1,-1,-1
279,82,251.10,129.76,77.03,221.77,0.7787,-1,-1,-1
279,84,576.09,69.67,58.82,307.96,0.8094,-1,-1,-1
279,88,313.49,148.81,53.38,144.07,0.6579,-1,-1,-1
279,67,186.28,142.07,59.57,193.80,0.7392,-1,-1,-1
280,2,-5.21,20.17,192.80,457.55,0.8899,-1,-1,-1
280,64,358.95,0.05,224.68,478.51,0.8896,-1,-1,-1
280,82,229.50,127.22,76.57,228.07,0.7876,-1,-1,-1
280,84,562.81,58.96,69.73,318.65,0.8290,-1,-1,-1
280,88,296.19,149.34,54.47,146.20,0.8051,-1,-1,-1
280,67,164.81,143.64,68.71,201.83,0.8065,-1,-1,-1
281,2,-11.66,1.99,158.40,474.49,0.9054,-1,-1,-1
281,64,331.06,-5.50,230.41,483.88,0.9069,-1,-1,-1
281,82,193.39,108.46,78.01,242.00,0.7880,-1,-1,-1
281,84,542.72,50.27,78.76,318.68,0.8293,-1,-1,-1
281,88,268.36,138.56,52.26,146.28,0.8328,-1,-1,-1
281,67,134.71,131.72,72.88,205.37,0.8364,-1,-1,-1
281,78,317.03,101.68,58.18,219.72,0.6762,-1,-1,-1
282,2,-3.72,4.90,119.85,474.70,0.8911,-1,-1,-1
282,64,327.89,2.06,230.55,486.09,0.9030,-1,-1,-1
282,82,165.83,110.52,79.07,254.52,0.8022,-1,-1,-1
282,84,533.88,85.89,76.78,306.92,0.4121,-1,-1,-1
282,88,258.54,146.42,43.47,145.48,0.8065,-1,-1,-1
282,67,129.90,134.18,47.29,201.43,0.6086,-1,-1,-1
282,78,293.60,88.68,70.84,273.07,0.5356,-1,-1,-1
283,2,3.36,18.44,113.43,460.83,0.8596,-1,-1,-1
283,64,348.04,4.90,228.73,484.01,0.8831,-1,-1,-1
283,82,154.99,118.02,86.39,263.68,0.8315,-1,-1,-1
283,84,535.37,126.84,74.34,291.33,0.3843,-1,-1,-1
283,88,264.62,159.02,36.95,144.66,0.7232,-1,-1,-1
283,78,306.43,120.32,70.64,276.23,0.6676,-1,-1,-1
283,89,112.01,167.14,42.68,149.10,0.6091,-1,-1,-1
284,2,6.47,17.73,119.83,460.39,0.8171,-1,-1,-1
284,64,377.81,1.39,225.66,483.61,0.8912,-1,-1,-1
284,82,154.78,114.23,91.26,272.87,0.8489,-1,-1,-1
284,84,556.40,141.30,62.57,285.49,0.2863,-1,-1,-1
284,88,276.32,161.05,38.80,143.95,0.7298,-1,-1,-1
284,78,320.14,126.83,78.21,287.59,0.7438,-1,-1,-1
284,89,119.51,165.92,42.68,152.10,0.7253,-1,-1,-1
284,90,299.44,86.44,67.33,224.36,0.5066,-1,-1,-1
285,2,6.25,15.58,129.54,463.45,0.8868,-1,-1,-1
285,64,409.32,-3.06,228.01,484.17,0.9175,-1,-1,-1
285,82,160.78,105.57,92.30,280.88,0.8550,-1,-1,-1
285,88,291.41,158.64,37.69,142.75,0.7032,-1,-1,-1
285,78,338.84,97.85,86.88,321.66,0.8513,-1,-1,-1
285,89,123.86,161.40,46.48,158.25,0.6721,-1,-1,-1
285,90,312.84,75.83,69.05,266.98,0.7348,-1,-1,-1
285,17,241.15,171.24,32.63,127.75,0.4865,-1,-1,-1
286,2,3.36,24.01,137.76,460.28,0.9024,-1,-1,-1
286,64,442.07,-2.10,209.41,488.51,0.9101,-1,-1,-1
286,82,164.95,104.45,93.65,290.51,0.8644,-1,-1,-1
286,88,305.38,145.24,38.40,162.38,0.1837,-1,-1,-1
286,78,356.31,85.00,99.63,355.09,0.8755,-1,-1,-1
286,89,129.09,164.61,43.73,163.05,0.6714,-1,-1,-1
286,90,319.72,73.64,75.59,288.45,0.6258,-1,-1,-1
286,17,254.28,174.11,34.02,130.90,0.4767,-1,-1,-1
287,2,1.79,33.39,144.78,451.37,0.8947,-1,-1,-1
287,64,472.05,-2.21,181.33,487.89,0.8892,-1,-1,-1
287,82,168.21,103.32,99.79,296.30,0.8161,-1,-1,-1
287,78,370.69,72.29,116.13,382.34,0.8855,-1,-1,-1
287,89,135.50,163.88,41.03,167.48,0.6263,-1,-1,-1
287,90,329.27,72.05,80.08,300.27,0.7646,-1,-1,-1
287,17,267.21,174.63,34.37,130.99,0.4456,-1,-1,-1
288,2,-0.12,37.43,151.20,446.08,0.8995,-1,-1,-1
288,64,502.72,-4.16,149.40,486.81,0.8588,-1,-1,-1
288,82,171.83,98.17,99.97,307.02,0.8312,-1,-1,-1
288,78,385.57,58.36,137.25,407.08,0.8844,-1,-1,-1
288,89,138.12,160.80,45.53,168.56,0.6095,-1,-1,-1
288,90,338.92,64.51,85.76,309.86,0.8194,-1,-1,-1
288,17,279.37,170.12,33.44,133.62,0.5889,-1,-1,-1
289,2,2.83,49.94,160.63,431.69,0.9023,-1,-1,-1
289,64,551.26,1.51,97.87,475.40,0.8153,-1,-1,-1
289,82,182.99,100.00,102.81,316.62,0.8151,-1,-1,-1
289,78,405.99,51.53,151.74,423.56,0.8817,-1,-1,-1
289,89,147.46,159.97,56.63,174.06,0.6043,-1,-1,-1
289,90,354.89,60.88,89.09,317.51,0.7690,-1,-1,-1
289,17,296.30,170.27,34.57,133.62,0.5505,-1,-1,-1
289,91,262.55,158.43,45.90,176.97,0.6809,-1,-1,-1
289,54,525.27,75.99,57.35,362.28,0.5404,-1,-1,-1
290,2,4.28,58.81,173.09,421.52,0.8948,-1,-1,-1
290,82,195.02,98.23,106.54,327.87,0.8001,-1,-1,-1
290,78,430.11,39.06,166.46,442.35,0.8746,-1,-1,-1
290,89,158.95,157.41,53.11,177.01,0.6930,-1,-1,-1
290,90,373.44,52.71,92.86,336.69,0.8409,-1,-1,-1
290,17,317.72,171.69,34.21,128.48,0.4801,-1,-1,-1
290,91,286.90,160.39,44.48,179.17,0.5820,-1,-1,-1
290,54,558.32,65.90,70.94,369.14,0.5653,-1,-1,-1
291,2,5.25,57.50,178.40,421.14,0.8692,-1,-1,-1
291,82,207.94,90.98,106.73,344.28,0.8385,-1,-1,-1
291,78,450.29,25.23,179.26,455.94,0.8855,-1,-1,-1
291,89,166.53,151.56,51.38,179.97,0.7067,-1,-1,-1
291,90,389.69,42.60,104.11,353.59,0.8330,-1,-1,-1
291,17,339.26,176.47,27.75,120.65,0.2179,-1,-1,-1
291,91,306.68,160.99,49.18,178.30,0.6888,-1,-1,-1
291,54,587.58,55.96,58.83,392.72,0.6430,-1,-1,-1
292,2,10.56,56.74,181.10,422.22,0.8850,-1,-1,-1
292,82,219.84,87.98,111.92,362.54,0.8385,-1,-1,-1
292,78,471.79,13.53,177.09,471.11,0.8920,-1,-1,-1
292,89,171.68,154.56,55.02,178.62,0.7097,-1,-1,-1
292,90,405.73,37.28,111.23,372.03,0.8806,-1,-1,-1
292,17,359.29,181.81,25.17,117.38,0.3408,-1,-1,-1
292,91,323.59,166.50,56.10,176.11,0.7875,-1,-1,-1
293,2,11.99,48.16,181.74,428.87,0.9075,-1,-1,-1
293,82,228.21,77.40,111.58,374.80,0.8477,-1,-1,-1
293,78,487.87,0.24,163.05,484.50,0.8871,-1,-1,-1
293,89,168.97,149.48,60.79,182.56,0.5397,-1,-1,-1
293,90,416.09,26.46,119.40,397.92,0.8618,-1,-1,-1
293,91,333.27,167.86,61.71,174.47,0.8567,-1,-1,-1
294,2,21.97,47.03,179.99,430.27,0.8776,-1,-1,-1
294,82,237.44,69.09,116.32,392.43,0.8386,-1,-1,-1
294,78,511.47,-2.63,140.11,486.34,0.8177,-1,-1,-1
294,89,173.42,169.65,60.85,164.79,0.2245,-1,-1,-1
294,90,429.16,18.12,129.56,420.89,0.8434,-1,-1,-1
294,91,349.08,167.65,64.98,175.16,0.8116,-1,-1,-1
295,2,34.02,48.43,180.86,429.07,0.7478,-1,-1,-1
295,82,243.35,59.65,122.41,410.81,0.8833,-1,-1,-1
295,78,533.33,41.17,116.74,440.42,0.8526,-1,-1,-1
295,90,440.39,9.09,141.29,440.99,0.8817,-1,-1,-1
295,91,367.49,166.30,63.07,172.56,0.7780,-1,-1,-1
296,2,12.78,55.11,208.30,421.89,0.8215,-1,-1,-1
296,82,247.98,52.36,126.20,424.11,0.8884,-1,-1,-1
296,78,553.31,55.59,93.63,425.00,0.7011,-1,-1,-1
296,90,448.79,2.15,152.81,459.14,0.8692,-1,-1,-1
296,91,383.01,165.52,60.14,174.91,0.8127,-1,-1,-1
296,92,219.79,195.00,40.43,115.02,0.7646,-1,-1,-1
297,2,4.41,56.02,222.61,419.92,0.8669,-1,-1,-1
297,82,246.87,37.64,133.50,440.38,0.8809,-1,-1,-1
297,90,456.53,-3.62,165.99,470.05,0.8799,-1,-1,-1
297,91,389.16,161.85,67.08,175.55,0.8626,-1,-1,-1
297,92,222.97,194.84,38.88,112.68,0.4861,-1,-1,-1
297,93,1.96,126.41,68.59,207.67,0.7804,-1,-1,-1
298,2,31.29,57.01,202.88,420.13,0.7867,-1,-1,-1
298,82,239.72,21.84,142.99,459.17,0.8798,-1,-1,-1
298,90,464.14,-4.23,174.68,482.68,0.9150,-1,-1,-1
298,91,398.74,164.72,79.81,172.68,0.8571,-1,-1,-1
298,93,-0.50,122.58,58.84,198.69,0.8389,-1,-1,-1
299,2,51.76,55.95,188.82,419.92,0.8573,-1,-1,-1
299,82,237.54,9.96,142.60,471.49,0.8843,-1,-1,-1
299,90,469.42,-3.45,173.40,485.77,0.9085,-1,-1,-1
299,91,404.52,167.28,85.26,169.59,0.8671,-1,-1,-1
299,93,-0.30,117.72,52.30,200.81,0.8597,-1,-1,-1
299,95,394.57,171.69,36.28,123.78,0.3716,-1,-1,-1
300,2,68.92,53.73,174.92,425.29,0.8134,-1,-1,-1
300,82,226.54,-0.88,149.01,482.78,0.8595,-1,-1,-1
300,90,481.58,-4.27,165.50,488.53,0.8960,-1,-1,-1
300,91,412.04,165.31,86.52,170.81,0.8895,-1,-1,-1
300,93,-1.51,131.94,56.92,199.87,0.8117,-1,-1,-1
300,95,405.01,173.14,33.26,120.33,0.4048,-1,-1,-1
300,96,369.59,167.76,48.09,137.35,0.7340,-1,-1,-1
301,2,82.33,50.11,156.83,427.20,0.8626,-1,-1,-1
301,82,211.92,-4.36,163.12,486.20,0.9034,-1,-1,-1
301,90,490.66,-3.07,153.28,486.03,0.9062,-1,-1,-1
301,91,418.30,163.95,82.25,171.32,0.8430,-1,-1,-1
301,93,-0.96,145.03,59.91,182.48,0.7267,-1,-1,-1
301,95,405.37,188.13,34.20,106.21,0.4443,-1,-1,-1
301,96,366.26,165.93,54.27,139.54,0.7596,-1,-1,-1
302,2,91.46,43.44,141.26,431.81,0.7947,-1,-1,-1
302,82,183.40,-7.13,176.55,489.17,0.8281,-1,-1,-1
302,90,504.85,-3.62,138.01,488.85,0.9075,-1,-1,-1
302,91,435.21,160.94,70.68,173.08,0.7802,-1,-1,-1
302,93,-2.77,145.52,54.52,172.54,0.6399,-1,-1,-1
302,95,403.91,172.29,34.51,122.22,0.2434,-1,-1,-1
302,96,361.42,164.15,67.75,142.90,0.6593,-1,-1,-1
303,82,122.88,-7.78,209.55,492.40,0.6805,-1,-1,-1
303,90,521.63,-3.41,121.35,491.09,0.9000,-1,-1,-1
303,91,448.14,159.71,70.23,174.82,0.7804,-1,-1,-1
303,96,373.15,163.11,63.87,144.73,0.6274,-1,-1,-1
303,97,47.17,102.12,88.67,310.59,0.6892,-1,-1,-1
303,98,335.38,192.43,31.54,118.27,0.6986,-1,-1,-1
304,82,101.43,-9.42,200.93,492.21,0.7529,-1,-1,-1
304,90,536.96,-2.46,104.71,490.81,0.8460,-1,-1,-1
304,91,458.40,157.68,66.91,175.17,0.8056,-1,-1,-1
304,96,380.15,160.01,58.28,143.35,0.6639,-1,-1,-1
304,97,6.50,92.43,112.12,303.75,0.8246,-1,-1,-1
304,99,284.81,160.17,60.74,156.68,0.5010,-1,-1,-1
305,82,80.91,-6.32,193.99,485.15,0.3586,-1,-1,-1
305,90,554.48,2.72,86.39,486.04,0.7592,-1,-1,-1
305,91,464.33,162.07,66.02,173.48,0.8323,-1,-1,-1
305,96,384.70,161.31,53.29,148.19,0.7339,-1,-1,-1
305,99,293.47,157.20,57.02,161.76,0.5839,-1,-1,-1
305,101,333.90,190.40,57.38,127.26,0.7114,-1,-1,-1
305,102,276.58,156.97,37.77,151.57,0.5747,-1,-1,-1
305,103,527.14,151.69,68.53,226.93,0.7763,-1,-1,-1
305,89,1.16,91.70,142.23,301.33,0.8746,-1,-1,-1
306,82,21.33,-3.06,228.47,473.46,0.3518,-1,-1,-1
306,90,574.28,1.43,65.00,482.23,0.4566,-1,-1,-1
306,91,466.32,162.00,69.70,169.57,0.8050,-1,-1,-1
306,96,384.59,159.71,55.87,148.30,0.7648,-1,-1,-1
306,99,302.19,153.56,52.94,163.96,0.6871,-1,-1,-1
306,101,344.01,188.87,45.15,126.56,0.5548,-1,-1,-1
306,102,270.76,159.94,37.68,149.10,0.5986,-1,-1,-1
306,103,516.76,138.42,86.90,240.29,0.8044,-1,-1,-1
307,82,-1.66,-1.50,223.01,476.15,0.3877,-1,-1,-1
307,91,468.85,164.27,64.39,168.22,0.7172,-1,-1,-1
307,96,385.78,159.02,63.07,148.32,0.7865,-1,-1,-1
307,99,305.54,152.23,51.70,166.05,0.7662,-1,-1,-1
307,101,342.68,187.38,45.57,127.84,0.5545,-1,-1,-1
307,102,266.42,154.93,41.10,150.00,0.4169,-1,-1,-1
307,103,509.73,129.20,105.79,249.35,0.8132,-1,-1,-1
307,63,177.24,100.13,101.00,337.49,0.6155,-1,-1,-1
308,91,476.31,171.45,60.70,155.78,0.3117,-1,-1,-1
308,96,386.04,159.01,70.73,146.60,0.8043,-1,-1,-1
308,99,309.36,150.73,50.49,167.17,0.7904,-1,-1,-1
308,101,352.87,185.68,36.81,128.58,0.7033,-1,-1,-1
308,102,272.02,173.78,35.09,119.85,0.4038,-1,-1,-1
308,103,498.94,123.18,120.27,257.07,0.8263,-1,-1,-1
308,63,157.76,71.39,125.39,390.97,0.8632,-1,-1,-1
308,17,467.96,167.93,29.48,122.63,0.4680,-1,-1,-1
309,96,389.65,158.10,71.80,148.12,0.8142,-1,-1,-1
309,99,311.43,149.76,64.17,168.66,0.8432,-1,-1,-1
309,101,362.98,184.44,35.94,128.59,0.6372,-1,-1,-1
309,103,491.33,117.48,134.68,275.91,0.8729,-1,-1,-1
309,63,130.37,59.93,159.64,413.60,0.8760,-1,-1,-1
309,17,468.28,168.49,32.52,120.86,0.6659,-1,-1,-1
309,82,-7.17,0.33,134.64,474.64,0.5382,-1,-1,-1
310,96,392.96,159.50,66.05,151.30,0.7614,-1,-1,-1
310,99,308.24,151.68,74.42,170.96,0.8537,-1,-1,-1
310,101,364.15,185.87,49.25,130.88,0.6416,-1,-1,-1
310,103,490.76,117.60,141.34,290.17,0.8440,-1,-1,-1
310,63,110.42,74.65,178.47,405.22,0.8673,-1,-1,-1
310,17,464.86,174.18,36.15,117.99,0.6794,-1,-1,-1
310,104,81.35,89.76,82.35,293.10,0.6474,-1,-1,-1
311,96,394.61,159.87,62.34,155.19,0.7740,-1,-1,-1
311,99,301.07,152.48,81.97,173.30,0.8541,-1,-1,-1
311,101,364.52,187.20,54.22,132.85,0.6608,-1,-1,-1
311,103,488.86,114.74,147.45,311.95,0.8848,-1,-1,-1
311,63,108.18,78.73,176.61,403.53,0.8416,-1,-1,-1
311,17,460.13,177.09,37.63,116.11,0.7472,-1,-1,-1
311,104,47.63,78.90,103.56,345.11,0.8240,-1,-1,-1
312,96,395.66,156.28,62.70,160.55,0.7225,-1,-1,-1
312,99,295.26,151.89,88.02,176.71,0.8818,-1,-1,-1
312,101,364.04,188.92,57.06,133.72,0.6161,-1,-1,-1
312,103,485.30,107.26,152.93,328.92,0.8926,-1,-1,-1
312,63,105.53,69.69,176.55,412.92,0.8811,-1,-1,-1
312,17,454.99,177.59,37.92,115.13,0.7328,-1,-1,-1
312,104,9.50,67.04,123.70,382.57,0.8998,-1,-1,-1
313,96,396.59,156.66,61.55,161.91,0.7336,-1,-1,-1
313,99,294.30,150.79,87.22,179.89,0.8424,-1,-1,-1
313,101,361.02,188.92,55.88,136.80,0.6822,-1,-1,-1
313,103,480.68,97.75,153.48,345.98,0.8805,-1,-1,-1
313,63,101.26,69.01,175.96,413.82,0.8785,-1,-1,-1
313,17,447.90,178.23,38.62,113.63,0.7122,-1,-1,-1
313,104,-6.41,56.04,113.70,409.53,0.8863,-1,-1,-1
314,96,398.80,155.94,60.97,162.89,0.7813,-1,-1,-1
314,99,298.40,149.75,85.53,181.87,0.8188,-1,-1,-1
314,101,364.06,186.26,52.01,138.81,0.7038,-1,-1,-1
314,103,476.72,87.48,157.46,359.86,0.8715,-1,-1,-1
314,63,100.96,68.31,178.33,414.32,0.8712,-1,-1,-1
314,17,444.63,177.51,36.99,112.81,0.6571,-1,-1,-1
314,104,-9.00,46.06,97.54,431.08,0.8190,-1,-1,-1
315,96,405.86,159.26,65.76,162.62,0.7405,-1,-1,-1
315,99,310.69,152.42,73.01,185.28,0.8029,-1,-1,-1
315,101,374.37,189.49,49.94,143.10,0.6791,-1,-1,-1
315,103,476.98,80.57,164.44,385.72,0.8983,-1,-1,-1
315,63,106.69,70.74,179.55,412.90,0.8882,-1,-1,-1
315,17,443.89,187.79,37.03,104.55,0.1621,-1,-1,-1
316,96,414.96,156.29,63.49,162.23,0.7189,-1,-1,-1
316,99,318.25,146.78,69.59,190.71,0.7823,-1,-1,-1
316,101,376.94,187.20,65.75,145.76,0.8178,-1,-1,-1
316,103,478.42,68.22,165.12,408.03,0.9018,-1,-1,-1
316,108,16.14,146.65,69.63,179.75,0.8001,-1,-1,-1
316,2,117.45,64.40,178.35,416.56,0.8937,-1,-1,-1
317,96,426.50,155.71,60.08,165.53,0.7290,-1,-1,-1
317,99,325.13,143.80,76.68,195.75,0.8409,-1,-1,-1
317,101,386.79,187.41,73.48,148.16,0.5471,-1,-1,-1
317,103,484.65,55.13,159.93,425.83,0.9216,-1,-1,-1
317,108,28.93,146.27,58.75,178.57,0.8409,-1,-1,-1
317,2,126.17,65.38,178.83,412.70,0.8971,-1,-1,-1
318,96,435.64,155.91,59.20,166.47,0.7451,-1,-1,-1
318,99,329.27,141.63,82.21,199.91,0.8617,-1,-1,-1
318,101,397.53,185.41,74.51,151.38,0.7635,-1,-1,-1
318,103,489.99,43.44,155.14,439.60,0.9193,-1,-1,-1
318,108,33.21,146.38,58.23,179.26,0.8351,-1,-1,-1
318,2,132.08,67.02,183.33,411.17,0.8462,-1,-1,-1
319,96,445.40,150.40,59.51,169.92,0.6664,-1,-1,-1
319,99,334.28,129.53,92.40,211.97,0.8664,-1,-1,-1
319,101,408.91,182.78,74.38,152.42,0.5638,-1,-1,-1
319,103,500.15,21.18,146.43,459.50,0.9129,-1,-1,-1
319,108,38.30,145.73,60.44,177.78,0.8262,-1,-1,-1
319,2,140.44,69.56,181.66,406.38,0.8767,-1,-1,-1
320,96,459.12,145.41,59.27,174.07,0.4720,-1,-1,-1
320,99,337.61,128.59,100.48,211.44,0.8862,-1,-1,-1
320,101,421.87,174.12,68.60,159.45,0.6890,-1,-1,-1
320,103,514.19,3.18,131.97,477.35,0.8849,-1,-1,-1
320,108,36.85,142.99,69.29,177.56,0.8179,-1,-1,-1
320,2,151.50,72.42,178.93,403.43,0.8648,-1,-1,-1
321,96,477.14,140.68,59.87,177.96,0.2374,-1,-1,-1
321,99,347.36,123.98,103.98,215.99,0.8861,-1,-1,-1
321,101,453.50,171.09,50.46,161.62,0.5408,-1,-1,-1
321,103,541.30,29.06,106.52,450.78,0.3475,-1,-1,-1
321,108,44.79,136.91,71.02,179.45,0.8634,-1,-1,-1
321,2,170.61,58.59,172.78,418.56,0.8706,-1,-1,-1
321,98,329.42,162.50,45.63,140.31,0.3490,-1,-1,-1
322,99,359.31,115.93,104.98,221.24,0.8589,-1,-1,-1
322,101,473.45,161.94,61.48,169.86,0.6781,-1,-1,-1
322,108,55.65,129.32,67.71,179.61,0.8229,-1,-1,-1
322,2,185.53,46.47,170.95,432.19,0.8801,-1,-1,-1
322,111,544.28,157.91,39.95,137.73,0.4820,-1,-1,-1
322,112,147.78,112.09,67.28,196.51,0.7457,-1,-1,-1
322,98,344.35,155.94,47.75,136.40,0.5336,-1,-1,-1
323,99,381.42,113.34,99.29,225.30,0.8610,-1,-1,-1
323,101,487.04,160.95,63.55,170.78,0.5737,-1,-1,-1
323,108,71.69,126.67,62.50,176.99,0.8201,-1,-1,-1
323,2,199.76,41.30,173.96,437.96,0.9010,-1,-1,-1
323,111,547.28,151.92,53.63,143.78,0.5037,-1,-1,-1
323,112,145.44,105.29,76.80,213.75,0.8354,-1,-1,-1
323,98,359.91,155.67,50.08,119.94,0.4358,-1,-1,-1
323,114,468.91,164.67,36.74,108.71,0.7131,-1,-1,-1
324,99,399.34,107.78,88.08,229.35,0.8247,-1,-1,-1
324,101,493.09,156.52,88.64,174.74,0.7858,-1,-1,-1
324,108,78.51,122.24,60.40,176.30,0.7953,-1,-1,-1
324,2,207.33,32.85,177.00,445.16,0.9034,-1,-1,-1
324,111,550.60,154.27,55.36,158.97,0.2497,-1,-1,-1
324,112,138.33,97.46,83.29,223.44,0.8335,-1,-1,-1
324,98,369.41,150.00,52.43,154.52,0.5660,-1,-1,-1
324,114,474.90,162.57,35.48,108.56,0.6750,-1,-1,-1
325,99,417.31,101.38,81.14,236.58,0.8088,-1,-1,-1
325,101,509.05,152.55,92.23,178.46,0.7677,-1,-1,-1
325,108,71.17,121.66,71.96,176.95,0.7950,-1,-1,-1
325,2,216.16,31.49,180.37,447.59,0.9066,-1,-1,-1
325,111,563.72,161.98,45.90,154.45,0.3111,-1,-1,-1
325,112,127.23,92.06,88.39,239.94,0.8381,-1,-1,-1
325,98,378.75,145.20,53.35,169.40,0.7265,-1,-1,-1
325,114,476.46,171.28,34.34,95.75,0.1806,-1,-1,-1
326,99,429.42,98.27,77.47,242.92,0.8656,-1,-1,-1
326,101,514.38,129.07,83.60,191.78,0.4448,-1,-1,-1
326,108,67.45,123.28,81.55,178.09,0.7126,-1,-1,-1
326,2,218.26,33.95,182.94,445.37,0.8992,-1,-1,-1
326,111,579.43,165.84,40.08,151.32,0.4577,-1,-1,-1
326,112,116.68,89.15,91.94,249.33,0.8184,-1,-1,-1
326,98,385.39,142.93,52.03,176.46,0.6699,-1,-1,-1
326,96,532.64,147.92,76.49,181.48,0.6977,-1,-1,-1
327,99,434.86,93.50,84.32,248.57,0.8880,-1,-1,-1
327,101,517.80,116.37,86.62,199.42,0.7677,-1,-1,-1
327,108,70.62,123.58,75.50,176.56,0.6388,-1,-1,-1
327,2,220.97,35.29,186.60,442.61,0.8832,-1,-1,-1
327,112,101.46,82.38,96.86,259.54,0.8709,-1,-1,-1
327,98,392.35,139.92,53.25,179.79,0.7286,-1,-1,-1
327,96,554.94,145.21,72.02,183.38,0.8157,-1,-1,-1
328,99,433.44,92.29,96.13,252.24,0.8788,-1,-1,-1
328,101,521.57,110.80,89.98,209.80,0.4236,-1,-1,-1
328,108,62.68,132.22,69.89,169.19,0.2632,-1,-1,-1
328,2,214.16,38.48,200.35,438.32,0.8398,-1,-1,-1
328,112,88.40,78.59,95.91,275.57,0.7856,-1,-1,-1
328,98,399.24,139.08,50.51,150.86,0.3032,-1,-1,-1
328,96,566.40,144.54,72.25,189.11,0.7824,-1,-1,-1
328,116,-1.38,126.19,32.10,160.03,0.7583,-1,-1,-1
329,99,428.31,91.13,103.78,255.67,0.8939,-1,-1,-1
329,101,533.06,106.75,80.17,211.13,0.5161,-1,-1,-1
329,2,220.52,38.97,196.36,439.98,0.8233,-1,-1,-1
329,112,59.19,69.42,107.86,290.97,0.8752,-1,-1,-1
329,98,405.13,137.73,47.32,142.91,0.4212,-1,-1,-1
329,96,566.70,145.86,74.77,189.92,0.8078,-1,-1,-1
329,117,511.80,137.75,52.92,156.52,0.4949,-1,-1,-1
330,99,425.03,92.78,106.48,260.40,0.8872,-1,-1,-1
330,101,548.64,107.35,66.44,217.09,0.5741,-1,-1,-1
330,2,235.73,36.83,185.80,444.01,0.8508,-1,-1,-1
330,112,42.91,63.59,109.97,306.62,0.8381,-1,-1,-1
330,98,409.63,139.99,47.50,149.15,0.5150,-1,-1,-1
330,96,564.37,149.67,78.93,191.00,0.7779,-1,-1,-1
330,117,505.97,138.52,58.92,160.78,0.6632,-1,-1,-1
330,118,-1.55,130.62,47.71,156.94,0.6371,-1,-1,-1
331,99,427.95,92.41,104.10,264.40,0.8693,-1,-1,-1
331,101,560.95,107.30,59.69,226.27,0.7403,-1,-1,-1
331,2,241.69,32.93,182.94,447.07,0.8660,-1,-1,-1
331,112,23.76,54.60,115.06,320.36,0.8642,-1,-1,-1
331,98,399.00,140.18,65.17,178.93,0.6650,-1,-1,-1
331,117,500.51,137.86,62.67,162.57,0.5731,-1,-1,-1
331,118,-1.79,131.90,47.22,158.44,0.6218,-1,-1,-1
332,99,440.70,88.04,100.20,266.92,0.8649,-1,-1,-1
332,101,563.24,103.34,69.33,224.53,0.7999,-1,-1,-1
332,2,241.47,27.50,185.53,452.12,0.9127,-1,-1,-1
332,112,2.47,43.49,115.26,338.13,0.8850,-1,-1,-1
332,98,406.85,136.58,61.93,193.44,0.6835,-1,-1,-1
332,118,-2.27,131.51,32.79,159.37,0.1515,-1,-1,-1
333,99,452.82,87.47,90.88,267.66,0.8395,-1,-1,-1
333,101,563.76,105.48,76.97,228.10,0.8702,-1,-1,-1
333,2,244.48,25.36,182.84,455.06,0.8931,-1,-1,-1
333,112,-5.94,35.41,106.67,352.48,0.9165,-1,-1,-1
333,98,418.54,133.71,56.72,204.41,0.8000,-1,-1,-1
334,99,460.29,83.50,92.41,271.89,0.8788,-1,-1,-1
334,101,558.11,105.29,84.66,226.39,0.9007,-1,-1,-1
334,2,242.20,27.11,181.64,452.76,0.8956,-1,-1,-1
334,112,-9.18,26.24,81.59,366.96,0.8867,-1,-1,-1
334,98,418.78,130.52,60.24,212.10,0.8471,-1,-1,-1
334,108,38.92,121.15,60.95,176.50,0.6978,-1,-1,-1
335,99,464.06,84.09,90.93,272.75,0.8358,-1,-1,-1
335,101,553.28,108.20,89.44,223.85,0.8955,-1,-1,-1
335,2,242.13,28.73,179.31,449.08,0.9059,-1,-1,-1
335,112,-6.05,37.78,56.96,362.99,0.8329,-1,-1,-1
335,98,417.66,131.86,58.85,215.13,0.6961,-1,-1,-1
335,120,78.66,175.88,29.40,88.07,0.4104,-1,-1,-1
335,108,29.86,121.01,68.63,180.32,0.7376,-1,-1,-1
336,99,465.61,77.95,97.51,274.55,0.8486,-1,-1,-1
336,101,553.80,103.29,89.03,226.00,0.8825,-1,-1,-1
336,2,242.06,23.23,177.95,452.15,0.9050,-1,-1,-1
336,98,413.32,127.77,74.10,220.79,0.6552,-1,-1,-1
336,120,72.81,181.64,24.34,78.99,0.2164,-1,-1,-1
336,108,25.98,116.06,64.44,179.25,0.7517,-1,-1,-1
337,99,467.20,70.72,108.92,275.81,0.8442,-1,-1,-1
337,101,567.45,96.37,75.67,225.42,0.8724,-1,-1,-1
337,2,242.29,13.51,179.85,462.62,0.9129,-1,-1,-1
337,98,412.53,119.99,87.38,229.35,0.7620,-1,-1,-1
337,108,26.65,109.65,58.66,176.86,0.8423,-1,-1,-1
338,99,470.57,69.08,113.69,282.79,0.8406,-1,-1,-1
338,101,588.29,96.38,55.00,224.04,0.8011,-1,-1,-1
338,2,242.63,17.56,184.36,460.94,0.9028,-1,-1,-1
338,98,421.49,117.76,79.52,229.67,0.7688,-1,-1,-1
338,108,24.78,112.62,61.62,178.91,0.8275,-1,-1,-1
339,99,468.89,67.73,117.33,287.72,0.8681,-1,-1,-1
339,101,595.07,93.94,46.43,227.82,0.8487,-1,-1,-1
339,2,242.54,16.58,185.37,461.88,0.9062,-1,-1,-1
339,98,429.35,115.70,75.20,226.11,0.7680,-1,-1,-1
339,108,23.60,112.49,62.72,180.65,0.8276,-1,-1,-1
339,123,-0.86,157.29,28.79,134.37,0.4021,-1,-1,-1
340,99,470.31,66.28,126.58,290.53,0.8770,-1,-1,-1
340,101,603.57,93.02,37.90,229.71,0.8175,-1,-1,-1
340,2,243.84,12.61,189.30,466.30,0.8864,-1,-1,-1
340,98,451.65,115.73,61.81,219.55,0.7130,-1,-1,-1
340,108,16.64,111.81,84.44,182.80,0.8414,-1,-1,-1
340,123,-0.84,125.51,24.13,165.05,0.5379,-1,-1,-1
340,124,188.99,200.70,15.65,38.30,0.4481,-1,-1,-1
341,99,490.02,65.95,122.59,294.64,0.8618,-1,-1,-1
341,101,611.34,110.68,30.34,216.08,0.6629,-1,-1,-1
341,2,250.79,14.16,186.60,465.89,0.8716,-1,-1,-1
341,98,471.71,119.41,56.28,224.03,0.7192,-1,-1,-1
341,108,8.75,115.53,102.54,182.96,0.8640,-1,-1,-1
341,123,0.07,115.25,27.00,175.93,0.6965,-1,-1,-1
341,125,433.77,108.86,53.93,208.00,0.7801,-1,-1,-1
342,99,511.66,61.02,117.74,299.09,0.8153,-1,-1,-1
342,101,614.60,106.05,26.53,221.82,0.4783,-1,-1,-1
342,2,254.95,13.00,191.14,465.98,0.8405,-1,-1,-1
342,98,486.01,114.42,59.29,233.66,0.8003,-1,-1,-1
342,108,4.87,115.44,110.73,182.43,0.8865,-1,-1,-1
342,123,1.01,109.40,34.29,181.52,0.7067,-1,-1,-1
342,125,434.26,104.83,63.22,216.39,0.7183,-1,-1,-1
342,126,229.74,170.68,34.03,86.48,0.6958,-1,-1,-1
343,99,541.72,60.59,102.69,307.07,0.8511,-1,-1,-1
343,2,255.62,15.94,208.26,465.96,0.8244,-1,-1,-1
343,98,500.50,116.89,68.37,240.58,0.7784,-1,-1,-1
343,108,19.02,119.83,99.06,177.41,0.8432,-1,-1,-1
343,123,2.25,114.17,46.79,187.06,0.7695,-1,-1,-1
343,125,450.84,104.94,61.14,220.52,0.7995,-1,-1,-1
343,126,227.56,174.10,37.43,88.75,0.7600,-1,-1,-1
344,99,557.30,58.56,88.03,314.44,0.8875,-1,-1,-1
344,2,259.93,14.69,212.47,465.79,0.8384,-1,-1,-1
344,98,505.00,118.85,76.87,241.47,0.8536,-1,-1,-1
344,108,31.31,119.67,83.28,177.59,0.8142,-1,-1,-1
344,123,1.32,116.27,54.42,184.51,0.7613,-1,-1,-1
344,125,459.16,103.57,58.65,227.85,0.7393,-1,-1,-1
344,126,221.65,173.13,37.63,90.40,0.7699,-1,-1,-1
345,99,576.22,53.80,71.05,321.02,0.8783,-1,-1,-1
345,2,272.42,5.95,216.53,472.48,0.8089,-1,-1,-1
345,98,517.73,115.76,80.58,244.33,0.8287,-1,-1,-1
345,108,53.15,116.04,62.31,179.80,0.8049,-1,-1,-1
345,123,0.92,117.48,65.76,179.39,0.8403,-1,-1,-1
345,125,467.67,97.53,52.75,234.84,0.4728,-1,-1,-1
345,126,211.78,169.59,43.88,94.06,0.7458,-1,-1,-1
346,99,596.71,57.66,48.96,327.25,0.7632,-1,-1,-1
346,2,295.34,6.40,204.08,473.82,0.7969,-1,-1,-1
346,98,541.38,117.13,83.75,253.27,0.7942,-1,-1,-1
346,108,72.13,123.64,52.83,179.42,0.7773,-1,-1,-1
346,123,4.60,127.41,75.18,175.20,0.8446,-1,-1,-1
346,125,466.85,101.97,54.92,243.85,0.4931,-1,-1,-1
346,126,210.68,175.40,47.37,95.66,0.7930,-1,-1,-1
347,2,306.54,1.61,207.24,477.31,0.8327,-1,-1,-1
347,98,567.56,113.17,76.38,261.92,0.8130,-1,-1,-1
347,108,84.83,127.22,60.09,178.45,0.8375,-1,-1,-1
347,123,9.81,128.68,79.68,176.36,0.8244,-1,-1,-1
347,125,485.86,97.26,57.15,248.28,0.4442,-1,-1,-1
347,126,213.28,175.90,46.75,96.78,0.7567,-1,-1,-1
348,2,314.58,-1.06,205.36,478.70,0.7766,-1,-1,-1
348,98,583.39,107.13,63.39,261.26,0.8472,-1,-1,-1
348,108,87.45,126.59,71.85,175.44,0.8691,-1,-1,-1
348,123,20.86,124.65,72.24,175.98,0.7702,-1,-1,-1
348,125,491.72,87.58,75.75,261.76,0.3043,-1,-1,-1
348,126,212.77,171.09,43.40,99.42,0.6572,-1,-1,-1
349,2,320.01,0.52,207.16,479.21,0.8067,-1,-1,-1
349,98,598.38,111.66,47.92,261.54,0.7199,-1,-1,-1
349,108,88.30,131.62,80.76,171.68,0.8358,-1,-1,-1
349,123,40.23,126.90,62.84,176.58,0.7850,-1,-1,-1
349,125,499.83,84.74,69.37,276.68,0.5497,-1,-1,-1
349,126,207.52,171.69,43.92,102.15,0.5478,-1,-1,-1
350,2,321.25,0.49,205.95,479.10,0.8555,-1,-1,-1
350,98,607.82,127.19,34.62,247.76,0.6290,-1,-1,-1
350,108,87.73,130.95,83.81,173.17,0.8513,-1,-1,-1
350,123,48.96,127.97,58.26,173.40,0.7859,-1,-1,-1
350,125,505.93,80.31,61.35,294.96,0.7985,-1,-1,-1
350,126,201.92,170.39,43.70,104.06,0.6747,-1,-1,-1
350,118,25.84,158.46,36.08,117.84,0.5310,-1,-1,-1
351,2,323.38,0.01,208.91,479.01,0.8401,-1,-1,-1
351,108,109.52,127.88,64.32,171.03,0.8052,-1,-1,-1
351,123,51.60,127.20,76.82,171.70,0.8458,-1,-1,-1
351,125,511.83,67.72,65.03,320.72,0.7699,-1,-1,-1
351,126,197.40,168.02,44.88,104.20,0.6922,-1,-1,-1
351,118,24.74,154.58,41.22,119.23,0.5897,-1,-1,-1
352,2,326.18,-0.40,201.57,477.32,0.8306,-1,-1,-1
352,108,128.45,126.04,54.95,170.07,0.8239,-1,-1,-1
352,123,53.41,128.48,92.82,168.07,0.8871,-1,-1,-1
352,125,512.59,59.34,82.86,342.44,0.5618,-1,-1,-1
352,126,193.42,165.61,46.35,107.17,0.7720,-1,-1,-1
352,118,26.63,152.16,45.74,119.77,0.3493,-1,-1,-1
353,2,330.10,-1.88,205.26,477.74,0.8404,-1,-1,-1
353,108,142.49,121.84,54.93,170.75,0.8179,-1,-1,-1
353,123,57.84,129.28,96.80,163.63,0.8761,-1,-1,-1
353,125,516.38,47.87,99.90,366.10,0.8688,-1,-1,-1
353,126,194.03,160.88,45.12,109.08,0.5699,-1,-1,-1
353,118,29.10,145.90,45.05,122.45,0.3284,-1,-1,-1
353,130,0.37,91.74,38.59,254.44,0.7841,-1,-1,-1
354,2,331.35,1.65,208.90,475.77,0.8395,-1,-1,-1
354,108,152.26,126.18,60.09,170.71,0.8322,-1,-1,-1
354,123,65.36,133.68,93.19,162.43,0.8426,-1,-1,-1
354,125,521.64,45.02,110.70,381.83,0.9040,-1,-1,-1
354,126,194.98,164.62,40.31,107.03,0.6842,-1,-1,-1
354,118,33.63,147.42,44.14,124.60,0.2616,-1,-1,-1
354,130,1.05,90.34,43.04,261.68,0.7609,-1,-1,-1
354,131,530.97,57.63,38.34,69.34,0.5133,-1,-1,-1
355,2,330.58,1.34,220.53,475.41,0.7053,-1,-1,-1
355,108,155.81,132.78,78.79,168.16,0.8619,-1,-1,-1
355,123,87.06,135.37,83.67,162.18,0.8369,-1,-1,-1
355,125,539.26,36.71,103.06,400.91,0.8924,-1,-1,-1
355,130,0.35,75.92,65.27,294.09,0.8493,-1,-1,-1
355,131,537.26,49.85,45.42,100.33,0.5611,-1,-1,-1
356,2,328.86,-1.71,230.44,472.06,0.6621,-1,-1,-1
356,108,153.98,128.86,86.64,166.42,0.8628,-1,-1,-1
356,123,105.56,127.88,68.86,162.70,0.7900,-1,-1,-1
356,125,552.20,18.50,90.92,418.19,0.8952,-1,-1,-1
356,130,-1.09,48.37,77.35,315.85,0.8704,-1,-1,-1
356,131,540.16,35.43,51.01,123.74,0.2732,-1,-1,-1
357,2,327.05,-1.51,233.82,478.12,0.7511,-1,-1,-1
357,108,157.43,125.90,82.32,167.16,0.8382,-1,-1,-1
357,123,120.37,125.44,59.89,161.76,0.7952,-1,-1,-1
357,125,569.44,11.58,73.76,455.88,0.7956,-1,-1,-1
357,130,-2.81,37.01,98.18,319.10,0.9116,-1,-1,-1
358,2,328.58,1.84,234.47,478.61,0.7972,-1,-1,-1
358,108,169.57,129.76,68.15,165.33,0.7141,-1,-1,-1
358,123,126.69,130.70,59.66,161.61,0.8413,-1,-1,-1
358,125,582.27,45.49,58.57,415.24,0.7906,-1,-1,-1
358,130,-0.83,39.39,107.25,316.13,0.9061,-1,-1,-1
358,117,534.79,20.57,79.89,375.00,0.8245,-1,-1,-1
359,2,328.85,21.23,230.06,464.47,0.8329,-1,-1,-1
359,108,183.50,153.81,51.80,163.84,0.7842,-1,-1,-1
359,123,122.13,158.21,70.31,157.94,0.8435,-1,-1,-1
359,125,591.73,82.23,46.48,387.80,0.7897,-1,-1,-1
359,130,0.07,70.56,104.39,311.22,0.9116,-1,-1,-1
359,117,531.68,43.98,80.85,384.08,0.8600,-1,-1,-1
360,2,332.65,28.83,228.44,453.85,0.8130,-1,-1,-1
360,108,193.39,161.13,43.74,164.48,0.8010,-1,-1,-1
360,123,121.91,163.31,74.10,161.88,0.8402,-1,-1,-1
360,130,0.97,80.03,100.48,311.99,0.9074,-1,-1,-1
360,117,534.93,45.71,92.40,399.94,0.8534,-1,-1,-1
361,2,332.79,19.35,228.12,455.59,0.8066,-1,-1,-1
361,108,190.74,156.72,46.57,164.81,0.8307,-1,-1,-1
361,123,117.93,159.96,73.02,161.24,0.8032,-1,-1,-1
361,130,-2.87,73.20,96.92,317.39,0.9181,-1,-1,-1
361,117,528.57,25.36,107.81,419.10,0.8874,-1,-1,-1
362,2,333.44,11.54,224.56,462.43,0.8221,-1,-1,-1
362,108,184.36,152.91,52.26,163.26,0.8650,-1,-1,-1
362,123,128.55,153.84,57.55,157.41,0.7199,-1,-1,-1
362,130,-3.49,64.20,95.35,323.35,0.8995,-1,-1,-1
362,117,525.24,5.05,113.36,439.22,0.8871,-1,-1,-1
363,2,339.43,12.70,222.51,461.92,0.8705,-1,-1,-1
363,108,183.38,156.78,59.01,162.43,0.8106,-1,-1,-1
363,123,138.42,155.61,50.54,155.86,0.7852,-1,-1,-1
363,130,-0.81,66.35,100.52,327.09,0.8986,-1,-1,-1
363,117,530.64,0.45,111.66,451.43,0.8737,-1,-1,-1
363,134,99.85,174.81,45.33,135.31,0.7431,-1,-1,-1
364,2,349.35,17.90,213.23,458.36,0.8309,-1,-1,-1
364,108,184.89,164.03,59.91,162.90,0.8290,-1,-1,-1
364,123,146.05,163.03,48.17,156.38,0.8069,-1,-1,-1
364,130,-0.62,74.54,106.91,329.33,0.8800,-1,-1,-1
364,117,540.62,1.45,102.99,470.85,0.8256,-1,-1,-1
364,134,95.90,180.58,46.78,137.62,0.7117,-1,-1,-1
365,2,351.30,21.69,205.22,457.51,0.8641,-1,-1,-1
365,108,190.21,169.09,52.73,160.75,0.8370,-1,-1,-1
365,123,144.37,168.39,51.55,156.73,0.8374,-1,-1,-1
365,130,-1.38,81.87,107.20,327.19,0.8847,-1,-1,-1
365,117,544.98,24.55,95.75,455.74,0.8246,-1,-1,-1
365,134,83.93,179.58,49.67,144.17,0.3847,-1,-1,-1
366,2,351.97,14.59,199.02,465.81,0.8087,-1,-1,-1
366,108,191.56,155.72,48.98,161.77,0.8535,-1,-1,-1
366,123,132.92,159.22,73.58,155.10,0.8549,-1,-1,-1
366,130,-3.95,67.87,104.36,329.24,0.8833,-1,-1,-1
366,117,565.62,22.51,74.54,459.47,0.8544,-1,-1,-1
366,134,68.05,166.55,38.98,145.99,0.1964,-1,-1,-1
367,2,359.73,10.39,199.74,468.68,0.7834,-1,-1,-1
367,108,201.51,147.61,49.04,160.18,0.8117,-1,-1,-1
367,123,135.99,151.68,76.34,153.29,0.8684,-1,-1,-1
367,130,0.07,60.28,111.78,326.72,0.6890,-1,-1,-1
367,117,592.02,28.30,50.43,454.51,0.4224,-1,-1,-1
367,134,66.14,156.24,36.15,147.00,0.1718,-1,-1,-1
367,131,602.03,35.46,38.09,258.40,0.6347,-1,-1,-1
368,2,370.07,13.59,203.68,462.20,0.7973,-1,-1,-1
368,108,213.90,147.92,53.06,160.10,0.8368,-1,-1,-1
368,123,145.07,154.49,75.16,151.12,0.8736,-1,-1,-1
368,130,4.10,64.16,120.67,324.64,0.9084,-1,-1,-1
369,2,380.78,16.26,207.33,460.14,0.7992,-1,-1,-1
369,108,224.03,155.13,62.42,158.64,0.8792,-1,-1,-1
369,123,159.75,160.31,71.78,150.77,0.8360,-1,-1,-1
369,130,5.54,75.24,133.13,313.47,0.9081,-1,-1,-1
370,2,402.36,13.35,193.11,463.40,0.7042,-1,-1,-1
370,108,222.90,160.34,67.16,156.74,0.8731,-1,-1,-1
370,123,171.03,162.54,63.96,148.79,0.8048,-1,-1,-1
370,130,1.27,78.39,138.93,307.13,0.9045,-1,-1,-1
371,2,386.95,7.77,219.91,469.80,0.7239,-1,-1,-1
371,108,223.44,159.61,67.06,156.79,0.8604,-1,-1,-1
371,123,184.11,158.27,54.75,151.49,0.8100,-1,-1,-1
371,130,-0.14,75.14,139.25,307.97,0.8933,-1,-1,-1
372,2,393.09,1.77,233.67,473.45,0.7739,-1,-1,-1
372,108,231.45,159.22,64.44,155.39,0.8310,-1,-1,-1
372,123,194.92,158.27,52.17,151.30,0.8387,-1,-1,-1
372,130,5.93,73.84,137.78,307.99,0.8883,-1,-1,-1
373,2,394.15,-0.38,246.70,476.34,0.7728,-1,-1,-1
373,108,247.22,158.17,59.58,156.28,0.8103,-1,-1,-1
373,123,206.49,159.11,54.46,150.67,0.7867,-1,-1,-1
373,130,17.48,78.59,136.94,307.50,0.8767,-1,-1,-1
373,139,1.30,121.27,39.83,257.95,0.5747,-1,-1,-1
374,2,398.45,-0.57,247.28,479.25,0.8051,-1,-1,-1
374,108,264.28,158.92,50.32,156.65,0.8148,-1,-1,-1
374,123,214.21,163.45,58.61,148.25,0.8291,-1,-1,-1
374,130,25.16,83.53,137.06,309.96,0.9134,-1,-1,-1
374,139,1.22,110.46,46.82,272.13,0.8111,-1,-1,-1
374,140,187.56,221.22,20.35,49.17,0.6454,-1,-1,-1
375,2,413.08,-1.21,232.44,482.00,0.8332,-1,-1,-1
375,108,273.33,157.79,46.15,157.45,0.8191,-1,-1,-1
375,123,217.13,163.74,59.88,147.76,0.8253,-1,-1,-1
375,130,28.64,80.08,132.55,317.57,0.9087,-1,-1,-1
375,139,-0.24,102.50,50.75,281.42,0.8408,-1,-1,-1
375,140,188.54,221.27,18.46,48.20,0.4491,-1,-1,-1
376,2,425.53,-0.74,219.44,483.18,0.8702,-1,-1,-1
376,108,278.87,159.19,45.15,155.71,0.8111,-1,-1,-1
376,123,222.34,162.91,56.90,149.47,0.8275,-1,-1,-1
376,130,32.54,79.33,132.23,316.24,0.8994,-1,-1,-1
376,139,-1.04,98.77,58.61,284.55,0.8471,-1,-1,-1
376,140,187.81,219.63,18.56,48.52,0.4900,-1,-1,-1
377,2,448.29,11.46,194.73,470.81,0.8272,-1,-1,-1
377,108,281.25,160.49,46.37,154.73,0.8219,-1,-1,-1
377,123,229.24,160.42,50.64,147.36,0.8411,-1,-1,-1
377,130,34.76,74.07,136.02,316.97,0.9036,-1,-1,-1
377,139,-1.10,95.03,64.32,290.72,0.8692,-1,-1,-1
377,140,186.18,217.65,19.73,49.49,0.5297,-1,-1,-1
377,141,446.93,193.08,40.01,89.83,0.6947,-1,-1,-1
378,2,473.95,22.01,168.11,458.70,0.7825,-1,-1,-1
378,108,283.37,160.27,47.48,155.68,0.7887,-1,-1,-1
378,123,234.42,159.61,46.42,147.74,0.8088,-1,-1,-1
378,130,40.94,72.47,133.84,310.44,0.9042,-1,-1,-1
378,139,-1.26,94.36,67.70,293.28,0.8418,-1,-1,-1
378,140,186.25,217.05,19.17,49.14,0.4006,-1,-1,-1
378,141,449.29,193.58,39.94,91.56,0.7468,-1,-1,-1
379,2,499.19,35.10,141.90,444.73,0.8235,-1,-1,-1
379,108,287.45,156.71,47.39,154.89,0.8250,-1,-1,-1
379,123,237.79,158.28,44.58,147.72,0.7582,-1,-1,-1
379,130,42.78,70.42,132.04,311.26,0.9090,-1,-1,-1
379,139,-1.96,93.96,62.04,283.31,0.8316,-1,-1,-1
379,140,184.42,214.48,18.70,49.52,0.1956,-1,-1,-1
379,141,447.68,191.48,41.39,89.42,0.7359,-1,-1,-1
380,2,527.12,50.98,112.40,429.16,0.7979,-1,-1,-1
380,108,291.41,159.03,45.49,153.66,0.8534,-1,-1,-1
380,123,238.75,161.35,50.59,147.64,0.7777,-1,-1,-1
380,130,41.47,71.81,130.42,316.08,0.9091,-1,-1,-1
380,139,-1.58,98.12,58.23,281.06,0.8307,-1,-1,-1
380,140,177.95,217.13,20.34,50.42,0.1797,-1,-1,-1
380,141,444.96,193.41,41.16,91.13,0.7601,-1,-1,-1
381,2,549.86,73.37,88.96,406.26,0.8513,-1,-1,-1
381,108,293.03,161.78,45.69,154.35,0.8393,-1,-1,-1
381,123,236.39,167.76,56.40,145.45,0.8032,-1,-1,-1
381,130,38.27,75.17,128.34,321.70,0.9009,-1,-1,-1
381,139,-1.82,107.95,53.02,274.68,0.8098,-1,-1,-1
381,140,172.55,219.03,20.95,52.61,0.3532,-1,-1,-1
381,141,442.54,195.91,41.96,91.59,0.6535,-1,-1,-1
381,142,509.00,165.35,64.85,167.20,0.7993,-1,-1,-1
382,2,572.49,107.22,66.45,369.53,0.8173,-1,-1,-1
382,108,292.06,159.40,50.23,156.04,0.8302,-1,-1,-1
382,123,232.56,168.76,58.29,144.08,0.7873,-1,-1,-1
382,130,33.46,74.92,125.60,328.15,0.8928,-1,-1,-1
382,139,-2.32,119.50,44.82,228.56,0.7746,-1,-1,-1
382,140,167.27,218.53,19.98,51.50,0.2452,-1,-1,-1
382,141,444.75,194.47,39.35,90.63,0.5548,-1,-1,-1
382,142,508.31,163.72,74.62,171.88,0.8205,-1,-1,-1
383,2,591.89,201.14,47.27,276.89,0.6737,-1,-1,-1
383,108,289.76,161.24,55.81,158.52,0.8609,-1,-1,-1
383,123,228.63,171.73,59.05,144.31,0.8323,-1,-1,-1
383,130,23.78,76.13,125.69,334.88,0.9024,-1,-1,-1
383,139,-2.14,134.06,39.71,204.23,0.7275,-1,-1,-1
383,140,160.54,232.75,19.90,40.29,0.2154,-1,-1,-1
383,141,441.86,199.33,37.15,87.40,0.5170,-1,-1,-1
383,142,504.15,163.84,86.52,178.81,0.8432,-1,-1,-1
384,108,283.99,159.96,56.40,157.91,0.8820,-1,-1,-1
384,123,227.47,166.86,58.98,144.40,0.8165,-1,-1,-1
384,130,8.13,72.65,126.82,335.50,0.8992,-1,-1,-1
384,139,-2.48,166.84,28.47,155.91,0.5622,-1,-1,-1
384,140,150.07,221.32,20.06,49.10,0.2849,-1,-1,-1
384,141,433.43,195.87,41.54,87.78,0.5953,-1,-1,-1
384,142,505.60,154.31,86.44,185.76,0.8693,-1,-1,-1
385,108,283.79,159.64,55.96,157.45,0.8695,-1,-1,-1
385,123,233.39,163.49,54.09,145.16,0.8234,-1,-1,-1
385,130,1.82,68.16,126.69,334.27,0.9165,-1,-1,-1
385,139,-0.16,192.07,23.60,184.06,0.1689,-1,-1,-1
385,140,146.50,229.58,18.65,39.29,0.2531,-1,-1,-1
385,141,431.94,194.39,42.25,86.66,0.7243,-1,-1,-1
385,142,510.68,148.98,82.78,192.28,0.8484,-1,-1,-1
386,108,283.27,157.67,54.44,157.49,0.8676,-1,-1,-1
386,123,236.15,160.48,51.33,147.98,0.8104,-1,-1,-1
386,130,-1.79,63.95,122.79,336.58,0.9177,-1,-1,-1
386,140,138.93,234.20,17.68,34.83,0.2129,-1,-1,-1
386,141,427.23,192.11,43.04,86.56,0.6965,-1,-1,-1
386,142,519.56,144.36,66.01,203.63,0.8515,-1,-1,-1
387,108,285.31,153.94,49.29,158.50,0.8400,-1,-1,-1
387,123,234.27,159.09,53.04,148.56,0.8194,-1,-1,-1
387,130,-3.16,58.47,119.04,346.09,0.9154,-1,-1,-1
387,141,421.02,190.77,42.20,86.81,0.6863,-1,-1,-1
387,142,522.12,138.32,67.89,217.96,0.8725,-1,-1,-1
388,108,287.57,154.71,45.57,159.40,0.8041,-1,-1,-1
388,123,234.54,162.32,51.98,147.20,0.8593,-1,-1,-1
388,130,-1.99,57.14,113.26,354.61,0.9080,-1,-1,-1
388,141,417.54,190.76,40.64,88.68,0.5969,-1,-1,-1
388,142,522.59,135.95,69.38,228.77,0.8617,-1,-1,-1
389,108,284.75,162.02,45.37,159.31,0.7678,-1,-1,-1
389,123,229.72,170.24,52.49,144.90,0.8683,-1,-1,-1
389,130,-2.46,60.37,108.16,357.38,0.9008,-1,-1,-1
389,141,422.15,196.65,29.68,87.64,0.4454,-1,-1,-1
389,142,522.83,136.76,72.41,241.50,0.8784,-1,-1,-1
390,108,277.47,161.71,49.59,156.01,0.8280,-1,-1,-1
390,123,223.25,167.36,53.54,147.70,0.8404,-1,-1,-1
390,130,-2.93,57.72,98.59,347.76,0.8814,-1,-1,-1
390,141,406.74,194.32,36.44,86.12,0.6970,-1,-1,-1
390,142,519.92,127.35,75.12,252.64,0.8743,-1,-1,-1
390,140,101.39,221.31,21.45,51.66,0.3763,-1,-1,-1
391,108,269.00,161.87,49.13,154.25,0.7898,-1,-1,-1
391,123,215.96,164.67,51.01,144.61,0.8556,-1,-1,-1
391,130,-3.16,81.42,83.65,323.22,0.8843,-1,-1,-1
391,141,396.00,192.08,36.07,84.57,0.6724,-1,-1,-1
391,142,508.91,116.58,91.80,265.36,0.8818,-1,-1,-1
391,140,87.69,217.26,23.47,55.55,0.2108,-1,-1,-1
392,108,264.51,158.59,49.91,156.57,0.7478,-1,-1,-1
392,123,213.35,161.95,48.20,145.03,0.8309,-1,-1,-1
392,130,-1.42,92.12,68.25,314.88,0.8572,-1,-1,-1
392,141,388.65,192.06,36.41,80.23,0.7531,-1,-1,-1
392,142,501.85,109.19,110.96,275.50,0.8902,-1,-1,-1
392,140,76.26,218.51,23.90,54.39,0.3590,-1,-1,-1
392,147,350.19,217.23,13.33,32.90,0.3847,-1,-1,-1
393,108,260.09,162.99,51.91,154.32,0.8070,-1,-1,-1
393,123,210.25,164.58,46.67,148.20,0.8187,-1,-1,-1
393,130,-0.62,101.84,54.09,311.11,0.7830,-1,-1,-1
393,141,382.82,196.28,36.95,81.60,0.7256,-1,-1,-1
393,142,494.42,107.06,136.92,296.87,0.9025,-1,-1,-1
393,147,342.52,219.90,13.01,33.78,0.4785,-1,-1,-1
394,108,261.74,162.34,51.29,154.02,0.7965,-1,-1,-1
394,123,212.63,165.00,45.87,149.36,0.8241,-1,-1,-1
394,130,1.31,104.57,61.97,311.49,0.6983,-1,-1,-1
394,141,382.94,196.24,37.30,82.45,0.7381,-1,-1,-1
394,142,494.83,103.25,145.80,311.21,0.9113,-1,-1,-1
394,147,342.32,220.83,12.57,33.59,0.3726,-1,-1,-1
395,108,256.21,158.83,51.15,154.63,0.8398,-1,-1,-1
395,123,208.18,161.57,49.99,149.91,0.8530,-1,-1,-1
395,130,-0.28,103.71,42.12,253.28,0.6574,-1,-1,-1
395,141,377.51,193.15,37.09,83.44,0.7642,-1,-1,-1
395,142,489.36,94.22,152.95,332.02,0.9143,-1,-1,-1
395,147,335.69,218.51,11.92,33.08,0.2934,-1,-1,-1
395,140,54.91,214.84,24.00,59.09,0.5396,-1,-1,-1
396,108,253.91,161.21,49.13,155.29,0.8374,-1,-1,-1
396,123,204.24,165.68,54.59,149.97,0.8394,-1,-1,-1
396,130,-0.19,110.02,26.86,228.64,0.6885,-1,-1,-1
396,141,373.33,196.86,36.06,82.72,0.7303,-1,-1,-1
396,142,488.43,88.88,155.54,356.16,0.9193,-1,-1,-1
396,147,328.82,221.14,11.76,32.89,0.2309,-1,-1,-1
396,140,45.41,221.45,23.53,54.11,0.2525,-1,-1,-1
397,108,253.79,164.55,48.04,155.15,0.8374,-1,-1,-1
397,123,200.49,168.88,54.63,148.43,0.8517,-1,-1,-1
397,141,370.59,199.97,32.97,81.13,0.4884,-1,-1,-1
397,142,491.94,79.79,152.68,381.76,0.9147,-1,-1,-1
397,147,325.38,219.72,13.38,36.86,0.2995,-1,-1,-1
398,108,254.33,168.09,47.58,154.76,0.8323,-1,-1,-1
398,123,199.83,172.25,53.42,147.47,0.8327,-1,-1,-1
398,141,369.77,201.84,32.88,80.45,0.5843,-1,-1,-1
398,142,505.96,65.32,141.21,406.52,0.8971,-1,-1,-1
398,147,323.72,219.55,13.44,38.19,0.4330,-1,-1,-1
399,108,253.67,166.12,49.11,155.25,0.8187,-1,-1,-1
399,123,200.29,170.06,52.67,147.40,0.8106,-1,-1,-1
399,141,368.67,197.37,34.90,82.69,0.5757,-1,-1,-1
399,142,518.55,44.63,128.81,434.17,0.8850,-1,-1,-1
399,147,322.02,219.20,14.48,36.41,0.3617,-1,-1,-1
399,140,27.11,222.43,24.58,57.47,0.4439,-1,-1,-1
400,108,251.45,164.55,48.85,153.70,0.8585,-1,-1,-1
400,123,203.57,165.70,47.11,147.96,0.8166,-1,-1,-1
400,141,365.04,195.49,33.36,83.85,0.7025,-1,-1,-1
400,142,535.14,27.84,110.12,456.24,0.8500,-1,-1,-1
400,147,317.16,217.94,13.93,36.07,0.3484,-1,-1,-1
400,140,18.96,219.60,23.44,57.30,0.2827,-1,-1,-1
401,108,248.55,164.73,48.50,151.58,0.8305,-1,-1,-1
401,123,199.99,164.53,50.01,147.89,0.8371,-1,-1,-1
401,141,359.64,198.20,32.62,82.26,0.4779,-1,-1,-1
401,142,557.35,24.16,85.41,462.93,0.8553,-1,-1,-1
401,147,309.76,221.43,14.06,34.16,0.2438,-1,-1,-1
401,140,6.36,218.06,25.27,58.22,0.2455,-1,-1,-1
402,108,246.22,160.96,46.80,150.38,0.8264,-1,-1,-1
402,123,197.08,160.98,50.50,148.77,0.8397,-1,-1,-1
402,141,353.96,198.68,34.38,78.29,0.2651,-1,-1,-1
402,142,580.33,55.37,62.95,429.94,0.8286,-1,-1,-1
402,147,305.62,216.79,13.39,35.79,0.2194,-1,-1,-1
403,108,245.55,165.66,49.19,148.46,0.8472,-1,-1,-1
403,123,198.18,164.58,50.06,147.53,0.8566,-1,-1,-1
403,141,352.21,195.66,34.37,82.28,0.4307,-1,-1,-1
403,142,597.55,86.40,43.84,395.51,0.4073,-1,-1,-1
403,147,304.84,219.48,12.88,34.14,0.2908,-1,-1,-1
404,108,244.67,166.01,50.76,148.56,0.8151,-1,-1,-1
404,123,198.39,166.20,48.77,145.60,0.8520,-1,-1,-1
404,141,350.36,193.92,34.44,81.85,0.5316,-1,-1,-1
405,108,244.19,165.09,51.06,147.84,0.8253,-1,-1,-1
405,123,196.42,166.71,50.28,143.46,0.8552,-1,-1,-1
405,141,348.00,193.21,32.43,80.02,0.5738,-1,-1,-1
405,147,300.18,216.11,13.84,34.08,0.3748,-1,-1,-1
406,108,244.26,164.89,49.48,145.05,0.8270,-1,-1,-1
406,123,195.61,166.20,51.47,140.55,0.8374,-1,-1,-1
406,141,346.72,192.08,32.47,81.15,0.6693,-1,-1,-1
406,147,298.78,213.38,14.42,36.61,0.2718,-1,-1,-1
407,108,247.35,161.25,47.31,143.91,0.8036,-1,-1,-1
407,123,195.60,161.09,50.68,141.94,0.8291,-1,-1,-1
407,141,346.11,191.47,31.56,79.55,0.6988,-1,-1,-1
408,108,249.78,159.38,46.02,143.62,0.8270,-1,-1,-1
408,123,197.76,156.81,47.38,145.06,0.8224,-1,-1,-1
408,141,345.44,191.03,31.98,78.39,0.7892,-1,-1,-1
409,108,249.71,157.00,46.13,144.14,0.8139,-1,-1,-1
409,123,197.05,155.40,46.29,144.57,0.8380,-1,-1,-1
409,141,344.94,187.74,32.85,79.08,0.7920,-1,-1,-1
410,108,246.53,157.38,46.68,144.92,0.8263,-1,-1,-1
410,123,192.02,157.71,47.82,143.00,0.8357,-1,-1,-1
410,141,339.28,185.59,34.08,80.04,0.5618,-1,-1,-1
411,108,242.81,157.82,45.19,144.89,0.8174,-1,-1,-1
411,123,185.18,158.38,50.31,140.31,0.8484,-1,-1,-1
411,141,334.20,187.90,33.91,76.46,0.3807,-1,-1,-1
412,108,238.41,161.35,45.45,142.81,0.8006,-1,-1,-1
412,123,182.55,162.05,46.32,139.89,0.8242,-1,-1,-1
412,141,328.00,189.07,33.40,76.87,0.6980,-1,-1,-1
413,108,236.46,159.75,46.58,142.25,0.7735,-1,-1,-1
413,123,182.55,161.46,44.44,139.50,0.8218,-1,-1,-1
413,141,325.08,187.52,33.67,76.59,0.5353,-1,-1,-1
414,108,233.53,162.45,46.60,139.99,0.7851,-1,-1,-1
414,123,178.97,161.99,47.10,139.53,0.8274,-1,-1,-1
414,141,318.52,188.56,35.78,76.50,0.6139,-1,-1,-1
415,108,227.95,160.90,45.67,139.98,0.8078,-1,-1,-1
415,123,173.33,160.69,47.77,139.68,0.8280,-1,-1,-1
415,141,311.62,190.73,33.92,74.62,0.4624,-1,-1,-1
415,151,549.05,145.07,89.55,274.52,0.8510,-1,-1,-1
416,108,222.43,164.69,45.93,138.99,0.7812,-1,-1,-1
416,123,169.75,162.61,49.64,138.81,0.8229,-1,-1,-1
416,141,304.73,194.77,29.97,72.84,0.3433,-1,-1,-1
416,151,543.78,107.20,94.63,318.94,0.8902,-1,-1,-1
417,108,219.64,169.01,43.66,137.59,0.7349,-1,-1,-1
417,123,168.88,164.18,49.12,139.61,0.8350,-1,-1,-1
417,141,300.95,194.53,30.76,75.72,0.6708,-1,-1,-1
417,151,543.76,56.67,95.62,377.03,0.8590,-1,-1,-1
418,108,213.24,166.42,49.32,135.97,0.8219,-1,-1,-1
418,123,167.02,162.22,49.04,137.72,0.8470,-1,-1,-1
418,141,297.36,191.99,31.17,73.54,0.6015,-1,-1,-1
418,151,543.20,25.06,97.81,407.61,0.8707,-1,-1,-1
419,108,210.66,168.83,49.54,134.46,0.8022,-1,-1,-1
419,123,165.40,165.72,49.52,135.30,0.8383,-1,-1,-1
419,141,294.59,192.08,31.49,74.38,0.7495,-1,-1,-1
419,151,529.87,16.18,109.44,419.82,0.8962,-1,-1,-1
420,108,207.44,168.01,45.89,132.62,0.7918,-1,-1,-1
420,123,160.58,165.32,48.96,134.56,0.8040,-1,-1,-1
420,141,287.57,192.06,31.85,71.40,0.7502,-1,-1,-1
420,151,502.24,12.45,133.58,429.87,0.9184,-1,-1,-1
421,108,202.43,167.71,43.55,129.67,0.7576,-1,-1,-1
421,123,153.97,166.49,47.68,130.77,0.8403,-1,-1,-1
421,141,280.01,191.69,32.06,72.86,0.8139,-1,-1,-1
421,151,479.23,15.71,155.96,432.34,0.9189,-1,-1,-1
422,108,199.45,164.58,42.52,130.82,0.7860,-1,-1,-1
422,123,151.80,164.27,46.48,130.31,0.8325,-1,-1,-1
422,141,276.80,190.25,30.97,73.73,0.7362,-1,-1,-1
422,151,466.29,20.73,168.87,429.09,0.9190,-1,-1,-1
423,108,195.62,160.77,41.98,130.99,0.7961,-1,-1,-1
423,123,147.33,160.85,46.16,132.22,0.8230,-1,-1,-1
423,141,271.40,189.76,30.67,72.21,0.6321,-1,-1,-1
423,151,455.73,26.11,174.96,426.94,0.9169,-1,-1,-1
424,108,193.05,161.19,40.39,130.76,0.7995,-1,-1,-1
424,123,142.89,160.08,45.07,133.48,0.8041,-1,-1,-1
424,141,266.19,188.30,29.87,73.56,0.7524,-1,-1,-1
424,151,442.95,34.29,179.77,420.16,0.8874,-1,-1,-1
425,108,185.82,159.77,40.31,131.51,0.7891,-1,-1,-1
425,123,135.43,160.08,45.58,131.87,0.8080,-1,-1,-1
425,141,258.46,186.25,29.81,73.12,0.7067,-1,-1,-1
425,151,428.00,38.64,183.34,412.20,0.8982,-1,-1,-1
426,108,183.27,159.07,39.24,130.04,0.7942,-1,-1,-1
426,123,131.34,158.50,47.72,131.47,0.7797,-1,-1,-1
426,141,254.77,183.74,28.80,73.02,0.6917,-1,-1,-1
426,151,418.59,41.18,187.06,405.98,0.8714,-1,-1,-1
427,108,177.10,156.80,42.35,129.99,0.7677,-1,-1,-1
427,123,124.57,157.57,49.07,130.11,0.7878,-1,-1,-1
427,141,248.37,179.47,27.99,74.97,0.7293,-1,-1,-1
427,151,408.17,40.90,169.85,401.59,0.8805,-1,-1,-1
428,108,173.93,152.84,41.92,129.61,0.7951,-1,-1,-1
428,123,119.82,156.68,50.62,128.62,0.8164,-1,-1,-1
428,141,241.58,178.39,28.64,73.72,0.6692,-1,-1,-1
428,151,403.23,39.50,145.04,387.53,0.9019,-1,-1,-1
428,152,563.06,15.88,74.44,440.01,0.8488,-1,-1,-1
429,108,170.35,152.22,42.37,129.16,0.7995,-1,-1,-1
429,123,116.09,155.99,49.34,127.49,0.7956,-1,-1,-1
429,141,234.96,178.66,28.20,74.11,0.7573,-1,-1,-1
429,151,397.38,41.52,124.34,368.27,0.9053,-1,-1,-1
430,108,166.33,153.23,41.84,128.05,0.7857,-1,-1,-1
430,123,112.12,155.15,50.05,126.84,0.8183,-1,-1,-1
430,141,229.30,181.06,27.40,72.33,0.5701,-1,-1,-1
430,151,372.85,46.49,127.17,357.53,0.8954,-1,-1,-1
430,153,415.01,1.07,222.55,477.94,0.8966,-1,-1,-1
431,108,164.06,153.17,43.18,125.21,0.7836,-1,-1,-1
431,123,109.63,152.55,50.76,125.69,0.7936,-1,-1,-1
431,141,223.59,178.92,29.27,71.71,0.7437,-1,-1,-1
431,151,348.81,49.62,135.51,347.07,0.8956,-1,-1,-1
431,153,391.34,0.99,242.14,475.96,0.8793,-1,-1,-1
432,108,161.71,154.90,42.29,122.19,0.6763,-1,-1,-1
432,123,108.21,152.03,51.64,124.59,0.8176,-1,-1,-1
432,141,220.86,174.99,30.01,74.56,0.7562,-1,-1,-1
432,151,336.16,51.30,130.38,323.52,0.8705,-1,-1,-1
432,153,402.75,-0.18,234.29,475.17,0.8882,-1,-1,-1
432,154,0.19,131.22,58.56,197.77,0.6872,-1,-1,-1
433,108,158.26,154.77,42.14,121.77,0.7057,-1,-1,-1
433,123,107.25,153.84,51.03,122.68,0.8292,-1,-1,-1
433,141,217.74,175.71,30.27,73.19,0.8186,-1,-1,-1
433,151,330.83,55.42,112.90,312.97,0.8564,-1,-1,-1
433,153,406.12,1.18,229.41,474.58,0.8541,-1,-1,-1
433,154,1.57,109.48,67.49,239.70,0.6654,-1,-1,-1
434,108,154.80,155.86,41.59,119.11,0.7954,-1,-1,-1
434,123,102.74,157.60,50.48,118.42,0.8360,-1,-1,-1
434,141,210.85,174.65,30.79,73.43,0.7612,-1,-1,-1
434,151,321.44,60.67,95.81,303.58,0.7951,-1,-1,-1
434,153,383.47,3.19,197.99,466.36,0.7953,-1,-1,-1
434,154,2.34,77.43,75.39,280.23,0.6240,-1,-1,-1
435,108,151.05,152.08,40.86,119.14,0.7763,-1,-1,-1
435,123,97.20,153.59,51.22,120.88,0.8350,-1,-1,-1
435,141,207.23,174.22,30.55,72.51,0.6603,-1,-1,-1
435,151,312.01,83.49,74.92,283.63,0.7105,-1,-1,-1
435,153,353.75,-0.66,174.81,474.91,0.8553,-1,-1,-1
435,154,-0.73,57.28,78.25,303.98,0.5672,-1,-1,-1
436,108,149.14,148.35,39.61,118.84,0.7939,-1,-1,-1
436,123,93.21,150.65,47.35,120.20,0.8046,-1,-1,-1
436,141,203.68,172.90,28.29,71.94,0.6917,-1,-1,-1
436,153,310.59,3.89,178.07,473.93,0.8962,-1,-1,-1
436,154,1.42,52.93,76.56,294.47,0.1885,-1,-1,-1
437,108,144.94,149.26,41.08,119.79,0.7413,-1,-1,-1
437,123,86.68,149.56,46.72,121.51,0.8180,-1,-1,-1
437,153,262.86,1.26,208.71,480.33,0.9259,-1,-1,-1
437,154,-3.15,54.89,76.90,286.20,0.3907,-1,-1,-1
438,108,82.17,154.33,47.13,122.69,0.8289,-1,-1,-1
438,153,195.78,-3.46,263.05,499.16,0.9044,-1,-1,-1
438,159,144.43,155.71,40.72,112.65,0.7584,-1,-1,-1
438,160,556.30,67.85,77.66,340.53,0.8625,-1,-1,-1
439,108,77.10,150.29,47.17,123.32,0.8399,-1,-1,-1
439,153,178.65,-1.93,275.20,493.38,0.8629,-1,-1,-1
439,159,138.90,151.41,38.98,117.63,0.8131,-1,-1,-1
439,160,535.22,75.10,98.74,330.66,0.8993,-1,-1,-1
439,162,-3.08,75.22,71.59,291.47,0.3915,-1,-1,-1
439,163,384.17,135.34,49.00,174.31,0.6429,-1,-1,-1
440,153,110.37,-3.66,316.31,493.06,0.8435,-1,-1,-1
440,160,522.93,77.28,112.24,331.17,0.9120,-1,-1,-1
440,162,-4.15,56.40,70.13,339.24,0.6913,-1,-1,-1
440,163,371.20,135.51,53.70,178.51,0.7039,-1,-1,-1
441,153,31.97,-4.97,302.13,495.81,0.8618,-1,-1,-1
441,160,524.14,80.06,113.71,333.44,0.8889,-1,-1,-1
441,163,367.83,136.95,53.13,180.37,0.7123,-1,-1,-1
441,164,281.75,64.04,106.42,311.77,0.7949,-1,-1,-1
442,153,3.72,-5.16,267.60,491.48,0.7010,-1,-1,-1
442,160,530.32,79.50,103.26,323.34,0.8630,-1,-1,-1
442,163,366.64,136.88,51.12,179.41,0.7610,-1,-1,-1
442,164,263.62,65.43,119.53,326.49,0.8811,-1,-1,-1
443,153,-8.96,-4.70,227.63,488.51,0.7432,-1,-1,-1
443,160,523.88,77.29,102.33,314.53,0.7492,-1,-1,-1
443,163,364.12,133.62,48.36,179.70,0.7380,-1,-1,-1
443,164,253.19,62.26,123.33,335.29,0.8875,-1,-1,-1
443,166,608.65,83.60,30.79,230.94,0.4616,-1,-1,-1
444,160,504.44,83.31,108.58,303.99,0.6000,-1,-1,-1
444,163,359.59,135.49,47.46,180.15,0.7314,-1,-1,-1
444,164,247.88,63.30,121.32,328.66,0.8924,-1,-1,-1
444,168,557.05,86.30,81.71,303.55,0.7331,-1,-1,-1
445,160,520.89,81.10,93.15,316.11,0.5221,-1,-1,-1
445,163,357.24,137.79,50.11,180.43,0.7980,-1,-1,-1
445,164,245.14,61.83,119.83,323.99,0.8938,-1,-1,-1
445,168,580.93,84.69,59.32,276.33,0.6837,-1,-1,-1
445,170,141.49,156.35,39.17,117.13,0.7748,-1,-1,-1
446,160,479.37,84.70,140.52,309.47,0.8932,-1,-1,-1
446,163,348.06,139.66,59.25,176.72,0.7749,-1,-1,-1
446,164,245.42,60.78,113.57,319.04,0.8979,-1,-1,-1
446,168,583.21,76.72,56.04,287.04,0.8482,-1,-1,-1
446,170,145.71,156.68,40.46,114.75,0.7493,-1,-1,-1
446,171,95.26,153.16,43.21,118.55,0.8076,-1,-1,-1
446,172,192.31,177.39,29.25,71.68,0.6207,-1,-1,-1
447,160,470.26,87.72,153.53,309.95,0.8471,-1,-1,-1
447,163,343.50,143.45,63.32,176.60,0.7894,-1,-1,-1
447,164,240.76,61.90,111.38,323.14,0.8948,-1,-1,-1
447,168,577.90,81.65,60.74,285.77,0.8190,-1,-1,-1
447,170,147.82,159.57,41.82,113.64,0.7083,-1,-1,-1
447,171,96.74,154.09,46.12,118.69,0.7883,-1,-1,-1
447,172,193.52,179.93,29.94,70.50,0.5503,-1,-1,-1
447,173,0.94,0.38,101.58,308.73,0.7402,-1,-1,-1
448,160,468.40,85.69,140.88,308.48,0.8570,-1,-1,-1
448,163,342.87,141.97,62.96,177.78,0.7880,-1,-1,-1
448,164,237.49,61.27,108.45,326.52,0.8920,-1,-1,-1
448,168,575.00,82.47,63.06,288.45,0.8024,-1,-1,-1
448,170,148.69,157.79,41.73,113.36,0.7693,-1,-1,-1
448,171,98.52,152.13,47.39,117.61,0.8173,-1,-1,-1
448,172,193.06,180.57,32.23,68.99,0.5859,-1,-1,-1
448,173,1.21,-0.63,104.24,436.32,0.8845,-1,-1,-1
449,160,477.53,85.53,115.76,304.21,0.8424,-1,-1,-1
449,163,344.14,143.29,63.27,177.64,0.7877,-1,-1,-1
449,164,239.91,65.44,104.28,328.75,0.8941,-1,-1,-1
449,168,559.62,88.04,80.80,291.13,0.5436,-1,-1,-1
449,170,151.20,159.21,39.22,112.88,0.7932,-1,-1,-1
449,171,103.00,156.95,47.06,114.37,0.8282,-1,-1,-1
449,172,196.61,183.12,32.97,69.31,0.6082,-1,-1,-1
449,173,0.63,0.55,110.34,482.37,0.8934,-1,-1,-1
450,160,492.42,82.68,106.10,309.34,0.8298,-1,-1,-1
450,163,353.51,140.38,60.07,176.46,0.8353,-1,-1,-1
450,164,243.67,66.54,103.01,327.37,0.8901,-1,-1,-1
450,168,553.95,87.78,89.01,276.58,0.5569,-1,-1,-1
450,170,159.85,158.55,38.02,112.47,0.8061,-1,-1,-1
450,171,113.17,158.49,46.12,113.64,0.7857,-1,-1,-1
450,172,205.07,182.79,32.70,69.91,0.6944,-1,-1,-1
450,173,1.69,0.30,119.61,497.30,0.8712,-1,-1,-1
451,160,489.92,84.91,111.41,313.52,0.8499,-1,-1,-1
451,163,358.66,140.55,59.57,177.32,0.8255,-1,-1,-1
451,164,237.54,67.12,112.29,328.57,0.8778,-1,-1,-1
451,168,554.84,89.52,88.05,276.83,0.6900,-1,-1,-1
451,170,165.43,160.83,38.85,111.82,0.7897,-1,-1,-1
451,171,120.20,160.54,44.42,113.17,0.8022,-1,-1,-1
451,172,209.36,184.17,31.64,69.65,0.5822,-1,-1,-1
451,173,0.80,3.44,128.26,497.66,0.9075,-1,-1,-1
452,160,482.31,86.98,127.46,317.34,0.8440,-1,-1,-1
452,163,360.98,139.54,61.30,179.69,0.7612,-1,-1,-1
452,164,229.75,63.95,121.09,325.49,0.8977,-1,-1,-1
452,168,572.08,86.79,71.47,275.58,0.6919,-1,-1,-1
452,170,174.10,160.78,37.21,112.33,0.8049,-1,-1,-1
452,171,130.19,159.36,42.93,112.81,0.8057,-1,-1,-1
452,173,1.11,4.07,135.65,494.46,0.9111,-1,-1,-1
453,160,484.84,84.11,133.25,321.76,0.8522,-1,-1,-1
453,163,363.26,138.05,68.94,179.90,0.7731,-1,-1,-1
453,164,232.00,57.25,124.90,326.04,0.8821,-1,-1,-1
453,168,580.09,79.53,63.32,290.48,0.7390,-1,-1,-1
453,170,182.79,160.26,35.57,111.13,0.7899,-1,-1,-1
453,171,139.16,157.58,42.10,111.88,0.8193,-1,-1,-1
453,173,1.38,3.17,147.48,491.12,0.9064,-1,-1,-1
454,160,497.08,85.49,124.92,326.77,0.8655,-1,-1,-1
454,163,370.97,143.46,71.52,180.57,0.8144,-1,-1,-1
454,164,239.11,59.98,127.06,329.60,0.9030,-1,-1,-1
454,168,587.97,81.80,55.05,298.73,0.7580,-1,-1,-1
454,170,192.38,164.25,35.29,111.53,0.8002,-1,-1,-1
454,171,150.52,160.30,39.11,113.32,0.7884,-1,-1,-1
454,173,1.89,5.61,157.89,487.55,0.9140,-1,-1,-1
455,160,503.09,78.84,112.21,320.74,0.8730,-1,-1,-1
455,163,377.49,140.14,71.23,182.47,0.8280,-1,-1,-1
455,164,250.53,57.73,122.77,336.95,0.8962,-1,-1,-1
455,168,577.17,80.83,64.71,305.75,0.7522,-1,-1,-1
455,170,198.73,161.75,37.87,110.75,0.7636,-1,-1,-1
455,171,159.75,158.99,37.75,111.10,0.8077,-1,-1,-1
455,173,1.66,0.78,168.29,488.64,0.8870,-1,-1,-1
456,160,504.13,79.72,106.71,319.96,0.8724,-1,-1,-1
456,163,381.65,140.91,69.78,185.10,0.7730,-1,-1,-1
456,164,257.60,61.13,120.30,341.01,0.8837,-1,-1,-1
456,168,583.11,83.31,58.20,292.00,0.7747,-1,-1,-1
456,170,205.32,162.39,38.03,110.94,0.7777,-1,-1,-1
456,171,168.44,161.92,34.04,108.45,0.6906,-1,-1,-1
456,173,0.99,1.68,177.91,485.65,0.8859,-1,-1,-1
457,160,489.66,84.92,124.45,324.32,0.8824,-1,-1,-1
457,163,389.13,142.56,66.45,184.27,0.7403,-1,-1,-1
457,164,265.76,65.79,121.23,347.17,0.8820,-1,-1,-1
457,168,597.65,87.14,44.44,291.06,0.7489,-1,-1,-1
457,170,214.36,165.00,37.35,110.66,0.7629,-1,-1,-1
457,171,178.93,166.93,33.99,106.52,0.7369,-1,-1,-1
457,173,3.06,6.67,189.62,478.53,0.8834,-1,-1,-1
458,160,480.26,83.95,141.21,328.65,0.8931,-1,-1,-1
458,163,393.72,138.29,62.46,184.85,0.8172,-1,-1,-1
458,164,271.97,62.65,120.85,349.73,0.8836,-1,-1,-1
458,168,605.83,80.92,34.95,299.05,0.7271,-1,-1,-1
458,170,223.35,161.91,34.88,110.36,0.7652,-1,-1,-1
458,171,187.81,164.05,31.99,104.98,0.5365,-1,-1,-1
458,173,11.81,3.29,191.92,478.72,0.8728,-1,-1,-1
459,160,484.10,90.00,149.75,331.94,0.8957,-1,-1,-1
459,163,400.76,144.04,61.18,186.22,0.7877,-1,-1,-1
459,164,275.56,68.33,123.91,353.72,0.8803,-1,-1,-1
459,168,604.27,85.36,36.05,291.98,0.6143,-1,-1,-1
459,170,232.79,168.92,32.61,109.27,0.7598,-1,-1,-1
459,173,31.09,7.42,191.72,477.15,0.8384,-1,-1,-1
459,172,272.41,194.41,20.80,66.08,0.3523,-1,-1,-1
460,160,489.09,87.65,148.52,338.21,0.8785,-1,-1,-1
460,163,401.66,143.29,61.56,188.28,0.7968,-1,-1,-1
460,164,274.30,65.50,128.77,355.78,0.8956,-1,-1,-1
460,168,605.22,80.24,34.31,300.81,0.6389,-1,-1,-1
460,170,235.28,167.65,31.89,109.34,0.7276,-1,-1,-1
460,173,36.09,3.55,195.39,481.06,0.8570,-1,-1,-1
461,160,503.79,81.49,121.63,327.60,0.8676,-1,-1,-1
461,163,405.89,141.28,59.93,190.68,0.8031,-1,-1,-1
461,164,277.15,58.10,131.38,349.49,0.9053,-1,-1,-1
461,168,602.62,76.51,37.82,304.53,0.6705,-1,-1,-1
461,170,241.42,165.18,31.60,109.66,0.7184,-1,-1,-1
461,173,45.89,0.54,196.08,483.05,0.8820,-1,-1,-1
462,160,510.28,81.65,108.97,329.53,0.8476,-1,-1,-1
462,163,404.87,143.92,62.01,192.51,0.8332,-1,-1,-1
462,164,278.61,57.69,128.97,347.14,0.8935,-1,-1,-1
462,168,592.85,79.46,46.54,300.93,0.7029,-1,-1,-1
462,170,242.34,166.54,35.14,111.12,0.7214,-1,-1,-1
462,173,49.98,1.20,194.63,481.16,0.8680,-1,-1,-1
463,160,504.32,88.64,119.54,333.09,0.8842,-1,-1,-1
463,163,407.26,147.96,56.55,194.62,0.8211,-1,-1,-1
463,164,279.55,61.43,123.94,349.66,0.8942,-1,-1,-1
463,168,585.64,87.27,51.98,297.00,0.6667,-1,-1,-1
463,170,243.40,168.45,34.65,111.58,0.7093,-1,-1,-1
463,173,51.85,5.16,196.44,479.56,0.8515,-1,-1,-1
464,160,487.98,88.83,136.18,336.86,0.8728,-1,-1,-1
464,163,406.27,145.98,55.16,193.94,0.7832,-1,-1,-1
464,164,280.12,58.60,115.87,355.75,0.8840,-1,-1,-1
464,168,585.54,87.88,50.76,297.10,0.7477,-1,-1,-1
464,170,241.96,168.50,33.50,109.47,0.7386,-1,-1,-1
464,173,49.12,0.92,197.19,482.34,0.8767,-1,-1,-1
465,160,478.17,89.49,142.73,337.25,0.8836,-1,-1,-1
465,163,406.17,142.91,55.40,191.64,0.7477,-1,-1,-1
465,164,281.38,56.27,108.68,360.77,0.8801,-1,-1,-1
465,168,587.48,86.13,49.09,304.80,0.7925,-1,-1,-1
465,170,240.29,169.02,34.39,106.77,0.7137,-1,-1,-1
465,173,46.93,-0.31,197.97,482.98,0.8873,-1,-1,-1
466,160,477.58,89.58,136.17,339.17,0.8834,-1,-1,-1
466,163,406.02,141.75,55.74,191.55,0.7612,-1,-1,-1
466,164,279.81,56.96,105.89,362.28,0.8848,-1,-1,-1
466,168,591.89,85.15,45.71,309.00,0.8247,-1,-1,-1
466,170,241.49,166.43,34.41,110.12,0.6954,-1,-1,-1
466,173,46.25,-0.20,198.35,482.92,0.8537,-1,-1,-1
467,160,479.52,87.27,117.83,331.77,0.8818,-1,-1,-1
467,163,400.37,141.70,63.45,192.45,0.7694,-1,-1,-1
467,164,274.28,58.20,109.44,364.22,0.8931,-1,-1,-1
467,168,588.35,84.19,49.99,314.09,0.8733,-1,-1,-1
467,170,243.32,167.45,35.01,108.98,0.6919,-1,-1,-1
467,173,46.60,-0.72,199.40,482.80,0.8860,-1,-1,-1
468,160,470.31,82.12,108.16,325.84,0.8662,-1,-1,-1
468,163,400.39,139.91,62.17,192.77,0.7425,-1,-1,-1
468,164,268.22,51.87,111.38,370.37,0.8778,-1,-1,-1
468,168,574.55,84.28,62.09,315.32,0.8730,-1,-1,-1
468,170,238.41,165.58,35.19,107.10,0.5252,-1,-1,-1
468,173,43.31,-3.53,198.64,483.52,0.8911,-1,-1,-1
469,160,447.67,82.05,121.06,327.50,0.8495,-1,-1,-1
469,163,400.14,139.31,60.98,193.29,0.7112,-1,-1,-1
469,164,258.40,45.76,120.66,365.34,0.8724,-1,-1,-1
469,168,562.14,85.41,74.28,316.53,0.8593,-1,-1,-1
469,173,40.66,-2.68,202.23,477.85,0.8559,-1,-1,-1
470,160,434.88,85.05,130.17,329.68,0.8919,-1,-1,-1
470,163,401.33,140.07,62.36,189.47,0.7672,-1,-1,-1
470,164,254.85,43.50,130.46,364.63,0.8750,-1,-1,-1
470,168,554.80,84.16,84.44,305.94,0.8733,-1,-1,-1
470,173,41.08,-0.20,209.38,480.18,0.8561,-1,-1,-1
471,160,433.46,86.46,133.42,329.57,0.8881,-1,-1,-1
471,163,402.29,137.70,63.33,190.80,0.5924,-1,-1,-1
471,164,254.90,41.10,138.15,365.17,0.8792,-1,-1,-1
471,168,550.86,79.65,90.28,306.60,0.7526,-1,-1,-1
471,173,44.48,0.65,213.51,480.67,0.8749,-1,-1,-1
472,160,435.55,83.60,128.61,331.00,0.8808,-1,-1,-1
472,163,401.12,133.71,65.02,192.69,0.6262,-1,-1,-1
472,164,256.92,36.54,139.53,368.78,0.8852,-1,-1,-1
472,168,554.73,74.88,85.19,315.12,0.8590,-1,-1,-1
472,173,50.26,-0.05,213.19,480.20,0.8801,-1,-1,-1
473,160,438.24,78.66,116.09,326.22,0.8927,-1,-1,-1
473,163,401.77,130.07,61.07,193.73,0.6297,-1,-1,-1
473,164,261.42,33.07,130.83,378.81,0.8721,-1,-1,-1
473,168,563.59,71.32,73.58,320.64,0.8809,-1,-1,-1
473,173,55.94,-0.82,215.20,476.01,0.8506,-1,-1,-1
474,160,443.80,76.43,107.08,321.86,0.8471,-1,-1,-1
474,163,405.82,130.41,56.76,194.81,0.7490,-1,-1,-1
474,164,270.52,32.91,122.59,383.85,0.8807,-1,-1,-1
474,168,549.04,72.41,88.78,319.30,0.8477,-1,-1,-1
474,173,65.37,-0.35,216.85,477.42,0.8410,-1,-1,-1
475,160,449.62,74.50,108.87,327.03,0.8481,-1,-1,-1
475,163,412.40,130.01,55.84,197.15,0.3904,-1,-1,-1
475,164,276.89,35.07,121.13,387.71,0.8838,-1,-1,-1
475,168,535.07,72.97,105.79,304.39,0.9071,-1,-1,-1
475,173,72.20,0.71,219.71,476.04,0.8605,-1,-1,-1
476,160,451.42,78.23,114.52,329.66,0.8854,-1,-1,-1
476,163,415.87,134.36,51.89,153.55,0.2160,-1,-1,-1
476,164,281.16,40.07,121.02,389.35,0.8852,-1,-1,-1
476,168,531.16,74.75,110.22,301.50,0.9005,-1,-1,-1
476,173,75.64,2.59,220.80,475.95,0.8774,-1,-1,-1
477,160,448.50,81.06,119.74,333.31,0.7886,-1,-1,-1
477,163,414.64,136.26,51.91,135.89,0.2625,-1,-1,-1
477,164,280.58,40.27,123.63,392.51,0.8945,-1,-1,-1
477,168,530.96,73.13,110.25,305.63,0.9026,-1,-1,-1
477,173,76.75,2.75,222.00,468.49,0.7765,-1,-1,-1
478,160,444.73,79.11,120.38,338.45,0.8136,-1,-1,-1
478,163,412.32,134.48,52.18,131.33,0.2660,-1,-1,-1
478,164,280.12,36.02,123.48,391.98,0.8981,-1,-1,-1
478,168,533.03,71.60,107.25,309.86,0.8895,-1,-1,-1
478,173,71.80,0.97,225.95,467.97,0.7865,-1,-1,-1
479,160,441.70,85.76,118.21,333.75,0.8518,-1,-1,-1
479,163,408.75,139.08,53.22,129.21,0.1769,-1,-1,-1
479,164,277.24,40.16,124.56,379.82,0.8946,-1,-1,-1
479,168,536.55,75.56,103.69,319.17,0.9091,-1,-1,-1
479,173,68.37,3.66,231.16,476.25,0.8125,-1,-1,-1
480,160,440.02,86.49,117.19,325.09,0.8708,-1,-1,-1
480,163,399.29,139.04,61.09,172.22,0.4797,-1,-1,-1
480,164,274.90,39.64,124.37,383.59,0.8865,-1,-1,-1
480,168,543.47,76.19,95.30,326.56,0.8305,-1,-1,-1
480,173,69.81,1.76,228.15,478.36,0.8429,-1,-1,-1
481,160,434.51,82.53,110.03,320.83,0.8625,-1,-1,-1
481,163,394.67,136.11,67.41,204.66,0.1580,-1,-1,-1
481,164,272.61,33.44,117.95,388.88,0.8836,-1,-1,-1
481,168,536.26,73.11,97.19,333.09,0.8480,-1,-1,-1
481,173,66.41,-1.81,227.90,476.68,0.8033,-1,-1,-1
482,160,417.76,83.36,113.15,322.02,0.8689,-1,-1,-1
482,164,266.54,33.27,112.01,393.81,0.8883,-1,-1,-1
482,168,519.58,75.73,111.57,337.12,0.8403,-1,-1,-1
482,173,58.04,-1.06,231.78,470.40,0.7509,-1,-1,-1
483,160,401.11,91.86,118.72,324.89,0.8718,-1,-1,-1
483,164,261.07,41.78,106.48,394.83,0.8769,-1,-1,-1
483,168,509.85,84.39,115.01,335.88,0.8816,-1,-1,-1
483,173,49.65,4.00,237.82,472.18,0.7815,-1,-1,-1
484,160,386.45,94.15,125.37,328.87,0.8438,-1,-1,-1
484,164,254.92,46.51,103.36,393.79,0.8589,-1,-1,-1
484,168,507.71,86.05,112.80,336.61,0.8762,-1,-1,-1
484,173,39.62,6.57,243.27,473.59,0.6543,-1,-1,-1
485,160,389.07,92.77,120.68,332.55,0.8088,-1,-1,-1
485,164,250.31,48.36,102.42,397.49,0.8413,-1,-1,-1
485,168,508.13,85.41,103.12,330.08,0.8383,-1,-1,-1
485,173,32.10,3.37,250.23,478.82,0.7358,-1,-1,-1
486,160,393.74,89.38,107.30,327.34,0.8709,-1,-1,-1
486,164,245.35,42.73,102.52,394.43,0.8828,-1,-1,-1
486,168,503.85,82.97,92.59,323.70,0.8733,-1,-1,-1
486,173,26.05,-0.05,254.51,481.28,0.7840,-1,-1,-1
487,160,391.27,90.72,100.30,324.38,0.8711,-1,-1,-1
487,164,240.65,40.66,101.82,392.28,0.8848,-1,-1,-1
487,168,491.44,86.05,91.82,326.51,0.8850,-1,-1,-1
487,173,21.94,0.67,257.53,480.96,0.8442,-1,-1,-1
488,160,389.88,92.68,99.51,325.03,0.8519,-1,-1,-1
488,164,242.93,38.11,97.21,385.53,0.8606,-1,-1,-1
488,168,467.28,89.79,110.28,329.00,0.8517,-1,-1,-1
488,173,26.56,-0.48,256.38,479.72,0.8164,-1,-1,-1
489,160,389.40,93.23,100.22,329.18,0.7843,-1,-1,-1
489,164,244.17,34.80,91.44,380.10,0.8672,-1,-1,-1
489,168,454.85,88.56,124.61,333.24,0.8952,-1,-1,-1
489,173,20.22,-2.14,263.06,480.65,0.6867,-1,-1,-1
490,160,384.20,95.70,103.13,328.64,0.8304,-1,-1,-1
490,164,248.44,34.10,79.62,356.17,0.6449,-1,-1,-1
490,168,453.14,90.38,129.18,332.44,0.8814,-1,-1,-1
490,173,9.81,-2.99,269.81,480.86,0.6203,-1,-1,-1
491,160,378.18,98.42,109.79,333.88,0.8504,-1,-1,-1
491,164,250.35,39.16,75.65,333.01,0.8142,-1,-1,-1
491,168,455.65,93.49,124.12,327.86,0.8675,-1,-1,-1
491,173,2.07,-0.54,280.26,480.00,0.8243,-1,-1,-1
492,160,376.61,95.52,108.52,330.48,0.8688,-1,-1,-1
492,164,249.75,39.13,75.39,306.19,0.8187,-1,-1,-1
492,168,460.87,89.88,110.52,322.14,0.8143,-1,-1,-1
492,173,-1.19,-0.64,281.49,478.83,0.7387,-1,-1,-1
493,160,375.86,94.54,105.11,323.45,0.8681,-1,-1,-1
493,164,245.92,41.56,80.03,289.41,0.8093,-1,-1,-1
493,168,465.61,89.06,106.56,326.32,0.8352,-1,-1,-1
493,173,-2.90,2.04,283.45,477.84,0.7244,-1,-1,-1
494,160,373.52,95.70,103.41,324.57,0.8322,-1,-1,-1
494,164,241.48,42.37,86.41,322.89,0.8514,-1,-1,-1
494,168,466.63,90.66,100.00,332.37,0.7725,-1,-1,-1
494,173,-3.70,1.79,284.95,480.61,0.7532,-1,-1,-1
495,160,366.47,91.00,108.13,329.43,0.8764,-1,-1,-1
495,164,234.40,31.44,95.76,343.97,0.8552,-1,-1,-1
495,168,463.63,88.00,96.69,338.09,0.8356,-1,-1,-1
495,173,-1.86,-4.04,276.54,482.89,0.3710,-1,-1,-1
496,160,365.93,92.66,109.31,333.02,0.8893,-1,-1,-1
496,164,232.28,28.98,102.43,351.46,0.8535,-1,-1,-1
496,168,463.96,89.76,97.02,339.15,0.8446,-1,-1,-1
496,173,-0.34,-2.23,275.89,481.96,0.4390,-1,-1,-1
496,163,344.04,137.64,57.41,211.82,0.5611,-1,-1,-1
497,160,369.66,93.23,104.47,337.31,0.8470,-1,-1,-1
497,164,231.00,27.44,105.62,349.83,0.8474,-1,-1,-1
497,168,464.50,89.74,100.98,340.83,0.8033,-1,-1,-1
497,173,0.53,-1.54,274.13,479.79,0.4721,-1,-1,-1
497,163,345.32,137.40,54.79,207.70,0.6553,-1,-1,-1
498,160,377.44,92.83,95.66,339.03,0.8279,-1,-1,-1
498,164,230.40,25.71,104.42,354.10,0.8123,-1,-1,-1
498,168,467.57,88.73,95.85,338.94,0.7974,-1,-1,-1
498,173,0.27,-1.59,275.28,480.76,0.6811,-1,-1,-1
498,163,340.59,138.85,59.82,204.22,0.6502,-1,-1,-1
499,160,379.49,89.26,96.11,335.47,0.8409,-1,-1,-1
499,164,230.65,24.49,102.45,329.91,0.8391,-1,-1,-1
499,168,470.00,84.18,98.25,330.59,0.7744,-1,-1,-1
499,173,-1.12,0.26,282.11,479.95,0.6286,-1,-1,-1
499,163,340.38,140.44,61.65,200.39,0.5445,-1,-1,-1
500,160,381.85,89.80,100.41,328.09,0.8535,-1,-1,-1
500,164,233.74,28.40,96.49,323.45,0.8270,-1,-1,-1
500,168,472.24,84.02,91.97,329.99,0.7339,-1,-1,-1
500,173,-1.12,2.42,285.96,478.08,0.5898,-1,-1,-1
500,163,343.20,138.78,59.57,205.41,0.6924,-1,-1,-1
501,160,385.48,88.90,104.50,328.53,0.7831,-1,-1,-1
501,164,239.78,29.95,88.44,320.43,0.7992,-1,-1,-1
501,168,465.85,81.91,100.61,334.66,0.7660,-1,-1,-1
501,173,0.17,2.53,292.11,474.45,0.7234,-1,-1,-1
501,163,350.00,137.47,54.70,207.96,0.6528,-1,-1,-1
502,160,389.84,90.19,107.17,333.60,0.7963,-1,-1,-1
502,164,245.54,30.98,79.39,316.75,0.6733,-1,-1,-1
502,168,460.61,84.85,122.20,340.33,0.6840,-1,-1,-1
502,173,7.06,2.31,292.74,476.07,0.7816,-1,-1,-1
502,163,350.94,136.64,62.30,212.18,0.6761,-1,-1,-1
503,160,393.42,86.70,107.63,335.10,0.8465,-1,-1,-1
503,164,249.48,21.27,74.66,243.47,0.2786,-1,-1,-1
503,168,465.11,81.13,124.33,338.66,0.8679,-1,-1,-1
503,173,16.79,-1.20,294.35,474.73,0.5551,-1,-1,-1
503,163,353.59,130.22,54.93,212.63,0.2203,-1,-1,-1
504,160,394.48,84.20,107.93,336.81,0.8561,-1,-1,-1
504,168,472.17,77.14,121.79,341.53,0.8774,-1,-1,-1
504,173,9.06,-1.73,306.47,476.41,0.6564,-1,-1,-1
504,163,346.07,126.16,63.17,217.38,0.4475,-1,-1,-1
505,160,394.96,85.72,103.86,334.76,0.8393,-1,-1,-1
505,168,478.13,77.92,117.72,336.65,0.8635,-1,-1,-1
505,173,11.41,2.32,316.77,476.18,0.5052,-1,-1,-1
505,163,340.90,129.12,70.50,221.51,0.5846,-1,-1,-1
506,160,390.60,81.62,101.61,325.27,0.8595,-1,-1,-1
506,168,481.71,74.10,115.97,333.44,0.8744,-1,-1,-1
506,173,11.69,2.74,322.24,473.28,0.5644,-1,-1,-1
506,163,346.09,128.41,62.34,219.16,0.6642,-1,-1,-1
507,160,387.56,83.86,100.39,322.28,0.8246,-1,-1,-1
507,168,482.87,76.68,115.54,336.99,0.8491,-1,-1,-1
507,173,29.41,3.82,310.82,475.73,0.6276,-1,-1,-1
507,163,339.43,131.48,65.90,218.17,0.6454,-1,-1,-1
508,160,380.91,83.17,107.46,326.15,0.8267,-1,-1,-1
508,168,485.34,77.28,113.77,339.58,0.8543,-1,-1,-1
508,173,52.72,2.59,293.88,472.99,0.6242,-1,-1,-1
508,163,340.82,129.59,64.80,214.89,0.7141,-1,-1,-1
509,160,371.62,80.02,116.11,328.91,0.8552,-1,-1,-1
509,168,487.25,75.15,106.91,342.47,0.8492,-1,-1,-1
509,173,70.22,-0.24,279.92,471.80,0.6197,-1,-1,-1
509,163,343.94,123.91,61.34,213.57,0.6587,-1,-1,-1
509,179,1.52,93.90,86.68,219.35,0.5986,-1,-1,-1
510,160,371.41,84.25,114.57,332.25,0.8439,-1,-1,-1
510,168,489.81,80.31,106.10,339.06,0.8123,-1,-1,-1
510,173,88.96,0.66,270.12,471.87,0.3894,-1,-1,-1
510,163,350.56,127.05,55.31,210.59,0.5703,-1,-1,-1
510,179,4.00,81.28,100.37,247.07,0.7462,-1,-1,-1
511,160,380.62,83.40,105.46,333.72,0.8349,-1,-1,-1
511,168,494.43,78.53,100.57,339.83,0.7717,-1,-1,-1
511,173,107.25,1.15,224.34,472.05,0.3711,-1,-1,-1
511,163,362.87,125.87,47.59,212.07,0.3320,-1,-1,-1
511,179,6.82,66.03,119.54,275.72,0.6789,-1,-1,-1
512,160,387.37,86.92,103.48,335.93,0.8622,-1,-1,-1
512,168,501.36,81.74,98.15,332.87,0.7598,-1,-1,-1
512,173,122.36,4.56,257.32,474.84,0.5874,-1,-1,-1
512,179,18.78,67.36,127.47,289.43,0.7093,-1,-1,-1
513,160,401.75,92.01,98.15,322.81,0.8337,-1,-1,-1
513,168,507.67,83.47,95.23,329.02,0.8383,-1,-1,-1
513,173,148.29,7.48,270.76,468.51,0.6848,-1,-1,-1
513,179,54.71,74.41,117.50,316.59,0.8415,-1,-1,-1
513,182,15.67,130.33,79.53,224.10,0.8405,-1,-1,-1
514,160,411.43,89.08,86.32,316.58,0.8663,-1,-1,-1
514,168,505.06,79.75,95.49,332.60,0.8377,-1,-1,-1
514,173,158.52,3.64,275.46,468.48,0.5514,-1,-1,-1
514,179,76.12,69.67,104.91,330.47,0.8855,-1,-1,-1
514,182,8.30,119.30,82.11,234.02,0.8449,-1,-1,-1
515,160,427.38,94.12,71.54,227.58,0.8157,-1,-1,-1
515,168,493.39,83.15,108.86,334.23,0.8415,-1,-1,-1
515,173,185.14,4.92,272.06,464.85,0.7156,-1,-1,-1
515,179,95.26,74.14,109.64,331.38,0.8878,-1,-1,-1
516,160,452.34,95.76,50.90,176.30,0.1873,-1,-1,-1
516,168,491.80,85.01,121.83,335.03,0.8218,-1,-1,-1
516,173,222.12,2.58,262.94,462.34,0.7071,-1,-1,-1
516,179,109.48,73.95,114.69,328.87,0.8786,-1,-1,-1
517,168,500.35,86.40,124.40,335.71,0.8858,-1,-1,-1
517,173,248.03,1.31,266.48,460.79,0.7440,-1,-1,-1
517,185,196.66,77.81,75.26,298.37,0.5606,-1,-1,-1
517,182,97.13,88.62,108.79,312.97,0.8725,-1,-1,-1
518,168,515.55,89.81,115.53,338.33,0.8425,-1,-1,-1
518,173,266.11,-1.02,275.97,470.76,0.7534,-1,-1,-1
518,185,196.54,39.70,102.44,347.30,0.8533,-1,-1,-1
518,182,104.57,82.71,114.94,325.26,0.8743,-1,-1,-1
519,173,280.55,-4.72,291.94,484.60,0.7187,-1,-1,-1
519,185,188.84,22.74,117.39,395.33,0.8750,-1,-1,-1
519,182,111.28,74.19,106.09,325.88,0.8668,-1,-1,-1
520,173,292.51,-1.82,304.69,486.43,0.8222,-1,-1,-1
520,185,182.91,17.69,135.11,440.47,0.8774,-1,-1,-1
520,182,122.43,73.69,95.18,325.67,0.8340,-1,-1,-1
521,173,321.89,0.13,314.55,485.07,0.8638,-1,-1,-1
521,185,182.73,14.10,151.88,455.05,0.8792,-1,-1,-1
521,182,119.06,78.14,104.80,323.38,0.8423,-1,-1,-1
522,173,342.36,0.81,301.86,479.52,0.7787,-1,-1,-1
522,185,182.63,14.44,159.19,456.70,0.8876,-1,-1,-1
522,182,113.90,83.76,109.76,321.28,0.8237,-1,-1,-1
523,173,358.11,-2.69,290.56,482.92,0.8150,-1,-1,-1
523,185,183.53,9.62,160.36,465.04,0.8997,-1,-1,-1
523,182,106.93,84.51,113.51,321.80,0.7712,-1,-1,-1
524,173,373.35,-7.98,280.08,489.25,0.8004,-1,-1,-1
524,185,184.28,0.96,161.08,479.84,0.8947,-1,-1,-1
524,182,101.29,76.95,117.85,323.12,0.8325,-1,-1,-1
525,173,392.08,-5.05,262.36,489.47,0.8933,-1,-1,-1
525,185,194.80,7.08,159.48,481.30,0.8894,-1,-1,-1
525,182,108.13,79.67,117.33,312.41,0.8325,-1,-1,-1
526,173,406.80,-3.30,243.92,488.79,0.8942,-1,-1,-1
526,185,202.23,8.90,159.73,480.92,0.8739,-1,-1,-1
526,182,125.62,76.02,105.45,300.89,0.8529,-1,-1,-1
527,173,417.04,-0.72,225.82,486.48,0.8698,-1,-1,-1
527,185,200.91,8.94,161.30,479.10,0.8661,-1,-1,-1
527,182,138.85,72.62,91.75,299.68,0.8488,-1,-1,-1
528,173,437.93,4.09,204.77,490.33,0.9061,-1,-1,-1
528,185,199.40,18.09,169.02,475.54,0.8604,-1,-1,-1
528,182,156.53,83.19,78.76,301.74,0.8613,-1,-1,-1
529,173,448.46,4.17,192.84,480.13,0.8935,-1,-1,-1
529,185,198.76,25.98,175.11,462.15,0.8829,-1,-1,-1
529,182,160.46,96.07,79.57,293.93,0.8438,-1,-1,-1
529,189,126.61,165.55,47.38,145.79,0.7925,-1,-1,-1
529,190,385.42,105.84,85.03,317.43,0.8117,-1,-1,-1
530,173,464.96,0.38,176.98,477.93,0.9025,-1,-1,-1
530,185,203.12,26.71,177.51,447.42,0.8750,-1,-1,-1
530,182,158.24,100.56,86.52,289.07,0.8630,-1,-1,-1
530,189,120.42,162.43,48.60,151.44,0.7851,-1,-1,-1
530,190,386.04,108.25,92.98,319.44,0.7384,-1,-1,-1
531,173,474.68,0.53,164.28,475.97,0.8964,-1,-1,-1
531,185,210.91,28.16,170.75,447.27,0.8792,-1,-1,-1
531,182,156.39,103.48,91.11,286.86,0.8511,-1,-1,-1
531,189,112.93,160.02,53.78,156.93,0.8113,-1,-1,-1
531,190,385.78,111.92,96.60,322.27,0.8241,-1,-1,-1
532,173,484.49,0.22,152.69,475.26,0.8852,-1,-1,-1
532,185,218.73,26.16,156.45,450.84,0.8936,-1,-1,-1
532,182,161.75,100.98,86.54,277.83,0.8406,-1,-1,-1
532,189,96.80,157.07,62.16,163.88,0.7516,-1,-1,-1
532,190,379.45,106.37,98.18,322.39,0.8402,-1,-1,-1
533,173,483.85,-1.41,152.47,476.38,0.8889,-1,-1,-1
533,185,215.56,21.29,149.48,456.16,0.8799,-1,-1,-1
533,182,166.78,94.27,77.81,276.85,0.7978,-1,-1,-1
533,189,76.49,152.47,71.52,169.35,0.7949,-1,-1,-1
533,190,371.15,98.55,98.66,314.46,0.8439,-1,-1,-1
533,191,464.89,92.02,50.06,265.06,0.5637,-1,-1,-1
534,173,485.61,1.19,149.03,476.57,0.8881,-1,-1,-1
534,185,202.46,21.12,144.59,458.18,0.8854,-1,-1,-1
534,182,151.02,89.65,84.34,280.29,0.7946,-1,-1,-1
534,189,54.86,146.12,69.43,180.16,0.7984,-1,-1,-1
534,190,358.27,95.47,96.51,315.01,0.7877,-1,-1,-1
534,191,454.09,89.44,59.70,292.97,0.7803,-1,-1,-1
535,173,491.74,3.39,144.02,473.46,0.8778,-1,-1,-1
535,185,191.59,22.88,147.85,457.22,0.8781,-1,-1,-1
535,182,140.76,90.20,89.55,288.74,0.5140,-1,-1,-1
535,189,41.26,139.75,69.60,190.27,0.7868,-1,-1,-1
535,190,342.24,96.18,103.66,317.01,0.7806,-1,-1,-1
535,191,448.55,89.49,68.17,318.95,0.8451,-1,-1,-1
536,173,499.58,1.66,139.12,474.74,0.8810,-1,-1,-1
536,185,191.85,18.91,147.15,457.05,0.8795,-1,-1,-1
536,182,138.28,114.66,83.94,201.80,0.5152,-1,-1,-1
536,189,30.21,132.69,74.60,199.88,0.7965,-1,-1,-1
536,190,328.06,96.13,115.36,321.19,0.8517,-1,-1,-1
536,191,445.96,88.23,77.11,321.73,0.8429,-1,-1,-1
537,173,506.06,4.69,132.90,470.88,0.8824,-1,-1,-1
537,185,191.78,6.40,148.20,457.13,0.8817,-1,-1,-1
537,182,135.63,118.80,79.85,173.64,0.4644,-1,-1,-1
537,189,13.47,118.74,81.45,210.18,0.8025,-1,-1,-1
537,190,319.73,91.59,120.23,328.05,0.8491,-1,-1,-1
537,191,442.82,83.62,84.48,322.22,0.8732,-1,-1,-1
538,173,511.90,4.18,126.73,473.16,0.8789,-1,-1,-1
538,185,193.62,3.18,151.77,453.66,0.8947,-1,-1,-1
538,182,134.03,125.57,76.03,161.63,0.5862,-1,-1,-1
538,189,5.89,115.77,83.63,221.39,0.8456,-1,-1,-1
538,190,323.64,91.13,112.86,332.34,0.8008,-1,-1,-1
538,191,440.04,85.11,90.80,334.68,0.8512,-1,-1,-1
538,193,124.78,145.58,37.85,140.68,0.6653,-1,-1,-1
539,173,530.69,1.66,110.71,474.08,0.8621,-1,-1,-1
539,185,197.59,-0.70,158.65,463.83,0.8856,-1,-1,-1
539,182,148.88,122.37,63.55,161.48,0.6060,-1,-1,-1
539,189,-0.24,109.51,86.59,235.52,0.8774,-1,-1,-1
539,190,333.35,86.47,103.74,331.07,0.8634,-1,-1,-1
539,191,447.37,82.13,94.23,330.53,0.8492,-1,-1,-1
539,193,122.46,139.73,44.95,145.51,0.7932,-1,-1,-1
539,194,409.75,125.49,49.31,225.54,0.7756,-1,-1,-1
540,173,542.37,4.93,100.28,467.88,0.8122,-1,-1,-1
540,185,201.48,-0.16,162.80,473.01,0.8778,-1,-1,-1
540,189,-3.71,112.32,89.83,246.28,0.8681,-1,-1,-1
540,190,340.28,87.54,98.88,326.81,0.8686,-1,-1,-1
540,191,451.01,78.58,101.77,339.09,0.8350,-1,-1,-1
540,193,121.20,138.94,52.69,151.40,0.7814,-1,-1,-1
540,194,413.25,127.32,51.40,223.72,0.7293,-1,-1,-1
541,173,562.40,18.72,81.52,423.61,0.7547,-1,-1,-1
541,185,212.99,-0.33,162.77,473.88,0.8654,-1,-1,-1
541,189,-2.87,108.88,85.20,262.32,0.8601,-1,-1,-1
541,190,350.53,84.09,95.60,334.61,0.8385,-1,-1,-1
541,191,457.97,74.23,112.93,346.76,0.7460,-1,-1,-1
541,193,119.45,139.44,61.90,155.81,0.8572,-1,-1,-1
541,194,423.21,125.98,49.87,232.90,0.6711,-1,-1,-1
541,195,187.48,123.79,57.80,247.16,0.7329,-1,-1,-1
542,173,588.79,39.16,53.55,390.99,0.4943,-1,-1,-1
542,185,226.09,0.96,158.04,474.51,0.8768,-1,-1,-1
542,189,-2.70,100.62,77.70,279.99,0.8439,-1,-1,-1
542,190,360.13,83.80,91.29,339.54,0.7931,-1,-1,-1
542,191,453.35,72.06,123.12,355.64,0.6213,-1,-1,-1
542,193,111.58,139.59,71.93,161.44,0.8664,-1,-1,-1
542,194,431.66,126.63,44.83,247.60,0.2614,-1,-1,-1
542,195,204.82,122.72,47.27,251.29,0.4884,-1,-1,-1
542,182,186.97,126.95,49.25,172.27,0.3920,-1,-1,-1
543,173,603.49,72.43,36.60,351.19,0.1803,-1,-1,-1
543,185,233.92,6.93,158.93,471.42,0.8476,-1,-1,-1
543,189,-2.65,94.40,74.06,293.47,0.8645,-1,-1,-1
543,190,366.81,89.71,86.88,342.39,0.6887,-1,-1,-1
543,191,444.93,76.07,126.75,362.83,0.8112,-1,-1,-1
543,193,104.39,143.51,77.75,162.90,0.8755,-1,-1,-1
543,194,432.21,126.69,49.31,273.31,0.3384,-1,-1,-1
543,195,213.55,123.99,43.87,256.44,0.5262,-1,-1,-1
543,182,187.15,145.08,40.55,155.84,0.5620,-1,-1,-1
544,185,243.67,3.25,157.46,474.69,0.8634,-1,-1,-1
544,189,-0.48,84.10,60.02,303.74,0.8030,-1,-1,-1
544,190,383.31,87.94,75.33,324.81,0.5156,-1,-1,-1
544,191,447.54,75.50,131.26,368.08,0.8226,-1,-1,-1
544,193,100.99,136.41,80.26,168.23,0.8781,-1,-1,-1
544,194,432.87,122.40,46.80,252.36,0.1844,-1,-1,-1
544,195,220.01,128.97,44.02,248.08,0.6383,-1,-1,-1
544,182,186.07,145.20,47.04,152.57,0.7646,-1,-1,-1
545,185,246.04,1.29,164.30,476.15,0.8554,-1,-1,-1
545,189,-0.04,99.46,60.73,289.10,0.7933,-1,-1,-1
545,190,395.28,88.01,68.41,337.81,0.5132,-1,-1,-1
545,191,453.60,74.31,132.07,371.64,0.8014,-1,-1,-1
545,193,101.47,134.05,81.34,170.89,0.8727,-1,-1,-1
545,194,439.90,117.61,39.44,247.05,0.3112,-1,-1,-1
545,195,227.19,140.24,43.10,235.26,0.3898,-1,-1,-1
545,182,187.73,147.48,50.07,151.45,0.7135,-1,-1,-1
546,185,254.04,0.35,172.64,477.35,0.8985,-1,-1,-1
546,189,0.40,112.29,55.90,282.95,0.7622,-1,-1,-1
546,190,384.63,84.47,88.96,347.78,0.5801,-1,-1,-1
546,191,468.72,71.37,127.65,374.27,0.7836,-1,-1,-1
546,193,105.21,131.15,81.73,175.90,0.8601,-1,-1,-1
546,194,454.82,121.77,40.66,244.75,0.2456,-1,-1,-1
546,182,194.19,149.05,51.51,152.82,0.7579,-1,-1,-1
547,185,251.89,-1.32,187.24,479.43,0.8883,-1,-1,-1
547,189,-0.92,119.36,38.38,276.02,0.5032,-1,-1,-1
547,190,391.97,80.81,89.64,344.02,0.6855,-1,-1,-1
547,191,483.56,65.86,124.81,370.22,0.7382,-1,-1,-1
547,193,109.25,122.51,74.26,183.69,0.7894,-1,-1,-1
547,182,194.40,143.13,54.57,158.69,0.8170,-1,-1,-1
548,185,251.97,-0.84,194.81,474.49,0.8813,-1,-1,-1
548,190,401.00,81.46,85.12,348.23,0.5375,-1,-1,-1
548,191,500.13,64.15,121.66,376.70,0.7100,-1,-1,-1
548,193,114.58,120.32,67.62,188.61,0.8154,-1,-1,-1
548,182,196.25,139.88,59.89,164.45,0.8397,-1,-1,-1
548,194,475.27,115.72,44.25,253.01,0.6142,-1,-1,-1
549,185,252.76,-0.45,197.07,471.76,0.8594,-1,-1,-1
549,190,421.36,85.92,69.55,336.71,0.4072,-1,-1,-1
549,191,511.29,62.09,124.83,386.27,0.7682,-1,-1,-1
549,193,115.35,117.97,66.97,192.98,0.8223,-1,-1,-1
549,182,195.07,136.32,63.30,169.56,0.8261,-1,-1,-1
549,194,479.85,119.63,48.39,248.34,0.6846,-1,-1,-1
550,185,257.84,-5.15,194.74,480.43,0.7736,-1,-1,-1
550,190,411.57,67.74,78.87,361.01,0.3768,-1,-1,-1
550,191,525.75,48.12,117.44,401.02,0.8854,-1,-1,-1
550,193,107.39,103.23,70.81,202.15,0.7352,-1,-1,-1
550,182,194.85,119.23,63.86,177.29,0.8328,-1,-1,-1
550,194,486.00,110.08,54.71,250.58,0.7894,-1,-1,-1
551,185,262.47,-1.25,186.28,478.99,0.7983,-1,-1,-1
551,190,408.58,69.46,80.78,365.29,0.5848,-1,-1,-1
551,191,531.59,44.43,111.31,407.45,0.9019,-1,-1,-1
551,193,95.22,98.78,77.60,208.65,0.8372,-1,-1,-1
551,182,192.90,114.47,63.92,181.65,0.8256,-1,-1,-1
551,194,487.29,108.53,61.36,251.21,0.7483,-1,-1,-1
551,195,256.25,123.56,54.98,211.95,0.3573,-1,-1,-1
552,185,261.08,3.29,206.85,465.37,0.7676,-1,-1,-1
552,190,414.65,70.94,68.76,285.37,0.6495,-1,-1,-1
552,191,537.15,50.47,104.92,410.27,0.8940,-1,-1,-1
552,193,79.68,104.04,83.74,216.74,0.8668,-1,-1,-1
552,182,182.42,117.93,72.57,190.85,0.8695,-1,-1,-1
552,194,490.34,116.36,61.07,250.33,0.8079,-1,-1,-1
552,195,256.78,129.48,52.91,206.98,0.3721,-1,-1,-1
553,185,256.45,6.77,209.47,470.33,0.8597,-1,-1,-1
553,190,412.51,69.41,67.78,255.17,0.6963,-1,-1,-1
553,191,544.27,52.25,96.97,412.52,0.8767,-1,-1,-1
553,193,71.45,100.20,83.43,225.87,0.8717,-1,-1,-1
553,182,173.01,117.50,78.62,195.88,0.8716,-1,-1,-1
553,194,494.54,118.22,61.02,250.17,0.8038,-1,-1,-1
554,185,249.46,2.71,199.26,477.99,0.8953,-1,-1,-1
554,190,423.38,103.27,54.11,220.46,0.3909,-1,-1,-1
554,191,550.43,51.81,90.53,408.66,0.8936,-1,-1,-1
554,193,63.28,96.37,81.46,235.22,0.8522,-1,-1,-1
554,182,167.06,116.48,81.29,203.94,0.8603,-1,-1,-1
554,194,499.90,119.00,62.03,249.64,0.7677,-1,-1,-1
555,185,256.79,-0.76,191.65,479.96,0.9125,-1,-1,-1
555,190,411.76,111.61,62.33,236.85,0.6302,-1,-1,-1
555,191,559.35,45.71,82.85,403.99,0.8912,-1,-1,-1
555,193,60.06,89.12,74.76,242.82,0.8390,-1,-1,-1
555,182,166.92,109.74,78.81,213.42,0.8783,-1,-1,-1
555,194,506.89,112.64,65.72,248.71,0.7636,-1,-1,-1
556,185,253.40,2.09,193.56,478.78,0.9082,-1,-1,-1
556,190,411.82,117.16,64.79,244.49,0.6950,-1,-1,-1
556,191,564.44,47.50,76.53,402.56,0.8629,-1,-1,-1
556,193,49.08,89.75,77.60,248.56,0.8332,-1,-1,-1
556,182,164.53,111.29,77.31,220.14,0.8762,-1,-1,-1
556,194,509.01,115.45,69.87,248.94,0.7723,-1,-1,-1
557,185,258.38,6.43,190.60,477.86,0.9202,-1,-1,-1
557,190,417.09,124.67,73.51,269.73,0.7214,-1,-1,-1
557,191,555.69,61.34,84.63,393.36,0.8320,-1,-1,-1
557,193,26.61,92.99,87.92,258.07,0.8682,-1,-1,-1
557,182,157.50,113.84,78.12,230.87,0.8788,-1,-1,-1
557,194,515.38,128.63,66.69,245.89,0.8214,-1,-1,-1
558,185,260.73,3.85,189.13,474.92,0.9082,-1,-1,-1
558,190,418.04,119.95,84.95,283.33,0.8157,-1,-1,-1
558,191,550.12,60.82,89.75,382.01,0.8452,-1,-1,-1
558,193,6.26,85.24,98.15,266.88,0.8951,-1,-1,-1
558,182,152.63,107.82,79.83,237.06,0.8721,-1,-1,-1
558,194,519.55,129.37,63.45,235.85,0.8128,-1,-1,-1
559,185,268.84,-0.35,189.95,474.93,0.9217,-1,-1,-1
559,190,427.40,106.25,102.93,308.91,0.8191,-1,-1,-1
559,191,557.50,49.93,88.16,374.75,0.8580,-1,-1,-1
559,193,-2.25,79.14,100.59,274.22,0.9036,-1,-1,-1
559,182,150.09,97.18,86.83,245.75,0.8667,-1,-1,-1
559,194,532.26,117.86,64.77,246.36,0.7421,-1,-1,-1
560,185,270.47,0.11,188.28,476.78,0.9136,-1,-1,-1
560,190,438.36,95.63,106.98,331.24,0.8010,-1,-1,-1
560,191,569.25,45.49,74.03,376.48,0.8585,-1,-1,-1
560,193,-6.16,77.69,96.79,281.26,0.9214,-1,-1,-1
560,182,144.17,91.67,91.79,258.92,0.8780,-1,-1,-1
560,194,537.43,113.96,61.80,243.71,0.7395,-1,-1,-1
561,185,256.28,-1.39,196.30,480.97,0.8991,-1,-1,-1
561,190,443.25,76.10,111.66,358.97,0.6576,-1,-1,-1
561,191,571.82,38.78,69.02,387.04,0.8866,-1,-1,-1
561,193,-11.06,67.67,84.01,290.35,0.8849,-1,-1,-1
561,182,126.23,79.55,96.86,278.11,0.8095,-1,-1,-1
561,194,544.07,109.55,49.18,247.12,0.6000,-1,-1,-1
562,185,245.17,-1.93,201.67,480.93,0.8985,-1,-1,-1
562,190,450.87,59.74,114.13,377.53,0.7989,-1,-1,-1
562,191,568.70,34.37,70.37,395.98,0.9048,-1,-1,-1
562,193,-9.04,76.99,65.65,277.51,0.8561,-1,-1,-1
562,182,111.37,70.52,99.65,289.77,0.8752,-1,-1,-1
563,185,237.00,0.95,214.54,481.29,0.9244,-1,-1,-1
563,190,467.90,47.56,126.62,418.20,0.6253,-1,-1,-1
563,191,577.96,38.05,64.22,406.19,0.8314,-1,-1,-1
563,193,-6.10,96.59,40.34,263.42,0.5164,-1,-1,-1
563,182,97.57,64.69,106.84,313.49,0.8178,-1,-1,-1
563,197,410.56,79.95,71.75,271.44,0.6224,-1,-1,-1
564,185,233.04,1.66,217.90,479.98,0.9037,-1,-1,-1
564,190,501.12,39.20,119.32,435.08,0.5519,-1,-1,-1
564,191,582.94,39.76,58.32,411.11,0.6636,-1,-1,-1
564,182,86.46,57.91,115.11,330.36,0.8687,-1,-1,-1
564,197,413.26,78.66,73.56,280.17,0.7100,-1,-1,-1
565,185,232.28,-0.20,219.09,481.38,0.9221,-1,-1,-1
565,190,492.59,26.44,149.06,456.80,0.8267,-1,-1,-1
565,182,73.32,48.00,119.30,352.16,0.8587,-1,-1,-1
565,197,415.05,73.51,82.45,298.38,0.7921,-1,-1,-1
566,185,231.51,0.26,214.60,480.48,0.9175,-1,-1,-1
566,190,501.87,58.64,144.92,428.07,0.5170,-1,-1,-1
566,182,59.87,38.26,125.37,368.81,0.8918,-1,-1,-1
566,197,420.42,65.29,83.06,316.38,0.8403,-1,-1,-1
567,185,230.67,0.37,208.87,476.01,0.9194,-1,-1,-1
567,190,523.43,68.23,125.33,416.22,0.8254,-1,-1,-1
567,182,42.80,25.26,133.38,390.65,0.9007,-1,-1,-1
567,197,424.15,54.18,89.59,335.36,0.8585,-1,-1,-1
568,185,228.15,0.79,205.81,471.57,0.9186,-1,-1,-1
568,190,537.04,60.88,111.08,421.29,0.6954,-1,-1,-1
568,182,23.94,15.26,143.64,410.00,0.9122,-1,-1,-1
568,197,424.74,44.01,103.12,355.89,0.8648,-1,-1,-1
569,185,221.75,-0.31,206.11,473.68,0.9236,-1,-1,-1
569,190,562.76,52.49,86.22,428.51,0.4813,-1,-1,-1
569,182,3.14,1.38,152.20,441.70,0.9100,-1,-1,-1
569,197,421.56,26.16,123.87,380.76,0.8649,-1,-1,-1
570,185,213.67,1.12,208.12,472.22,0.9178,-1,-1,-1
570,190,565.02,46.95,78.95,390.87,0.6269,-1,-1,-1
570,182,-2.90,-1.56,147.27,440.62,0.9159,-1,-1,-1
570,197,424.04,13.24,132.20,399.98,0.8622,-1,-1,-1
571,185,196.66,0.26,222.32,476.71,0.9079,-1,-1,-1
571,190,568.57,51.85,73.86,375.31,0.8799,-1,-1,-1
571,182,-6.46,-5.67,131.54,453.22,0.8977,-1,-1,-1
571,197,431.37,1.70,140.74,428.40,0.8685,-1,-1,-1
572,185,185.01,-0.85,230.98,477.63,0.9157,-1,-1,-1
572,190,573.24,59.00,67.82,330.44,0.7343,-1,-1,-1
572,182,-6.24,-7.93,114.84,463.98,0.8826,-1,-1,-1
572,197,438.71,-3.53,149.01,451.25,0.8796,-1,-1,-1
573,185,178.80,1.83,239.37,477.11,0.9161,-1,-1,-1
573,190,589.18,69.84,51.36,318.75,0.4267,-1,-1,-1
573,182,-4.25,7.38,100.07,464.21,0.8324,-1,-1,-1
573,197,443.24,-2.01,169.93,476.00,0.8489,-1,-1,-1
574,185,178.70,0.41,248.93,479.40,0.9135,-1,-1,-1
574,197,455.93,-4.40,180.32,490.44,0.9044,-1,-1,-1
575,185,185.15,1.30,248.93,475.12,0.9050,-1,-1,-1
575,197,463.87,-4.17,181.56,489.16,0.9145,-1,-1,-1
576,185,191.82,-0.80,251.79,480.64,0.9184,-1,-1,-1
576,197,478.19,-7.20,176.66,494.05,0.9070,-1,-1,-1
577,185,201.37,0.01,248.53,478.84,0.9226,-1,-1,-1
577,197,492.40,-5.24,160.47,488.85,0.8957,-1,-1,-1
578,185,211.57,-0.82,244.86,481.11,0.9245,-1,-1,-1
578,197,516.43,-4.63,135.87,490.71,0.7288,-1,-1,-1
579,185,221.28,-3.12,239.64,482.85,0.9072,-1,-1,-1
580,185,231.63,2.03,234.17,474.45,0.9166,-1,-1,-1
580,201,502.94,96.06,128.03,318.61,0.8443,-1,-1,-1
581,185,252.26,5.86,229.50,469.35,0.9243,-1,-1,-1
581,201,507.52,80.19,93.97,324.35,0.7155,-1,-1,-1
581,202,218.78,151.31,46.56,131.56,0.7864,-1,-1,-1
582,185,258.21,5.63,231.25,466.26,0.9218,-1,-1,-1
582,201,498.63,71.83,84.87,325.16,0.6034,-1,-1,-1
582,202,213.60,150.80,52.31,135.17,0.8260,-1,-1,-1
583,185,265.36,6.49,241.27,467.49,0.9171,-1,-1,-1
583,201,499.46,79.24,75.91,322.87,0.6861,-1,-1,-1
583,202,209.72,159.00,57.41,137.82,0.7322,-1,-1,-1
584,185,270.12,3.80,256.50,468.49,0.9155,-1,-1,-1
584,202,206.10,158.77,58.63,142.63,0.7196,-1,-1,-1
584,204,513.74,102.25,117.35,313.93,0.5043,-1,-1,-1
585,185,273.10,1.56,271.56,467.50,0.9072,-1,-1,-1
585,202,201.88,151.10,58.14,149.47,0.7369,-1,-1,-1
585,205,548.48,118.20,59.55,235.08,0.4540,-1,-1,-1
585,206,1.33,-0.94,108.08,464.44,0.6186,-1,-1,-1
586,185,277.59,3.70,275.77,467.25,0.9011,-1,-1,-1
586,202,198.63,148.32,60.02,158.91,0.8081,-1,-1,-1
586,205,539.82,121.56,67.09,253.69,0.7513,-1,-1,-1
586,206,2.32,0.93,114.45,472.63,0.5799,-1,-1,-1
586,201,458.95,91.17,123.78,318.88,0.3592,-1,-1,-1
587,185,276.31,2.77,267.25,464.31,0.9127,-1,-1,-1
587,202,188.22,144.52,62.13,160.98,0.8180,-1,-1,-1
587,205,523.76,117.58,70.24,256.42,0.6570,-1,-1,-1
587,206,-0.02,0.77,113.21,475.34,0.6820,-1,-1,-1
587,201,448.12,123.41,116.58,274.87,0.5199,-1,-1,-1
588,185,273.15,3.97,257.38,470.73,0.9158,-1,-1,-1
588,202,178.31,147.16,61.68,164.40,0.8345,-1,-1,-1
588,205,513.10,123.33,72.03,253.97,0.7258,-1,-1,-1
588,206,-1.55,1.70,106.46,477.84,0.6458,-1,-1,-1
588,201,444.54,164.41,94.18,229.23,0.5850,-1,-1,-1
589,185,248.64,4.13,252.94,473.01,0.9050,-1,-1,-1
589,202,153.44,145.89,64.01,170.77,0.7228,-1,-1,-1
589,205,474.91,128.67,88.34,247.55,0.6390,-1,-1,-1
589,206,-4.21,1.55,97.58,476.85,0.6297,-1,-1,-1
590,185,234.38,1.55,255.61,473.66,0.8834,-1,-1,-1
590,202,139.17,141.26,68.54,177.26,0.8217,-1,-1,-1
590,205,457.37,125.83,96.43,246.68,0.7958,-1,-1,-1
590,206,-2.75,1.23,98.33,472.50,0.3429,-1,-1,-1
591,185,207.65,-0.15,264.75,476.53,0.8733,-1,-1,-1
591,202,120.60,139.43,68.85,183.29,0.8124,-1,-1,-1
591,205,442.26,122.73,95.84,245.92,0.6494,-1,-1,-1
591,206,-5.02,-0.38,110.51,473.94,0.6634,-1,-1,-1
592,185,188.46,1.40,263.02,477.75,0.8744,-1,-1,-1
592,202,102.30,142.98,72.33,193.94,0.8585,-1,-1,-1
592,205,410.21,126.25,105.56,257.49,0.7556,-1,-1,-1
592,206,-4.93,1.00,85.32,408.75,0.7701,-1,-1,-1
593,185,187.57,-1.73,254.92,479.14,0.8938,-1,-1,-1
593,202,83.51,132.24,75.43,206.02,0.8117,-1,-1,-1
593,205,380.93,122.40,101.97,256.81,0.3696,-1,-1,-1
593,206,-1.99,6.31,100.38,447.96,0.4021,-1,-1,-1
594,185,188.49,-1.98,249.19,478.82,0.8991,-1,-1,-1
594,202,71.32,124.04,77.68,214.43,0.8333,-1,-1,-1
594,205,370.73,125.16,82.94,252.18,0.2934,-1,-1,-1
594,206,-0.26,19.49,97.45,449.77,0.5642,-1,-1,-1
595,185,189.03,1.00,243.51,480.81,0.9078,-1,-1,-1
595,202,46.81,121.09,88.22,228.02,0.7864,-1,-1,-1
595,205,363.63,132.79,72.70,253.78,0.2728,-1,-1,-1
595,206,-0.62,33.61,76.11,444.40,0.2234,-1,-1,-1
596,185,189.80,0.75,236.83,480.19,0.9079,-1,-1,-1
596,202,34.47,113.14,91.44,237.64,0.8215,-1,-1,-1
596,205,364.10,128.33,78.86,259.50,0.5817,-1,-1,-1
596,206,0.84,39.08,51.95,355.92,0.4011,-1,-1,-1
596,209,404.99,127.84,54.96,243.44,0.3974,-1,-1,-1
597,185,194.11,0.02,225.94,480.20,0.9005,-1,-1,-1
597,202,24.52,106.28,90.29,247.03,0.7979,-1,-1,-1
597,206,0.58,53.41,38.40,310.48,0.5666,-1,-1,-1
597,209,366.82,137.18,80.00,243.39,0.3717,-1,-1,-1
598,185,198.89,1.22,219.65,478.83,0.9109,-1,-1,-1
598,202,14.56,105.80,88.60,253.62,0.7669,-1,-1,-1
598,206,1.12,107.14,34.12,248.32,0.4543,-1,-1,-1
598,209,364.92,140.35,73.14,239.65,0.2545,-1,-1,-1
598,211,158.23,154.91,53.38,149.37,0.7758,-1,-1,-1
599,185,199.48,-0.04,222.31,477.53,0.9032,-1,-1,-1
599,202,1.79,100.46,91.67,274.73,0.8244,-1,-1,-1
599,209,367.41,139.47,61.19,232.48,0.4019,-1,-1,-1
599,211,151.36,152.46,58.08,151.37,0.8053,-1,-1,-1
599,212,606.53,200.15,33.25,141.48,0.6156,-1,-1,-1
600,185,200.82,1.13,230.03,476.60,0.9121,-1,-1,-1
600,202,-2.96,96.21,78.78,279.62,0.8680,-1,-1,-1
600,209,364.06,143.13,69.40,223.01,0.1933,-1,-1,-1
600,211,146.01,153.54,60.53,158.45,0.8115,-1,-1,-1
600,212,600.02,160.68,40.37,190.09,0.6038,-1,-1,-1
601,185,199.40,1.12,236.78,476.73,0.9208,-1,-1,-1
601,209,360.85,139.55,74.96,224.49,0.1992,-1,-1,-1
601,211,141.92,153.28,62.44,162.95,0.8204,-1,-1,-1
601,212,596.08,134.93,44.94,219.25,0.5684,-1,-1,-1
601,206,0.84,134.28,53.22,236.09,0.4181,-1,-1,-1
602,185,195.30,-0.94,244.04,478.27,0.9112,-1,-1,-1
602,211,139.84,150.16,60.59,167.30,0.8201,-1,-1,-1
602,212,592.40,112.89,49.21,243.79,0.5309,-1,-1,-1
603,185,193.34,0.44,241.29,479.64,0.9085,-1,-1,-1
603,211,132.68,152.19,62.92,173.00,0.8623,-1,-1,-1
603,212,589.00,104.11,51.92,259.91,0.5833,-1,-1,-1
604,185,192.81,-0.28,236.09,479.68,0.9057,-1,-1,-1
604,211,129.35,148.70,67.72,178.59,0.8128,-1,-1,-1
604,212,583.50,97.30,57.35,339.29,0.4689,-1,-1,-1
604,209,365.62,173.55,66.80,196.27,0.3790,-1,-1,-1
605,185,196.23,-0.14,224.16,480.59,0.9086,-1,-1,-1
605,211,127.06,145.51,68.91,183.84,0.8074,-1,-1,-1
605,212,585.00,91.19,56.39,304.15,0.5186,-1,-1,-1
605,209,370.73,183.58,56.43,187.84,0.3230,-1,-1,-1
605,206,1.53,211.01,63.68,205.47,0.4954,-1,-1,-1
606,185,200.75,-0.60,214.93,478.62,0.9110,-1,-1,-1
606,211,125.60,140.71,70.62,185.95,0.8114,-1,-1,-1
606,212,589.54,89.19,52.65,362.01,0.4643,-1,-1,-1
606,206,2.73,217.32,67.52,249.01,0.4064,-1,-1,-1
607,185,198.17,-1.03,212.42,481.34,0.9039,-1,-1,-1
607,211,116.41,133.96,76.44,195.09,0.8302,-1,-1,-1
607,206,0.21,206.40,69.13,235.04,0.4389,-1,-1,-1
608,185,195.69,-0.63,213.44,482.38,0.9087,-1,-1,-1
608,211,101.31,131.48,87.81,203.17,0.8437,-1,-1,-1
609,185,200.23,-3.59,217.55,482.18,0.9002,-1,-1,-1
609,211,95.38,122.42,93.20,212.45,0.8684,-1,-1,-1
610,185,207.06,-1.51,220.49,481.32,0.7994,-1,-1,-1
610,211,92.76,121.51,89.63,221.02,0.8498,-1,-1,-1
611,185,220.41,0.87,214.74,480.58,0.8658,-1,-1,-1
611,211,90.56,123.80,85.85,228.01,0.8526,-1,-1,-1
612,185,229.16,-0.60,219.63,480.07,0.8849,-1,-1,-1
612,211,81.51,116.52,86.82,238.24,0.8631,-1,-1,-1
612,216,192.95,139.97,69.58,244.65,0.4095,-1,-1,-1
612,217,162.34,166.94,37.64,122.73,0.7497,-1,-1,-1
613,185,229.92,-1.41,226.13,479.02,0.8773,-1,-1,-1
613,211,61.57,107.91,96.56,244.58,0.8603,-1,-1,-1
613,216,186.11,135.93,81.59,235.26,0.5138,-1,-1,-1
613,217,154.08,161.89,42.92,124.67,0.7298,-1,-1,-1
613,218,-0.53,17.48,74.53,305.29,0.7611,-1,-1,-1
614,185,242.09,0.81,227.02,478.64,0.8817,-1,-1,-1
614,211,49.32,101.75,95.07,262.51,0.8848,-1,-1,-1
614,216,176.10,112.90,89.72,255.34,0.8664,-1,-1,-1
614,217,141.85,159.67,47.92,130.19,0.7536,-1,-1,-1
614,218,-1.18,26.68,74.47,308.85,0.7066,-1,-1,-1
615,185,256.89,1.94,222.22,477.11,0.8895,-1,-1,-1
615,211,47.18,97.45,91.01,272.86,0.8383,-1,-1,-1
615,216,178.87,106.20,88.04,264.02,0.8632,-1,-1,-1
615,217,136.70,158.22,50.38,132.96,0.7919,-1,-1,-1
615,218,0.51,23.53,72.42,370.68,0.7937,-1,-1,-1
616,185,271.25,-0.32,224.48,480.22,0.8925,-1,-1,-1
616,211,47.24,90.41,82.53,273.19,0.7539,-1,-1,-1
616,216,183.84,103.44,83.97,271.23,0.8400,-1,-1,-1
616,217,129.89,152.49,54.23,138.70,0.8220,-1,-1,-1
616,218,-0.14,11.30,78.04,432.27,0.6317,-1,-1,-1
617,185,278.87,-2.30,226.48,479.58,0.8881,-1,-1,-1
617,211,43.72,77.87,78.10,230.62,0.6216,-1,-1,-1
617,216,184.17,97.64,82.25,273.27,0.8540,-1,-1,-1
617,217,125.67,144.18,56.87,143.03,0.7973,-1,-1,-1
617,218,0.01,1.58,85.27,462.28,0.4679,-1,-1,-1
617,219,251.26,109.72,55.80,192.17,0.6299,-1,-1,-1
618,185,278.74,-2.98,227.28,481.79,0.8937,-1,-1,-1
618,211,34.64,57.89,67.90,188.05,0.3183,-1,-1,-1
618,216,178.86,92.58,77.25,276.31,0.8549,-1,-1,-1
618,217,110.02,136.69,64.23,149.82,0.7921,-1,-1,-1
618,218,-1.29,-5.85,88.65,487.87,0.8148,-1,-1,-1
618,219,261.30,96.59,51.27,241.24,0.7247,-1,-1,-1
619,185,276.74,-0.07,226.01,479.58,0.9010,-1,-1,-1
619,216,172.04,92.84,74.24,271.49,0.8632,-1,-1,-1
619,217,101.86,134.12,57.36,152.57,0.8067,-1,-1,-1
619,218,0.72,-4.89,92.16,489.57,0.8446,-1,-1,-1
619,205,259.42,93.36,58.61,263.17,0.7926,-1,-1,-1
620,185,276.24,1.42,226.00,479.58,0.8564,-1,-1,-1
620,216,168.53,93.13,72.55,266.58,0.8336,-1,-1,-1
620,217,92.79,134.72,60.91,157.51,0.8079,-1,-1,-1
620,218,0.39,-1.46,100.12,489.57,0.8456,-1,-1,-1
620,221,233.53,124.72,41.82,175.86,0.6492,-1,-1,-1
620,205,256.86,91.83,62.93,265.84,0.8102,-1,-1,-1
621,185,288.76,4.43,212.97,475.29,0.8909,-1,-1,-1
621,216,169.58,103.37,73.29,265.28,0.7977,-1,-1,-1
621,217,90.29,142.46,64.63,161.24,0.7954,-1,-1,-1
621,218,0.01,5.68,107.50,489.01,0.8803,-1,-1,-1
621,221,237.43,134.23,40.46,176.06,0.7011,-1,-1,-1
621,205,256.89,101.53,66.96,262.77,0.8151,-1,-1,-1
622,185,305.46,4.96,198.45,475.49,0.9047,-1,-1,-1
622,216,173.34,112.40,73.30,265.65,0.8545,-1,-1,-1
622,217,90.28,146.77,64.84,162.42,0.8021,-1,-1,-1
622,218,0.16,6.08,119.21,490.04,0.8905,-1,-1,-1
622,221,242.54,144.00,35.67,169.80,0.6816,-1,-1,-1
622,205,261.69,111.37,64.41,265.03,0.8253,-1,-1,-1
623,185,309.88,3.28,190.35,476.99,0.9139,-1,-1,-1
623,216,171.00,117.74,73.70,267.07,0.8563,-1,-1,-1
623,217,88.98,145.75,59.38,151.42,0.7311,-1,-1,-1
623,218,-1.79,5.88,125.54,487.28,0.8239,-1,-1,-1
623,221,240.89,151.25,32.18,165.83,0.7132,-1,-1,-1
623,205,261.35,117.92,62.47,264.96,0.8259,-1,-1,-1
624,185,309.37,1.64,185.65,477.43,0.9197,-1,-1,-1
624,216,167.86,121.10,76.05,266.83,0.8210,-1,-1,-1
624,217,85.51,128.13,53.45,148.09,0.4272,-1,-1,-1
624,218,-0.76,2.25,122.45,487.84,0.6557,-1,-1,-1
624,221,239.92,155.24,29.38,164.96,0.5112,-1,-1,-1
624,205,258.44,119.78,66.31,263.93,0.8274,-1,-1,-1
625,185,309.58,-1.26,186.33,479.13,0.9171,-1,-1,-1
625,216,165.14,116.67,81.69,268.45,0.7985,-1,-1,-1
625,218,-0.56,47.70,102.31,437.80,0.6966,-1,-1,-1
625,205,250.12,115.93,75.33,256.64,0.8592,-1,-1,-1
626,185,311.67,-2.51,192.89,480.34,0.9133,-1,-1,-1
626,216,160.01,112.38,93.66,268.43,0.8228,-1,-1,-1
626,218,0.58,65.42,96.51,417.57,0.6194,-1,-1,-1
626,205,251.16,110.36,75.12,254.23,0.8529,-1,-1,-1
627,185,313.57,-4.08,205.26,482.39,0.9044,-1,-1,-1
627,216,169.31,104.37,85.08,264.38,0.7840,-1,-1,-1
627,218,-0.90,19.02,129.65,462.90,0.6244,-1,-1,-1
627,205,253.80,103.99,71.27,257.72,0.8542,-1,-1,-1
628,185,320.31,-3.60,221.38,482.21,0.9194,-1,-1,-1
628,216,175.33,97.97,83.34,263.65,0.8363,-1,-1,-1
628,218,0.41,3.98,146.34,478.98,0.6089,-1,-1,-1
628,205,257.31,101.03,73.48,259.74,0.8704,-1,-1,-1
629,185,330.86,1.46,244.66,479.13,0.8932,-1,-1,-1
629,216,186.18,106.56,82.42,263.26,0.8101,-1,-1,-1
629,218,2.96,4.90,162.71,482.93,0.6198,-1,-1,-1
629,205,266.43,111.28,75.90,258.06,0.8297,-1,-1,-1
630,185,342.85,0.19,269.56,483.07,0.8930,-1,-1,-1
630,216,190.16,113.29,91.13,264.67,0.7738,-1,-1,-1
630,218,-1.28,4.06,184.03,487.22,0.8120,-1,-1,-1
630,205,274.93,115.08,78.42,258.95,0.8098,-1,-1,-1
630,222,161.32,134.40,54.11,183.84,0.7472,-1,-1,-1
631,185,354.23,1.53,272.20,474.57,0.8940,-1,-1,-1
631,216,210.77,116.44,77.37,260.86,0.8266,-1,-1,-1
631,218,3.66,2.19,194.35,480.61,0.8905,-1,-1,-1
631,205,284.76,115.53,77.33,253.36,0.8255,-1,-1,-1
631,222,167.55,131.17,57.65,191.22,0.7462,-1,-1,-1
632,185,366.38,2.75,263.72,474.84,0.9166,-1,-1,-1
632,216,222.52,118.75,66.01,259.47,0.8479,-1,-1,-1
632,218,6.36,0.56,195.80,480.24,0.8934,-1,-1,-1
632,205,290.37,117.49,74.76,244.84,0.8495,-1,-1,-1
632,222,174.57,131.31,52.86,145.92,0.4531,-1,-1,-1
633,185,383.30,1.58,256.92,477.37,0.9046,-1,-1,-1
633,216,231.30,117.53,62.26,254.38,0.8410,-1,-1,-1
633,218,20.04,-1.25,192.33,481.58,0.8634,-1,-1,-1
633,205,298.52,115.66,73.08,244.98,0.8505,-1,-1,-1
633,222,178.15,129.80,51.20,229.27,0.5304,-1,-1,-1
634,185,401.08,-1.26,245.72,478.77,0.9107,-1,-1,-1
634,216,237.16,112.44,63.82,253.86,0.8294,-1,-1,-1
634,218,30.96,-3.53,180.36,484.84,0.7761,-1,-1,-1
634,205,307.38,112.84,71.88,247.49,0.8355,-1,-1,-1
634,223,0.42,69.38,54.38,304.49,0.7633,-1,-1,-1
635,185,415.90,-1.55,235.26,478.92,0.9113,-1,-1,-1
635,216,242.84,114.00,65.55,250.46,0.8128,-1,-1,-1
635,218,34.80,0.28,199.22,483.64,0.8728,-1,-1,-1
635,205,314.81,115.57,74.36,247.53,0.8467,-1,-1,-1
635,221,292.70,142.40,36.07,168.86,0.4259,-1,-1,-1
636,185,419.17,-0.72,226.87,478.09,0.9128,-1,-1,-1
636,216,237.72,116.04,68.55,247.48,0.7757,-1,-1,-1
636,218,35.13,1.10,209.31,480.63,0.8501,-1,-1,-1
636,205,314.53,115.97,72.68,244.71,0.8229,-1,-1,-1
636,221,290.08,141.12,39.04,167.80,0.4243,-1,-1,-1
637,185,421.69,0.54,221.32,476.27,0.9243,-1,-1,-1
637,216,243.10,118.12,62.74,240.74,0.7585,-1,-1,-1
637,218,45.85,0.78,204.20,478.75,0.8326,-1,-1,-1
637,205,314.93,115.75,70.21,239.68,0.8092,-1,-1,-1
637,221,291.49,140.25,37.94,166.41,0.5516,-1,-1,-1
638,185,420.41,1.82,219.46,474.00,0.9153,-1,-1,-1
638,216,247.82,118.17,59.14,229.95,0.8278,-1,-1,-1
638,218,59.20,0.89,196.50,476.57,0.8364,-1,-1,-1
638,205,313.62,114.56,69.50,232.28,0.8095,-1,-1,-1
638,221,293.40,128.85,37.68,173.21,0.1886,-1,-1,-1
639,185,409.68,2.70,227.36,473.07,0.8978,-1,-1,-1
639,216,248.51,115.94,56.52,228.41,0.8172,-1,-1,-1
639,218,65.95,1.46,186.45,475.45,0.7916,-1,-1,-1
639,205,310.01,113.23,70.94,232.81,0.8497,-1,-1,-1
639,221,291.42,134.54,37.17,162.72,0.3390,-1,-1,-1
640,185,405.07,3.57,229.42,475.27,0.8852,-1,-1,-1
640,216,243.17,114.63,58.00,231.42,0.8114,-1,-1,-1
640,218,34.37,1.68,211.24,476.60,0.8317,-1,-1,-1
640,205,302.73,114.27,74.46,234.49,0.8379,-1,-1,-1
640,221,285.69,131.79,33.10,164.70,0.1728,-1,-1,-1
641,185,408.93,4.47,224.26,473.82,0.9249,-1,-1,-1
641,216,237.52,119.33,59.31,233.28,0.7442,-1,-1,-1
641,218,26.13,3.13,216.62,475.62,0.8211,-1,-1,-1
641,205,296.09,119.11,74.06,233.71,0.8268,-1,-1,-1
642,185,406.29,3.38,228.59,475.64,0.9188,-1,-1,-1
642,216,236.51,122.98,59.53,236.19,0.7454,-1,-1,-1
642,218,21.65,2.62,220.45,475.38,0.8590,-1,-1,-1
642,205,293.12,121.72,75.20,233.13,0.8351,-1,-1,-1
642,224,7.59,50.27,96.93,336.34,0.5946,-1,-1,-1
642,223,-0.18,75.55,32.79,340.75,0.4765,-1,-1,-1
643,185,403.08,0.38,231.81,476.50,0.9266,-1,-1,-1
643,216,234.34,121.95,60.40,236.04,0.7143,-1,-1,-1
643,218,27.94,1.76,211.53,475.78,0.7260,-1,-1,-1
643,205,292.40,119.78,74.62,232.37,0.8121,-1,-1,-1
643,224,0.69,33.05,83.96,368.94,0.7638,-1,-1,-1
643,221,270.34,141.21,37.31,160.04,0.4614,-1,-1,-1
644,185,397.80,1.64,236.57,474.10,0.9290,-1,-1,-1
644,216,221.49,126.49,68.13,234.09,0.6471,-1,-1,-1
644,218,19.99,7.47,214.36,471.19,0.9028,-1,-1,-1
644,205,290.81,123.69,73.38,226.97,0.8342,-1,-1,-1
644,221,271.24,149.01,32.58,155.18,0.4358,-1,-1,-1
645,185,393.83,-0.11,242.29,474.69,0.9311,-1,-1,-1
645,216,219.91,125.67,61.81,229.15,0.7901,-1,-1,-1
645,218,33.10,2.48,194.52,475.52,0.8686,-1,-1,-1
645,205,287.33,120.64,70.79,228.92,0.8561,-1,-1,-1
645,221,268.75,145.78,31.13,158.41,0.5116,-1,-1,-1
646,185,389.56,0.30,247.07,474.42,0.9146,-1,-1,-1
646,216,219.15,125.10,56.47,214.39,0.7905,-1,-1,-1
646,218,53.68,0.50,169.81,478.35,0.8938,-1,-1,-1
646,205,283.66,121.88,67.10,229.47,0.7914,-1,-1,-1
646,221,264.40,145.27,28.27,127.88,0.5352,-1,-1,-1
647,185,388.32,1.39,249.37,476.31,0.9191,-1,-1,-1
647,216,218.46,126.12,52.60,197.96,0.8152,-1,-1,-1
647,218,63.83,-0.30,158.22,480.39,0.8977,-1,-1,-1
647,205,280.69,125.23,65.64,230.04,0.7967,-1,-1,-1
647,221,256.96,149.09,31.56,147.57,0.6765,-1,-1,-1
648,185,389.64,1.91,249.16,475.41,0.9145,-1,-1,-1
648,216,218.39,129.87,50.64,193.82,0.7351,-1,-1,-1
648,218,68.08,0.50,154.31,479.75,0.9028,-1,-1,-1
648,205,280.14,129.21,64.90,228.25,0.7825,-1,-1,-1
648,221,255.29,151.46,32.75,150.48,0.6555,-1,-1,-1
649,185,389.98,3.05,249.32,475.71,0.9204,-1,-1,-1
649,216,217.98,137.48,50.91,199.70,0.7169,-1,-1,-1
649,218,66.79,3.77,155.18,477.22,0.8980,-1,-1,-1
649,205,279.11,133.53,65.23,226.44,0.7800,-1,-1,-1
649,221,254.96,155.76,32.57,149.35,0.6811,-1,-1,-1
650,185,390.60,1.13,247.63,477.28,0.9207,-1,-1,-1
650,216,216.00,138.05,52.05,201.76,0.8071,-1,-1,-1
650,218,62.70,4.25,156.81,475.05,0.8956,-1,-1,-1
650,205,275.56,131.44,67.47,222.64,0.7993,-1,-1,-1
650,221,253.26,153.19,28.62,155.56,0.1963,-1,-1,-1
651,185,387.81,-1.89,249.39,479.21,0.8971,-1,-1,-1
651,216,207.65,127.34,54.17,213.21,0.7677,-1,-1,-1
651,218,44.34,-0.87,167.21,478.13,0.8886,-1,-1,-1
651,205,262.24,123.18,73.18,219.99,0.8027,-1,-1,-1
651,221,246.05,146.11,28.93,153.78,0.1727,-1,-1,-1
652,185,390.70,0.90,247.08,476.34,0.9024,-1,-1,-1
652,216,205.22,129.25,56.48,217.25,0.8174,-1,-1,-1
652,218,41.24,1.72,169.59,476.36,0.8966,-1,-1,-1
652,205,258.78,127.04,74.10,220.00,0.8353,-1,-1,-1
653,185,394.10,2.76,245.05,478.03,0.8968,-1,-1,-1
653,216,204.51,135.63,57.23,219.68,0.8145,-1,-1,-1
653,218,40.43,6.08,172.34,475.18,0.8761,-1,-1,-1
653,205,258.72,134.62,72.56,221.63,0.8489,-1,-1,-1
654,185,394.24,-2.20,245.75,478.71,0.9116,-1,-1,-1
654,216,202.06,131.09,57.81,220.51,0.7885,-1,-1,-1
654,218,34.87,-0.56,178.47,478.40,0.8888,-1,-1,-1
654,205,258.76,129.42,71.02,222.31,0.8313,-1,-1,-1
655,185,394.34,-1.22,245.90,479.33,0.9175,-1,-1,-1
655,216,196.72,133.80,65.08,220.58,0.8413,-1,-1,-1
655,218,25.24,0.01,191.84,479.91,0.8750,-1,-1,-1
655,205,262.38,131.12,70.11,222.55,0.8481,-1,-1,-1
656,185,391.24,-0.45,247.07,479.65,0.8977,-1,-1,-1
656,216,201.28,134.38,59.59,220.24,0.7752,-1,-1,-1
656,218,15.53,0.56,203.82,479.45,0.8914,-1,-1,-1
656,205,265.41,130.56,67.61,220.34,0.8447,-1,-1,-1
657,185,380.54,-1.57,258.30,478.07,0.8913,-1,-1,-1
657,216,209.99,125.90,54.19,214.12,0.7780,-1,-1,-1
657,218,16.69,1.44,206.47,474.04,0.9124,-1,-1,-1
657,205,271.15,121.88,68.30,215.41,0.8607,-1,-1,-1
658,185,380.88,1.59,254.63,474.08,0.8927,-1,-1,-1
658,216,216.89,126.19,52.11,208.00,0.8042,-1,-1,-1
658,218,27.23,8.49,199.59,466.05,0.8964,-1,-1,-1
658,205,275.40,120.72,68.10,212.30,0.8460,-1,-1,-1
659,185,382.63,2.31,244.93,471.55,0.9049,-1,-1,-1
659,216,219.56,128.06,55.41,198.10,0.7765,-1,-1,-1
659,218,51.57,12.44,178.58,463.04,0.9093,-1,-1,-1
659,205,279.86,120.93,68.60,211.57,0.8334,-1,-1,-1
660,185,383.96,2.41,238.97,474.84,0.8985,-1,-1,-1
660,216,210.57,134.41,58.90,192.82,0.7546,-1,-1,-1
660,218,68.63,13.24,154.29,462.41,0.8865,-1,-1,-1
660,205,274.56,128.33,68.89,211.57,0.8414,-1,-1,-1
661,185,387.78,-0.80,242.84,475.61,0.9184,-1,-1,-1
661,216,208.68,136.69,62.19,191.03,0.6224,-1,-1,-1
661,218,79.68,8.31,146.57,469.81,0.8859,-1,-1,-1
661,205,274.31,130.11,70.67,208.95,0.8183,-1,-1,-1
662,185,387.62,-0.86,249.40,479.28,0.8990,-1,-1,-1
662,216,213.52,138.76,58.16,170.49,0.4957,-1,-1,-1
662,218,85.72,4.75,140.23,476.00,0.8764,-1,-1,-1
662,205,273.52,131.25,68.59,211.91,0.8510,-1,-1,-1
663,185,390.15,-0.30,249.41,477.55,0.8745,-1,-1,-1
663,216,221.01,138.24,53.66,160.84,0.5904,-1,-1,-1
663,218,89.69,4.53,143.05,476.57,0.8680,-1,-1,-1
663,205,274.39,131.24,67.59,207.73,0.8588,-1,-1,-1
663,227,36.65,130.32,67.46,211.18,0.7919,-1,-1,-1
664,185,392.68,0.46,247.34,476.83,0.9133,-1,-1,-1
664,216,223.92,136.73,52.08,156.99,0.6916,-1,-1,-1
664,218,91.86,7.45,139.05,452.28,0.8857,-1,-1,-1
664,205,274.95,131.46,67.54,205.18,0.8643,-1,-1,-1
664,227,11.70,126.04,91.17,217.75,0.7867,-1,-1,-1
665,185,401.75,-0.06,240.29,482.37,0.9057,-1,-1,-1
665,216,226.52,133.72,51.56,160.37,0.8041,-1,-1,-1
665,218,95.32,11.69,136.49,462.54,0.8705,-1,-1,-1
665,205,277.58,130.24,68.55,204.90,0.8240,-1,-1,-1
665,227,3.72,114.85,90.86,231.25,0.8366,-1,-1,-1
666,185,412.70,-0.23,228.08,480.47,0.8782,-1,-1,-1
666,216,228.01,131.31,51.43,161.94,0.8193,-1,-1,-1
666,218,98.58,11.83,135.25,464.08,0.8392,-1,-1,-1
666,205,278.95,127.14,67.07,206.14,0.8209,-1,-1,-1
666,227,0.41,105.51,87.58,239.71,0.8896,-1,-1,-1
666,228,81.10,154.08,34.70,183.24,0.4281,-1,-1,-1
667,185,428.63,-0.30,213.47,481.50,0.8949,-1,-1,-1
667,216,233.43,132.28,47.28,160.25,0.7239,-1,-1,-1
667,218,100.89,11.13,133.28,468.27,0.8721,-1,-1,-1
667,205,280.49,127.36,67.05,207.20,0.8009,-1,-1,-1
667,227,-2.68,97.30,85.80,250.22,0.8918,-1,-1,-1
667,228,77.51,108.12,44.56,229.85,0.6756,-1,-1,-1
668,185,446.53,0.60,195.92,481.55,0.9091,-1,-1,-1
668,216,237.06,135.62,48.57,164.14,0.7604,-1,-1,-1
668,218,110.15,11.38,132.53,469.30,0.8669,-1,-1,-1
668,205,284.79,130.26,66.64,205.56,0.8484,-1,-1,-1
668,227,-2.15,94.53,80.01,259.76,0.8746,-1,-1,-1
668,228,73.07,93.40,50.44,256.72,0.7959,-1,-1,-1
669,185,456.84,-1.02,183.82,479.65,0.9209,-1,-1,-1
669,216,235.80,130.92,53.04,158.66,0.5287,-1,-1,-1
669,218,100.41,5.16,146.28,457.77,0.8752,-1,-1,-1
669,205,287.92,124.93,65.44,199.24,0.8839,-1,-1,-1
669,227,-1.75,87.39,69.51,265.65,0.8561,-1,-1,-1
669,228,64.20,82.96,58.69,272.03,0.7845,-1,-1,-1
669,229,383.46,100.51,96.03,269.43,0.7856,-1,-1,-1
670,185,463.16,0.40,177.62,479.59,0.9157,-1,-1,-1
670,216,236.09,129.62,55.53,179.96,0.7519,-1,-1,-1
670,218,93.09,6.39,158.57,458.52,0.8685,-1,-1,-1
670,205,290.55,124.13,65.13,198.26,0.8689,-1,-1,-1
670,227,-1.51,88.85,57.64,269.10,0.8521,-1,-1,-1
670,228,53.35,78.44,69.25,289.26,0.6820,-1,-1,-1
670,229,399.10,102.56,89.04,265.14,0.8375,-1,-1,-1
671,185,466.04,3.45,174.08,477.96,0.9126,-1,-1,-1
671,216,241.21,137.03,50.20,188.00,0.7362,-1,-1,-1
671,218,80.00,18.06,174.45,455.21,0.8391,-1,-1,-1
671,205,290.41,131.62,66.25,198.21,0.8549,-1,-1,-1
671,227,-2.01,111.19,47.93,257.96,0.8169,-1,-1,-1
671,228,40.47,81.06,80.83,308.38,0.7930,-1,-1,-1
671,229,395.14,113.02,93.16,266.42,0.7816,-1,-1,-1
672,185,468.08,5.88,170.79,478.65,0.8931,-1,-1,-1
672,216,247.30,148.82,43.24,186.83,0.7240,-1,-1,-1
672,218,92.05,36.84,162.12,444.20,0.7675,-1,-1,-1
672,205,290.52,142.85,64.53,200.07,0.8583,-1,-1,-1
672,227,-2.05,126.32,29.26,261.61,0.6565,-1,-1,-1
672,228,24.17,82.66,94.14,329.81,0.8464,-1,-1,-1
672,229,398.78,126.72,86.89,270.20,0.8367,-1,-1,-1
673,185,465.61,-3.04,175.82,480.61,0.8639,-1,-1,-1
673,216,253.19,139.58,42.37,182.66,0.7722,-1,-1,-1
673,218,105.54,29.51,150.24,447.57,0.8711,-1,-1,-1
673,205,294.77,133.23,63.97,198.92,0.8404,-1,-1,-1
673,228,6.65,58.89,112.07,352.66,0.8679,-1,-1,-1
673,229,404.30,112.73,88.53,274.63,0.8542,-1,-1,-1
674,185,462.08,-1.95,176.08,478.54,0.8837,-1,-1,-1
674,216,249.36,134.91,44.73,182.81,0.7831,-1,-1,-1
674,218,91.31,24.87,156.30,452.02,0.7768,-1,-1,-1
674,205,291.98,127.77,60.51,197.40,0.8565,-1,-1,-1
674,228,-3.10,39.87,116.39,373.98,0.8913,-1,-1,-1
674,229,400.58,104.35,83.71,271.78,0.8357,-1,-1,-1
675,185,475.98,3.24,157.78,476.21,0.9053,-1,-1,-1
675,216,235.72,140.20,54.48,181.67,0.6277,-1,-1,-1
675,218,94.77,25.50,142.62,453.32,0.8821,-1,-1,-1
675,205,287.51,135.36,57.32,189.28,0.8596,-1,-1,-1
675,228,-4.42,30.34,100.37,393.30,0.8869,-1,-1,-1
675,229,393.85,110.04,80.18,266.10,0.8353,-1,-1,-1
676,185,475.39,4.97,159.14,475.09,0.8278,-1,-1,-1
676,216,237.02,142.67,48.48,185.83,0.8134,-1,-1,-1
676,218,96.14,26.17,139.52,446.79,0.8959,-1,-1,-1
676,205,283.24,139.56,56.52,187.90,0.8509,-1,-1,-1
676,228,-4.09,20.43,81.96,411.45,0.8587,-1,-1,-1
676,229,385.06,116.18,85.32,263.69,0.7587,-1,-1,-1
677,185,478.04,1.95,160.47,476.69,0.8987,-1,-1,-1
677,216,241.11,140.66,46.60,186.62,0.8185,-1,-1,-1
677,218,96.62,21.39,144.56,447.47,0.8886,-1,-1,-1
677,205,285.08,138.73,57.75,188.42,0.8244,-1,-1,-1
677,228,-2.83,19.57,62.43,417.60,0.7166,-1,-1,-1
677,229,387.86,115.61,86.06,267.57,0.7807,-1,-1,-1
678,185,474.01,-0.10,165.07,476.14,0.9061,-1,-1,-1
678,216,239.35,139.72,45.12,183.57,0.8257,-1,-1,-1
678,218,100.82,18.74,139.43,453.11,0.8652,-1,-1,-1
678,205,281.20,136.97,59.89,189.93,0.8528,-1,-1,-1
678,229,385.75,113.22,87.56,272.15,0.8411,-1,-1,-1
679,185,471.01,1.43,169.32,477.99,0.8952,-1,-1,-1
679,216,238.66,147.05,45.01,192.64,0.7141,-1,-1,-1
679,218,104.89,27.68,133.20,451.30,0.8280,-1,-1,-1
679,205,280.78,142.12,59.97,191.12,0.8564,-1,-1,-1
679,229,382.98,118.25,92.15,274.62,0.7721,-1,-1,-1
679,230,82.06,163.99,43.45,157.40,0.5568,-1,-1,-1
680,185,469.07,2.54,170.25,478.22,0.9086,-1,-1,-1
680,216,237.18,152.46,46.16,197.26,0.7466,-1,-1,-1
680,218,105.05,36.81,132.09,428.40,0.8177,-1,-1,-1
680,205,279.89,145.23,59.53,191.88,0.8631,-1,-1,-1
680,229,380.20,121.41,93.62,277.45,0.7584,-1,-1,-1
680,230,75.70,159.22,49.91,167.80,0.5972,-1,-1,-1
681,185,468.53,0.64,170.06,479.00,0.9140,-1,-1,-1
681,216,235.04,150.10,45.09,184.77,0.7861,-1,-1,-1
681,218,103.65,39.67,132.27,425.02,0.7966,-1,-1,-1
681,205,276.32,142.86,60.56,188.40,0.8540,-1,-1,-1
681,229,376.18,118.17,92.51,280.01,0.8329,-1,-1,-1
681,230,63.47,138.08,56.66,190.13,0.7467,-1,-1,-1
682,185,473.45,0.25,164.85,479.51,0.9115,-1,-1,-1
682,216,231.30,146.84,45.76,182.69,0.7969,-1,-1,-1
682,218,100.38,34.94,136.45,438.62,0.8531,-1,-1,-1
682,205,275.49,140.27,58.98,188.37,0.8669,-1,-1,-1
682,229,372.50,114.76,90.80,276.39,0.8199,-1,-1,-1
682,230,50.18,126.61,67.17,210.69,0.7844,-1,-1,-1
683,185,480.42,1.03,158.68,478.16,0.9110,-1,-1,-1
683,216,234.21,146.61,42.05,182.02,0.7649,-1,-1,-1
683,218,98.66,35.83,140.85,441.75,0.8584,-1,-1,-1
683,205,275.67,140.87,58.07,186.16,0.8637,-1,-1,-1
683,229,356.58,114.24,99.08,274.96,0.6912,-1,-1,-1
683,230,44.63,122.36,68.86,225.87,0.7949,-1,-1,-1
684,185,488.67,-0.84,151.47,479.51,0.9155,-1,-1,-1
684,216,229.41,143.10,45.40,184.21,0.6553,-1,-1,-1
684,218,95.70,27.66,142.33,438.93,0.8658,-1,-1,-1
684,205,272.52,137.39,60.33,188.26,0.8641,-1,-1,-1
684,229,353.17,108.67,99.37,280.62,0.7305,-1,-1,-1
684,230,34.25,111.19,77.89,241.75,0.7716,-1,-1,-1
685,185,494.92,-0.16,146.11,479.56,0.9132,-1,-1,-1
685,216,217.21,142.00,58.26,197.26,0.7063,-1,-1,-1
685,218,86.84,25.14,152.36,442.27,0.8815,-1,-1,-1
685,205,273.06,136.57,61.15,189.34,0.8617,-1,-1,-1
685,229,350.44,109.90,102.67,281.38,0.7594,-1,-1,-1
685,230,19.41,105.13,89.84,253.54,0.5753,-1,-1,-1
686,185,496.28,-0.93,145.00,479.63,0.8967,-1,-1,-1
686,216,217.30,142.06,56.79,195.93,0.4229,-1,-1,-1
686,218,78.32,25.24,159.66,450.52,0.8909,-1,-1,-1
686,205,270.91,135.22,60.60,189.57,0.8212,-1,-1,-1
686,229,353.82,109.62,97.57,284.20,0.7945,-1,-1,-1
686,230,11.19,93.58,90.95,267.34,0.7963,-1,-1,-1
687,185,497.20,-0.57,143.88,480.20,0.9104,-1,-1,-1
687,216,226.98,143.03,47.16,160.73,0.5417,-1,-1,-1
687,218,76.60,29.64,160.93,449.73,0.8834,-1,-1,-1
687,205,271.07,135.46,59.69,186.08,0.8403,-1,-1,-1
687,229,357.70,108.35,92.71,288.71,0.8427,-1,-1,-1
687,230,-0.09,83.33,93.32,281.52,0.8851,-1,-1,-1
688,185,493.41,-0.99,147.20,480.58,0.9203,-1,-1,-1
688,216,227.05,139.60,40.91,145.03,0.5503,-1,-1,-1
688,218,65.21,31.12,167.06,449.44,0.8681,-1,-1,-1
688,205,266.53,131.54,59.77,185.60,0.7833,-1,-1,-1
688,229,356.24,103.98,94.19,289.47,0.8472,-1,-1,-1
688,230,-5.92,73.36,87.93,292.72,0.8248,-1,-1,-1
689,185,482.76,0.10,158.24,480.53,0.8965,-1,-1,-1
689,216,224.20,141.54,42.83,166.26,0.7153,-1,-1,-1
689,218,78.65,33.79,150.80,448.48,0.8264,-1,-1,-1
689,205,264.52,132.70,59.91,185.64,0.8242,-1,-1,-1
689,229,356.97,105.01,91.13,285.20,0.8438,-1,-1,-1
689,230,-5.93,68.28,78.29,298.88,0.7674,-1,-1,-1
689,234,306.33,151.76,43.91,138.41,0.6049,-1,-1,-1
690,185,456.06,0.13,184.52,480.14,0.8623,-1,-1,-1
690,216,220.51,141.13,45.06,174.83,0.6364,-1,-1,-1
690,218,80.65,33.17,147.22,448.29,0.8663,-1,-1,-1
690,205,262.57,133.49,58.16,185.89,0.8410,-1,-1,-1
690,229,357.04,103.42,86.89,280.67,0.8485,-1,-1,-1
690,230,-4.45,72.90,69.63,300.98,0.6840,-1,-1,-1
690,234,307.18,151.93,47.41,139.45,0.7235,-1,-1,-1
691,185,450.69,0.83,187.98,477.71,0.8516,-1,-1,-1
691,216,217.74,143.74,46.05,199.31,0.4545,-1,-1,-1
691,218,97.03,32.48,132.86,442.93,0.8914,-1,-1,-1
691,205,260.56,136.69,58.78,185.92,0.8254,-1,-1,-1
691,229,353.09,102.85,87.08,282.20,0.8243,-1,-1,-1
691,230,-3.07,82.19,57.92,227.06,0.5582,-1,-1,-1
691,234,308.15,153.32,47.54,139.59,0.8007,-1,-1,-1
692,185,477.94,3.34,159.10,472.17,0.8480,-1,-1,-1
692,216,223.73,147.08,38.74,151.08,0.4852,-1,-1,-1
692,218,107.23,32.80,125.96,434.31,0.8958,-1,-1,-1
692,205,259.78,140.80,58.79,183.44,0.8395,-1,-1,-1
692,229,351.90,104.18,86.51,283.78,0.8502,-1,-1,-1
692,230,-0.89,86.27,44.67,207.91,0.5488,-1,-1,-1
692,234,310.07,152.78,49.24,142.00,0.7734,-1,-1,-1
692,235,52.93,135.75,60.50,181.41,0.7587,-1,-1,-1
693,185,493.07,2.93,143.46,469.01,0.8814,-1,-1,-1
693,216,229.01,143.12,36.04,125.87,0.3501,-1,-1,-1
693,218,115.69,28.19,125.53,437.54,0.8833,-1,-1,-1
693,205,262.12,134.45,59.36,182.88,0.8405,-1,-1,-1
693,229,351.39,101.73,93.15,284.46,0.7831,-1,-1,-1
693,230,1.68,102.29,40.71,201.28,0.3478,-1,-1,-1
693,234,315.35,146.48,49.11,144.38,0.6531,-1,-1,-1
693,235,45.73,130.05,67.63,188.89,0.7318,-1,-1,-1
694,185,445.00,-1.12,193.29,472.48,0.8626,-1,-1,-1
694,216,226.79,138.03,37.30,133.14,0.3528,-1,-1,-1
694,218,119.13,25.79,120.53,442.61,0.8490,-1,-1,-1
694,205,260.92,129.67,61.39,180.90,0.8174,-1,-1,-1
694,229,349.16,96.36,93.91,288.45,0.7774,-1,-1,-1
694,234,317.20,137.82,47.12,130.66,0.4938,-1,-1,-1
694,235,25.07,124.78,79.18,195.71,0.7816,-1,-1,-1
695,185,434.10,-0.36,205.47,476.25,0.8936,-1,-1,-1
695,218,122.73,26.90,128.95,449.21,0.8029,-1,-1,-1
695,205,260.31,127.73,60.65,178.54,0.8313,-1,-1,-1
695,229,340.77,94.38,97.71,291.51,0.7087,-1,-1,-1
695,234,317.95,133.86,49.87,116.30,0.4509,-1,-1,-1
695,235,11.40,120.94,82.07,208.23,0.8248,-1,-1,-1
695,236,94.52,141.49,40.72,149.15,0.7336,-1,-1,-1
696,185,440.78,3.48,199.44,476.57,0.8512,-1,-1,-1
696,218,121.23,38.63,138.22,442.49,0.7965,-1,-1,-1
696,205,261.01,133.57,62.36,178.87,0.7892,-1,-1,-1
696,229,341.39,99.19,94.66,289.57,0.7924,-1,-1,-1
696,235,5.28,119.53,81.21,221.36,0.8272,-1,-1,-1
696,236,94.14,145.32,42.63,152.97,0.7728,-1,-1,-1
697,185,462.31,2.38,178.08,477.53,0.9058,-1,-1,-1
697,218,125.46,39.81,138.78,440.72,0.8708,-1,-1,-1
697,205,264.58,133.15,60.87,181.10,0.8403,-1,-1,-1
697,229,343.87,97.62,89.92,283.64,0.8335,-1,-1,-1
697,235,2.09,115.36,77.58,228.33,0.8294,-1,-1,-1
697,236,93.58,142.68,42.76,157.69,0.7263,-1,-1,-1
698,185,461.65,0.77,177.34,477.72,0.9108,-1,-1,-1
698,218,136.81,35.11,130.16,435.13,0.8734,-1,-1,-1
698,205,264.91,133.34,59.13,179.80,0.8060,-1,-1,-1
698,229,333.36,93.07,95.65,283.88,0.8188,-1,-1,-1
698,235,-2.65,106.87,77.29,237.48,0.8076,-1,-1,-1
698,236,87.16,138.53,44.29,160.45,0.5237,-1,-1,-1
699,185,459.36,3.42,179.24,478.25,0.9091,-1,-1,-1
699,218,144.30,39.14,125.13,418.73,0.8986,-1,-1,-1
699,205,267.49,140.36,54.95,179.14,0.8273,-1,-1,-1
699,229,333.76,98.24,92.43,285.71,0.8346,-1,-1,-1
699,235,-2.85,107.88,74.12,243.88,0.8453,-1,-1,-1
699,236,84.05,143.44,41.62,152.42,0.5295,-1,-1,-1
699,237,104.02,172.76,51.15,181.06,0.7133,-1,-1,-1
700,185,457.59,5.35,181.75,478.45,0.9097,-1,-1,-1
700,218,137.67,46.01,137.04,411.90,0.8783,-1,-1,-1
700,205,272.92,147.84,50.32,175.58,0.8007,-1,-1,-1
700,229,333.78,106.42,90.61,289.53,0.8485,-1,-1,-1
700,235,-2.40,110.29,66.94,258.56,0.7410,-1,-1,-1
700,236,83.78,149.16,41.19,108.56,0.2950,-1,-1,-1
700,237,93.80,175.26,57.46,193.73,0.6921,-1,-1,-1
701,185,457.53,-0.57,179.70,479.43,0.9210,-1,-1,-1
701,218,131.89,34.93,144.61,418.97,0.8668,-1,-1,-1
701,205,271.72,137.76,46.64,162.86,0.7944,-1,-1,-1
701,229,327.66,99.32,89.87,291.95,0.8335,-1,-1,-1
701,235,-4.10,122.39,48.52,231.99,0.3800,-1,-1,-1
701,236,75.35,136.73,31.19,86.90,0.1733,-1,-1,-1
701,237,77.86,158.47,61.66,209.50,0.6796,-1,-1,-1
701,238,30.38,151.69,41.05,146.72,0.6826,-1,-1,-1
702,185,450.57,-0.41,187.35,478.55,0.9250,-1,-1,-1
702,218,126.55,37.84,150.99,423.32,0.8602,-1,-1,-1
702,205,268.15,137.14,46.82,156.95,0.7783,-1,-1,-1
702,229,312.42,99.32,104.77,294.95,0.7964,-1,-1,-1
702,236,62.10,130.99,32.26,77.95,0.3806,-1,-1,-1
702,237,62.94,156.00,64.34,219.99,0.7358,-1,-1,-1
702,238,15.38,147.31,51.50,157.16,0.7365,-1,-1,-1
702,239,113.01,125.56,48.96,211.78,0.5787,-1,-1,-1
703,185,442.75,2.20,196.50,476.37,0.9266,-1,-1,-1
703,218,122.45,46.29,157.20,426.61,0.8437,-1,-1,-1
703,205,268.06,140.01,46.08,147.28,0.7071,-1,-1,-1
703,229,313.92,101.99,97.25,293.98,0.8207,-1,-1,-1
703,236,55.60,130.33,34.31,68.83,0.2822,-1,-1,-1
703,237,47.90,156.33,73.69,234.72,0.8087,-1,-1,-1
703,238,5.60,148.56,57.68,157.96,0.7034,-1,-1,-1
703,239,110.61,125.26,47.53,220.94,0.5773,-1,-1,-1
704,185,435.99,0.60,205.39,477.74,0.9201,-1,-1,-1
704,218,119.73,50.89,159.13,425.76,0.8546,-1,-1,-1
704,205,265.40,142.29,46.29,150.24,0.6489,-1,-1,-1
704,229,313.48,101.24,90.68,289.72,0.8291,-1,-1,-1
704,236,42.30,126.59,35.15,53.52,0.2445,-1,-1,-1
704,237,29.72,154.57,80.69,251.43,0.7253,-1,-1,-1
704,238,-1.83,150.89,57.77,161.94,0.7210,-1,-1,-1
704,239,97.37,122.26,57.56,227.36,0.7112,-1,-1,-1
704,241,383.29,115.83,63.31,207.78,0.7893,-1,-1,-1
705,185,427.93,-1.29,212.80,479.36,0.9228,-1,-1,-1
705,218,125.03,47.80,149.28,428.26,0.8725,-1,-1,-1
705,205,261.60,140.46,46.63,157.22,0.6721,-1,-1,-1
705,229,310.49,96.49,88.94,284.21,0.8501,-1,-1,-1
705,236,31.54,119.60,34.46,33.02,0.2539,-1,-1,-1
705,237,6.93,147.72,91.35,270.85,0.8043,-1,-1,-1
705,238,-3.82,165.84,47.70,146.95,0.3348,-1,-1,-1
705,239,84.17,114.93,64.99,236.95,0.7979,-1,-1,-1
705,241,381.73,110.36,63.07,216.30,0.6809,-1,-1,-1
706,185,417.84,-0.06,221.41,479.62,0.9200,-1,-1,-1
706,218,135.32,42.46,134.56,427.86,0.8629,-1,-1,-1
706,205,258.55,139.89,44.60,134.09,0.7362,-1,-1,-1
706,229,302.44,95.14,88.50,287.73,0.8324,-1,-1,-1
706,237,-3.06,141.37,85.29,287.95,0.8798,-1,-1,-1
706,239,66.12,107.14,77.52,250.23,0.8448,-1,-1,-1
706,241,379.22,103.41,57.74,230.00,0.5091,-1,-1,-1
707,185,401.77,2.46,235.86,478.30,0.8951,-1,-1,-1
707,218,136.26,41.97,130.26,414.62,0.8941,-1,-1,-1
707,205,255.65,142.41,43.18,117.20,0.6441,-1,-1,-1
707,229,297.70,98.47,86.76,289.70,0.8564,-1,-1,-1
707,237,-5.46,137.67,71.27,302.93,0.8316,-1,-1,-1
707,239,44.35,103.76,92.16,265.25,0.7724,-1,-1,-1
707,241,374.53,103.18,61.06,237.94,0.6349,-1,-1,-1
708,185,367.62,3.78,267.15,475.85,0.8693,-1,-1,-1
708,218,132.60,39.21,128.46,412.39,0.8754,-1,-1,-1
708,205,251.46,142.77,43.30,113.41,0.6233,-1,-1,-1
708,229,288.67,101.42,88.75,291.24,0.8377,-1,-1,-1
708,237,-5.47,131.17,52.49,315.26,0.7600,-1,-1,-1
708,239,18.97,99.98,106.23,274.79,0.7051,-1,-1,-1
709,185,366.06,5.68,259.57,470.75,0.8650,-1,-1,-1
709,218,130.10,40.28,129.88,409.34,0.8690,-1,-1,-1
709,205,247.92,142.28,44.54,117.80,0.7152,-1,-1,-1
709,229,282.16,103.60,89.46,289.91,0.8032,-1,-1,-1
709,239,5.26,95.99,109.00,322.71,0.7099,-1,-1,-1
710,185,336.84,6.44,272.89,465.05,0.8940,-1,-1,-1
710,218,126.55,44.47,132.62,413.41,0.8648,-1,-1,-1
710,205,244.37,142.78,45.69,114.61,0.7433,-1,-1,-1
710,229,273.37,103.06,95.41,289.48,0.7581,-1,-1,-1
710,239,-1.08,90.60,109.99,352.75,0.6759,-1,-1,-1
711,185,313.24,1.94,285.55,471.13,0.8861,-1,-1,-1
711,218,120.92,41.53,134.82,407.97,0.8207,-1,-1,-1
711,205,242.59,139.53,42.87,114.61,0.6854,-1,-1,-1
711,229,269.72,95.78,95.97,296.31,0.7813,-1,-1,-1
711,239,-7.59,72.21,107.80,337.95,0.8855,-1,-1,-1
712,185,299.22,-1.37,292.37,478.65,0.8949,-1,-1,-1
712,218,118.11,39.16,133.27,426.68,0.8870,-1,-1,-1
712,205,241.55,140.08,41.21,113.56,0.6091,-1,-1,-1
712,229,266.56,89.25,95.42,297.37,0.8237,-1,-1,-1
712,239,-10.32,50.58,86.20,363.70,0.7086,-1,-1,-1
713,185,320.80,-3.69,277.35,484.11,0.9167,-1,-1,-1
713,218,115.42,34.02,135.36,435.96,0.9004,-1,-1,-1
713,205,243.37,139.22,37.72,111.17,0.6947,-1,-1,-1
713,229,265.92,85.09,93.90,298.83,0.8167,-1,-1,-1
713,239,-9.09,32.48,69.75,411.79,0.7370,-1,-1,-1
714,185,328.58,-3.71,299.34,486.55,0.9016,-1,-1,-1
714,218,111.42,32.33,142.10,432.77,0.8968,-1,-1,-1
714,205,247.89,140.51,36.79,105.60,0.7460,-1,-1,-1
714,229,268.24,86.02,95.59,301.67,0.8159,-1,-1,-1
715,185,330.20,-1.81,309.35,481.23,0.9130,-1,-1,-1
715,218,109.21,30.79,148.56,414.57,0.9022,-1,-1,-1
715,205,252.07,139.20,36.61,104.96,0.6354,-1,-1,-1
715,229,272.78,87.74,94.76,301.63,0.8309,-1,-1,-1
715,243,28.73,87.78,73.25,233.28,0.7633,-1,-1,-1
716,185,336.33,1.44,305.72,478.03,0.8858,-1,-1,-1
716,218,107.88,34.08,154.70,407.05,0.8984,-1,-1,-1
716,205,257.94,142.34,35.79,102.53,0.6746,-1,-1,-1
716,229,276.59,91.94,95.34,306.95,0.8401,-1,-1,-1
716,243,28.54,87.00,78.71,249.46,0.8296,-1,-1,-1
716,245,1.65,69.71,70.43,269.28,0.3835,-1,-1,-1
717,185,347.19,2.53,292.30,476.96,0.8716,-1,-1,-1
717,218,105.73,39.92,158.46,400.07,0.8878,-1,-1,-1
717,205,262.09,143.31,37.67,100.65,0.7286,-1,-1,-1
717,229,280.14,94.70,96.52,304.97,0.8473,-1,-1,-1
717,243,14.76,82.27,94.05,262.78,0.8884,-1,-1,-1
718,185,365.15,2.98,274.39,476.29,0.8972,-1,-1,-1
718,218,103.92,48.28,163.80,406.26,0.8917,-1,-1,-1
718,205,267.30,148.31,37.63,103.98,0.7654,-1,-1,-1
718,229,287.98,97.34,95.72,306.50,0.8119,-1,-1,-1
718,243,6.27,79.46,101.74,286.46,0.8838,-1,-1,-1
719,185,377.41,1.42,263.85,476.93,0.9051,-1,-1,-1
719,218,102.60,54.08,162.82,410.07,0.8880,-1,-1,-1
719,205,272.41,150.36,36.74,106.48,0.7072,-1,-1,-1
719,229,294.56,96.82,92.66,306.69,0.5800,-1,-1,-1
719,243,-1.07,76.68,112.09,298.35,0.9004,-1,-1,-1
720,185,386.05,-0.49,256.82,478.56,0.9164,-1,-1,-1
720,218,103.54,54.20,162.75,408.48,0.8887,-1,-1,-1
720,205,277.15,149.33,36.35,113.38,0.6707,-1,-1,-1
720,229,300.54,95.27,91.01,302.09,0.8466,-1,-1,-1
720,243,-2.32,72.14,115.81,312.87,0.8963,-1,-1,-1
720,246,255.58,158.51,24.00,97.44,0.4298,-1,-1,-1
721,185,394.47,-3.44,250.87,482.79,0.9261,-1,-1,-1
721,218,108.96,49.11,152.90,399.08,0.8912,-1,-1,-1
721,205,282.69,145.81,37.19,109.15,0.6118,-1,-1,-1
721,229,305.52,92.08,91.80,301.49,0.8501,-1,-1,-1
721,243,-6.11,57.41,116.23,338.33,0.9202,-1,-1,-1
721,246,246.47,150.10,38.39,117.95,0.5539,-1,-1,-1
722,185,399.62,-0.81,243.82,479.91,0.9253,-1,-1,-1
722,218,118.27,51.52,142.05,384.39,0.9015,-1,-1,-1
722,205,288.14,147.85,34.64,102.55,0.5996,-1,-1,-1
722,229,308.06,94.53,93.42,301.94,0.8776,-1,-1,-1
722,243,-5.42,51.14,114.20,352.22,0.9217,-1,-1,-1
722,246,244.06,153.72,45.79,129.17,0.5237,-1,-1,-1
723,185,399.65,0.59,243.62,480.04,0.9147,-1,-1,-1
723,218,132.57,53.07,130.57,384.63,0.8952,-1,-1,-1
723,205,295.14,152.31,32.97,99.90,0.6307,-1,-1,-1
723,229,315.63,98.62,91.76,304.79,0.6786,-1,-1,-1
723,243,-3.59,45.29,113.13,366.20,0.9252,-1,-1,-1
723,246,251.53,157.04,45.72,141.67,0.6098,-1,-1,-1
724,185,395.40,1.19,245.36,479.28,0.9033,-1,-1,-1
724,218,142.00,54.60,121.48,386.66,0.8978,-1,-1,-1
724,205,298.90,154.17,31.61,100.44,0.6612,-1,-1,-1
724,229,317.66,101.29,91.70,304.58,0.8461,-1,-1,-1
724,243,-3.08,37.24,110.55,378.72,0.9165,-1,-1,-1
724,246,248.43,159.70,51.57,152.94,0.5819,-1,-1,-1
725,185,395.45,0.83,243.31,478.35,0.8765,-1,-1,-1
725,218,148.22,55.62,115.49,390.61,0.8948,-1,-1,-1
725,205,300.87,152.54,31.00,101.29,0.4269,-1,-1,-1
725,229,315.62,99.98,95.19,304.47,0.8197,-1,-1,-1
725,243,-3.18,23.43,103.29,395.37,0.9011,-1,-1,-1
725,246,254.27,157.14,48.50,157.39,0.6962,-1,-1,-1
725,247,93.34,188.45,21.27,68.96,0.5551,-1,-1,-1
725,248,139.92,197.77,15.06,46.36,0.5807,-1,-1,-1
725,249,124.24,201.12,13.42,43.74,0.5113,-1,-1,-1
726,185,407.18,3.09,228.99,474.63,0.9232,-1,-1,-1
726,218,156.73,62.28,107.51,391.00,0.8776,-1,-1,-1
726,205,304.43,154.38,31.09,99.08,0.5474,-1,-1,-1
726,229,318.15,101.07,91.29,301.30,0.8231,-1,-1,-1
726,243,-0.44,12.46,93.61,413.13,0.8918,-1,-1,-1
726,246,260.43,157.39,45.58,155.85,0.7928,-1,-1,-1
726,247,92.53,189.76,26.25,68.63,0.7157,-1,-1,-1
726,248,145.59,198.35,13.40,47.76,0.4135,-1,-1,-1
727,185,404.87,0.73,231.97,473.18,0.9252,-1,-1,-1
727,218,160.62,61.80,105.94,389.82,0.8886,-1,-1,-1
727,205,306.42,150.36,29.46,96.39,0.5002,-1,-1,-1
727,229,317.98,95.36,90.86,297.58,0.8265,-1,-1,-1
727,243,-1.15,4.03,84.59,423.86,0.8778,-1,-1,-1
727,246,263.51,153.60,44.50,154.72,0.8132,-1,-1,-1
727,247,92.80,187.08,25.63,70.28,0.6392,-1,-1,-1
727,248,147.03,195.90,12.28,47.84,0.5006,-1,-1,-1
727,249,131.55,198.27,14.34,45.80,0.4048,-1,-1,-1
728,185,393.77,-0.60,243.35,473.55,0.9283,-1,-1,-1
728,218,159.28,60.99,106.72,388.74,0.8867,-1,-1,-1
728,205,304.29,148.21,29.97,89.99,0.5182,-1,-1,-1
728,229,314.15,92.43,97.08,292.14,0.8061,-1,-1,-1
728,243,-4.11,24.92,68.96,408.66,0.7279,-1,-1,-1
728,246,262.44,152.29,44.68,154.51,0.8362,-1,-1,-1
728,247,89.20,187.71,23.99,70.23,0.5425,-1,-1,-1
728,248,142.57,195.66,14.01,48.51,0.5436,-1,-1,-1
728,249,125.49,197.24,16.34,46.77,0.4842,-1,-1,-1
729,185,384.81,-1.33,255.01,473.70,0.9302,-1,-1,-1
729,218,158.42,58.56,108.26,380.08,0.8967,-1,-1,-1
729,205,304.33,148.17,28.02,84.75,0.5709,-1,-1,-1
729,229,312.96,89.92,96.26,295.48,0.8494,-1,-1,-1
729,243,-4.37,39.91,52.56,400.63,0.2837,-1,-1,-1
729,246,262.32,152.39,45.46,153.40,0.8544,-1,-1,-1
729,247,82.64,187.17,25.41,71.19,0.5963,-1,-1,-1
729,248,139.55,196.17,14.88,47.34,0.5568,-1,-1,-1
729,249,120.79,196.15,18.75,47.95,0.4410,-1,-1,-1
730,185,377.36,2.21,261.85,473.90,0.9263,-1,-1,-1
730,218,159.85,64.39,107.38,368.86,0.9013,-1,-1,-1
730,205,305.12,156.06,28.24,83.75,0.4547,-1,-1,-1
730,229,313.74,98.91,94.43,298.37,0.8136,-1,-1,-1
730,246,264.02,160.58,45.13,151.61,0.8181,-1,-1,-1
730,247,83.81,193.56,23.04,71.54,0.5883,-1,-1,-1
730,249,120.74,199.67,17.50,50.89,0.3287,-1,-1,-1
731,185,373.99,2.65,266.58,475.78,0.9269,-1,-1,-1
731,218,160.81,68.76,108.68,368.46,0.9013,-1,-1,-1
731,205,307.04,161.26,31.09,82.89,0.4405,-1,-1,-1
731,229,315.18,102.56,94.79,307.50,0.8346,-1,-1,-1
731,246,267.16,165.73,42.99,148.92,0.7879,-1,-1,-1
731,247,82.29,195.75,25.08,74.85,0.6462,-1,-1,-1
731,249,122.30,205.35,16.22,49.51,0.5070,-1,-1,-1
732,185,373.66,2.26,265.45,477.48,0.9190,-1,-1,-1
732,218,155.72,72.73,112.87,372.65,0.9002,-1,-1,-1
732,205,307.38,163.78,31.90,84.37,0.4097,-1,-1,-1
732,229,315.39,108.61,93.69,309.03,0.8606,-1,-1,-1
732,246,268.24,166.81,40.91,146.32,0.7782,-1,-1,-1
732,247,76.99,194.87,26.92,77.15,0.6475,-1,-1,-1
732,249,120.00,205.61,16.93,50.13,0.5414,-1,-1,-1
733,185,379.77,2.51,257.44,479.51,0.9095,-1,-1,-1
733,218,149.39,80.45,112.62,376.53,0.8711,-1,-1,-1
733,205,310.33,165.34,29.46,88.06,0.3415,-1,-1,-1
733,229,316.02,111.88,90.00,308.49,0.8629,-1,-1,-1
733,246,266.47,166.95,40.31,144.59,0.7991,-1,-1,-1
733,247,67.42,193.85,30.38,80.21,0.6064,-1,-1,-1
733,249,113.83,203.76,21.41,53.23,0.3606,-1,-1,-1
734,185,387.57,2.74,249.33,479.62,0.9102,-1,-1,-1
734,218,142.66,88.41,112.96,377.16,0.8832,-1,-1,-1
734,205,314.67,167.66,26.75,74.62,0.1992,-1,-1,-1
734,229,316.83,116.61,88.11,304.16,0.8354,-1,-1,-1
734,246,266.39,170.07,40.42,138.47,0.7532,-1,-1,-1
734,247,62.45,198.05,31.88,79.80,0.6118,-1,-1,-1
734,249,112.01,209.95,21.66,50.64,0.2718,-1,-1,-1
735,185,394.17,-1.84,244.57,480.88,0.9140,-1,-1,-1
735,218,133.51,83.59,117.87,376.04,0.8493,-1,-1,-1
735,205,315.68,161.76,24.99,70.72,0.1689,-1,-1,-1
735,229,317.03,108.99,88.82,296.78,0.8268,-1,-1,-1
735,246,265.72,164.51,41.50,140.96,0.7548,-1,-1,-1
735,247,58.46,192.66,31.25,81.62,0.6090,-1,-1,-1
735,249,111.71,203.76,18.85,52.47,0.2220,-1,-1,-1
735,250,241.38,161.45,32.19,122.31,0.5757,-1,-1,-1
736,185,398.26,-3.10,241.29,480.28,0.8932,-1,-1,-1
736,218,143.82,78.14,110.50,367.35,0.8250,-1,-1,-1
736,229,316.14,103.67,89.99,296.24,0.8301,-1,-1,-1
736,246,264.48,162.93,41.82,141.93,0.7887,-1,-1,-1
736,247,55.07,189.45,31.08,82.93,0.5820,-1,-1,-1
736,250,239.44,157.27,31.46,113.37,0.4733,-1,-1,-1
737,185,400.76,-1.57,238.19,478.58,0.9134,-1,-1,-1
737,218,145.91,74.83,109.42,353.79,0.8490,-1,-1,-1
737,229,315.18,104.79,89.47,297.94,0.8280,-1,-1,-1
737,246,261.42,164.58,42.71,143.30,0.7946,-1,-1,-1
737,247,47.46,188.14,31.18,84.54,0.6175,-1,-1,-1
737,250,237.25,156.68,33.38,135.42,0.3417,-1,-1,-1
737,251,110.77,138.28,52.84,182.93,0.8013,-1,-1,-1
738,185,401.27,-0.62,238.02,477.80,0.9189,-1,-1,-1
738,218,145.05,73.42,109.28,351.79,0.8391,-1,-1,-1
738,229,314.04,107.04,91.17,299.06,0.8234,-1,-1,-1
738,246,259.14,164.14,44.46,144.69,0.7887,-1,-1,-1
738,247,42.62,185.60,32.01,86.25,0.7080,-1,-1,-1
738,250,236.51,155.15,34.13,144.77,0.4679,-1,-1,-1
738,251,105.89,134.58,53.79,189.90,0.7935,-1,-1,-1
739,185,399.76,-0.36,241.01,479.37,0.9141,-1,-1,-1
739,218,143.14,74.99,102.82,355.33,0.8661,-1,-1,-1
739,229,311.21,110.17,92.42,302.32,0.8409,-1,-1,-1
739,246,255.44,163.91,47.84,145.02,0.7622,-1,-1,-1
739,247,35.59,185.06,31.71,88.17,0.6077,-1,-1,-1
739,250,235.54,156.31,32.38,124.38,0.5482,-1,-1,-1
739,251,94.39,132.32,60.13,196.35,0.8091,-1,-1,-1
740,185,397.85,-0.82,245.42,480.73,0.9144,-1,-1,-1
740,218,142.50,80.34,104.23,358.42,0.8775,-1,-1,-1
740,229,311.30,111.04,92.53,303.47,0.8469,-1,-1,-1
740,246,255.16,162.62,52.91,145.69,0.7522,-1,-1,-1
740,247,29.51,183.65,33.84,90.38,0.7126,-1,-1,-1
740,250,236.68,157.00,31.39,132.72,0.4093,-1,-1,-1
740,251,84.11,130.47,66.46,209.76,0.8337,-1,-1,-1
741,185,392.00,-1.19,249.20,480.02,0.8986,-1,-1,-1
741,218,142.82,81.95,102.14,357.95,0.8789,-1,-1,-1
741,229,307.66,106.66,93.54,304.37,0.8236,-1,-1,-1
741,246,254.43,159.52,53.12,145.51,0.7426,-1,-1,-1
741,247,24.77,178.77,34.05,91.77,0.6869,-1,-1,-1
741,250,236.25,153.51,30.78,137.47,0.5046,-1,-1,-1
741,251,75.94,122.93,74.47,217.51,0.8390,-1,-1,-1
742,185,395.71,1.07,242.24,479.67,0.9148,-1,-1,-1
742,218,142.91,86.65,100.37,349.37,0.8837,-1,-1,-1
742,229,307.33,106.00,89.55,296.89,0.8311,-1,-1,-1
742,246,257.55,160.55,48.92,144.21,0.7663,-1,-1,-1
742,247,22.49,177.56,31.35,93.03,0.6923,-1,-1,-1
742,250,235.52,152.65,31.75,138.31,0.5313,-1,-1,-1
742,251,71.40,116.37,76.51,227.02,0.8039,-1,-1,-1
743,185,396.29,2.90,238.38,476.18,0.9029,-1,-1,-1
743,218,139.99,87.19,103.54,345.07,0.8710,-1,-1,-1
743,229,309.03,106.04,83.48,286.67,0.8061,-1,-1,-1
743,246,258.32,161.39,48.02,142.29,0.7627,-1,-1,-1
743,247,16.13,176.30,32.59,92.45,0.6173,-1,-1,-1
743,250,235.94,152.95,31.22,137.77,0.5909,-1,-1,-1
743,251,54.16,108.59,90.57,235.96,0.6872,-1,-1,-1
743,253,0.14,186.05,15.51,70.09,0.4815,-1,-1,-1
744,185,390.66,3.99,235.24,471.08,0.8928,-1,-1,-1
744,218,149.72,86.04,97.31,331.42,0.8639,-1,-1,-1
744,229,307.03,105.88,84.73,286.00,0.8317,-1,-1,-1
744,246,258.71,162.42,50.85,140.01,0.7107,-1,-1,-1
744,247,13.78,174.63,34.25,94.85,0.6042,-1,-1,-1
744,250,238.26,151.36,31.13,140.16,0.5763,-1,-1,-1
744,251,47.79,101.67,93.20,246.92,0.8555,-1,-1,-1
745,185,395.45,0.97,233.47,472.81,0.9241,-1,-1,-1
745,218,153.57,82.11,96.64,324.39,0.8715,-1,-1,-1
745,229,307.03,101.34,91.87,293.68,0.8311,-1,-1,-1
745,246,262.51,160.01,49.39,138.04,0.6858,-1,-1,-1
745,247,8.77,173.41,35.42,119.77,0.3439,-1,-1,-1
745,250,240.64,149.53,31.68,140.79,0.6158,-1,-1,-1
745,251,25.39,96.55,109.35,260.89,0.8609,-1,-1,-1
745,254,122.90,134.11,45.87,174.80,0.7046,-1,-1,-1
746,185,391.15,-0.63,249.14,474.23,0.9070,-1,-1,-1
746,218,157.22,85.42,101.87,325.23,0.8749,-1,-1,-1
746,229,307.48,137.28,97.22,264.41,0.7878,-1,-1,-1
746,246,267.18,160.28,52.47,138.16,0.5445,-1,-1,-1
746,250,245.79,154.55,32.33,134.30,0.5160,-1,-1,-1
746,251,6.07,95.95,120.44,281.13,0.8703,-1,-1,-1
746,254,115.31,133.07,60.13,183.05,0.8578,-1,-1,-1
747,185,389.63,-0.71,250.72,475.20,0.8959,-1,-1,-1
747,218,161.37,84.55,100.27,328.01,0.8696,-1,-1,-1
747,229,309.46,117.26,95.90,288.42,0.8522,-1,-1,-1
747,246,266.81,158.37,54.09,139.00,0.6907,-1,-1,-1
747,250,249.68,153.72,29.57,129.10,0.3074,-1,-1,-1
747,251,-1.88,88.46,118.98,296.46,0.8907,-1,-1,-1
747,254,112.06,127.69,64.25,190.18,0.8144,-1,-1,-1
748,185,390.88,-0.60,250.82,477.92,0.9182,-1,-1,-1
748,218,163.63,87.28,101.93,333.14,0.8671,-1,-1,-1
748,229,313.62,111.36,92.87,297.62,0.8377,-1,-1,-1
748,246,269.57,159.86,53.58,140.43,0.6605,-1,-1,-1
748,250,251.46,154.09,31.40,112.11,0.4526,-1,-1,-1
748,251,-5.54,78.79,105.60,313.96,0.8873,-1,-1,-1
748,254,111.20,124.10,63.59,198.28,0.8248,-1,-1,-1
749,185,394.55,1.82,247.00,479.84,0.9215,-1,-1,-1
749,218,165.77,93.20,102.98,336.63,0.8559,-1,-1,-1
749,229,318.53,111.65,93.08,299.68,0.7946,-1,-1,-1
749,246,273.71,166.31,53.25,139.22,0.6499,-1,-1,-1
749,250,253.10,156.83,36.61,131.64,0.5088,-1,-1,-1
749,251,-4.14,68.94,92.12,330.41,0.8909,-1,-1,-1
749,254,109.01,121.82,65.41,208.20,0.8597,-1,-1,-1
750,185,405.31,0.38,237.18,480.50,0.9138,-1,-1,-1
750,218,172.25,91.52,102.47,331.92,0.8717,-1,-1,-1
750,229,326.57,106.94,89.18,293.25,0.8415,-1,-1,-1
750,246,281.90,164.36,53.19,139.84,0.7166,-1,-1,-1
750,250,259.19,153.43,38.25,137.79,0.6304,-1,-1,-1
750,251,-1.71,50.88,81.87,360.69,0.8683,-1,-1,-1
750,254,108.50,113.33,66.91,216.69,0.8609,-1,-1,-1
751,185,414.66,-0.44,226.17,481.07,0.9108,-1,-1,-1
751,218,179.83,87.01,88.30,327.43,0.8300,-1,-1,-1
751,229,334.93,98.86,86.23,292.05,0.8023,-1,-1,-1
751,246,290.14,159.61,50.88,135.90,0.7354,-1,-1,-1
751,250,264.50,146.85,40.61,142.19,0.7271,-1,-1,-1
751,251,-0.48,33.35,72.99,371.31,0.7763,-1,-1,-1
751,254,104.81,104.11,76.31,222.62,0.8683,-1,-1,-1
752,185,421.15,0.80,220.58,482.16,0.9181,-1,-1,-1
752,218,186.36,85.53,95.60,312.55,0.8927,-1,-1,-1
752,229,339.11,100.34,88.03,295.56,0.8463,-1,-1,-1
752,246,296.81,160.43,51.43,130.18,0.6203,-1,-1,-1
752,250,271.12,146.84,40.45,138.14,0.6900,-1,-1,-1
752,251,-0.35,11.09,76.45,393.23,0.7359,-1,-1,-1
752,254,99.18,98.46,83.51,234.11,0.8731,-1,-1,-1
753,185,416.39,0.06,225.22,480.26,0.9175,-1,-1,-1
753,218,188.50,83.21,98.32,309.26,0.8964,-1,-1,-1
753,229,341.11,100.96,91.87,297.15,0.8252,-1,-1,-1
753,246,303.13,158.70,49.58,126.67,0.4400,-1,-1,-1
753,250,275.21,148.42,40.12,131.93,0.7601,-1,-1,-1
753,251,-1.83,46.61,77.59,356.32,0.4417,-1,-1,-1
753,254,93.17,93.19,89.66,245.51,0.8760,-1,-1,-1
754,185,416.41,-0.60,229.08,481.92,0.9171,-1,-1,-1
754,218,195.01,83.38,100.13,313.49,0.8752,-1,-1,-1
754,229,347.09,103.68,94.61,301.13,0.7776,-1,-1,-1
754,246,317.81,159.58,43.15,112.45,0.4927,-1,-1,-1
754,250,283.30,148.69,40.76,136.74,0.7252,-1,-1,-1
754,254,81.42,89.15,101.98,263.74,0.8934,-1,-1,-1
755,185,424.12,-0.06,220.32,479.43,0.9131,-1,-1,-1
755,218,200.53,85.31,97.20,313.04,0.8679,-1,-1,-1
755,229,348.54,102.64,95.71,299.70,0.8358,-1,-1,-1
755,246,325.87,160.41,37.73,107.76,0.4147,-1,-1,-1
755,250,286.10,150.77,41.61,134.13,0.7342,-1,-1,-1
755,254,72.34,84.82,109.50,273.89,0.9013,-1,-1,-1
755,255,31.44,167.43,40.31,88.81,0.5873,-1,-1,-1
756,185,454.87,-1.26,191.43,482.00,0.9045,-1,-1,-1
756,218,209.34,87.10,93.45,317.35,0.8664,-1,-1,-1
756,229,350.69,98.24,98.82,307.19,0.7098,-1,-1,-1
756,246,331.27,160.40,37.93,110.76,0.3901,-1,-1,-1
756,250,292.81,150.33,38.61,134.84,0.7329,-1,-1,-1
756,254,65.49,77.96,114.13,294.43,0.9018,-1,-1,-1
756,255,38.27,170.06,33.62,87.92,0.5818,-1,-1,-1
756,253,0.21,155.08,28.48,124.25,0.7074,-1,-1,-1
757,185,481.94,-2.00,168.30,484.69,0.8990,-1,-1,-1
757,218,207.33,90.21,101.60,318.82,0.8621,-1,-1,-1
757,229,353.49,95.53,101.05,307.65,0.8007,-1,-1,-1
757,246,332.65,159.94,39.59,113.56,0.3951,-1,-1,-1
757,250,297.12,150.52,39.22,134.16,0.7433,-1,-1,-1
757,254,52.55,70.51,121.31,315.71,0.8917,-1,-1,-1
758,185,480.17,2.76,161.85,485.01,0.2331,-1,-1,-1
758,218,215.60,85.29,90.73,321.16,0.8683,-1,-1,-1
758,229,352.15,93.55,96.81,305.44,0.7837,-1,-1,-1
758,246,325.82,159.50,44.58,114.45,0.3660,-1,-1,-1
758,250,300.53,147.26,32.36,133.57,0.5499,-1,-1,-1
758,254,43.63,50.49,117.30,338.01,0.8995,-1,-1,-1
759,185,480.96,7.09,155.40,475.76,0.4439,-1,-1,-1
759,218,207.93,88.86,99.19,304.43,0.8737,-1,-1,-1
759,229,351.86,96.11,94.49,299.81,0.7821,-1,-1,-1
759,250,302.89,149.89,32.69,132.87,0.5958,-1,-1,-1
759,254,26.07,40.64,126.62,352.00,0.9099,-1,-1,-1
759,259,191.85,162.79,31.88,116.82,0.4167,-1,-1,-1
760,185,490.40,5.80,142.49,470.48,0.5795,-1,-1,-1
760,218,202.89,85.09,104.72,296.46,0.8689,-1,-1,-1
760,229,348.56,93.01,96.19,299.51,0.8156,-1,-1,-1
760,250,304.03,145.94,31.44,130.55,0.5637,-1,-1,-1
760,254,7.79,27.42,133.55,366.55,0.9174,-1,-1,-1
760,259,183.98,162.08,41.19,118.31,0.5233,-1,-1,-1
760,248,133.63,180.73,22.40,67.33,0.6072,-1,-1,-1
761,185,500.38,5.68,130.70,466.33,0.8352,-1,-1,-1
761,218,205.89,84.28,104.07,294.09,0.8705,-1,-1,-1
761,229,348.42,96.12,94.69,298.99,0.8525,-1,-1,-1
761,250,306.96,151.62,30.90,122.15,0.5045,-1,-1,-1
761,254,3.26,14.01,120.45,382.99,0.9313,-1,-1,-1
761,259,180.93,161.03,40.36,120.58,0.5939,-1,-1,-1
761,248,132.10,179.67,23.61,67.31,0.6498,-1,-1,-1
762,185,494.45,1.94,140.85,468.95,0.8898,-1,-1,-1
762,218,190.18,81.21,125.25,297.91,0.8692,-1,-1,-1
762,229,350.97,93.68,95.69,301.81,0.8558,-1,-1,-1
762,250,309.78,146.94,28.61,122.86,0.6124,-1,-1,-1
762,254,-0.84,3.05,111.02,397.48,0.9146,-1,-1,-1
762,259,177.28,156.27,41.21,121.47,0.6101,-1,-1,-1
762,248,130.92,176.13,25.30,68.56,0.6012,-1,-1,-1
762,260,108.30,175.25,20.23,72.55,0.4107,-1,-1,-1
763,185,472.28,-1.32,163.71,470.44,0.8767,-1,-1,-1
763,218,188.03,75.39,128.02,301.15,0.8897,-1,-1,-1
763,229,351.10,84.14,95.53,301.08,0.8544,-1,-1,-1
763,250,307.97,136.27,29.67,119.80,0.5860,-1,-1,-1
763,254,-3.38,12.15,93.75,388.39,0.8858,-1,-1,-1
763,259,168.85,144.26,39.77,125.10,0.6873,-1,-1,-1
763,248,126.40,166.43,25.52,70.62,0.6716,-1,-1,-1
763,261,81.55,160.58,39.98,83.29,0.7080,-1,-1,-1
763,255,53.12,150.38,34.47,94.74,0.5828,-1,-1,-1
764,185,461.19,0.98,178.76,455.34,0.7889,-1,-1,-1
764,218,198.22,83.26,121.17,304.52,0.8786,-1,-1,-1
764,229,354.67,89.33,94.60,297.17,0.8284,-1,-1,-1
764,250,308.35,140.18,32.22,120.70,0.6087,-1,-1,-1
764,259,161.51,149.73,41.06,125.74,0.7262,-1,-1,-1
764,248,123.69,171.83,25.95,71.34,0.6330,-1,-1,-1
764,261,82.50,164.63,39.32,85.96,0.6897,-1,-1,-1
764,255,52.90,158.41,39.79,93.29,0.4991,-1,-1,-1
764,245,0.34,24.68,64.96,391.42,0.7997,-1,-1,-1
765,185,457.52,3.13,183.95,465.83,0.8616,-1,-1,-1
765,218,210.63,89.68,113.84,300.41,0.8756,-1,-1,-1
765,229,358.31,93.23,96.60,291.68,0.8494,-1,-1,-1
765,250,310.69,145.33,34.65,118.91,0.6783,-1,-1,-1
765,259,151.21,155.82,49.37,125.65,0.7888,-1,-1,-1
765,248,125.85,177.41,25.25,72.15,0.6325,-1,-1,-1
765,261,92.46,169.81,32.84,85.63,0.6548,-1,-1,-1
765,255,60.59,163.62,41.70,94.88,0.6544,-1,-1,-1
765,262,198.93,156.29,32.49,114.74,0.6046,-1,-1,-1
766,185,456.03,2.28,184.33,472.63,0.8784,-1,-1,-1
766,218,219.44,88.32,103.44,301.70,0.8896,-1,-1,-1
766,229,359.21,92.52,95.21,291.69,0.7673,-1,-1,-1
766,250,310.41,147.09,31.98,119.64,0.6249,-1,-1,-1
766,259,141.38,155.46,53.69,127.73,0.8331,-1,-1,-1
766,248,123.01,176.29,24.42,73.74,0.6200,-1,-1,-1
766,261,94.79,167.32,28.99,89.01,0.6901,-1,-1,-1
766,255,62.10,164.80,40.63,94.55,0.6274,-1,-1,-1
766,262,198.00,156.41,33.87,118.51,0.6897,-1,-1,-1
767,185,457.02,1.71,181.16,477.06,0.9012,-1,-1,-1
767,218,225.65,81.76,92.45,295.02,0.8881,-1,-1,-1
767,229,356.02,91.03,95.64,296.24,0.7946,-1,-1,-1
767,250,310.32,146.45,32.65,119.48,0.4053,-1,-1,-1
767,259,129.11,153.07,57.23,128.26,0.8248,-1,-1,-1
767,261,92.35,163.09,25.74,90.81,0.4919,-1,-1,-1
767,255,58.70,159.91,37.27,96.65,0.6077,-1,-1,-1
767,262,189.60,151.66,39.45,124.37,0.8009,-1,-1,-1
768,185,456.76,2.96,181.14,478.31,0.8853,-1,-1,-1
768,218,226.14,82.63,89.80,291.32,0.8781,-1,-1,-1
768,229,352.64,94.20,96.51,301.36,0.7885,-1,-1,-1
768,259,120.34,156.46,58.16,127.79,0.8012,-1,-1,-1
768,261,91.11,164.48,32.08,92.36,0.4600,-1,-1,-1
768,255,53.72,161.32,36.41,98.33,0.6309,-1,-1,-1
768,262,184.96,154.44,41.81,127.17,0.8359,-1,-1,-1
769,185,462.61,3.30,176.21,480.03,0.8708,-1,-1,-1
769,218,227.41,83.40,87.63,294.22,0.8835,-1,-1,-1
769,229,352.85,97.34,94.02,305.04,0.7861,-1,-1,-1
769,259,115.14,154.76,50.56,130.83,0.7337,-1,-1,-1
769,261,89.18,165.20,30.29,93.35,0.4931,-1,-1,-1
769,255,54.34,160.24,32.56,100.45,0.6624,-1,-1,-1
769,262,182.85,154.41,44.42,130.76,0.8510,-1,-1,-1
770,185,472.80,0.02,169.05,479.33,0.8331,-1,-1,-1
770,218,227.14,83.07,91.59,296.33,0.8878,-1,-1,-1
770,229,351.97,93.74,96.24,306.13,0.7878,-1,-1,-1
770,259,110.50,152.73,45.68,130.90,0.5492,-1,-1,-1
770,261,88.52,163.80,27.21,94.31,0.4093,-1,-1,-1
770,255,54.15,159.78,34.94,101.10,0.6278,-1,-1,-1
770,262,180.46,152.33,47.74,133.27,0.8407,-1,-1,-1
771,185,493.11,-1.45,149.98,477.91,0.8519,-1,-1,-1
771,218,221.31,86.98,94.27,300.55,0.8732,-1,-1,-1
771,229,347.94,92.22,94.04,305.33,0.8294,-1,-1,-1
771,259,99.03,152.62,41.35,134.28,0.5530,-1,-1,-1
771,261,80.68,162.32,31.09,98.15,0.4977,-1,-1,-1
771,255,47.36,160.12,36.88,103.55,0.6872,-1,-1,-1
771,262,168.70,150.30,51.95,139.68,0.8298,-1,-1,-1
772,185,494.83,-2.90,147.53,477.34,0.8111,-1,-1,-1
772,218,213.76,87.65,99.41,299.09,0.8952,-1,-1,-1
772,229,344.47,90.64,92.28,298.66,0.8170,-1,-1,-1
772,259,84.12,150.82,47.74,134.87,0.7174,-1,-1,-1
772,261,78.27,156.17,26.21,101.81,0.1821,-1,-1,-1
772,255,44.82,156.62,38.09,104.77,0.6339,-1,-1,-1
772,262,162.58,145.29,53.81,142.44,0.8314,-1,-1,-1
773,185,495.69,-3.20,146.82,478.32,0.7820,-1,-1,-1
773,218,212.08,87.60,99.36,296.94,0.8925,-1,-1,-1
773,229,339.76,86.72,95.64,295.33,0.8603,-1,-1,-1
773,259,71.76,149.84,48.34,134.97,0.7890,-1,-1,-1
773,255,41.66,154.55,38.81,104.71,0.6627,-1,-1,-1
773,262,150.74,140.18,60.52,147.74,0.8453,-1,-1,-1
774,185,496.58,1.90,145.35,474.62,0.8450,-1,-1,-1
774,218,217.20,87.79,96.11,290.07,0.8911,-1,-1,-1
774,229,336.99,87.14,97.01,295.12,0.8504,-1,-1,-1
774,259,65.02,150.06,49.63,135.47,0.6663,-1,-1,-1
774,255,43.91,157.07,38.92,97.64,0.4212,-1,-1,-1
774,262,151.25,137.29,56.55,153.75,0.8335,-1,-1,-1
775,185,526.32,1.30,113.60,459.30,0.3755,-1,-1,-1
775,218,216.36,88.02,98.12,280.34,0.8735,-1,-1,-1
775,229,336.98,88.28,95.14,297.91,0.7957,-1,-1,-1
775,259,63.27,152.64,44.91,134.08,0.4788,-1,-1,-1
775,255,44.43,155.80,39.35,106.05,0.4449,-1,-1,-1
775,262,150.77,137.61,54.37,158.63,0.8539,-1,-1,-1
776,185,504.23,2.66,133.81,469.65,0.8020,-1,-1,-1
776,218,213.47,89.59,101.49,277.92,0.8759,-1,-1,-1
776,229,336.93,93.55,92.90,299.46,0.8507,-1,-1,-1
776,259,47.80,153.23,49.82,134.95,0.6142,-1,-1,-1
776,262,145.67,139.45,54.91,161.27,0.8229,-1,-1,-1
776,264,422.40,22.58,157.75,421.74,0.7637,-1,-1,-1
776,265,89.20,170.06,35.33,94.05,0.6760,-1,-1,-1
777,185,496.95,2.80,138.75,472.68,0.7787,-1,-1,-1
777,218,210.12,91.83,105.02,277.10,0.8753,-1,-1,-1
777,229,335.87,95.82,90.89,299.28,0.8432,-1,-1,-1
777,259,39.45,151.71,51.21,137.12,0.5965,-1,-1,-1
777,262,142.19,138.56,54.70,165.47,0.8225,-1,-1,-1
777,264,405.61,30.86,165.75,409.60,0.7582,-1,-1,-1
777,265,92.45,170.25,31.94,93.99,0.6621,-1,-1,-1
778,185,507.80,3.81,125.69,469.07,0.7296,-1,-1,-1
778,218,209.97,97.65,109.41,276.67,0.8374,-1,-1,-1
778,229,339.57,97.75,87.05,296.58,0.8534,-1,-1,-1
778,259,31.14,153.03,57.27,137.37,0.7983,-1,-1,-1
778,262,136.43,136.71,59.90,171.32,0.8305,-1,-1,-1
778,264,404.90,29.33,157.46,417.73,0.8358,-1,-1,-1
778,265,93.75,166.32,37.92,99.56,0.6737,-1,-1,-1
779,185,506.56,7.81,127.20,465.66,0.7731,-1,-1,-1
779,218,227.19,105.88,98.54,273.57,0.8142,-1,-1,-1
779,229,346.19,99.82,86.38,273.38,0.6222,-1,-1,-1
779,259,27.98,157.26,58.09,136.40,0.8345,-1,-1,-1
779,262,139.08,135.64,59.36,177.25,0.8356,-1,-1,-1
779,264,411.54,28.44,147.99,440.12,0.8538,-1,-1,-1
779,265,104.92,168.03,32.67,101.41,0.7603,-1,-1,-1
779,266,209.51,141.37,46.63,177.39,0.7215,-1,-1,-1
779,255,73.43,162.36,29.10,107.42,0.6232,-1,-1,-1
780,185,496.07,5.07,137.98,468.33,0.8531,-1,-1,-1
780,218,234.13,108.21,94.39,269.57,0.8388,-1,-1,-1
780,229,348.78,97.64,85.40,278.02,0.5687,-1,-1,-1
780,259,22.66,157.41,60.77,137.11,0.7969,-1,-1,-1
780,262,134.71,132.29,64.67,181.87,0.8557,-1,-1,-1
780,264,415.77,23.21,127.07,447.87,0.7413,-1,-1,-1
780,265,108.88,166.84,31.67,104.20,0.7848,-1,-1,-1
780,266,211.92,137.54,46.76,184.16,0.7477,-1,-1,-1
780,255,75.60,161.50,29.11,109.52,0.6269,-1,-1,-1
781,185,472.78,4.11,158.72,465.78,0.8815,-1,-1,-1
781,218,237.69,105.28,92.69,263.48,0.8507,-1,-1,-1
781,229,350.54,96.29,79.78,217.93,0.4018,-1,-1,-1
781,259,20.64,154.53,60.03,138.30,0.7574,-1,-1,-1
781,262,130.26,127.36,67.84,190.39,0.8483,-1,-1,-1
781,264,393.88,18.36,131.52,450.12,0.7431,-1,-1,-1
781,265,111.68,164.54,26.55,103.64,0.6568,-1,-1,-1
781,266,211.10,130.88,47.61,195.04,0.7601,-1,-1,-1
781,255,74.51,159.84,37.85,110.54,0.6691,-1,-1,-1
782,185,457.00,3.57,177.11,471.15,0.8591,-1,-1,-1
782,218,242.50,104.28,89.10,262.04,0.8661,-1,-1,-1
782,259,14.18,152.71,58.50,142.15,0.8249,-1,-1,-1
782,262,119.33,125.89,76.14,197.68,0.8543,-1,-1,-1
782,264,391.29,22.80,115.28,443.77,0.6724,-1,-1,-1
782,265,111.22,166.53,23.77,102.89,0.3541,-1,-1,-1
782,266,203.33,126.37,55.98,205.13,0.8035,-1,-1,-1
782,255,73.96,159.87,42.81,112.51,0.7203,-1,-1,-1
783,185,451.27,1.42,187.26,473.27,0.7670,-1,-1,-1
783,218,249.07,104.55,84.38,256.68,0.8780,-1,-1,-1
783,259,9.34,152.97,55.22,144.17,0.7800,-1,-1,-1
783,262,112.34,125.74,82.17,206.28,0.8765,-1,-1,-1
783,264,389.14,25.48,113.96,444.99,0.6800,-1,-1,-1
783,266,199.97,122.56,60.66,212.15,0.8241,-1,-1,-1
783,255,75.62,161.88,45.38,113.27,0.7135,-1,-1,-1
783,229,347.53,132.11,80.09,278.99,0.4363,-1,-1,-1
784,185,453.04,1.71,186.20,475.71,0.8210,-1,-1,-1
784,218,255.32,107.56,79.22,255.58,0.8734,-1,-1,-1
784,259,6.40,154.00,51.33,147.23,0.7226,-1,-1,-1
784,262,107.48,124.54,80.88,216.23,0.8513,-1,-1,-1
784,264,364.54,29.89,125.86,429.91,0.7994,-1,-1,-1
784,266,195.21,120.78,66.17,219.93,0.8474,-1,-1,-1
784,255,77.22,160.66,41.83,117.68,0.6719,-1,-1,-1
785,185,459.99,1.44,179.12,455.94,0.6822,-1,-1,-1
785,218,256.14,109.21,73.14,257.60,0.8594,-1,-1,-1
785,259,-1.39,155.04,42.98,147.50,0.6696,-1,-1,-1
785,262,93.73,118.32,84.84,228.95,0.8835,-1,-1,-1
785,264,355.06,31.21,131.18,443.76,0.8155,-1,-1,-1
785,266,183.75,115.97,74.87,231.00,0.8657,-1,-1,-1
785,255,77.16,155.13,32.92,117.07,0.1658,-1,-1,-1
786,185,475.22,1.15,163.17,453.82,0.6977,-1,-1,-1
786,218,253.52,115.00,71.66,253.57,0.8585,-1,-1,-1
786,259,-3.71,152.83,28.24,148.83,0.5806,-1,-1,-1
786,262,72.05,110.31,93.55,239.75,0.8668,-1,-1,-1
786,264,348.61,33.11,130.44,434.01,0.5778,-1,-1,-1
786,266,167.53,112.77,80.98,243.05,0.8595,-1,-1,-1
787,185,490.43,0.44,149.72,472.60,0.6918,-1,-1,-1
787,218,254.82,118.99,69.61,250.66,0.8670,-1,-1,-1
787,262,57.59,105.27,99.19,248.89,0.8492,-1,-1,-1
787,264,342.64,33.11,150.92,428.88,0.7765,-1,-1,-1
787,266,155.78,110.93,88.60,251.94,0.8751,-1,-1,-1
787,268,9.91,169.04,30.92,104.56,0.3974,-1,-1,-1
788,185,500.55,-0.67,140.26,480.14,0.7232,-1,-1,-1
788,218,253.47,119.16,70.82,251.15,0.8295,-1,-1,-1
788,262,40.67,99.22,105.98,265.21,0.8611,-1,-1,-1
788,264,335.08,32.42,176.93,435.01,0.8444,-1,-1,-1
788,266,141.64,105.54,95.37,270.79,0.8488,-1,-1,-1
788,268,0.51,167.82,36.36,107.88,0.4614,-1,-1,-1
788,270,457.37,26.91,77.88,424.04,0.5083,-1,-1,-1
789,185,501.46,-0.83,140.55,482.19,0.8185,-1,-1,-1
789,218,249.43,118.66,72.26,244.85,0.8371,-1,-1,-1
789,262,17.75,97.29,115.66,278.99,0.8860,-1,-1,-1
789,264,324.27,40.02,144.15,438.38,0.6929,-1,-1,-1
789,266,127.73,100.95,95.45,288.86,0.8426,-1,-1,-1
789,268,-3.98,163.54,27.06,116.24,0.1936,-1,-1,-1
789,270,438.32,28.29,100.04,429.50,0.7557,-1,-1,-1
790,185,498.92,-0.75,144.70,455.61,0.7152,-1,-1,-1
790,218,242.10,121.95,78.34,237.78,0.8173,-1,-1,-1
790,262,-0.11,97.92,117.69,297.48,0.8843,-1,-1,-1
790,264,315.23,45.62,166.12,438.35,0.8287,-1,-1,-1
790,266,116.40,96.55,92.78,306.61,0.8756,-1,-1,-1
790,270,431.56,35.79,107.67,428.33,0.7761,-1,-1,-1
791,185,493.88,-0.86,148.85,473.22,0.8340,-1,-1,-1
791,218,234.78,123.64,82.48,231.59,0.8098,-1,-1,-1
791,262,-6.47,91.62,116.34,320.43,0.8880,-1,-1,-1
791,264,309.03,52.46,156.46,431.07,0.8427,-1,-1,-1
791,266,103.91,87.69,93.77,321.04,0.8661,-1,-1,-1
791,270,428.77,42.27,107.92,428.63,0.7953,-1,-1,-1
792,185,494.38,1.84,148.42,476.99,0.7422,-1,-1,-1
792,218,228.45,128.78,84.42,238.09,0.7871,-1,-1,-1
792,262,-8.67,83.39,100.71,340.76,0.8758,-1,-1,-1
792,264,305.44,59.19,155.39,424.42,0.7626,-1,-1,-1
792,266,81.87,81.03,103.85,340.07,0.8885,-1,-1,-1
792,270,420.02,49.27,115.05,425.84,0.8233,-1,-1,-1
792,273,192.99,194.37,29.02,88.98,0.6557,-1,-1,-1
793,185,504.52,-2.01,140.85,483.21,0.8546,-1,-1,-1
793,218,220.34,128.07,90.00,243.15,0.7210,-1,-1,-1
793,262,-9.54,65.81,84.68,362.21,0.8354,-1,-1,-1
793,264,300.18,57.22,179.18,407.67,0.6974,-1,-1,-1
793,266,33.76,67.90,137.84,371.73,0.8861,-1,-1,-1
793,270,415.92,44.01,122.00,407.31,0.8426,-1,-1,-1
793,273,185.95,192.30,29.57,88.50,0.4389,-1,-1,-1
794,185,516.84,-3.02,126.22,484.16,0.8625,-1,-1,-1
794,218,218.57,122.54,86.02,239.25,0.7994,-1,-1,-1
794,262,-6.48,62.25,63.73,363.86,0.7250,-1,-1,-1
794,264,295.60,50.22,148.73,395.19,0.6648,-1,-1,-1
794,266,5.59,48.43,150.04,396.65,0.8853,-1,-1,-1
794,270,407.56,32.75,131.55,409.84,0.8678,-1,-1,-1
794,273,180.36,180.31,31.18,91.52,0.5685,-1,-1,-1
794,274,146.22,170.76,29.44,95.88,0.4553,-1,-1,-1
795,185,519.91,2.40,120.87,483.74,0.7901,-1,-1,-1
795,218,217.70,125.79,79.53,222.19,0.7973,-1,-1,-1
795,264,292.74,57.60,136.00,394.46,0.8351,-1,-1,-1
795,266,-6.28,32.11,135.01,439.90,0.8587,-1,-1,-1
795,270,402.41,34.60,131.70,407.56,0.8396,-1,-1,-1
795,273,171.72,180.79,41.71,94.17,0.6756,-1,-1,-1
795,274,129.74,171.91,32.13,99.26,0.7748,-1,-1,-1
796,185,525.64,4.82,113.41,477.43,0.7071,-1,-1,-1
796,218,218.97,130.21,78.44,218.71,0.8278,-1,-1,-1
796,264,291.78,67.03,160.54,388.22,0.6596,-1,-1,-1
796,266,-5.00,21.62,118.47,449.63,0.6839,-1,-1,-1
796,270,405.39,41.28,126.45,403.63,0.8704,-1,-1,-1
796,273,172.53,184.48,42.26,95.04,0.3719,-1,-1,-1
796,274,123.65,176.33,37.26,99.33,0.7289,-1,-1,-1
797,185,537.32,1.60,98.90,473.15,0.7931,-1,-1,-1
797,218,224.34,122.03,69.61,220.12,0.8223,-1,-1,-1
797,264,285.27,64.40,137.49,391.68,0.6524,-1,-1,-1
797,266,-4.08,0.60,92.48,450.48,0.4560,-1,-1,-1
797,270,400.86,37.56,125.36,404.40,0.8409,-1,-1,-1
797,273,169.53,179.92,31.42,96.14,0.6545,-1,-1,-1
797,274,112.87,170.39,43.73,100.26,0.7067,-1,-1,-1
798,185,518.52,5.78,117.25,465.55,0.8714,-1,-1,-1
798,218,229.25,121.88,64.97,221.16,0.8257,-1,-1,-1
798,264,281.34,67.20,134.21,390.62,0.5835,-1,-1,-1
798,266,-0.13,4.18,65.78,358.01,0.5527,-1,-1,-1
798,270,401.89,39.43,121.97,405.44,0.8138,-1,-1,-1
798,273,167.57,180.51,30.90,96.56,0.5261,-1,-1,-1
798,274,111.52,171.29,45.56,101.74,0.7270,-1,-1,-1
798,275,71.22,160.33,32.63,120.26,0.7029,-1,-1,-1
799,185,489.48,2.98,146.71,464.37,0.8824,-1,-1,-1
799,218,230.00,122.53,63.42,220.78,0.7990,-1,-1,-1
799,264,279.60,66.37,135.84,390.86,0.5655,-1,-1,-1
799,266,-1.01,30.82,59.97,410.05,0.1747,-1,-1,-1
799,270,385.18,39.53,136.54,376.11,0.7044,-1,-1,-1
799,273,165.32,179.55,35.23,98.58,0.5624,-1,-1,-1
799,274,107.96,170.40,48.07,104.52,0.7087,-1,-1,-1
799,275,69.21,159.49,34.56,122.25,0.7400,-1,-1,-1
800,185,462.17,0.34,173.30,463.97,0.8551,-1,-1,-1
800,218,227.32,121.86,61.52,217.35,0.8194,-1,-1,-1
800,264,273.04,58.49,166.94,367.34,0.7999,-1,-1,-1
800,270,391.75,32.73,122.18,376.34,0.8385,-1,-1,-1
800,273,159.09,173.99,41.34,101.21,0.7336,-1,-1,-1
800,274,99.81,164.42,49.63,107.34,0.7176,-1,-1,-1
800,275,63.27,155.22,36.04,123.32,0.7690,-1,-1,-1
800,277,207.85,181.56,25.46,80.01,0.6075,-1,-1,-1
800,278,25.95,147.41,43.04,99.09,0.4866,-1,-1,-1
801,185,448.98,2.50,189.85,468.40,0.5281,-1,-1,-1
801,218,227.94,128.84,58.31,220.62,0.8156,-1,-1,-1
801,264,272.34,58.94,183.78,375.71,0.7665,-1,-1,-1
801,270,396.20,34.00,113.54,394.37,0.7886,-1,-1,-1
801,273,156.51,178.05,40.47,102.55,0.6911,-1,-1,-1
801,274,95.45,167.43,38.58,110.10,0.6881,-1,-1,-1
801,275,59.15,159.36,35.55,124.86,0.7561,-1,-1,-1
801,277,202.91,187.17,29.92,79.21,0.3889,-1,-1,-1
801,278,22.91,150.15,36.82,95.54,0.4126,-1,-1,-1
802,185,450.07,2.64,192.20,468.19,0.6793,-1,-1,-1
802,218,230.35,131.69,57.21,215.31,0.7734,-1,-1,-1
802,264,273.03,58.35,152.61,374.70,0.6431,-1,-1,-1
802,270,398.60,32.40,110.30,398.13,0.7722,-1,-1,-1
802,273,156.57,177.73,44.77,106.14,0.6894,-1,-1,-1
802,274,90.87,166.01,33.87,114.52,0.6545,-1,-1,-1
802,275,58.10,160.03,35.84,125.81,0.7427,-1,-1,-1
802,277,201.66,187.63,31.50,82.24,0.6412,-1,-1,-1
802,278,22.29,154.38,31.07,91.89,0.5385,-1,-1,-1
803,185,456.69,3.89,185.81,473.76,0.6626,-1,-1,-1
803,218,233.26,132.92,52.30,198.62,0.8262,-1,-1,-1
803,264,275.40,59.80,132.02,380.35,0.5339,-1,-1,-1
803,270,399.81,34.21,108.06,400.63,0.7496,-1,-1,-1
803,273,157.16,179.36,41.39,108.47,0.6218,-1,-1,-1
803,274,89.18,166.67,30.21,113.41,0.5836,-1,-1,-1
803,275,57.52,160.11,37.47,128.39,0.7007,-1,-1,-1
803,277,200.82,189.44,31.71,83.34,0.7221,-1,-1,-1
803,278,20.61,151.15,40.34,97.18,0.2965,-1,-1,-1
804,185,474.09,3.68,171.95,479.85,0.7694,-1,-1,-1
804,218,236.84,134.41,56.10,201.77,0.7566,-1,-1,-1
804,264,282.62,62.60,176.11,388.18,0.8300,-1,-1,-1
804,270,411.34,34.10,121.95,410.57,0.7168,-1,-1,-1
804,273,161.43,182.07,37.32,110.83,0.5424,-1,-1,-1
804,274,91.15,167.66,28.80,117.13,0.4929,-1,-1,-1
804,275,60.78,161.56,38.03,130.50,0.7040,-1,-1,-1
804,277,205.22,190.72,29.69,85.46,0.5805,-1,-1,-1
804,278,23.78,149.12,41.74,115.56,0.4973,-1,-1,-1
805,185,492.02,0.42,155.14,455.47,0.6383,-1,-1,-1
805,218,240.79,130.17,60.14,205.10,0.7943,-1,-1,-1
805,264,290.81,58.66,194.74,402.38,0.7455,-1,-1,-1
805,270,421.99,31.57,116.70,423.71,0.8363,-1,-1,-1
805,273,163.93,177.60,35.05,113.69,0.5988,-1,-1,-1
805,274,92.74,176.45,26.93,105.01,0.1708,-1,-1,-1
805,275,65.10,156.60,49.13,131.82,0.4993,-1,-1,-1
805,277,208.53,185.84,30.78,87.76,0.7203,-1,-1,-1
805,278,26.79,142.50,40.48,130.83,0.4512,-1,-1,-1
806,185,512.75,0.74,135.25,332.64,0.5466,-1,-1,-1
806,218,243.56,130.87,68.10,206.89,0.8299,-1,-1,-1
806,264,298.32,61.26,211.30,410.42,0.7816,-1,-1,-1
806,270,430.45,34.27,122.85,431.26,0.8650,-1,-1,-1
806,273,167.85,177.32,37.19,116.17,0.4668,-1,-1,-1
806,275,68.64,158.41,53.40,132.72,0.7623,-1,-1,-1
806,277,213.96,186.29,29.97,89.64,0.7032,-1,-1,-1
806,278,27.19,144.06,48.24,148.22,0.6766,-1,-1,-1
807,185,536.58,22.45,112.20,279.66,0.5783,-1,-1,-1
807,218,246.42,131.43,75.68,203.58,0.8391,-1,-1,-1
807,264,307.80,58.74,220.98,414.34,0.6334,-1,-1,-1
807,270,441.06,36.00,128.55,431.74,0.7898,-1,-1,-1
807,273,171.91,175.93,42.64,119.49,0.7469,-1,-1,-1
807,275,72.41,157.51,54.38,133.99,0.7754,-1,-1,-1
807,277,217.96,186.91,29.98,90.17,0.6867,-1,-1,-1
807,278,29.49,143.54,50.22,155.00,0.6957,-1,-1,-1
808,185,562.83,73.66,82.88,210.80,0.8133,-1,-1,-1
808,218,253.12,130.97,76.54,196.47,0.8165,-1,-1,-1
808,264,319.62,53.75,220.80,413.12,0.8347,-1,-1,-1
808,270,450.53,33.91,132.15,428.30,0.8552,-1,-1,-1
808,273,176.51,172.06,47.04,121.25,0.7062,-1,-1,-1
808,275,76.89,154.69,52.11,133.92,0.7695,-1,-1,-1
808,277,222.01,184.22,28.69,91.53,0.7183,-1,-1,-1
808,278,38.01,140.44,45.42,158.64,0.6280,-1,-1,-1
809,218,264.18,135.92,78.10,196.89,0.8217,-1,-1,-1
809,264,333.96,51.56,227.33,400.58,0.5774,-1,-1,-1
809,270,466.37,32.20,142.86,423.50,0.8560,-1,-1,-1
809,273,185.78,173.56,50.47,123.95,0.8302,-1,-1,-1
809,275,88.80,158.26,44.34,132.45,0.7445,-1,-1,-1
809,277,232.71,186.59,29.38,91.78,0.7445,-1,-1,-1
809,278,53.03,144.42,40.97,155.84,0.6200,-1,-1,-1
810,218,275.33,138.61,73.82,199.64,0.8346,-1,-1,-1
810,264,341.63,50.59,186.75,396.25,0.6036,-1,-1,-1
810,270,472.50,31.17,150.28,415.95,0.8274,-1,-1,-1
810,273,190.97,174.68,52.24,126.32,0.7032,-1,-1,-1
810,275,96.61,158.79,39.28,135.26,0.7163,-1,-1,-1
810,277,238.57,188.25,29.14,92.00,0.7075,-1,-1,-1
810,278,63.10,145.88,39.85,158.50,0.7110,-1,-1,-1
811,218,284.50,133.45,69.58,209.77,0.8327,-1,-1,-1
811,264,354.84,44.10,139.70,403.71,0.6246,-1,-1,-1
811,270,484.74,23.72,149.46,424.42,0.8636,-1,-1,-1
811,273,190.81,170.86,53.81,129.54,0.7867,-1,-1,-1
811,275,99.33,153.16,38.76,138.85,0.5743,-1,-1,-1
811,277,241.78,183.86,30.04,93.54,0.7312,-1,-1,-1
811,278,66.06,145.01,41.76,156.15,0.4998,-1,-1,-1
811,279,268.96,192.11,20.90,84.63,0.7299,-1,-1,-1
812,218,292.44,131.68,65.75,209.44,0.8549,-1,-1,-1
812,264,368.86,43.25,137.19,414.46,0.5681,-1,-1,-1
812,270,491.25,24.94,148.74,431.79,0.8059,-1,-1,-1
812,273,191.40,171.10,54.86,132.84,0.8085,-1,-1,-1
812,275,101.56,150.82,39.01,142.62,0.7203,-1,-1,-1
812,277,243.16,181.92,31.79,96.90,0.6974,-1,-1,-1
812,278,68.61,145.05,40.81,158.88,0.6796,-1,-1,-1
812,279,270.94,192.21,23.48,86.62,0.6400,-1,-1,-1
813,218,297.82,131.59,62.04,210.26,0.8461,-1,-1,-1
813,264,375.84,41.46,136.88,426.30,0.8388,-1,-1,-1
813,270,502.32,28.71,139.99,438.93,0.8334,-1,-1,-1
813,273,188.77,169.68,57.48,136.55,0.8112,-1,-1,-1
813,275,101.47,151.92,40.96,143.90,0.6553,-1,-1,-1
813,277,241.76,180.75,34.49,100.73,0.6363,-1,-1,-1
813,278,57.72,145.19,49.84,157.77,0.6672,-1,-1,-1
813,279,266.71,195.07,28.75,86.57,0.6115,-1,-1,-1
814,218,301.93,130.11,62.73,210.25,0.8486,-1,-1,-1
814,264,370.16,35.89,151.07,439.53,0.5978,-1,-1,-1
814,270,509.41,29.19,133.95,441.64,0.8389,-1,-1,-1
814,273,186.97,164.19,59.84,141.43,0.8208,-1,-1,-1
814,275,102.81,149.34,39.41,145.51,0.7003,-1,-1,-1
814,277,239.16,177.40,38.07,103.79,0.7301,-1,-1,-1
814,278,51.89,140.29,55.85,161.40,0.7066,-1,-1,-1
814,279,268.18,194.69,28.63,86.10,0.6239,-1,-1,-1
815,218,305.94,133.95,62.56,210.68,0.8165,-1,-1,-1
815,264,375.71,29.39,197.76,450.56,0.6130,-1,-1,-1
815,270,515.55,31.16,127.35,442.11,0.8576,-1,-1,-1
815,273,184.64,163.35,61.91,145.37,0.7416,-1,-1,-1
815,275,101.73,149.39,41.08,148.84,0.6535,-1,-1,-1
815,277,239.82,179.11,37.01,105.33,0.6980,-1,-1,-1
815,278,50.10,142.43,56.70,162.78,0.6796,-1,-1,-1
815,279,269.56,195.32,27.92,88.27,0.6749,-1,-1,-1
816,218,310.54,134.98,58.85,210.19,0.7724,-1,-1,-1
816,264,380.99,25.01,161.60,453.61,0.6098,-1,-1,-1
816,270,519.39,27.31,123.25,431.38,0.8743,-1,-1,-1
816,273,178.44,159.59,65.05,149.43,0.7012,-1,-1,-1
816,275,100.07,148.50,41.66,148.45,0.6950,-1,-1,-1
816,277,237.70,175.46,36.69,108.96,0.7413,-1,-1,-1
816,278,55.67,139.53,50.69,162.33,0.5150,-1,-1,-1
816,279,269.16,192.18,27.03,90.27,0.6537,-1,-1,-1
817,218,312.85,134.30,59.92,210.34,0.8089,-1,-1,-1
817,264,382.51,10.54,165.88,457.15,0.7705,-1,-1,-1
817,270,522.30,22.78,119.96,432.74,0.8915,-1,-1,-1
817,273,170.69,156.70,68.89,153.92,0.7469,-1,-1,-1
817,275,97.73,147.11,40.42,148.98,0.7005,-1,-1,-1
817,277,235.48,173.06,36.44,110.41,0.6610,-1,-1,-1
817,278,57.19,136.33,48.53,167.96,0.4929,-1,-1,-1
817,279,268.15,191.49,25.15,88.61,0.6612,-1,-1,-1
817,255,30.09,145.30,37.62,155.14,0.4433,-1,-1,-1
818,218,317.31,132.79,61.24,210.48,0.8176,-1,-1,-1
818,264,387.09,7.53,155.99,459.31,0.7856,-1,-1,-1
818,270,527.89,14.08,115.20,439.87,0.8189,-1,-1,-1
818,273,170.68,156.45,68.21,160.17,0.7518,-1,-1,-1
818,275,96.12,146.18,39.99,151.12,0.7059,-1,-1,-1
818,277,232.10,169.81,38.35,114.59,0.7655,-1,-1,-1
818,278,56.17,134.40,49.52,172.56,0.3480,-1,-1,-1
818,279,266.91,188.46,26.74,93.89,0.6998,-1,-1,-1
818,280,288.75,178.17,28.86,91.67,0.7280,-1,-1,-1
818,255,18.47,138.23,49.71,165.74,0.6365,-1,-1,-1
819,218,319.02,131.36,61.56,207.13,0.8327,-1,-1,-1
819,264,401.61,6.90,143.86,461.40,0.8688,-1,-1,-1
819,270,536.05,10.78,105.62,448.58,0.8775,-1,-1,-1
819,273,167.35,157.43,69.86,164.23,0.7695,-1,-1,-1
819,275,93.70,146.24,40.17,153.48,0.7342,-1,-1,-1
819,277,228.59,168.51,39.67,118.14,0.7899,-1,-1,-1
819,278,54.26,133.65,46.78,135.94,0.3452,-1,-1,-1
819,279,265.31,188.75,27.99,97.12,0.6750,-1,-1,-1
819,280,288.96,179.08,29.24,92.37,0.6378,-1,-1,-1
819,255,6.63,138.63,57.03,168.31,0.7191,-1,-1,-1
820,218,314.40,132.08,65.21,208.11,0.8130,-1,-1,-1
820,264,409.04,7.56,156.27,470.96,0.8327,-1,-1,-1
820,270,546.04,11.05,94.82,464.37,0.8740,-1,-1,-1
820,273,152.90,156.18,76.92,173.10,0.7142,-1,-1,-1
820,275,83.27,147.17,42.62,158.77,0.7491,-1,-1,-1
820,277,220.97,170.63,41.66,122.87,0.7660,-1,-1,-1
820,278,44.26,134.61,43.87,123.48,0.4472,-1,-1,-1
820,279,259.70,190.75,28.92,101.10,0.7274,-1,-1,-1
820,280,283.25,182.69,30.19,92.59,0.6393,-1,-1,-1
820,255,-1.99,143.10,53.42,168.42,0.7160,-1,-1,-1
821,218,310.06,129.06,66.75,205.85,0.8151,-1,-1,-1
821,264,410.53,4.17,152.15,475.61,0.8160,-1,-1,-1
821,270,552.67,10.38,85.80,468.51,0.8855,-1,-1,-1
821,273,145.32,148.46,75.85,179.32,0.7665,-1,-1,-1
821,275,76.33,142.12,44.16,158.96,0.7891,-1,-1,-1
821,277,214.70,165.87,41.70,125.88,0.7414,-1,-1,-1
821,278,35.95,128.25,47.76,168.20,0.7402,-1,-1,-1
821,279,253.76,187.03,28.44,103.44,0.6725,-1,-1,-1
821,280,278.28,177.79,30.63,95.22,0.6407,-1,-1,-1
821,255,-2.43,136.57,42.56,171.48,0.7423,-1,-1,-1
822,218,306.26,130.10,75.66,207.13,0.8355,-1,-1,-1
822,264,416.30,3.45,153.41,479.58,0.8658,-1,-1,-1
822,270,564.13,11.05,75.44,472.09,0.8535,-1,-1,-1
822,273,133.95,144.29,77.78,187.97,0.8067,-1,-1,-1
822,275,65.32,140.46,45.75,163.10,0.7521,-1,-1,-1
822,277,206.70,165.64,42.84,129.49,0.8000,-1,-1,-1
822,278,23.53,122.84,45.86,141.86,0.4545,-1,-1,-1
822,279,247.08,188.24,29.12,105.76,0.7229,-1,-1,-1
822,280,271.06,177.34,32.81,97.41,0.6781,-1,-1,-1
823,218,306.89,136.94,80.89,207.51,0.8052,-1,-1,-1
823,264,429.75,3.28,151.89,477.45,0.8634,-1,-1,-1
823,270,575.31,14.08,66.38,470.82,0.7658,-1,-1,-1
823,273,127.65,145.20,81.36,194.13,0.8535,-1,-1,-1
823,275,62.71,142.98,46.56,166.99,0.8121,-1,-1,-1
823,277,204.63,168.57,45.00,134.04,0.7766,-1,-1,-1
823,278,18.98,127.50,47.81,129.01,0.4758,-1,-1,-1
823,279,247.27,187.21,30.97,113.44,0.7214,-1,-1,-1
823,280,271.64,177.16,34.17,103.58,0.6376,-1,-1,-1
823,281,378.78,118.73,69.61,168.46,0.4699,-1,-1,-1
824,218,307.58,136.47,79.06,207.45,0.7841,-1,-1,-1
824,264,441.50,-0.50,160.43,480.72,0.8451,-1,-1,-1
824,270,573.51,7.42,67.19,463.69,0.7309,-1,-1,-1
824,273,116.03,139.26,84.82,202.87,0.8517,-1,-1,-1
824,275,56.08,141.25,46.78,168.57,0.7653,-1,-1,-1
824,277,197.18,164.23,45.62,138.93,0.7685,-1,-1,-1
824,278,9.71,125.25,52.85,176.32,0.5979,-1,-1,-1
824,279,242.08,180.91,33.00,117.49,0.7709,-1,-1,-1
824,280,265.54,174.37,35.32,103.88,0.7263,-1,-1,-1
824,281,379.20,114.38,79.88,264.23,0.6827,-1,-1,-1
825,218,309.62,136.17,78.18,207.17,0.7867,-1,-1,-1
825,264,452.99,-1.95,176.84,483.01,0.8731,-1,-1,-1
825,270,584.04,3.38,57.03,452.51,0.3489,-1,-1,-1
825,273,97.61,136.06,97.86,213.97,0.8596,-1,-1,-1
825,275,48.90,138.40,48.29,172.67,0.7611,-1,-1,-1
825,277,189.22,159.77,47.95,144.27,0.7697,-1,-1,-1
825,278,0.96,121.23,49.63,148.88,0.3728,-1,-1,-1
825,279,237.00,180.33,36.94,120.99,0.7779,-1,-1,-1
825,280,262.29,173.20,35.43,106.02,0.6913,-1,-1,-1
825,281,380.09,112.35,87.13,263.59,0.6573,-1,-1,-1
826,218,310.84,130.89,75.73,205.73,0.8166,-1,-1,-1
826,264,463.75,-3.14,178.02,482.08,0.9122,-1,-1,-1
826,273,84.63,129.86,107.50,225.33,0.8859,-1,-1,-1
826,275,42.14,132.17,50.18,177.36,0.7052,-1,-1,-1
826,277,181.10,152.51,50.40,148.73,0.8043,-1,-1,-1
826,278,-2.67,113.37,50.15,190.57,0.4639,-1,-1,-1
826,279,231.64,174.87,38.71,125.97,0.7523,-1,-1,-1
826,280,260.17,170.19,34.31,105.49,0.6682,-1,-1,-1
826,281,380.73,106.48,89.90,274.01,0.5900,-1,-1,-1
826,282,294.92,169.80,25.97,100.65,0.4904,-1,-1,-1
827,218,309.33,132.31,70.60,204.80,0.8229,-1,-1,-1
827,264,472.46,0.20,170.37,482.89,0.8848,-1,-1,-1
827,273,67.53,125.32,104.52,240.49,0.8609,-1,-1,-1
827,275,29.92,130.37,48.27,182.27,0.6745,-1,-1,-1
827,277,161.13,155.07,59.66,154.67,0.8149,-1,-1,-1
827,278,-4.59,111.41,39.54,208.10,0.1892,-1,-1,-1
827,279,219.95,178.77,40.35,131.19,0.7614,-1,-1,-1
827,280,251.69,173.75,34.11,108.33,0.6817,-1,-1,-1
827,281,375.00,111.36,93.10,281.43,0.8236,-1,-1,-1
827,282,287.70,174.85,29.09,100.60,0.5398,-1,-1,-1
828,218,311.95,132.33,66.93,203.62,0.8255,-1,-1,-1
828,264,485.47,1.26,157.85,479.44,0.9012,-1,-1,-1
828,273,60.95,118.08,101.83,250.64,0.8610,-1,-1,-1
828,275,25.76,129.60,55.69,184.28,0.6803,-1,-1,-1
828,277,152.74,153.62,64.84,158.29,0.7979,-1,-1,-1
828,278,-1.51,108.91,33.89,215.78,0.4915,-1,-1,-1
828,279,216.97,177.89,40.06,134.99,0.7916,-1,-1,-1
828,280,248.92,173.27,35.58,109.93,0.7179,-1,-1,-1
828,281,373.45,113.30,96.21,282.87,0.7752,-1,-1,-1
828,282,286.82,176.01,29.56,100.19,0.6321,-1,-1,-1
829,218,316.61,130.72,64.83,205.60,0.8097,-1,-1,-1
829,264,504.84,-0.65,141.66,480.57,0.8760,-1,-1,-1
829,273,54.22,111.12,101.81,263.26,0.8515,-1,-1,-1
829,275,21.00,127.37,54.80,187.77,0.7471,-1,-1,-1
829,277,149.58,149.72,63.47,167.33,0.8737,-1,-1,-1
829,279,213.04,175.39,43.16,139.51,0.7384,-1,-1,-1
829,280,245.80,169.24,39.75,115.00,0.6904,-1,-1,-1
829,281,376.39,112.48,103.99,286.12,0.7912,-1,-1,-1
829,282,287.79,172.94,33.16,101.60,0.6967,-1,-1,-1
830,218,320.38,138.20,62.97,203.40,0.8561,-1,-1,-1
830,264,520.35,1.37,123.84,479.97,0.8587,-1,-1,-1
830,273,29.67,109.63,117.60,276.69,0.8581,-1,-1,-1
830,275,19.13,130.49,46.40,191.21,0.2875,-1,-1,-1
830,277,147.92,151.88,61.79,173.51,0.8621,-1,-1,-1
830,279,209.82,177.14,44.54,145.11,0.7118,-1,-1,-1
830,280,245.94,175.10,39.14,114.10,0.6784,-1,-1,-1
830,281,379.51,118.66,104.43,282.95,0.8318,-1,-1,-1
830,282,290.72,176.15,33.70,102.15,0.7840,-1,-1,-1
831,218,320.32,138.68,59.91,204.67,0.8276,-1,-1,-1
831,264,530.97,0.17,110.31,478.30,0.8642,-1,-1,-1
831,273,11.14,103.76,123.82,290.78,0.8526,-1,-1,-1
831,275,9.76,140.19,40.34,182.18,0.2906,-1,-1,-1
831,277,139.57,145.45,62.23,181.52,0.8515,-1,-1,-1
831,279,203.82,171.52,45.05,152.01,0.7435,-1,-1,-1
831,280,241.83,171.11,36.96,118.14,0.7145,-1,-1,-1
831,281,377.41,116.34,104.42,284.25,0.8370,-1,-1,-1
831,282,286.73,174.16,35.89,102.01,0.7747,-1,-1,-1
832,218,313.26,133.31,61.81,205.02,0.8394,-1,-1,-1
832,264,549.39,-2.22,90.42,478.62,0.8524,-1,-1,-1
832,273,-3.94,87.43,118.48,319.32,0.8790,-1,-1,-1
832,277,121.57,132.95,67.47,191.00,0.8306,-1,-1,-1
832,279,189.44,161.52,46.35,162.34,0.7891,-1,-1,-1
832,280,229.95,162.18,41.97,123.66,0.7618,-1,-1,-1
832,281,371.67,108.35,99.61,282.80,0.8539,-1,-1,-1
832,282,278.87,166.21,37.80,103.82,0.7867,-1,-1,-1
833,218,312.73,133.31,62.28,204.91,0.8310,-1,-1,-1
833,264,561.52,0.14,78.78,476.53,0.8372,-1,-1,-1
833,273,-5.28,81.35,108.55,325.92,0.8577,-1,-1,-1
833,277,111.05,129.44,71.68,200.91,0.8618,-1,-1,-1
833,279,180.80,160.74,50.47,166.76,0.8041,-1,-1,-1
833,280,226.43,161.40,41.75,126.86,0.8048,-1,-1,-1
833,281,369.68,107.09,96.80,277.82,0.8536,-1,-1,-1
833,282,274.75,165.84,39.34,104.49,0.7797,-1,-1,-1
834,218,313.37,130.02,65.29,201.72,0.8308,-1,-1,-1
834,264,578.20,12.03,63.21,466.30,0.4670,-1,-1,-1
834,273,-5.93,76.65,93.40,327.93,0.8878,-1,-1,-1
834,277,100.26,125.80,77.44,208.81,0.8690,-1,-1,-1
834,279,173.75,158.98,53.21,175.32,0.8354,-1,-1,-1
834,280,223.70,158.15,43.49,132.42,0.7557,-1,-1,-1
834,281,371.61,104.27,93.99,277.07,0.8748,-1,-1,-1
834,282,272.34,166.27,39.67,104.27,0.8091,-1,-1,-1
835,218,313.59,127.31,67.05,200.79,0.7938,-1,-1,-1
835,264,595.09,33.09,45.58,443.94,0.3293,-1,-1,-1
835,273,-4.33,94.72,74.98,311.08,0.7039,-1,-1,-1
835,277,89.64,121.50,81.87,225.04,0.8827,-1,-1,-1
835,279,165.61,155.97,59.47,185.31,0.8136,-1,-1,-1
835,280,220.57,157.39,46.37,136.32,0.7635,-1,-1,-1
835,281,372.49,103.96,93.29,278.95,0.8716,-1,-1,-1
835,282,272.87,166.88,39.82,102.27,0.7933,-1,-1,-1
836,218,318.76,125.42,68.44,196.77,0.8522,-1,-1,-1
836,273,-1.92,101.58,56.81,250.83,0.7721,-1,-1,-1
836,277,80.88,116.03,88.00,239.21,0.8688,-1,-1,-1
836,279,164.55,151.34,58.85,194.97,0.8415,-1,-1,-1
836,280,221.28,154.39,49.92,140.38,0.8357,-1,-1,-1
836,281,375.64,104.79,93.91,280.69,0.8710,-1,-1,-1
836,282,273.29,167.27,41.32,100.14,0.7785,-1,-1,-1
837,218,326.34,127.91,69.31,190.32,0.8315,-1,-1,-1
837,273,-0.88,107.29,40.35,227.64,0.6786,-1,-1,-1
837,277,73.42,111.96,92.77,252.36,0.8547,-1,-1,-1
837,279,162.22,146.65,58.81,206.81,0.8649,-1,-1,-1
837,280,223.35,152.00,51.94,147.11,0.8126,-1,-1,-1
837,281,380.75,108.85,94.70,281.82,0.8625,-1,-1,-1
837,282,274.93,168.37,43.56,100.86,0.8120,-1,-1,-1
