1,1,371.73,408.29,79.69,239.72,0.7909,-1,-1,-1
1,2,104.37,546.38,73.26,245.35,0.7259,-1,-1,-1
1,3,1095.29,980.85,73.73,99.15,0.6918,-1,-1,-1
1,4,1732.44,452.88,73.78,221.10,0.6221,-1,-1,-1
1,5,1355.87,569.74,82.10,221.12,0.5494,-1,-1,-1
1,6,0.22,880.54,41.51,199.46,0.5313,-1,-1,-1
1,7,1103.63,210.04,56.22,179.71,0.5270,-1,-1,-1
1,8,546.15,146.37,57.89,183.41,0.5192,-1,-1,-1
1,9,225.79,399.55,64.30,198.93,0.5117,-1,-1,-1
1,10,789.24,145.31,64.25,178.75,0.4615,-1,-1,-1
1,11,1047.11,133.10,62.93,182.86,0.4452,-1,-1,-1
1,12,273.15,379.07,52.48,212.37,0.3722,-1,-1,-1
1,13,504.23,134.74,51.32,176.83,0.3697,-1,-1,-1
2,1,372.17,408.12,80.17,239.81,0.7974,-1,-1,-1
2,2,104.30,546.49,72.99,245.61,0.7254,-1,-1,-1
2,3,1100.27,981.14,71.70,98.84,0.6889,-1,-1,-1
2,4,1730.74,454.78,75.06,216.12,0.6076,-1,-1,-1
2,5,1355.89,570.07,81.77,217.87,0.5685,-1,-1,-1
2,6,0.21,878.30,40.06,201.19,0.3834,-1,-1,-1
2,7,1098.84,211.59,58.05,178.48,0.4732,-1,-1,-1
2,8,545.66,146.77,57.59,183.97,0.5065,-1,-1,-1
2,9,225.23,398.28,65.14,199.30,0.4906,-1,-1,-1
2,10,789.59,145.28,64.42,178.91,0.4611,-1,-1,-1
2,11,1046.23,132.97,63.83,182.09,0.4655,-1,-1,-1
2,12,268.50,379.23,54.77,210.70,0.4317,-1,-1,-1
2,13,503.59,134.37,51.12,176.80,0.3704,-1,-1,-1
3,1,373.24,407.85,79.10,241.08,0.7819,-1,-1,-1
3,2,104.56,546.17,73.35,246.62,0.7317,-1,-1,-1
3,3,1104.59,980.95,71.75,99.06,0.6966,-1,-1,-1
3,4,1730.89,453.31,74.20,219.13,0.6004,-1,-1,-1
3,5,1356.34,570.04,81.28,216.86,0.5666,-1,-1,-1
3,6,0.22,877.58,39.69,201.53,0.3536,-1,-1,-1
3,7,1093.40,213.37,61.17,177.41,0.5647,-1,-1,-1
3,8,544.98,147.39,58.11,183.67,0.4874,-1,-1,-1
3,9,223.49,396.88,67.24,201.68,0.4725,-1,-1,-1
3,10,788.96,145.18,64.87,178.65,0.4540,-1,-1,-1
3,11,1045.47,132.80,64.38,179.92,0.4987,-1,-1,-1
3,12,261.46,368.53,63.59,223.69,0.3913,-1,-1,-1
3,13,503.94,133.86,50.00,170.56,0.3935,-1,-1,-1
4,1,372.85,407.37,79.78,241.15,0.7958,-1,-1,-1
4,2,104.25,545.83,73.24,247.16,0.7230,-1,-1,-1
4,3,1108.05,979.25,72.11,100.75,0.6953,-1,-1,-1
4,4,1729.70,452.68,74.01,217.36,0.6206,-1,-1,-1
4,5,1356.22,570.18,82.47,217.05,0.5754,-1,-1,-1
4,6,0.29,876.36,42.70,203.03,0.5373,-1,-1,-1
4,7,1087.96,211.65,63.69,179.62,0.5529,-1,-1,-1
4,8,546.02,145.75,56.44,183.71,0.4671,-1,-1,-1
4,9,221.82,396.71,69.43,202.43,0.4802,-1,-1,-1
4,10,789.36,144.74,64.28,178.25,0.4695,-1,-1,-1
4,11,1045.31,133.47,63.44,179.53,0.4598,-1,-1,-1
4,12,263.25,379.32,59.94,214.40,0.4010,-1,-1,-1
4,13,501.21,135.19,52.51,172.87,0.4398,-1,-1,-1
5,1,374.27,406.86,79.04,241.29,0.7977,-1,-1,-1
5,2,104.14,545.84,72.67,247.14,0.7243,-1,-1,-1
5,3,1112.23,976.61,72.21,103.39,0.6965,-1,-1,-1
5,4,1728.73,452.21,74.08,218.26,0.6546,-1,-1,-1
5,5,1355.90,570.13,82.44,214.49,0.6075,-1,-1,-1
5,6,0.29,874.50,44.77,204.64,0.5594,-1,-1,-1
5,7,1075.69,210.74,75.19,178.91,0.5400,-1,-1,-1
5,8,545.88,145.15,56.28,185.97,0.5045,-1,-1,-1
5,9,220.89,396.73,71.73,200.99,0.3744,-1,-1,-1
5,10,789.10,145.57,64.86,176.99,0.4966,-1,-1,-1
5,11,1046.34,134.42,62.13,167.20,0.3772,-1,-1,-1
5,12,266.10,380.33,53.74,210.14,0.3871,-1,-1,-1
5,13,501.16,135.46,51.41,168.88,0.4851,-1,-1,-1
6,1,374.94,406.08,79.22,240.37,0.7853,-1,-1,-1
6,2,104.30,545.99,72.61,246.87,0.7310,-1,-1,-1
6,3,1114.66,975.71,72.71,104.29,0.6915,-1,-1,-1
6,4,1727.15,454.13,74.82,216.42,0.6518,-1,-1,-1
6,5,1356.61,570.13,81.69,213.43,0.6186,-1,-1,-1
6,6,0.36,872.25,46.05,207.04,0.6048,-1,-1,-1
6,7,1065.29,209.42,85.64,179.54,0.5800,-1,-1,-1
6,8,545.42,147.13,55.56,186.26,0.5162,-1,-1,-1
6,9,219.25,393.46,74.73,203.35,0.3013,-1,-1,-1
6,10,788.15,145.34,65.08,177.76,0.5059,-1,-1,-1
6,11,1044.40,135.11,63.64,156.47,0.3075,-1,-1,-1
6,12,267.28,380.05,49.54,208.75,0.3931,-1,-1,-1
6,13,501.89,136.60,49.86,167.22,0.5139,-1,-1,-1
7,1,375.71,404.92,80.10,240.11,0.7800,-1,-1,-1
7,2,104.22,545.92,72.59,246.20,0.7311,-1,-1,-1
7,3,1117.18,974.49,71.84,105.45,0.7059,-1,-1,-1
7,4,1726.42,454.29,74.66,213.44,0.6323,-1,-1,-1
7,5,1356.44,570.26,82.03,212.75,0.6336,-1,-1,-1
7,6,0.40,870.89,47.11,208.45,0.5963,-1,-1,-1
7,7,1055.90,208.27,95.97,180.86,0.5519,-1,-1,-1
7,8,544.57,148.26,54.44,186.92,0.5409,-1,-1,-1
7,9,217.91,395.83,68.83,200.43,0.2906,-1,-1,-1
7,10,788.30,145.39,65.49,177.83,0.5157,-1,-1,-1
7,11,1043.16,136.48,63.89,155.02,0.2917,-1,-1,-1
7,12,266.49,380.40,48.71,200.45,0.3569,-1,-1,-1
7,13,501.79,138.65,49.04,165.57,0.4803,-1,-1,-1
8,1,376.57,402.87,80.09,239.20,0.7695,-1,-1,-1
8,2,104.66,546.21,72.82,246.53,0.7357,-1,-1,-1
8,3,1119.40,973.46,70.71,106.56,0.7075,-1,-1,-1
8,4,1724.50,454.67,75.51,209.77,0.6460,-1,-1,-1
8,5,1356.54,570.05,81.68,213.94,0.6130,-1,-1,-1
8,6,0.34,871.18,47.02,207.75,0.5821,-1,-1,-1
8,7,1051.59,210.59,101.19,178.37,0.5415,-1,-1,-1
8,8,544.53,147.31,53.26,188.47,0.5504,-1,-1,-1
8,9,215.30,389.39,66.44,204.35,0.1971,-1,-1,-1
8,10,787.98,145.92,65.63,177.02,0.5036,-1,-1,-1
8,11,1040.77,137.21,64.96,159.89,0.1704,-1,-1,-1
8,12,264.95,381.26,48.95,191.08,0.3169,-1,-1,-1
8,13,499.94,141.03,51.64,171.50,0.4575,-1,-1,-1
9,1,376.99,401.81,81.03,237.71,0.7678,-1,-1,-1
9,2,104.69,546.08,73.41,246.77,0.7444,-1,-1,-1
9,3,1123.85,973.32,68.42,106.70,0.6696,-1,-1,-1
9,4,1723.67,454.50,75.48,209.88,0.6354,-1,-1,-1
9,5,1356.69,570.35,81.32,213.99,0.6143,-1,-1,-1
9,6,0.30,869.75,46.98,209.23,0.5589,-1,-1,-1
9,7,1047.81,210.66,106.03,176.11,0.5094,-1,-1,-1
9,8,544.68,147.70,52.01,189.48,0.4973,-1,-1,-1
9,10,787.91,145.80,65.52,175.99,0.4786,-1,-1,-1
9,11,1038.96,137.19,70.54,163.88,0.2154,-1,-1,-1
9,12,265.04,380.85,47.00,181.88,0.2720,-1,-1,-1
9,13,500.31,141.90,50.32,173.11,0.4450,-1,-1,-1
10,1,377.44,400.46,81.28,236.46,0.7578,-1,-1,-1
10,2,104.81,545.89,73.82,246.73,0.7401,-1,-1,-1
10,3,1127.60,973.05,67.28,106.98,0.6882,-1,-1,-1
10,4,1723.79,454.71,74.76,209.65,0.6109,-1,-1,-1
10,5,1356.35,569.73,82.06,215.45,0.6149,-1,-1,-1
10,6,0.27,865.72,47.23,212.90,0.5659,-1,-1,-1
10,7,1044.46,211.36,109.14,173.65,0.4669,-1,-1,-1
10,8,543.79,148.50,51.80,191.47,0.4780,-1,-1,-1
10,10,788.02,145.83,65.29,176.80,0.4863,-1,-1,-1
10,11,1039.60,138.04,68.95,162.29,0.2767,-1,-1,-1
10,12,264.99,383.48,45.80,173.39,0.3153,-1,-1,-1
10,13,498.85,142.42,51.53,174.35,0.4334,-1,-1,-1
11,1,378.42,398.37,80.95,234.49,0.7551,-1,-1,-1
11,2,104.60,546.00,74.02,246.78,0.7416,-1,-1,-1
11,3,1130.43,973.39,67.37,106.61,0.6686,-1,-1,-1
11,4,1723.52,458.12,74.92,206.50,0.6072,-1,-1,-1
11,5,1356.32,569.72,82.28,215.77,0.6410,-1,-1,-1
11,6,0.21,862.64,46.70,215.68,0.5585,-1,-1,-1
11,7,1042.47,210.18,106.94,174.04,0.4527,-1,-1,-1
11,8,542.55,148.64,52.08,192.78,0.4813,-1,-1,-1
11,10,787.99,145.69,65.46,177.14,0.4866,-1,-1,-1
11,11,1037.30,138.51,72.55,168.22,0.2855,-1,-1,-1
11,12,262.18,384.76,47.99,186.61,0.3795,-1,-1,-1
11,13,498.48,142.84,51.26,175.42,0.4253,-1,-1,-1
11,14,1801.91,217.11,62.91,179.34,0.3490,-1,-1,-1
12,1,378.45,396.71,81.46,233.90,0.7533,-1,-1,-1
12,2,104.35,545.92,74.76,247.05,0.7367,-1,-1,-1
12,3,1133.73,973.18,67.13,106.81,0.6723,-1,-1,-1
12,4,1723.33,459.38,75.06,205.37,0.6360,-1,-1,-1
12,5,1356.80,569.61,81.00,215.41,0.6330,-1,-1,-1
12,6,0.35,857.00,47.05,220.52,0.5761,-1,-1,-1
12,7,1042.79,208.18,101.11,175.81,0.3604,-1,-1,-1
12,8,541.97,149.06,52.61,192.23,0.5005,-1,-1,-1
12,10,788.05,145.74,65.34,177.56,0.4827,-1,-1,-1
12,11,1035.75,139.48,70.34,171.84,0.1824,-1,-1,-1
12,12,260.75,386.17,48.29,186.26,0.2876,-1,-1,-1
12,13,497.41,143.92,52.35,174.75,0.4128,-1,-1,-1
12,14,1802.18,219.21,63.92,175.99,0.3368,-1,-1,-1
13,1,378.66,395.34,81.81,232.42,0.7610,-1,-1,-1
13,2,104.37,545.86,75.46,247.66,0.7420,-1,-1,-1
13,3,1136.21,972.78,66.40,107.15,0.6342,-1,-1,-1
13,4,1723.82,458.49,74.19,206.51,0.6627,-1,-1,-1
13,5,1356.70,569.94,81.08,213.94,0.6362,-1,-1,-1
13,6,0.38,852.06,46.57,225.11,0.5896,-1,-1,-1
13,7,1042.73,202.72,89.66,182.20,0.2681,-1,-1,-1
13,8,540.32,149.51,54.54,192.24,0.5202,-1,-1,-1
13,10,788.23,146.19,65.26,177.44,0.5105,-1,-1,-1
13,11,1034.17,140.60,69.10,174.92,0.2426,-1,-1,-1
13,12,260.95,383.84,47.17,185.97,0.2270,-1,-1,-1
13,13,496.80,144.85,52.75,174.96,0.3767,-1,-1,-1
13,14,1802.08,221.36,67.24,177.20,0.3710,-1,-1,-1
13,9,211.23,393.13,63.81,181.97,0.3495,-1,-1,-1
14,1,379.21,394.56,81.44,231.36,0.7609,-1,-1,-1
14,2,104.16,545.84,75.88,248.28,0.7475,-1,-1,-1
14,3,1139.19,972.54,64.74,107.42,0.6312,-1,-1,-1
14,4,1723.07,459.43,75.64,206.34,0.6573,-1,-1,-1
14,5,1357.13,569.92,80.63,214.23,0.6139,-1,-1,-1
14,6,0.28,849.29,46.90,228.16,0.6079,-1,-1,-1
14,7,1041.69,211.03,80.59,171.95,0.1828,-1,-1,-1
14,8,538.85,150.61,55.34,191.85,0.5041,-1,-1,-1
14,10,788.51,146.15,64.51,177.48,0.5243,-1,-1,-1
14,11,1032.73,141.67,66.77,176.45,0.2076,-1,-1,-1
14,12,260.05,384.04,46.61,185.48,0.2426,-1,-1,-1
14,13,495.01,144.44,54.00,176.07,0.4111,-1,-1,-1
14,14,1802.72,222.54,67.26,177.02,0.3744,-1,-1,-1
14,15,880.80,129.98,86.86,178.09,0.4142,-1,-1,-1
14,9,209.76,395.88,63.95,178.64,0.3803,-1,-1,-1
15,1,379.80,393.43,81.33,231.35,0.7611,-1,-1,-1
15,2,104.28,545.85,75.81,248.17,0.7550,-1,-1,-1
15,3,1141.05,972.88,64.27,106.72,0.6000,-1,-1,-1
15,4,1723.73,456.48,74.75,209.67,0.6515,-1,-1,-1
15,5,1356.90,570.39,80.49,213.18,0.6057,-1,-1,-1
15,6,0.19,848.32,47.34,229.84,0.5863,-1,-1,-1
15,7,1044.57,205.88,69.48,175.17,0.2950,-1,-1,-1
15,8,537.52,151.63,55.57,191.78,0.5039,-1,-1,-1
15,10,788.10,146.71,65.14,176.15,0.5363,-1,-1,-1
15,11,1031.99,142.83,64.88,176.03,0.2594,-1,-1,-1
15,12,259.59,383.32,45.79,185.15,0.2251,-1,-1,-1
15,13,494.19,143.90,54.02,177.38,0.3870,-1,-1,-1
15,14,1803.84,223.52,67.48,183.07,0.3943,-1,-1,-1
15,15,879.97,130.42,86.55,177.74,0.3804,-1,-1,-1
15,9,208.75,392.10,63.10,181.81,0.3152,-1,-1,-1
16,1,380.25,392.81,80.96,231.90,0.7660,-1,-1,-1
16,2,104.43,546.17,75.52,247.35,0.7507,-1,-1,-1
16,3,1144.70,972.78,63.10,106.37,0.5676,-1,-1,-1
16,4,1724.53,455.58,73.56,210.14,0.6561,-1,-1,-1
16,5,1356.81,570.27,80.29,213.49,0.6197,-1,-1,-1
16,6,0.20,848.31,48.38,230.13,0.5055,-1,-1,-1
16,7,1042.70,201.00,61.00,180.30,0.2305,-1,-1,-1
16,8,535.01,153.32,56.75,189.49,0.5243,-1,-1,-1
16,10,788.65,146.95,64.53,175.65,0.5047,-1,-1,-1
16,11,1032.34,144.18,63.16,174.46,0.2976,-1,-1,-1
16,12,252.64,385.37,52.14,184.01,0.3552,-1,-1,-1
16,13,493.42,143.60,54.50,178.31,0.3328,-1,-1,-1
16,14,1804.48,224.44,69.00,187.49,0.3863,-1,-1,-1
16,15,879.94,131.58,86.17,178.85,0.3343,-1,-1,-1
16,9,207.96,385.50,60.12,189.28,0.3675,-1,-1,-1
17,1,380.67,391.69,81.29,233.66,0.7515,-1,-1,-1
17,2,104.16,546.70,76.45,246.36,0.7454,-1,-1,-1
17,3,1148.47,972.89,60.57,106.81,0.5348,-1,-1,-1
17,4,1723.39,457.63,75.41,209.13,0.6401,-1,-1,-1
17,5,1356.68,570.07,81.28,214.52,0.6047,-1,-1,-1
17,6,0.23,847.76,50.19,231.71,0.5547,-1,-1,-1
17,7,1039.28,196.17,58.63,184.97,0.1954,-1,-1,-1
17,8,533.43,155.57,57.94,188.10,0.6085,-1,-1,-1
17,10,788.67,147.13,64.43,174.86,0.4926,-1,-1,-1
17,11,1034.52,144.93,59.35,176.39,0.2804,-1,-1,-1
17,12,248.66,383.02,55.69,187.29,0.3618,-1,-1,-1
17,13,493.12,144.75,54.38,177.61,0.3618,-1,-1,-1
17,14,1805.91,225.69,67.79,190.79,0.3618,-1,-1,-1
17,15,880.55,132.26,85.07,177.76,0.3204,-1,-1,-1
17,9,207.20,381.48,58.90,194.43,0.3352,-1,-1,-1
18,1,380.79,390.10,81.71,236.13,0.7521,-1,-1,-1
18,2,104.19,546.62,76.50,246.01,0.7476,-1,-1,-1
18,3,1151.85,973.05,58.16,106.86,0.5308,-1,-1,-1
18,4,1723.27,457.97,75.92,208.58,0.6457,-1,-1,-1
18,5,1356.69,569.96,80.96,214.50,0.6187,-1,-1,-1
18,6,0.25,847.18,51.71,232.61,0.5067,-1,-1,-1
18,8,531.88,156.15,57.86,187.12,0.6046,-1,-1,-1
18,10,789.02,147.26,64.10,174.46,0.5337,-1,-1,-1
18,11,1032.41,144.60,59.79,181.24,0.3238,-1,-1,-1
18,12,246.79,383.54,56.59,187.14,0.4083,-1,-1,-1
18,13,492.92,143.94,53.99,178.74,0.3683,-1,-1,-1
18,14,1806.42,226.52,68.89,191.87,0.3822,-1,-1,-1
18,15,880.49,132.80,84.67,178.08,0.3424,-1,-1,-1
18,9,207.17,381.95,56.71,193.39,0.3621,-1,-1,-1
19,1,380.98,388.56,82.42,237.89,0.7551,-1,-1,-1
19,2,104.36,546.47,76.27,246.11,0.7460,-1,-1,-1
19,3,1154.31,972.70,57.47,107.23,0.5201,-1,-1,-1
19,4,1723.48,456.01,75.32,210.37,0.6472,-1,-1,-1
19,5,1356.93,569.95,80.41,214.80,0.6410,-1,-1,-1
19,6,0.27,845.51,52.44,234.22,0.5317,-1,-1,-1
19,8,530.38,158.56,58.06,184.27,0.5462,-1,-1,-1
19,10,789.12,146.95,63.83,174.42,0.4810,-1,-1,-1
19,11,1030.89,144.28,60.43,184.37,0.4163,-1,-1,-1
19,12,245.89,381.10,56.13,189.89,0.4172,-1,-1,-1
19,13,493.08,144.99,53.51,177.78,0.2956,-1,-1,-1
19,14,1808.25,227.29,69.27,191.53,0.3603,-1,-1,-1
19,15,881.54,133.97,82.07,175.56,0.2550,-1,-1,-1
19,9,206.43,381.46,56.48,195.04,0.4008,-1,-1,-1
20,1,380.89,387.20,82.75,239.53,0.7479,-1,-1,-1
20,2,104.32,546.57,76.07,245.98,0.7457,-1,-1,-1
20,3,1157.22,972.76,55.91,107.22,0.5107,-1,-1,-1
20,4,1723.50,457.91,75.68,208.10,0.6296,-1,-1,-1
20,5,1357.03,570.42,80.16,214.25,0.6499,-1,-1,-1
20,6,0.25,845.22,52.70,234.74,0.4767,-1,-1,-1
20,8,530.07,158.92,56.29,183.98,0.5436,-1,-1,-1
20,10,789.14,147.60,64.02,174.02,0.4960,-1,-1,-1
20,12,244.78,377.23,55.11,192.24,0.3152,-1,-1,-1
20,13,492.52,147.02,52.94,175.59,0.2660,-1,-1,-1
20,14,1809.56,227.70,69.97,190.66,0.3425,-1,-1,-1
20,15,882.69,135.27,78.65,176.23,0.1728,-1,-1,-1
20,9,204.98,386.44,57.29,188.74,0.4158,-1,-1,-1
20,7,1027.49,152.11,62.62,226.58,0.4034,-1,-1,-1
21,1,380.71,386.25,83.22,240.17,0.7589,-1,-1,-1
21,2,104.29,546.52,76.02,246.27,0.7433,-1,-1,-1
21,3,1158.39,973.19,56.46,106.80,0.5024,-1,-1,-1
21,4,1723.41,458.08,75.80,208.19,0.6347,-1,-1,-1
21,5,1357.50,570.39,79.50,215.57,0.6140,-1,-1,-1
21,6,0.32,840.61,53.55,237.94,0.5226,-1,-1,-1
21,8,530.15,159.15,54.92,183.71,0.5892,-1,-1,-1
21,10,788.79,147.68,64.53,174.20,0.4869,-1,-1,-1
21,12,244.53,376.12,52.91,190.32,0.3461,-1,-1,-1
21,13,491.14,148.25,53.59,175.02,0.2709,-1,-1,-1
21,14,1812.12,225.60,73.59,191.28,0.2926,-1,-1,-1
21,15,883.10,137.87,80.24,172.13,0.1781,-1,-1,-1
21,9,203.71,379.62,57.48,194.65,0.4010,-1,-1,-1
21,7,1027.87,145.80,61.19,196.12,0.2852,-1,-1,-1
22,1,380.87,386.08,83.19,239.78,0.7579,-1,-1,-1
22,2,104.16,546.92,76.19,245.71,0.7384,-1,-1,-1
22,3,1157.95,974.22,57.81,105.80,0.5597,-1,-1,-1
22,4,1723.78,458.38,75.00,207.56,0.6685,-1,-1,-1
22,5,1357.45,570.21,79.50,215.17,0.6388,-1,-1,-1
22,6,0.31,841.19,53.71,238.43,0.5428,-1,-1,-1
22,8,528.96,157.10,54.55,186.20,0.5035,-1,-1,-1
22,10,789.07,147.84,64.44,174.86,0.4622,-1,-1,-1
22,12,244.35,375.91,48.71,191.08,0.2690,-1,-1,-1
22,13,489.34,147.29,54.98,176.60,0.2730,-1,-1,-1
22,14,1815.53,225.10,73.63,190.00,0.2837,-1,-1,-1
22,15,884.07,140.93,59.13,170.44,0.1938,-1,-1,-1
22,9,203.45,373.59,60.16,199.90,0.3310,-1,-1,-1
22,7,1009.45,143.53,79.70,222.83,0.3489,-1,-1,-1
23,1,381.56,385.36,82.26,238.93,0.7572,-1,-1,-1
23,2,104.24,546.67,76.06,245.62,0.7393,-1,-1,-1
23,3,1159.05,973.94,59.88,106.06,0.5510,-1,-1,-1
23,4,1724.20,457.78,74.39,207.61,0.6397,-1,-1,-1
23,5,1357.04,570.01,80.27,215.20,0.6146,-1,-1,-1
23,6,0.32,841.79,53.69,237.30,0.5670,-1,-1,-1
23,8,527.91,157.60,52.76,186.71,0.4697,-1,-1,-1
23,10,790.00,148.43,62.32,174.35,0.4303,-1,-1,-1
23,12,243.44,375.43,47.22,190.88,0.1936,-1,-1,-1
23,13,490.55,149.28,53.13,176.08,0.2549,-1,-1,-1
23,14,1817.51,227.60,71.56,190.18,0.2932,-1,-1,-1
23,15,883.54,141.83,50.87,171.87,0.1642,-1,-1,-1
23,9,203.88,371.37,57.77,198.07,0.2680,-1,-1,-1
23,7,1016.59,143.41,71.80,197.23,0.3874,-1,-1,-1
24,1,381.67,384.88,81.83,238.07,0.7575,-1,-1,-1
24,2,104.28,546.59,76.25,245.66,0.7383,-1,-1,-1
24,3,1159.92,974.60,60.81,105.40,0.5499,-1,-1,-1
24,4,1724.01,456.07,74.33,209.98,0.6438,-1,-1,-1
24,5,1356.76,569.80,80.72,216.93,0.5895,-1,-1,-1
24,6,0.30,839.91,54.42,236.90,0.5360,-1,-1,-1
24,8,525.39,157.46,54.31,187.45,0.4252,-1,-1,-1
24,10,789.67,148.40,63.77,173.81,0.4294,-1,-1,-1
24,13,491.67,150.57,51.98,177.97,0.1668,-1,-1,-1
24,14,1820.38,229.80,69.61,190.01,0.3514,-1,-1,-1
24,15,882.50,142.55,49.79,174.11,0.1686,-1,-1,-1
24,9,202.63,359.26,63.55,211.50,0.3062,-1,-1,-1
24,7,1019.29,144.69,68.78,184.96,0.3216,-1,-1,-1
25,1,381.75,384.10,81.04,237.30,0.7571,-1,-1,-1
25,2,104.02,546.82,76.60,245.88,0.7387,-1,-1,-1
25,3,1160.57,974.76,61.60,105.26,0.5634,-1,-1,-1
25,4,1722.87,457.47,75.52,209.21,0.6550,-1,-1,-1
25,5,1357.01,570.18,79.65,214.13,0.6128,-1,-1,-1
25,6,0.32,836.39,54.99,238.58,0.5027,-1,-1,-1
25,8,524.61,158.82,54.36,185.42,0.4362,-1,-1,-1
25,10,789.39,147.79,64.47,174.79,0.4325,-1,-1,-1
25,14,1822.26,232.48,68.86,192.63,0.3877,-1,-1,-1
25,15,879.73,141.32,49.97,176.25,0.1780,-1,-1,-1
25,9,201.69,352.15,66.98,218.13,0.2658,-1,-1,-1
25,7,1017.81,145.79,69.07,187.11,0.2728,-1,-1,-1
26,1,382.23,383.14,80.14,237.24,0.7685,-1,-1,-1
26,2,103.59,546.54,77.21,246.90,0.7374,-1,-1,-1
26,3,1161.71,975.06,61.80,104.98,0.5970,-1,-1,-1
26,4,1722.99,454.69,74.51,212.64,0.6372,-1,-1,-1
26,5,1356.83,570.50,80.25,213.45,0.6088,-1,-1,-1
26,6,0.35,834.19,55.76,234.27,0.5683,-1,-1,-1
26,8,524.88,160.59,53.25,183.92,0.4213,-1,-1,-1
26,10,788.87,148.01,65.68,175.12,0.4475,-1,-1,-1
26,14,1825.44,235.53,67.17,192.83,0.3703,-1,-1,-1
26,15,880.02,142.46,47.62,175.02,0.2535,-1,-1,-1
26,9,200.57,349.80,68.43,221.13,0.2901,-1,-1,-1
27,1,381.90,381.49,80.69,237.38,0.7794,-1,-1,-1
27,2,103.43,546.21,77.04,247.13,0.7380,-1,-1,-1
27,3,1163.14,975.04,62.31,104.95,0.6073,-1,-1,-1
27,4,1723.00,455.45,74.09,212.37,0.6527,-1,-1,-1
27,5,1356.63,570.16,80.34,214.31,0.5873,-1,-1,-1
27,6,0.35,830.74,56.62,234.98,0.6072,-1,-1,-1
27,8,525.41,160.92,52.32,184.82,0.3653,-1,-1,-1
27,10,789.36,147.95,65.20,174.88,0.4485,-1,-1,-1
27,14,1827.69,237.71,65.96,192.07,0.3463,-1,-1,-1
27,15,878.14,142.36,49.82,175.68,0.2290,-1,-1,-1
27,9,199.23,347.64,71.49,223.20,0.3696,-1,-1,-1
28,1,381.89,379.65,81.77,237.87,0.7725,-1,-1,-1
28,2,103.10,546.61,77.20,246.39,0.7388,-1,-1,-1
28,3,1164.61,975.61,62.92,104.40,0.6165,-1,-1,-1
28,4,1723.11,455.38,73.83,211.97,0.6404,-1,-1,-1
28,5,1356.71,569.64,80.66,215.69,0.5884,-1,-1,-1
28,6,0.12,828.01,58.30,233.57,0.6342,-1,-1,-1
28,8,524.23,161.05,53.43,186.69,0.2944,-1,-1,-1
28,10,790.26,148.49,61.83,173.92,0.4496,-1,-1,-1
28,14,1829.03,238.91,66.33,193.26,0.2815,-1,-1,-1
28,15,876.87,142.37,50.46,176.33,0.2118,-1,-1,-1
28,9,197.99,349.14,72.07,223.73,0.4001,-1,-1,-1
29,1,382.55,378.04,81.87,238.04,0.7809,-1,-1,-1
29,2,102.85,546.48,77.52,246.48,0.7458,-1,-1,-1
29,3,1165.58,975.85,64.52,104.19,0.6358,-1,-1,-1
29,4,1723.08,456.76,74.11,209.73,0.6502,-1,-1,-1
29,5,1356.65,569.77,81.13,215.40,0.6248,-1,-1,-1
29,6,0.17,826.23,59.43,230.06,0.6980,-1,-1,-1
29,8,521.98,161.71,55.10,188.46,0.2801,-1,-1,-1
29,10,790.83,148.64,60.14,174.16,0.4575,-1,-1,-1
29,14,1829.95,241.00,66.89,194.00,0.2551,-1,-1,-1
29,15,876.28,142.50,51.05,177.14,0.2454,-1,-1,-1
29,9,197.20,351.75,71.41,220.28,0.3252,-1,-1,-1
30,1,382.93,376.52,83.15,237.22,0.7849,-1,-1,-1
30,2,102.98,547.02,77.51,245.69,0.7384,-1,-1,-1
30,3,1167.19,976.70,65.02,103.30,0.6211,-1,-1,-1
30,4,1723.05,457.28,74.78,208.88,0.6635,-1,-1,-1
30,5,1356.78,569.86,80.28,215.67,0.6176,-1,-1,-1
30,6,0.07,823.39,60.14,228.85,0.6771,-1,-1,-1
30,8,522.54,163.24,54.05,187.75,0.3047,-1,-1,-1
30,10,790.76,148.47,59.58,174.26,0.4579,-1,-1,-1
30,14,1831.97,241.63,69.82,194.18,0.2144,-1,-1,-1
30,15,874.99,142.33,51.27,177.90,0.2603,-1,-1,-1
30,9,196.22,354.36,70.06,216.11,0.3166,-1,-1,-1
31,1,383.59,374.90,85.86,234.37,0.7518,-1,-1,-1
31,2,103.04,546.87,77.08,246.16,0.7404,-1,-1,-1
31,3,1168.45,977.17,65.77,102.79,0.6157,-1,-1,-1
31,4,1723.15,455.78,73.86,211.18,0.6549,-1,-1,-1
31,5,1356.69,569.73,80.32,214.46,0.5917,-1,-1,-1
31,6,0.25,818.51,60.08,235.50,0.6490,-1,-1,-1
31,8,503.35,159.15,75.49,194.46,0.2947,-1,-1,-1
31,10,790.60,148.22,59.86,175.12,0.4277,-1,-1,-1
31,14,1833.65,242.94,70.59,194.42,0.2149,-1,-1,-1
31,15,874.18,143.26,51.08,177.51,0.2452,-1,-1,-1
31,9,194.97,355.97,69.30,212.13,0.3472,-1,-1,-1
31,7,1020.35,153.02,68.27,184.06,0.3513,-1,-1,-1
32,1,383.76,373.32,89.55,232.86,0.7459,-1,-1,-1
32,2,103.03,546.75,76.65,246.39,0.7472,-1,-1,-1
32,3,1169.44,977.94,66.49,102.03,0.6749,-1,-1,-1
32,4,1722.80,456.85,74.80,209.80,0.6539,-1,-1,-1
32,5,1356.54,569.74,80.15,214.37,0.6044,-1,-1,-1
32,6,0.34,815.50,60.17,241.15,0.6166,-1,-1,-1
32,8,497.02,159.62,80.86,195.78,0.2689,-1,-1,-1
32,10,791.34,148.66,59.13,174.90,0.4566,-1,-1,-1
32,14,1835.09,247.35,73.92,192.06,0.2278,-1,-1,-1
32,15,872.49,143.54,51.41,177.89,0.2427,-1,-1,-1
32,9,193.22,350.73,70.07,214.42,0.3977,-1,-1,-1
32,7,1019.76,153.79,67.18,175.84,0.2070,-1,-1,-1
33,1,384.16,371.11,92.06,232.69,0.7505,-1,-1,-1
33,2,102.81,546.61,77.60,246.55,0.7487,-1,-1,-1
33,3,1170.88,978.86,66.90,101.14,0.6783,-1,-1,-1
33,4,1722.51,457.23,75.00,210.14,0.6573,-1,-1,-1
33,5,1356.27,569.47,80.91,216.63,0.6026,-1,-1,-1
33,6,0.33,813.20,60.81,246.62,0.6216,-1,-1,-1
33,8,493.34,159.47,83.85,196.60,0.3926,-1,-1,-1
33,10,791.05,148.91,59.31,174.34,0.4375,-1,-1,-1
33,14,1835.56,249.83,72.66,191.64,0.3134,-1,-1,-1
33,15,871.09,142.68,53.07,178.00,0.2429,-1,-1,-1
33,9,190.82,348.68,70.59,216.68,0.4237,-1,-1,-1
33,7,1019.27,155.71,67.19,180.98,0.3646,-1,-1,-1
34,1,384.80,370.22,92.57,231.82,0.7516,-1,-1,-1
34,2,102.74,546.77,77.73,246.56,0.7391,-1,-1,-1
34,3,1173.40,980.58,66.73,99.43,0.6761,-1,-1,-1
34,4,1722.64,457.97,74.43,208.61,0.6499,-1,-1,-1
34,5,1356.68,569.34,80.94,216.70,0.5997,-1,-1,-1
34,6,0.41,811.31,61.29,248.88,0.6133,-1,-1,-1
34,8,491.99,160.29,83.60,195.88,0.3899,-1,-1,-1
34,10,790.73,148.73,59.12,174.96,0.4316,-1,-1,-1
34,14,1836.31,250.92,70.04,190.68,0.3194,-1,-1,-1
34,15,869.99,142.79,53.44,178.74,0.2096,-1,-1,-1
34,9,189.03,351.32,69.89,211.71,0.4169,-1,-1,-1
34,7,1020.49,155.08,63.29,185.33,0.4158,-1,-1,-1
35,1,384.90,369.31,93.27,232.46,0.7409,-1,-1,-1
35,2,102.53,546.86,78.32,246.94,0.7349,-1,-1,-1
35,3,1176.83,982.07,65.11,97.95,0.6625,-1,-1,-1
35,4,1722.51,457.69,74.09,208.59,0.6607,-1,-1,-1
35,5,1356.12,569.38,81.53,216.03,0.6010,-1,-1,-1
35,6,0.43,810.32,62.85,252.37,0.5750,-1,-1,-1
35,8,492.25,160.70,82.12,195.36,0.3999,-1,-1,-1
35,10,791.00,148.63,58.95,175.08,0.4424,-1,-1,-1
35,14,1837.50,251.65,69.00,188.69,0.3248,-1,-1,-1
35,15,868.77,142.93,54.18,178.77,0.2913,-1,-1,-1
35,9,187.13,346.08,66.75,212.59,0.4551,-1,-1,-1
35,7,1021.37,155.65,61.23,184.70,0.4625,-1,-1,-1
36,1,385.21,368.68,92.74,232.82,0.7012,-1,-1,-1
36,2,102.70,547.01,77.72,246.57,0.7384,-1,-1,-1
36,3,1179.43,983.80,64.63,96.21,0.6416,-1,-1,-1
36,4,1722.76,458.48,74.11,207.94,0.6167,-1,-1,-1
36,5,1355.97,569.40,82.05,216.57,0.5765,-1,-1,-1
36,6,0.47,809.53,63.30,250.44,0.5423,-1,-1,-1
36,8,492.96,160.85,79.61,194.53,0.4168,-1,-1,-1
36,10,791.00,149.01,58.89,174.30,0.4404,-1,-1,-1
36,14,1839.57,250.67,67.62,188.93,0.3538,-1,-1,-1
36,15,867.78,143.64,55.43,179.74,0.2688,-1,-1,-1
36,9,187.79,359.40,63.11,199.11,0.4005,-1,-1,-1
36,7,1021.55,156.31,61.30,182.71,0.5126,-1,-1,-1
36,18,384.60,995.36,90.23,84.62,0.4541,-1,-1,-1
37,1,385.94,367.64,90.49,233.56,0.6905,-1,-1,-1
37,2,102.90,547.11,77.01,245.92,0.7344,-1,-1,-1
37,3,1182.11,984.47,64.75,95.50,0.6851,-1,-1,-1
37,4,1722.94,457.80,73.99,208.94,0.6405,-1,-1,-1
37,5,1356.13,569.15,82.12,218.40,0.5679,-1,-1,-1
37,6,0.52,808.45,64.97,249.52,0.6281,-1,-1,-1
37,8,493.44,161.87,77.66,193.49,0.4233,-1,-1,-1
37,10,790.58,148.81,59.48,174.74,0.4360,-1,-1,-1
37,14,1840.35,252.30,64.74,185.67,0.3775,-1,-1,-1
37,15,867.69,144.21,55.90,180.65,0.2158,-1,-1,-1
37,9,187.07,361.09,62.42,195.94,0.4088,-1,-1,-1
37,7,1021.61,157.41,61.33,183.32,0.5345,-1,-1,-1
37,18,384.33,994.19,91.80,85.74,0.5152,-1,-1,-1
38,1,387.08,366.57,87.13,234.73,0.6940,-1,-1,-1
38,2,102.81,546.96,76.63,245.56,0.7328,-1,-1,-1
38,3,1184.17,984.56,66.23,95.44,0.6926,-1,-1,-1
38,4,1722.74,458.27,74.37,207.82,0.6425,-1,-1,-1
38,5,1355.96,569.32,81.92,215.40,0.6053,-1,-1,-1
38,6,0.55,808.03,65.97,247.12,0.6404,-1,-1,-1
38,8,493.24,162.54,76.90,193.03,0.4185,-1,-1,-1
38,10,790.95,149.03,59.04,175.05,0.4244,-1,-1,-1
38,14,1840.96,252.81,63.44,185.36,0.3219,-1,-1,-1
38,15,867.64,145.99,55.54,178.27,0.1950,-1,-1,-1
38,9,185.90,363.73,61.67,192.35,0.4323,-1,-1,-1
38,7,1022.92,158.19,60.44,183.95,0.5453,-1,-1,-1
38,18,384.41,993.00,93.22,86.99,0.5471,-1,-1,-1
38,19,937.78,201.81,74.51,172.89,0.3844,-1,-1,-1
39,1,387.51,365.37,85.35,236.33,0.6894,-1,-1,-1
39,2,102.46,547.17,77.25,245.06,0.7309,-1,-1,-1
39,3,1186.64,984.10,67.94,95.93,0.6791,-1,-1,-1
39,4,1722.60,457.29,73.78,209.22,0.6232,-1,-1,-1
39,5,1356.68,568.34,81.39,217.00,0.5819,-1,-1,-1
39,6,0.51,807.09,66.21,245.57,0.6524,-1,-1,-1
39,8,493.44,163.21,75.80,192.04,0.4238,-1,-1,-1
39,10,790.91,148.90,58.88,175.11,0.4156,-1,-1,-1
39,14,1841.01,253.24,63.86,184.80,0.3536,-1,-1,-1
39,15,867.38,147.48,56.04,176.56,0.1947,-1,-1,-1
39,9,183.71,362.59,62.80,193.85,0.4941,-1,-1,-1
39,7,1022.30,158.63,61.34,183.21,0.5215,-1,-1,-1
39,18,384.50,991.74,93.19,88.28,0.5280,-1,-1,-1
39,19,927.19,201.18,83.72,172.74,0.5015,-1,-1,-1
40,1,387.93,365.97,86.10,235.52,0.6976,-1,-1,-1
40,2,102.25,546.93,77.42,244.91,0.7340,-1,-1,-1
40,3,1190.02,983.96,68.95,96.04,0.6547,-1,-1,-1
40,4,1722.67,456.59,73.57,210.48,0.6280,-1,-1,-1
40,5,1357.29,569.21,80.47,213.78,0.6156,-1,-1,-1
40,6,0.59,806.00,66.08,243.29,0.6069,-1,-1,-1
40,8,493.42,166.13,74.19,191.73,0.4413,-1,-1,-1
40,10,791.10,148.90,58.29,175.84,0.4049,-1,-1,-1
40,14,1839.36,253.32,66.50,186.52,0.3343,-1,-1,-1
40,15,867.29,149.97,55.35,174.71,0.2466,-1,-1,-1
40,9,181.53,363.14,62.65,192.56,0.4312,-1,-1,-1
40,7,1021.89,158.92,61.97,182.65,0.5098,-1,-1,-1
40,18,384.94,990.04,93.11,89.89,0.5283,-1,-1,-1
40,19,916.96,197.86,94.09,175.75,0.5106,-1,-1,-1
41,1,389.16,365.75,85.51,235.45,0.6912,-1,-1,-1
41,2,102.28,546.73,77.61,245.44,0.7311,-1,-1,-1
41,3,1192.85,984.80,68.16,95.19,0.6803,-1,-1,-1
41,4,1722.54,456.07,73.73,210.94,0.6395,-1,-1,-1
41,5,1356.98,568.82,80.84,215.15,0.6079,-1,-1,-1
41,6,0.53,805.02,66.58,243.18,0.5999,-1,-1,-1
41,8,494.52,166.04,75.09,191.16,0.3633,-1,-1,-1
41,10,791.35,149.11,57.51,175.28,0.4072,-1,-1,-1
41,14,1838.52,254.25,67.02,191.03,0.2878,-1,-1,-1
41,15,866.94,151.18,55.38,175.80,0.2467,-1,-1,-1
41,9,179.77,361.56,62.36,194.13,0.3637,-1,-1,-1
41,7,1021.50,159.07,62.32,181.40,0.4772,-1,-1,-1
41,18,385.18,989.14,93.47,90.83,0.4934,-1,-1,-1
41,19,911.24,201.59,100.05,171.61,0.5443,-1,-1,-1
42,1,390.19,364.65,85.07,235.51,0.7106,-1,-1,-1
42,2,102.25,546.71,78.16,245.62,0.7401,-1,-1,-1
42,3,1195.47,984.93,68.88,95.04,0.6919,-1,-1,-1
42,4,1722.10,455.24,73.95,211.37,0.6467,-1,-1,-1
42,5,1356.95,569.18,80.48,214.53,0.6149,-1,-1,-1
42,6,0.39,802.89,66.89,243.08,0.6311,-1,-1,-1
42,8,494.65,167.04,75.40,191.82,0.3720,-1,-1,-1
42,10,791.20,148.88,57.38,176.68,0.4202,-1,-1,-1
42,14,1838.27,256.54,67.52,189.60,0.2988,-1,-1,-1
42,15,866.50,150.93,54.48,180.04,0.2550,-1,-1,-1
42,9,179.36,367.76,60.20,189.07,0.3299,-1,-1,-1
42,7,1021.15,159.36,62.54,181.85,0.4729,-1,-1,-1
42,18,384.57,987.84,94.40,92.15,0.5336,-1,-1,-1
42,19,907.16,200.46,104.00,172.97,0.5453,-1,-1,-1
43,1,391.10,364.69,85.03,233.96,0.7375,-1,-1,-1
43,2,101.94,546.83,78.38,245.80,0.7337,-1,-1,-1
43,3,1198.22,985.16,70.24,94.82,0.6623,-1,-1,-1
43,4,1722.22,454.77,73.70,212.02,0.6168,-1,-1,-1
43,5,1356.82,569.14,80.51,214.49,0.6093,-1,-1,-1
43,6,0.28,799.10,67.12,235.66,0.6609,-1,-1,-1
43,8,493.75,167.87,76.68,194.05,0.3848,-1,-1,-1
43,10,790.67,149.24,58.33,176.25,0.4044,-1,-1,-1
43,14,1836.84,255.07,70.82,191.45,0.2836,-1,-1,-1
43,15,866.40,152.14,53.30,174.69,0.2133,-1,-1,-1
43,9,177.08,370.32,59.55,186.16,0.2796,-1,-1,-1
43,7,1021.24,159.69,62.24,182.94,0.4666,-1,-1,-1
43,18,383.67,987.47,95.20,92.56,0.5403,-1,-1,-1
43,19,903.19,197.10,106.66,175.96,0.4982,-1,-1,-1
44,1,391.59,364.58,85.62,232.24,0.7343,-1,-1,-1
44,2,101.93,547.25,78.10,245.48,0.7337,-1,-1,-1
44,3,1199.59,985.50,71.38,94.54,0.6689,-1,-1,-1
44,4,1721.40,456.66,74.73,210.06,0.6473,-1,-1,-1
44,5,1356.83,568.98,80.97,216.09,0.6239,-1,-1,-1
44,6,0.23,795.69,67.49,231.08,0.6726,-1,-1,-1
44,8,493.66,169.04,76.68,195.34,0.3770,-1,-1,-1
44,10,790.83,149.25,58.13,176.19,0.4003,-1,-1,-1
44,14,1839.46,255.40,76.03,194.15,0.3255,-1,-1,-1
44,15,865.79,152.62,54.73,178.12,0.2701,-1,-1,-1
44,9,175.31,366.90,58.60,189.13,0.3528,-1,-1,-1
44,7,1021.33,160.14,61.60,184.04,0.4384,-1,-1,-1
44,18,382.91,985.79,96.02,94.36,0.5970,-1,-1,-1
44,19,900.86,194.06,104.75,179.24,0.3172,-1,-1,-1
45,1,392.81,362.50,85.24,232.22,0.7372,-1,-1,-1
45,2,101.76,546.97,77.73,245.70,0.7425,-1,-1,-1
45,3,1200.77,985.82,72.34,94.23,0.6708,-1,-1,-1
45,4,1721.53,458.13,74.48,208.38,0.6319,-1,-1,-1
45,5,1356.51,568.89,81.01,216.26,0.6351,-1,-1,-1
45,6,0.26,793.00,67.65,229.36,0.6683,-1,-1,-1
45,8,494.60,171.98,75.13,194.26,0.3118,-1,-1,-1
45,10,790.59,149.26,58.55,175.81,0.4246,-1,-1,-1
45,14,1841.37,256.58,74.54,196.61,0.3493,-1,-1,-1
45,15,866.18,154.85,54.22,180.49,0.2495,-1,-1,-1
45,9,173.69,360.87,56.56,193.91,0.3645,-1,-1,-1
45,7,1020.02,161.38,64.15,182.80,0.3991,-1,-1,-1
45,18,381.68,984.86,95.97,95.26,0.5958,-1,-1,-1
45,19,899.32,187.56,101.41,186.34,0.2926,-1,-1,-1
46,1,394.66,360.95,83.46,231.90,0.7423,-1,-1,-1
46,2,101.71,546.55,77.83,246.08,0.7446,-1,-1,-1
46,3,1201.40,986.20,72.16,93.80,0.6854,-1,-1,-1
46,4,1721.00,458.90,74.86,207.04,0.6159,-1,-1,-1
46,5,1356.29,569.20,81.98,216.78,0.6040,-1,-1,-1
46,6,0.41,790.58,68.21,229.23,0.6715,-1,-1,-1
46,8,492.57,173.68,77.44,193.91,0.3318,-1,-1,-1
46,10,790.68,149.30,58.30,175.26,0.3888,-1,-1,-1
46,14,1842.82,257.14,74.72,200.25,0.3307,-1,-1,-1
46,15,866.43,154.61,53.64,182.66,0.1888,-1,-1,-1
46,9,172.25,355.17,55.26,198.96,0.3622,-1,-1,-1
46,7,1019.35,161.86,65.12,182.38,0.4093,-1,-1,-1
46,18,380.30,979.95,96.93,100.08,0.6036,-1,-1,-1
46,19,899.31,180.64,93.13,192.89,0.2946,-1,-1,-1
47,1,395.46,358.97,83.39,232.01,0.7461,-1,-1,-1
47,2,101.48,546.50,78.01,246.20,0.7293,-1,-1,-1
47,3,1202.13,986.36,72.97,93.66,0.6668,-1,-1,-1
47,4,1721.17,458.92,74.86,207.72,0.6309,-1,-1,-1
47,5,1356.51,569.44,81.65,216.06,0.5934,-1,-1,-1
47,6,0.59,789.14,68.93,231.05,0.6178,-1,-1,-1
47,8,502.66,179.14,63.85,187.69,0.3160,-1,-1,-1
47,10,790.15,149.44,59.64,174.91,0.4298,-1,-1,-1
47,14,1844.21,258.73,74.22,202.02,0.3463,-1,-1,-1
47,15,864.62,154.88,54.13,181.83,0.2645,-1,-1,-1
47,9,169.94,347.19,57.71,206.77,0.3910,-1,-1,-1
47,7,1018.92,162.63,64.32,183.41,0.3956,-1,-1,-1
47,18,379.78,974.30,97.70,105.82,0.5913,-1,-1,-1
47,19,900.92,173.81,81.93,199.57,0.3145,-1,-1,-1
48,1,396.33,357.29,83.46,230.36,0.7648,-1,-1,-1
48,2,101.58,546.23,77.91,246.75,0.7353,-1,-1,-1
48,3,1203.45,985.20,75.64,94.77,0.6328,-1,-1,-1
48,4,1721.36,459.47,74.49,206.45,0.6354,-1,-1,-1
48,5,1356.48,569.15,82.57,216.74,0.6142,-1,-1,-1
48,6,0.86,788.30,70.11,233.29,0.5851,-1,-1,-1
48,8,506.07,182.64,58.56,183.77,0.3323,-1,-1,-1
48,10,790.43,149.50,59.77,175.47,0.4552,-1,-1,-1
48,14,1846.93,262.14,69.43,200.97,0.3701,-1,-1,-1
48,15,863.71,154.23,55.10,180.56,0.2694,-1,-1,-1
48,9,168.77,345.01,57.27,210.22,0.3366,-1,-1,-1
48,7,1018.63,163.10,63.56,183.04,0.3321,-1,-1,-1
48,18,378.84,967.47,99.11,112.61,0.6090,-1,-1,-1
48,19,900.51,173.50,73.14,198.22,0.2565,-1,-1,-1
49,1,396.57,356.33,84.08,227.64,0.7607,-1,-1,-1
49,2,101.55,546.08,77.88,246.93,0.7393,-1,-1,-1
49,3,1204.04,984.07,77.24,95.93,0.6517,-1,-1,-1
49,4,1721.00,459.03,74.69,207.07,0.6572,-1,-1,-1
49,5,1356.48,569.39,82.60,217.72,0.6018,-1,-1,-1
49,6,0.82,785.45,71.98,242.67,0.6181,-1,-1,-1
49,8,496.21,180.83,70.73,187.72,0.3708,-1,-1,-1
49,10,790.41,149.28,60.22,175.93,0.4316,-1,-1,-1
49,14,1849.08,264.14,66.09,201.03,0.3338,-1,-1,-1
49,15,862.98,153.65,54.99,176.52,0.3164,-1,-1,-1
49,9,167.34,350.69,57.68,204.84,0.3557,-1,-1,-1
49,7,1017.06,164.39,64.74,182.95,0.3720,-1,-1,-1
49,18,378.40,964.18,99.73,115.84,0.5893,-1,-1,-1
49,19,899.83,176.11,62.39,195.21,0.2454,-1,-1,-1
50,1,396.33,355.02,85.18,226.33,0.7544,-1,-1,-1
50,2,101.56,546.03,77.89,246.69,0.7481,-1,-1,-1
50,3,1204.30,983.17,78.34,96.83,0.6284,-1,-1,-1
50,4,1721.03,459.16,74.44,206.72,0.6394,-1,-1,-1
50,5,1356.93,569.73,81.83,216.17,0.6122,-1,-1,-1
50,6,0.96,784.53,73.58,247.19,0.6054,-1,-1,-1
50,8,493.21,179.90,74.99,190.59,0.3776,-1,-1,-1
50,10,790.40,149.03,59.90,176.84,0.4068,-1,-1,-1
50,14,1851.89,265.99,65.89,200.41,0.3916,-1,-1,-1
50,15,863.13,154.32,52.58,168.84,0.2735,-1,-1,-1
50,7,1016.99,164.85,62.54,178.08,0.3848,-1,-1,-1
50,18,379.86,961.48,98.55,117.70,0.5871,-1,-1,-1
51,1,396.26,354.34,86.16,223.94,0.7540,-1,-1,-1
51,2,101.74,545.81,77.73,247.17,0.7505,-1,-1,-1
51,3,1204.89,982.07,79.04,97.94,0.6112,-1,-1,-1
51,4,1720.68,459.89,74.60,205.52,0.6227,-1,-1,-1
51,5,1357.05,569.40,81.52,215.18,0.6198,-1,-1,-1
51,6,1.19,783.28,74.02,247.49,0.6414,-1,-1,-1
51,8,492.87,180.50,76.10,191.29,0.3683,-1,-1,-1
51,10,790.42,148.84,59.85,177.53,0.4137,-1,-1,-1
51,14,1853.96,267.20,63.47,197.22,0.3627,-1,-1,-1
51,15,862.61,154.55,50.75,169.98,0.2821,-1,-1,-1
51,7,1016.66,166.45,61.92,175.14,0.4442,-1,-1,-1
51,18,380.53,957.56,98.40,122.19,0.5510,-1,-1,-1
52,1,396.91,353.14,86.50,223.82,0.7679,-1,-1,-1
52,2,102.05,545.51,77.15,247.11,0.7519,-1,-1,-1
52,3,1204.70,981.76,79.43,98.23,0.6303,-1,-1,-1
52,4,1721.58,457.19,73.72,209.03,0.6268,-1,-1,-1
52,5,1356.93,569.21,81.40,215.39,0.6236,-1,-1,-1
52,6,1.94,782.07,74.69,245.83,0.6110,-1,-1,-1
52,8,490.27,180.38,79.62,191.24,0.3822,-1,-1,-1
52,10,789.92,149.06,60.46,178.03,0.3948,-1,-1,-1
52,14,1857.11,264.80,61.75,199.53,0.2989,-1,-1,-1
52,15,860.59,154.68,49.20,175.74,0.1894,-1,-1,-1
52,7,1016.08,167.78,62.89,178.50,0.4712,-1,-1,-1
52,18,381.43,953.29,98.73,126.58,0.5458,-1,-1,-1
53,1,398.18,351.54,85.64,225.14,0.7696,-1,-1,-1
53,2,102.39,545.18,76.12,247.42,0.7456,-1,-1,-1
53,3,1204.57,980.45,79.55,99.51,0.6527,-1,-1,-1
53,4,1721.98,456.35,73.46,209.25,0.6268,-1,-1,-1
53,5,1357.10,569.43,81.56,214.09,0.6404,-1,-1,-1
53,6,3.04,780.80,73.50,243.23,0.6510,-1,-1,-1
53,8,488.79,180.58,82.21,190.90,0.4039,-1,-1,-1
53,10,789.43,148.57,61.17,177.91,0.4120,-1,-1,-1
53,14,1859.60,265.05,59.97,198.61,0.3210,-1,-1,-1
53,7,1015.79,168.75,62.78,180.86,0.4509,-1,-1,-1
53,18,381.77,950.11,100.57,129.51,0.6935,-1,-1,-1
54,1,398.58,350.64,85.62,226.00,0.7711,-1,-1,-1
54,2,102.46,544.80,75.77,247.98,0.7481,-1,-1,-1
54,3,1203.81,979.87,80.41,100.08,0.6574,-1,-1,-1
54,4,1722.01,456.06,73.45,209.78,0.6247,-1,-1,-1
54,5,1356.98,569.17,81.96,214.07,0.6412,-1,-1,-1
54,6,5.42,778.51,71.50,239.07,0.6451,-1,-1,-1
54,8,488.00,180.50,84.05,190.75,0.3874,-1,-1,-1
54,10,789.52,148.70,61.46,177.17,0.3980,-1,-1,-1
54,14,1861.62,263.23,58.20,203.18,0.3119,-1,-1,-1
54,7,1014.37,170.68,62.38,181.48,0.4277,-1,-1,-1
54,18,382.52,948.23,102.63,130.36,0.7184,-1,-1,-1
55,1,399.47,349.55,85.03,227.65,0.7786,-1,-1,-1
55,2,102.55,544.90,75.70,248.44,0.7366,-1,-1,-1
55,3,1203.69,979.14,80.84,100.81,0.6654,-1,-1,-1
55,4,1722.13,456.58,73.90,210.50,0.6379,-1,-1,-1
55,5,1357.39,569.01,81.29,215.05,0.6086,-1,-1,-1
55,6,7.52,774.96,70.24,237.95,0.6807,-1,-1,-1
55,8,487.94,180.22,84.56,191.29,0.4239,-1,-1,-1
55,10,789.88,148.90,61.16,176.90,0.4248,-1,-1,-1
55,14,1864.06,262.45,55.84,206.79,0.3409,-1,-1,-1
55,7,1012.81,172.91,62.69,181.56,0.4564,-1,-1,-1
55,18,382.92,946.49,105.39,132.13,0.6929,-1,-1,-1
56,1,400.07,349.05,84.49,229.04,0.7880,-1,-1,-1
56,2,102.54,544.51,75.83,249.10,0.7375,-1,-1,-1
56,3,1203.41,977.77,81.16,102.21,0.6745,-1,-1,-1
56,4,1721.99,456.03,73.62,210.65,0.6450,-1,-1,-1
56,5,1357.17,569.12,80.92,215.97,0.6104,-1,-1,-1
56,6,8.13,772.34,70.26,235.92,0.6942,-1,-1,-1
56,8,488.02,180.26,83.22,191.41,0.4787,-1,-1,-1
56,10,789.96,148.77,61.45,177.63,0.4099,-1,-1,-1
56,14,1866.14,262.07,53.76,207.16,0.2823,-1,-1,-1
56,7,1013.45,174.74,60.92,180.53,0.4683,-1,-1,-1
56,18,383.65,945.72,106.12,133.53,0.6987,-1,-1,-1
57,1,400.23,348.03,83.98,230.27,0.7941,-1,-1,-1
57,2,102.42,544.68,75.94,249.46,0.7330,-1,-1,-1
57,3,1202.76,976.52,81.77,103.46,0.6854,-1,-1,-1
57,4,1721.87,457.84,73.41,208.19,0.6507,-1,-1,-1
57,5,1357.01,569.17,81.29,214.12,0.6176,-1,-1,-1
57,6,6.66,770.81,71.41,232.12,0.7198,-1,-1,-1
57,8,487.67,180.88,82.36,190.99,0.4594,-1,-1,-1
57,10,789.85,148.65,61.98,178.56,0.4007,-1,-1,-1
57,14,1867.60,256.39,52.21,213.24,0.1871,-1,-1,-1
57,7,1011.86,176.26,60.93,179.92,0.4642,-1,-1,-1
57,18,385.05,944.97,106.01,134.28,0.7177,-1,-1,-1
58,1,400.15,347.08,84.31,231.16,0.7872,-1,-1,-1
58,2,102.67,544.98,75.53,249.28,0.7288,-1,-1,-1
58,3,1201.93,976.17,82.89,103.83,0.6689,-1,-1,-1
58,4,1722.06,456.31,73.03,209.38,0.6404,-1,-1,-1
58,5,1357.08,569.34,81.19,214.70,0.6250,-1,-1,-1
58,6,7.12,767.74,73.28,229.80,0.7117,-1,-1,-1
58,8,487.88,181.42,81.16,191.09,0.4487,-1,-1,-1
58,10,790.15,148.89,61.70,178.55,0.3947,-1,-1,-1
58,7,1011.20,178.79,60.09,179.23,0.4570,-1,-1,-1
58,18,386.71,944.01,104.96,135.62,0.6723,-1,-1,-1
59,1,401.11,345.74,83.76,232.66,0.7850,-1,-1,-1
59,2,102.74,545.03,75.33,249.49,0.7326,-1,-1,-1
59,3,1200.38,975.66,84.65,104.31,0.6718,-1,-1,-1
59,4,1722.67,456.02,72.96,210.47,0.6379,-1,-1,-1
59,5,1357.04,568.92,81.32,213.54,0.6415,-1,-1,-1
59,6,6.84,765.43,75.08,226.14,0.7217,-1,-1,-1
59,8,487.96,181.92,81.70,191.45,0.4384,-1,-1,-1
59,10,789.74,148.87,61.13,178.56,0.3892,-1,-1,-1
59,7,1010.15,180.27,60.40,178.50,0.3751,-1,-1,-1
59,18,387.89,942.95,103.93,136.65,0.7143,-1,-1,-1
60,1,401.89,345.64,82.65,232.00,0.7925,-1,-1,-1
60,2,102.32,545.19,75.66,250.30,0.7259,-1,-1,-1
60,3,1199.55,974.89,85.30,105.14,0.6703,-1,-1,-1
60,4,1722.26,457.90,73.31,208.30,0.6277,-1,-1,-1
60,5,1356.86,568.93,81.35,214.82,0.6266,-1,-1,-1
60,6,8.52,761.34,72.16,225.19,0.7346,-1,-1,-1
60,8,488.27,183.04,80.93,191.22,0.4532,-1,-1,-1
60,10,789.54,148.60,61.63,183.11,0.4236,-1,-1,-1
60,7,1007.58,181.39,62.22,178.06,0.3410,-1,-1,-1
60,18,387.90,940.59,105.10,138.71,0.7108,-1,-1,-1
61,1,401.92,344.44,82.44,231.37,0.7979,-1,-1,-1
61,2,102.75,545.97,74.58,248.55,0.7279,-1,-1,-1
61,3,1197.51,972.79,86.20,107.22,0.6310,-1,-1,-1
61,4,1722.03,456.47,73.55,210.16,0.6115,-1,-1,-1
61,5,1357.16,569.18,81.01,214.28,0.6300,-1,-1,-1
61,6,9.56,758.35,70.09,225.24,0.7305,-1,-1,-1
61,8,491.56,188.06,75.22,187.95,0.4804,-1,-1,-1
61,10,788.93,148.43,62.67,186.64,0.3665,-1,-1,-1
61,7,1007.02,182.14,61.90,176.95,0.3033,-1,-1,-1
61,18,387.37,938.78,107.04,140.65,0.6158,-1,-1,-1
62,1,402.20,343.17,81.87,231.13,0.7908,-1,-1,-1
62,2,102.91,546.55,74.27,247.86,0.7288,-1,-1,-1
62,3,1196.37,972.35,86.65,107.71,0.6225,-1,-1,-1
62,4,1722.36,456.39,73.40,209.75,0.6005,-1,-1,-1
62,5,1357.53,569.23,80.63,214.61,0.6175,-1,-1,-1
62,6,10.68,756.22,69.27,225.37,0.7305,-1,-1,-1
62,8,492.35,189.77,73.68,188.72,0.4972,-1,-1,-1
62,10,789.81,148.25,61.52,186.85,0.3195,-1,-1,-1
62,7,1007.58,183.90,61.00,175.37,0.3036,-1,-1,-1
62,18,386.28,936.69,108.21,142.22,0.5702,-1,-1,-1
63,1,402.24,341.39,82.04,231.87,0.7967,-1,-1,-1
63,2,103.11,546.68,73.94,247.54,0.7298,-1,-1,-1
63,3,1194.85,971.84,87.47,108.18,0.6579,-1,-1,-1
63,4,1721.81,457.91,73.97,208.14,0.5912,-1,-1,-1
63,5,1357.14,569.01,80.96,213.84,0.6027,-1,-1,-1
63,6,10.65,754.85,70.67,228.08,0.7189,-1,-1,-1
63,8,491.46,188.99,74.38,193.88,0.5334,-1,-1,-1
63,10,790.01,148.17,60.51,186.84,0.2986,-1,-1,-1
63,7,1006.00,185.11,61.34,172.50,0.2529,-1,-1,-1
63,18,386.04,934.61,107.63,144.30,0.6610,-1,-1,-1
64,1,402.41,339.06,82.21,232.12,0.7909,-1,-1,-1
64,2,103.29,546.87,73.91,247.39,0.7196,-1,-1,-1
64,3,1193.45,972.64,87.32,107.33,0.6860,-1,-1,-1
64,4,1721.85,456.79,73.90,209.23,0.6066,-1,-1,-1
64,5,1356.40,569.24,81.45,215.35,0.5978,-1,-1,-1
64,6,11.07,753.33,70.83,229.07,0.7207,-1,-1,-1
64,8,492.64,191.17,73.00,194.08,0.4910,-1,-1,-1
64,10,790.49,148.34,59.25,184.71,0.2943,-1,-1,-1
64,7,1004.29,186.42,61.93,171.21,0.3625,-1,-1,-1
64,18,385.39,931.18,108.77,148.02,0.6720,-1,-1,-1
65,1,402.24,337.23,82.54,232.23,0.7934,-1,-1,-1
65,2,102.94,547.20,74.30,246.96,0.7283,-1,-1,-1
65,3,1192.51,973.02,86.09,107.00,0.6854,-1,-1,-1
65,4,1720.95,458.79,74.86,207.35,0.6132,-1,-1,-1
65,5,1356.14,569.22,82.48,214.56,0.6289,-1,-1,-1
65,6,10.92,752.29,71.02,231.72,0.7139,-1,-1,-1
65,8,493.53,191.97,72.28,194.76,0.5078,-1,-1,-1
65,10,791.95,148.72,56.51,175.89,0.2348,-1,-1,-1
65,7,1003.45,187.31,62.35,171.37,0.3135,-1,-1,-1
65,18,385.31,925.26,108.43,154.41,0.5640,-1,-1,-1
66,1,402.36,335.20,82.94,232.10,0.7933,-1,-1,-1
66,2,102.86,546.58,75.17,247.64,0.7208,-1,-1,-1
66,3,1190.67,971.94,85.45,108.04,0.7066,-1,-1,-1
66,4,1720.11,459.16,75.57,207.63,0.6257,-1,-1,-1
66,5,1355.88,568.69,83.15,215.85,0.6052,-1,-1,-1
66,6,10.83,750.89,71.27,233.49,0.7136,-1,-1,-1
66,8,495.40,191.37,69.88,195.82,0.5287,-1,-1,-1
66,10,790.46,149.57,60.47,157.23,0.1654,-1,-1,-1
66,7,1003.60,187.94,61.00,173.79,0.3630,-1,-1,-1
66,18,386.47,919.00,106.01,160.84,0.5609,-1,-1,-1
67,1,402.30,333.89,84.06,230.02,0.7946,-1,-1,-1
67,2,102.81,546.70,75.59,247.54,0.7251,-1,-1,-1
67,3,1189.06,971.67,86.23,108.31,0.6943,-1,-1,-1
67,4,1720.39,459.10,75.16,206.98,0.5967,-1,-1,-1
67,5,1356.55,569.00,82.10,214.69,0.5984,-1,-1,-1
67,6,10.38,748.99,71.62,236.15,0.7030,-1,-1,-1
67,8,495.43,191.26,69.77,198.75,0.5660,-1,-1,-1
67,7,1002.59,187.95,60.00,174.86,0.4071,-1,-1,-1
67,18,385.91,914.36,105.85,164.49,0.6558,-1,-1,-1
68,1,402.86,333.21,84.15,227.79,0.7903,-1,-1,-1
68,2,102.69,546.62,75.83,247.75,0.7293,-1,-1,-1
68,3,1186.21,970.23,86.31,109.75,0.6959,-1,-1,-1
68,4,1721.11,459.38,74.51,206.93,0.6083,-1,-1,-1
68,5,1356.52,568.33,82.26,215.79,0.5958,-1,-1,-1
68,6,10.29,746.72,71.92,239.73,0.7079,-1,-1,-1
68,8,495.42,192.35,69.10,197.82,0.5749,-1,-1,-1
68,7,1001.27,188.29,60.89,176.19,0.4877,-1,-1,-1
68,18,385.25,911.71,106.34,166.51,0.7057,-1,-1,-1
69,1,402.76,332.19,85.10,226.28,0.7834,-1,-1,-1
69,2,102.73,546.66,75.45,248.08,0.7308,-1,-1,-1
69,3,1184.26,969.67,86.27,110.30,0.6800,-1,-1,-1
69,4,1722.06,457.72,74.63,210.86,0.5949,-1,-1,-1
69,5,1356.66,568.54,82.00,216.88,0.5966,-1,-1,-1
69,6,10.40,744.82,72.01,241.42,0.7102,-1,-1,-1
69,8,493.40,193.36,72.83,196.37,0.5871,-1,-1,-1
69,7,1000.57,188.23,61.68,176.93,0.5342,-1,-1,-1
69,18,384.78,909.91,106.83,168.64,0.6856,-1,-1,-1
70,1,402.81,331.28,85.79,224.57,0.7906,-1,-1,-1
70,2,103.04,546.40,74.94,248.35,0.7320,-1,-1,-1
70,3,1182.65,969.15,86.02,110.83,0.6652,-1,-1,-1
70,4,1722.68,456.11,74.42,212.03,0.6163,-1,-1,-1
70,5,1356.39,568.40,82.81,217.52,0.6089,-1,-1,-1
70,6,10.84,743.14,71.87,239.06,0.7152,-1,-1,-1
70,8,491.46,195.06,76.25,194.46,0.5919,-1,-1,-1
70,7,1000.17,188.10,61.49,177.76,0.5585,-1,-1,-1
70,18,384.30,907.20,107.21,172.00,0.6794,-1,-1,-1
71,1,403.09,329.96,85.64,223.81,0.7910,-1,-1,-1
71,2,102.51,545.47,75.70,249.84,0.7293,-1,-1,-1
71,3,1181.36,968.32,86.10,111.66,0.6682,-1,-1,-1
71,4,1722.50,456.42,74.69,211.43,0.6228,-1,-1,-1
71,5,1356.81,568.66,82.37,218.45,0.5627,-1,-1,-1
71,6,11.40,741.45,72.14,233.61,0.7215,-1,-1,-1
71,8,491.93,194.03,77.31,195.59,0.6135,-1,-1,-1
71,7,998.83,188.33,60.59,178.11,0.5616,-1,-1,-1
71,18,381.76,904.84,109.89,174.85,0.7098,-1,-1,-1
71,19,786.63,150.78,76.62,219.28,0.3599,-1,-1,-1
72,1,403.37,328.51,85.67,224.90,0.7885,-1,-1,-1
72,2,102.26,544.81,75.93,250.53,0.7260,-1,-1,-1
72,3,1180.15,966.44,85.60,113.57,0.5938,-1,-1,-1
72,4,1722.47,456.87,74.53,210.71,0.6196,-1,-1,-1
72,5,1357.09,569.02,82.28,218.33,0.6065,-1,-1,-1
72,6,11.03,738.32,73.16,230.04,0.7278,-1,-1,-1
72,8,488.86,193.81,81.94,196.17,0.5973,-1,-1,-1
72,7,998.16,188.65,59.02,178.74,0.5732,-1,-1,-1
72,18,380.40,903.17,110.93,176.76,0.7217,-1,-1,-1
72,19,780.56,147.86,82.26,222.12,0.3814,-1,-1,-1
72,15,843.83,169.45,52.90,176.20,0.3498,-1,-1,-1
73,1,404.20,327.62,85.18,226.35,0.7870,-1,-1,-1
73,2,102.00,545.02,76.21,250.25,0.7322,-1,-1,-1
73,3,1179.18,965.30,86.05,114.68,0.6098,-1,-1,-1
73,4,1722.72,456.27,74.57,212.54,0.6138,-1,-1,-1
73,5,1356.95,569.34,82.82,216.75,0.6163,-1,-1,-1
73,6,10.85,734.94,73.96,229.32,0.7479,-1,-1,-1
73,8,486.26,193.49,86.07,196.70,0.5925,-1,-1,-1
73,7,997.02,189.47,57.79,178.93,0.5501,-1,-1,-1
73,18,379.04,902.03,112.10,177.96,0.7151,-1,-1,-1
73,19,775.78,148.22,86.51,220.88,0.3054,-1,-1,-1
73,15,844.53,170.41,52.11,177.50,0.3476,-1,-1,-1
74,1,405.03,327.33,84.46,226.27,0.7840,-1,-1,-1
74,2,102.20,545.39,75.65,249.23,0.7218,-1,-1,-1
74,3,1178.09,964.89,86.99,115.11,0.6240,-1,-1,-1
74,4,1722.20,458.93,74.34,208.63,0.5959,-1,-1,-1
74,5,1356.62,569.53,82.90,215.57,0.6197,-1,-1,-1
74,6,10.88,732.38,74.61,226.51,0.7516,-1,-1,-1
74,8,485.05,194.72,88.20,195.47,0.5597,-1,-1,-1
74,7,997.45,190.08,55.54,180.58,0.5585,-1,-1,-1
74,18,378.72,900.31,112.16,179.72,0.6889,-1,-1,-1
74,19,771.67,147.58,91.00,222.29,0.2805,-1,-1,-1
74,15,844.48,171.27,53.04,179.13,0.3061,-1,-1,-1
75,1,405.21,326.71,84.39,226.69,0.7785,-1,-1,-1
75,2,101.92,545.18,75.52,249.49,0.7282,-1,-1,-1
75,3,1176.95,964.44,88.11,115.58,0.6372,-1,-1,-1
75,4,1722.19,457.66,74.40,211.07,0.6189,-1,-1,-1
75,5,1356.76,569.92,82.59,212.96,0.6552,-1,-1,-1
75,6,10.71,730.86,74.77,227.01,0.7488,-1,-1,-1
75,8,483.40,196.21,89.44,194.21,0.5708,-1,-1,-1
75,7,995.22,189.55,56.89,183.09,0.6145,-1,-1,-1
75,18,379.03,898.15,111.49,181.89,0.6785,-1,-1,-1
75,15,843.23,171.97,54.44,183.81,0.3022,-1,-1,-1
76,1,406.36,326.26,83.45,227.29,0.7725,-1,-1,-1
76,2,102.00,544.40,75.05,250.23,0.7222,-1,-1,-1
76,3,1176.45,963.85,88.59,116.13,0.6887,-1,-1,-1
76,4,1721.48,459.06,74.55,207.89,0.6305,-1,-1,-1
76,5,1356.34,570.39,83.02,212.54,0.6480,-1,-1,-1
76,6,10.85,729.09,74.44,229.57,0.7470,-1,-1,-1
76,8,485.14,199.22,87.96,192.01,0.5545,-1,-1,-1
76,7,994.17,189.39,57.25,182.52,0.5752,-1,-1,-1
76,18,380.21,895.28,109.48,184.70,0.6908,-1,-1,-1
76,15,842.12,172.63,54.69,184.91,0.2413,-1,-1,-1
77,1,406.97,325.19,83.38,228.80,0.7665,-1,-1,-1
77,2,102.12,544.22,74.23,250.36,0.7220,-1,-1,-1
77,3,1176.25,963.64,88.45,116.31,0.6976,-1,-1,-1
77,4,1721.23,458.91,74.64,206.71,0.6227,-1,-1,-1
77,5,1355.95,569.99,84.28,214.19,0.6324,-1,-1,-1
77,6,11.01,727.61,74.28,230.61,0.7514,-1,-1,-1
77,8,491.01,201.26,81.44,189.48,0.5686,-1,-1,-1
77,7,993.32,190.06,57.87,181.23,0.5926,-1,-1,-1
77,18,381.80,893.01,107.28,186.94,0.7467,-1,-1,-1
77,15,842.10,173.68,54.84,184.33,0.2415,-1,-1,-1
78,1,407.01,324.61,83.44,229.29,0.7695,-1,-1,-1
78,2,101.89,544.21,73.86,250.08,0.7236,-1,-1,-1
78,3,1175.99,963.06,88.48,116.92,0.7211,-1,-1,-1
78,4,1720.96,459.60,75.13,205.89,0.6375,-1,-1,-1
78,5,1355.56,571.07,85.03,214.37,0.6385,-1,-1,-1
78,6,10.88,726.50,75.46,232.89,0.7460,-1,-1,-1
78,8,490.78,204.35,79.44,187.10,0.6012,-1,-1,-1
78,7,993.69,189.37,56.85,181.31,0.5648,-1,-1,-1
78,18,382.52,890.73,105.70,189.28,0.7541,-1,-1,-1
79,1,407.89,324.27,82.60,230.13,0.7799,-1,-1,-1
79,2,102.03,544.91,73.49,248.90,0.7258,-1,-1,-1
79,3,1175.87,962.91,88.27,117.06,0.7245,-1,-1,-1
79,4,1720.86,458.92,74.91,206.42,0.6469,-1,-1,-1
79,5,1355.29,572.08,85.25,213.71,0.6076,-1,-1,-1
79,6,11.60,725.96,75.79,232.97,0.7473,-1,-1,-1
79,8,489.97,203.38,80.57,190.75,0.5843,-1,-1,-1
79,7,992.43,190.30,57.71,179.37,0.5756,-1,-1,-1
79,18,384.80,887.48,102.96,192.50,0.7681,-1,-1,-1
80,1,409.26,324.02,81.32,229.69,0.7780,-1,-1,-1
80,2,102.20,545.31,73.07,248.43,0.7276,-1,-1,-1
80,3,1175.24,962.35,88.37,117.60,0.7371,-1,-1,-1
80,4,1720.97,459.68,75.05,206.07,0.6345,-1,-1,-1
80,5,1355.99,572.19,85.70,215.96,0.5753,-1,-1,-1
80,6,12.36,724.94,76.59,233.74,0.7275,-1,-1,-1
80,8,491.04,203.69,79.90,193.29,0.5726,-1,-1,-1
80,7,991.10,190.49,58.21,182.79,0.6077,-1,-1,-1
80,18,386.43,882.92,101.01,197.02,0.7885,-1,-1,-1
81,1,410.02,323.65,80.58,228.16,0.7614,-1,-1,-1
81,2,102.54,545.02,72.35,248.48,0.7277,-1,-1,-1
81,3,1175.98,961.90,87.10,118.12,0.7444,-1,-1,-1
81,4,1721.35,459.43,74.90,206.27,0.6202,-1,-1,-1
81,5,1355.70,571.96,85.99,217.23,0.5514,-1,-1,-1
81,6,12.95,724.41,75.87,233.76,0.7206,-1,-1,-1
81,8,491.79,204.36,79.05,195.68,0.5471,-1,-1,-1
81,7,989.98,191.19,58.29,182.88,0.6103,-1,-1,-1
81,18,387.59,879.40,99.91,200.64,0.7857,-1,-1,-1
82,1,411.90,323.37,79.85,226.95,0.7529,-1,-1,-1
82,2,102.44,545.63,72.19,247.28,0.7279,-1,-1,-1
82,3,1175.92,961.39,86.00,118.62,0.7319,-1,-1,-1
82,4,1721.41,459.43,74.63,206.51,0.6202,-1,-1,-1
82,5,1355.77,572.01,85.92,217.58,0.5457,-1,-1,-1
82,6,13.51,722.13,76.90,235.75,0.7265,-1,-1,-1
82,8,493.83,206.65,77.30,195.13,0.5548,-1,-1,-1
82,7,988.80,191.18,57.81,183.24,0.6098,-1,-1,-1
82,18,387.24,875.81,100.97,204.21,0.7834,-1,-1,-1
83,1,412.23,322.06,80.82,226.37,0.7643,-1,-1,-1
83,2,102.37,546.17,72.11,246.53,0.7277,-1,-1,-1
83,3,1175.46,961.50,85.06,118.46,0.7061,-1,-1,-1
83,4,1721.89,459.66,73.94,205.29,0.6156,-1,-1,-1
83,5,1356.04,571.52,85.85,218.68,0.5507,-1,-1,-1
83,6,14.72,720.38,76.15,237.27,0.7178,-1,-1,-1
83,8,494.31,207.27,78.16,195.06,0.5793,-1,-1,-1
83,7,987.36,191.56,57.68,182.75,0.5994,-1,-1,-1
83,18,387.99,873.16,101.20,206.77,0.7797,-1,-1,-1
84,1,413.43,320.41,80.11,226.03,0.7630,-1,-1,-1
84,2,102.29,546.03,72.28,247.05,0.7183,-1,-1,-1
84,3,1174.85,961.33,84.61,118.62,0.7226,-1,-1,-1
84,4,1721.70,459.57,74.32,205.67,0.5938,-1,-1,-1
84,5,1356.23,571.91,85.54,217.29,0.5442,-1,-1,-1
84,6,14.68,718.63,75.72,239.14,0.7200,-1,-1,-1
84,8,495.62,208.31,77.44,196.24,0.5985,-1,-1,-1
84,7,986.11,191.87,57.50,182.45,0.6087,-1,-1,-1
84,18,388.34,870.81,101.93,209.13,0.7702,-1,-1,-1
84,10,793.99,149.05,55.44,170.73,0.3682,-1,-1,-1
85,1,413.74,318.81,81.22,224.88,0.7576,-1,-1,-1
85,2,101.98,545.31,72.78,248.55,0.7189,-1,-1,-1
85,3,1174.53,961.31,84.06,118.65,0.7156,-1,-1,-1
85,4,1721.26,460.27,74.87,205.65,0.5997,-1,-1,-1
85,5,1356.54,572.60,86.00,220.59,0.4911,-1,-1,-1
85,6,15.92,717.55,76.35,240.15,0.7216,-1,-1,-1
85,8,496.11,209.29,77.37,195.42,0.5914,-1,-1,-1
85,7,983.73,191.02,58.90,184.36,0.5493,-1,-1,-1
85,18,388.81,868.82,102.37,211.15,0.7791,-1,-1,-1
85,10,793.59,149.21,55.01,171.11,0.3155,-1,-1,-1
86,1,414.50,317.56,81.40,222.38,0.7631,-1,-1,-1
86,2,102.03,545.87,73.15,247.68,0.7208,-1,-1,-1
86,3,1173.03,961.06,84.92,118.91,0.7083,-1,-1,-1
86,4,1721.75,458.30,75.03,208.56,0.6084,-1,-1,-1
86,5,1357.15,573.59,85.31,215.89,0.5339,-1,-1,-1
86,6,17.17,716.05,75.99,236.84,0.7461,-1,-1,-1
86,8,496.31,209.38,78.04,197.23,0.6102,-1,-1,-1
86,7,981.24,191.37,60.13,184.92,0.4828,-1,-1,-1
86,18,389.42,866.41,102.61,213.61,0.7883,-1,-1,-1
86,10,793.18,149.31,55.80,172.56,0.3059,-1,-1,-1
87,1,414.41,316.64,83.19,220.80,0.7752,-1,-1,-1
87,2,102.03,545.72,73.43,247.32,0.7340,-1,-1,-1
87,3,1173.06,960.66,83.81,119.31,0.7058,-1,-1,-1
87,4,1721.37,459.68,74.66,207.17,0.6335,-1,-1,-1
87,5,1357.10,573.71,84.51,215.42,0.5171,-1,-1,-1
87,6,18.70,713.95,74.73,228.94,0.7605,-1,-1,-1
87,8,496.11,210.03,79.61,196.29,0.6204,-1,-1,-1
87,7,979.14,191.80,61.61,182.25,0.4584,-1,-1,-1
87,18,389.82,864.36,103.42,215.61,0.7887,-1,-1,-1
87,10,792.39,149.14,56.75,173.59,0.3226,-1,-1,-1
87,19,746.73,185.95,52.96,179.04,0.4066,-1,-1,-1
87,15,835.23,179.61,61.18,189.09,0.3398,-1,-1,-1
88,1,414.20,315.47,84.46,220.11,0.7856,-1,-1,-1
88,2,102.03,546.09,73.52,246.59,0.7177,-1,-1,-1
88,3,1171.41,960.24,84.01,119.72,0.7425,-1,-1,-1
88,4,1720.90,460.05,74.82,206.54,0.6470,-1,-1,-1
88,5,1357.24,573.10,84.27,215.93,0.5500,-1,-1,-1
88,6,18.68,710.79,74.96,226.78,0.7288,-1,-1,-1
88,8,496.98,209.82,80.84,197.51,0.6169,-1,-1,-1
88,7,976.98,191.31,63.01,185.47,0.4217,-1,-1,-1
88,18,390.24,862.06,104.88,217.89,0.8055,-1,-1,-1
88,10,792.07,150.01,56.69,171.53,0.3240,-1,-1,-1
88,19,742.86,187.40,55.14,176.77,0.3605,-1,-1,-1
88,15,834.88,179.72,61.97,189.04,0.2772,-1,-1,-1
89,1,414.25,313.98,84.70,219.91,0.7766,-1,-1,-1
89,2,101.97,546.25,73.53,245.83,0.7233,-1,-1,-1
89,3,1171.09,959.79,82.17,120.12,0.7522,-1,-1,-1
89,4,1720.33,459.34,74.92,207.17,0.6361,-1,-1,-1
89,5,1357.18,573.61,84.46,217.46,0.5396,-1,-1,-1
89,6,18.33,706.53,76.27,227.23,0.7358,-1,-1,-1
89,8,497.46,208.85,82.46,199.03,0.6147,-1,-1,-1
89,7,975.56,192.90,63.80,185.19,0.4936,-1,-1,-1
89,18,391.30,860.92,104.18,219.04,0.8133,-1,-1,-1
89,10,791.39,150.15,55.97,172.79,0.2968,-1,-1,-1
89,19,738.14,189.07,58.65,175.46,0.2843,-1,-1,-1
89,15,834.22,174.69,58.16,190.23,0.2414,-1,-1,-1
90,1,414.85,312.59,84.46,220.13,0.7463,-1,-1,-1
90,2,101.74,546.57,73.73,245.33,0.7131,-1,-1,-1
90,3,1170.56,958.84,81.20,121.16,0.7642,-1,-1,-1
90,4,1720.37,459.41,74.59,206.83,0.6229,-1,-1,-1
90,5,1356.96,573.30,83.44,216.80,0.5380,-1,-1,-1
90,6,19.85,704.11,74.97,227.52,0.7339,-1,-1,-1
90,8,498.64,207.97,83.72,199.10,0.5989,-1,-1,-1
90,7,974.18,194.72,64.71,184.91,0.4131,-1,-1,-1
90,18,392.29,859.64,103.25,220.38,0.8174,-1,-1,-1
90,10,791.02,150.38,56.10,174.80,0.2615,-1,-1,-1
90,19,731.68,190.47,65.94,173.62,0.2119,-1,-1,-1
90,15,833.13,174.17,55.77,189.46,0.2753,-1,-1,-1
91,1,416.00,311.17,82.97,222.02,0.7445,-1,-1,-1
91,2,102.00,546.86,73.66,244.82,0.7046,-1,-1,-1
91,3,1169.52,957.63,80.81,122.36,0.7738,-1,-1,-1
91,4,1720.20,460.01,74.63,206.65,0.6294,-1,-1,-1
91,5,1356.84,572.40,83.69,219.12,0.5259,-1,-1,-1
91,6,21.02,701.18,74.21,226.95,0.7235,-1,-1,-1
91,8,500.98,208.49,80.61,199.29,0.5640,-1,-1,-1
91,7,973.63,193.94,63.74,184.27,0.3698,-1,-1,-1
91,18,392.25,857.65,103.94,222.37,0.8023,-1,-1,-1
91,10,791.29,149.81,55.64,185.58,0.2677,-1,-1,-1
91,19,732.68,191.67,62.06,172.74,0.1600,-1,-1,-1
91,15,832.47,173.95,56.59,190.01,0.2235,-1,-1,-1
92,1,416.67,310.65,82.68,223.24,0.7394,-1,-1,-1
92,2,102.14,546.79,73.47,244.91,0.7009,-1,-1,-1
92,3,1169.02,956.98,79.45,123.02,0.7609,-1,-1,-1
92,4,1720.57,460.01,74.54,206.77,0.6312,-1,-1,-1
92,5,1357.14,572.35,83.14,217.03,0.5333,-1,-1,-1
92,6,22.16,697.44,72.78,228.61,0.7173,-1,-1,-1
92,8,500.64,211.26,79.96,196.64,0.5910,-1,-1,-1
92,7,972.36,195.38,63.38,183.39,0.3986,-1,-1,-1
92,18,392.75,854.60,103.03,225.42,0.7952,-1,-1,-1
92,10,791.88,148.19,54.52,192.85,0.2660,-1,-1,-1
92,19,730.82,192.12,58.48,173.10,0.1621,-1,-1,-1
92,15,831.09,175.94,57.39,188.66,0.1697,-1,-1,-1
93,1,417.17,309.72,82.50,224.42,0.7305,-1,-1,-1
93,2,102.18,547.00,73.08,244.73,0.6922,-1,-1,-1
93,3,1168.20,956.62,78.53,123.38,0.7794,-1,-1,-1
93,4,1720.65,460.03,74.67,206.49,0.6210,-1,-1,-1
93,5,1357.00,572.06,82.85,216.70,0.5190,-1,-1,-1
93,6,23.34,697.24,71.61,226.31,0.7095,-1,-1,-1
93,8,501.47,209.99,79.27,198.06,0.5532,-1,-1,-1
93,7,972.33,195.45,62.51,185.62,0.3530,-1,-1,-1
93,18,393.62,851.37,102.82,228.65,0.8024,-1,-1,-1
93,10,792.11,147.87,53.75,193.75,0.2302,-1,-1,-1
93,19,730.28,192.25,54.20,172.94,0.1724,-1,-1,-1
94,1,417.24,309.09,82.48,224.83,0.7311,-1,-1,-1
94,2,102.11,547.24,73.47,244.57,0.6886,-1,-1,-1
94,3,1167.40,955.74,77.17,124.30,0.7913,-1,-1,-1
94,4,1721.29,460.12,74.49,206.88,0.6233,-1,-1,-1
94,5,1356.93,572.29,83.32,217.18,0.4746,-1,-1,-1
94,6,23.70,696.74,70.98,225.06,0.7144,-1,-1,-1
94,8,501.52,210.92,78.17,198.88,0.5256,-1,-1,-1
94,7,971.65,196.76,62.21,186.04,0.3335,-1,-1,-1
94,18,394.22,849.08,102.72,231.04,0.7916,-1,-1,-1
94,10,791.47,148.38,54.27,192.32,0.2224,-1,-1,-1
95,1,416.86,308.00,82.75,226.27,0.7426,-1,-1,-1
95,2,101.98,547.21,73.67,244.33,0.6855,-1,-1,-1
95,3,1165.90,954.15,77.31,125.84,0.7875,-1,-1,-1
95,4,1721.59,460.07,73.69,206.90,0.6118,-1,-1,-1
95,5,1356.85,573.28,83.34,216.55,0.4465,-1,-1,-1
95,6,25.13,695.84,69.50,225.74,0.7153,-1,-1,-1
95,8,503.06,212.70,76.74,199.24,0.4968,-1,-1,-1
95,7,970.84,197.31,61.87,187.86,0.3206,-1,-1,-1
95,18,395.08,844.66,101.55,235.38,0.7976,-1,-1,-1
95,10,790.04,149.49,56.71,199.76,0.1735,-1,-1,-1
96,1,417.58,307.21,83.59,226.89,0.7603,-1,-1,-1
96,2,101.83,547.05,73.63,243.97,0.6781,-1,-1,-1
96,3,1164.94,953.28,76.18,126.72,0.7956,-1,-1,-1
96,4,1721.57,459.36,73.67,207.02,0.6222,-1,-1,-1
96,5,1356.85,573.36,84.24,219.94,0.4980,-1,-1,-1
96,6,26.05,694.04,68.56,228.15,0.7191,-1,-1,-1
96,8,506.45,212.27,77.92,202.79,0.5506,-1,-1,-1
96,7,968.87,199.10,61.39,189.60,0.4079,-1,-1,-1
96,18,395.37,841.61,100.83,238.42,0.8078,-1,-1,-1
96,10,790.24,150.39,57.07,207.03,0.1548,-1,-1,-1
97,1,417.65,306.63,83.40,227.34,0.7584,-1,-1,-1
97,2,101.88,547.08,73.51,244.59,0.6834,-1,-1,-1
97,3,1163.58,951.88,75.14,128.14,0.7831,-1,-1,-1
97,4,1721.74,459.41,73.95,207.54,0.6392,-1,-1,-1
97,5,1356.64,572.74,83.97,221.14,0.5219,-1,-1,-1
97,6,25.84,692.95,68.79,228.56,0.7185,-1,-1,-1
97,8,509.08,213.29,75.82,204.13,0.5289,-1,-1,-1
97,7,966.81,199.50,61.26,190.69,0.3793,-1,-1,-1
97,18,395.61,840.53,99.00,239.54,0.8021,-1,-1,-1
98,1,418.21,305.29,82.91,228.72,0.7629,-1,-1,-1
98,2,101.74,546.89,73.52,244.67,0.6730,-1,-1,-1
98,3,1161.54,949.88,75.68,130.13,0.7768,-1,-1,-1
98,4,1721.92,456.83,73.92,210.41,0.6373,-1,-1,-1
98,5,1356.99,573.05,82.47,219.21,0.5187,-1,-1,-1
98,6,26.02,692.29,68.80,229.05,0.7198,-1,-1,-1
98,8,510.80,214.18,73.94,204.66,0.5616,-1,-1,-1
98,7,964.82,199.84,61.87,190.56,0.4793,-1,-1,-1
98,18,395.40,838.73,97.61,241.32,0.8023,-1,-1,-1
99,1,418.63,304.85,83.19,228.87,0.7625,-1,-1,-1
99,2,101.67,546.59,73.55,245.02,0.6740,-1,-1,-1
99,3,1159.88,947.25,76.25,132.77,0.7662,-1,-1,-1
99,4,1722.12,458.49,73.66,208.98,0.6250,-1,-1,-1
99,5,1357.06,573.44,82.04,215.09,0.5440,-1,-1,-1
99,6,26.59,691.62,68.90,229.01,0.7223,-1,-1,-1
99,8,512.51,214.60,71.65,204.75,0.5244,-1,-1,-1
99,7,962.95,200.43,61.71,190.09,0.4276,-1,-1,-1
99,18,395.07,834.76,97.07,245.27,0.8039,-1,-1,-1
100,1,419.54,303.45,83.06,229.34,0.7520,-1,-1,-1
100,2,101.85,545.60,73.18,247.46,0.6637,-1,-1,-1
100,3,1158.86,946.16,75.12,133.86,0.7546,-1,-1,-1
100,4,1721.97,459.15,73.71,208.29,0.6091,-1,-1,-1
100,5,1356.93,573.99,82.15,214.54,0.5222,-1,-1,-1
100,6,26.82,690.09,69.76,229.67,0.7322,-1,-1,-1
100,8,512.07,214.22,70.70,206.51,0.4419,-1,-1,-1
100,7,961.49,201.43,60.90,188.92,0.4510,-1,-1,-1
100,18,394.18,831.98,96.96,248.06,0.7951,-1,-1,-1
101,1,419.92,302.32,83.37,229.59,0.7662,-1,-1,-1
101,2,102.01,545.19,73.16,248.30,0.6691,-1,-1,-1
101,3,1157.34,945.38,74.68,134.17,0.7602,-1,-1,-1
101,4,1721.79,459.53,74.03,208.03,0.6195,-1,-1,-1
101,5,1356.86,574.37,82.32,214.54,0.5135,-1,-1,-1
101,6,28.01,688.02,69.63,227.34,0.7363,-1,-1,-1
101,8,512.21,216.24,71.24,207.39,0.5115,-1,-1,-1
101,7,960.19,202.06,60.40,185.26,0.4391,-1,-1,-1
101,18,392.56,830.04,97.50,249.98,0.7901,-1,-1,-1
101,21,1167.55,162.91,84.99,160.60,0.3462,-1,-1,-1
102,1,420.62,300.36,82.80,229.82,0.7646,-1,-1,-1
102,2,102.27,544.75,73.23,248.67,0.6748,-1,-1,-1
102,3,1156.16,944.13,73.37,134.80,0.7411,-1,-1,-1
102,4,1721.93,459.95,73.57,207.36,0.6229,-1,-1,-1
102,5,1356.88,574.36,82.47,216.48,0.5022,-1,-1,-1
102,6,28.35,685.47,69.90,224.81,0.7534,-1,-1,-1
102,8,512.52,217.23,71.77,207.61,0.5145,-1,-1,-1
102,7,957.77,203.21,60.61,183.98,0.4932,-1,-1,-1
102,18,390.99,827.22,98.60,252.76,0.7983,-1,-1,-1
102,21,1167.90,157.49,79.30,166.48,0.2631,-1,-1,-1
103,1,420.61,299.16,82.69,228.55,0.7477,-1,-1,-1
103,2,102.34,544.71,73.13,249.17,0.6719,-1,-1,-1
103,3,1154.69,941.74,72.36,136.99,0.7411,-1,-1,-1
103,4,1721.35,459.93,74.19,206.78,0.6106,-1,-1,-1
103,5,1357.21,574.01,82.80,217.87,0.4885,-1,-1,-1
103,6,30.24,684.19,69.21,220.94,0.7645,-1,-1,-1
103,8,511.86,217.01,73.40,209.64,0.5134,-1,-1,-1
103,7,954.88,201.55,60.95,184.73,0.4962,-1,-1,-1
103,18,389.17,825.38,100.21,254.65,0.7944,-1,-1,-1
103,21,1168.26,154.86,73.47,168.50,0.2510,-1,-1,-1
104,1,421.11,298.90,81.75,225.67,0.7411,-1,-1,-1
104,2,102.62,544.11,73.00,250.00,0.6570,-1,-1,-1
104,3,1152.47,941.27,71.21,137.42,0.7275,-1,-1,-1
104,4,1721.55,459.41,73.43,206.79,0.6165,-1,-1,-1
104,5,1357.26,574.26,83.06,218.81,0.4485,-1,-1,-1
104,6,32.11,682.15,68.42,220.03,0.7644,-1,-1,-1
104,8,512.59,216.84,75.64,209.99,0.5277,-1,-1,-1
104,7,952.86,201.65,60.90,184.82,0.4646,-1,-1,-1
104,18,387.53,822.77,101.50,257.22,0.8053,-1,-1,-1
104,21,1167.80,153.70,67.98,167.88,0.2354,-1,-1,-1
105,1,420.91,298.13,82.23,220.99,0.7368,-1,-1,-1
105,2,102.78,544.27,73.13,249.85,0.6827,-1,-1,-1
105,3,1151.03,940.46,69.83,137.78,0.7226,-1,-1,-1
105,4,1721.28,458.96,74.27,206.92,0.6145,-1,-1,-1
105,5,1357.13,574.24,84.74,224.09,0.4629,-1,-1,-1
105,6,34.66,680.91,67.97,221.27,0.7763,-1,-1,-1
105,8,514.13,220.25,74.21,206.38,0.5063,-1,-1,-1
105,7,950.83,201.24,60.67,186.54,0.4983,-1,-1,-1
105,18,386.82,821.02,102.00,258.97,0.8104,-1,-1,-1
105,21,1165.97,153.38,67.04,168.58,0.2129,-1,-1,-1
106,1,421.39,297.02,81.76,217.05,0.7389,-1,-1,-1
106,2,102.99,545.37,73.17,248.92,0.6616,-1,-1,-1
106,3,1149.84,939.69,68.88,138.82,0.7100,-1,-1,-1
106,4,1721.32,459.54,74.00,206.75,0.6216,-1,-1,-1
106,5,1357.17,574.39,83.10,220.63,0.4964,-1,-1,-1
106,6,35.84,679.67,69.95,222.18,0.7829,-1,-1,-1
106,8,514.28,220.14,73.74,205.92,0.4994,-1,-1,-1
106,7,949.10,201.44,60.00,186.35,0.5160,-1,-1,-1
106,18,385.78,819.04,102.41,260.96,0.8043,-1,-1,-1
106,21,1165.54,152.50,63.94,169.35,0.2385,-1,-1,-1
107,1,421.15,295.76,81.69,215.78,0.7490,-1,-1,-1
107,2,103.19,545.92,73.23,249.02,0.6638,-1,-1,-1
107,3,1147.83,938.35,69.87,140.29,0.7248,-1,-1,-1
107,4,1721.03,459.57,74.29,206.75,0.6311,-1,-1,-1
107,5,1356.93,574.35,84.42,222.87,0.4667,-1,-1,-1
107,6,36.33,678.77,74.46,222.25,0.7873,-1,-1,-1
107,8,514.40,222.98,72.73,202.96,0.5122,-1,-1,-1
107,7,948.73,203.73,58.88,186.53,0.5250,-1,-1,-1
107,18,385.49,817.57,101.54,262.39,0.8076,-1,-1,-1
107,21,1164.90,152.94,59.81,167.51,0.2943,-1,-1,-1
108,1,421.06,294.38,81.86,216.04,0.7384,-1,-1,-1
108,2,103.15,545.86,73.69,250.19,0.6420,-1,-1,-1
108,3,1145.87,937.73,70.50,140.58,0.7301,-1,-1,-1
108,4,1720.87,459.19,74.34,207.00,0.6401,-1,-1,-1
108,5,1356.88,574.90,85.12,222.08,0.4995,-1,-1,-1
108,6,37.18,676.94,78.97,224.11,0.8082,-1,-1,-1
108,8,515.40,223.84,69.24,202.32,0.4523,-1,-1,-1
108,7,946.44,205.09,59.92,188.63,0.5482,-1,-1,-1
108,18,385.57,815.94,100.81,263.97,0.8064,-1,-1,-1
108,21,1163.09,152.67,56.74,169.10,0.3975,-1,-1,-1
109,1,420.06,293.77,83.23,216.06,0.7415,-1,-1,-1
109,2,103.11,545.60,73.50,251.34,0.6549,-1,-1,-1
109,3,1143.87,936.95,70.92,141.93,0.7534,-1,-1,-1
109,4,1721.53,458.82,73.31,206.50,0.6154,-1,-1,-1
109,5,1356.65,575.43,83.64,218.22,0.5248,-1,-1,-1
109,6,38.21,675.97,79.06,225.08,0.8145,-1,-1,-1
109,8,515.87,225.17,67.74,201.14,0.4465,-1,-1,-1
109,7,945.31,204.96,59.36,188.39,0.6073,-1,-1,-1
109,18,385.55,811.91,100.04,268.04,0.8130,-1,-1,-1
109,21,1161.32,152.73,55.82,168.12,0.3705,-1,-1,-1
110,1,419.63,291.77,84.26,217.84,0.7469,-1,-1,-1
110,2,103.08,545.06,73.59,253.85,0.6556,-1,-1,-1
110,3,1141.16,936.55,72.00,142.87,0.7566,-1,-1,-1
110,4,1721.47,459.24,73.57,207.46,0.6224,-1,-1,-1
110,5,1356.68,576.04,84.17,218.17,0.5029,-1,-1,-1
110,6,39.09,673.77,85.81,225.97,0.7995,-1,-1,-1
110,8,514.82,227.12,65.16,198.89,0.4355,-1,-1,-1
110,7,944.49,205.83,58.01,187.25,0.6180,-1,-1,-1
110,18,385.99,806.81,98.74,273.13,0.8168,-1,-1,-1
110,21,1158.78,150.44,56.76,172.35,0.3679,-1,-1,-1
111,1,419.88,289.40,84.76,220.83,0.7341,-1,-1,-1
111,2,102.85,544.78,73.47,255.06,0.6585,-1,-1,-1
111,3,1138.70,935.86,72.78,143.93,0.7607,-1,-1,-1
111,4,1721.79,457.09,73.49,209.67,0.5938,-1,-1,-1
111,5,1356.78,575.95,82.46,214.51,0.5088,-1,-1,-1
111,6,40.92,671.68,89.41,226.16,0.7702,-1,-1,-1
111,8,516.01,227.76,70.71,199.08,0.5176,-1,-1,-1
111,7,942.75,206.81,58.78,187.11,0.6484,-1,-1,-1
111,18,387.15,802.29,97.67,277.66,0.8208,-1,-1,-1
111,21,1155.17,149.63,55.71,171.15,0.3388,-1,-1,-1
112,1,419.49,288.01,84.97,222.31,0.7350,-1,-1,-1
112,2,103.11,544.80,72.92,255.14,0.6415,-1,-1,-1
112,3,1137.80,934.82,72.48,145.15,0.7564,-1,-1,-1
112,4,1721.96,456.61,73.67,210.45,0.6130,-1,-1,-1
112,5,1357.19,575.38,81.54,212.48,0.5610,-1,-1,-1
112,6,43.24,670.35,90.27,226.06,0.7176,-1,-1,-1
112,8,517.23,230.49,72.75,198.23,0.5555,-1,-1,-1
112,7,940.91,208.95,59.20,185.75,0.6367,-1,-1,-1
112,18,388.19,799.78,96.47,277.50,0.8147,-1,-1,-1
112,21,1151.96,149.38,57.66,169.73,0.4276,-1,-1,-1
113,1,420.00,287.04,85.14,223.56,0.7438,-1,-1,-1
113,2,103.57,545.36,72.25,252.99,0.6697,-1,-1,-1
113,3,1135.40,934.27,73.38,145.77,0.7561,-1,-1,-1
113,4,1721.83,459.04,73.77,207.12,0.6324,-1,-1,-1
113,5,1356.86,575.42,82.94,215.31,0.5362,-1,-1,-1
113,6,45.51,669.85,84.00,225.38,0.6615,-1,-1,-1
113,8,518.00,232.91,73.24,198.13,0.5479,-1,-1,-1
113,7,940.04,210.01,58.34,185.37,0.6521,-1,-1,-1
113,18,388.37,797.45,95.94,274.42,0.8060,-1,-1,-1
113,21,1147.60,149.91,61.11,167.92,0.4302,-1,-1,-1
114,1,419.81,286.04,86.59,223.38,0.7350,-1,-1,-1
114,2,103.68,545.39,72.10,251.91,0.6597,-1,-1,-1
114,3,1133.31,933.41,73.32,146.60,0.7549,-1,-1,-1
114,4,1721.79,457.17,73.72,209.60,0.6200,-1,-1,-1
114,5,1356.92,575.34,82.29,215.23,0.5368,-1,-1,-1
114,6,47.92,668.07,82.97,225.96,0.6567,-1,-1,-1
114,8,519.30,234.90,74.03,200.16,0.5681,-1,-1,-1
114,7,937.56,209.89,58.49,185.55,0.6026,-1,-1,-1
114,18,388.90,794.26,95.72,272.51,0.8079,-1,-1,-1
114,21,1137.16,149.60,70.39,167.64,0.3076,-1,-1,-1
115,1,420.10,286.19,86.92,222.77,0.7586,-1,-1,-1
115,2,103.94,545.34,71.55,252.85,0.6313,-1,-1,-1
115,3,1129.84,933.46,74.96,146.55,0.7634,-1,-1,-1
115,4,1721.63,456.87,74.24,210.49,0.6522,-1,-1,-1
115,5,1356.99,575.05,82.66,214.33,0.5499,-1,-1,-1
115,6,52.20,666.07,82.19,226.94,0.6840,-1,-1,-1
115,8,521.08,236.39,74.73,201.03,0.6079,-1,-1,-1
115,7,936.89,210.56,57.48,184.33,0.6124,-1,-1,-1
115,18,389.21,790.92,97.17,271.08,0.8050,-1,-1,-1
115,21,1125.69,148.62,79.58,169.33,0.2878,-1,-1,-1
116,1,419.71,285.48,87.20,223.43,0.7553,-1,-1,-1
116,2,103.63,546.10,70.99,249.09,0.5929,-1,-1,-1
116,3,1127.07,933.79,75.16,146.19,0.7659,-1,-1,-1
116,4,1721.65,459.37,73.93,207.77,0.6299,-1,-1,-1
116,5,1356.62,574.98,83.52,216.92,0.5444,-1,-1,-1
116,6,57.67,664.70,78.34,222.88,0.6926,-1,-1,-1
116,8,520.69,236.10,74.70,202.47,0.5904,-1,-1,-1
116,7,935.12,211.14,58.13,182.92,0.5616,-1,-1,-1
116,18,390.25,788.21,98.16,272.46,0.8108,-1,-1,-1
116,21,1118.65,149.22,83.94,169.38,0.3424,-1,-1,-1
116,23,475.20,153.60,60.44,177.53,0.3672,-1,-1,-1
117,1,419.80,284.99,87.07,223.81,0.7547,-1,-1,-1
117,2,103.42,545.98,70.80,246.14,0.5554,-1,-1,-1
117,3,1124.53,933.89,75.77,145.68,0.7591,-1,-1,-1
117,4,1721.39,459.56,74.14,207.01,0.6434,-1,-1,-1
117,5,1356.21,575.66,84.48,220.13,0.5570,-1,-1,-1
117,6,65.23,664.30,75.07,218.36,0.7181,-1,-1,-1
117,8,520.66,236.48,74.39,203.29,0.5524,-1,-1,-1
117,7,934.15,211.14,56.81,181.17,0.5325,-1,-1,-1
117,18,390.29,786.54,99.41,272.65,0.8086,-1,-1,-1
117,21,1110.80,147.29,88.79,172.42,0.3495,-1,-1,-1
117,23,475.76,155.67,59.97,176.76,0.2545,-1,-1,-1
118,1,420.50,284.64,86.10,223.84,0.7447,-1,-1,-1
118,2,100.36,545.36,73.76,246.44,0.5338,-1,-1,-1
118,3,1121.50,933.87,77.22,145.83,0.7777,-1,-1,-1
118,4,1721.45,459.80,73.97,206.61,0.6525,-1,-1,-1
118,5,1356.45,575.96,83.93,216.06,0.5146,-1,-1,-1
118,6,70.87,665.47,72.00,213.31,0.6112,-1,-1,-1
118,8,520.37,235.97,74.54,206.18,0.5838,-1,-1,-1
118,7,930.87,211.43,58.43,182.75,0.5599,-1,-1,-1
118,18,390.29,784.81,100.87,275.29,0.7998,-1,-1,-1
118,21,1107.21,146.71,89.76,173.22,0.3868,-1,-1,-1
118,23,477.11,161.84,57.94,168.24,0.1742,-1,-1,-1
119,1,420.63,284.39,85.63,223.78,0.7467,-1,-1,-1
119,2,99.36,546.07,74.92,252.84,0.5137,-1,-1,-1
119,3,1118.30,933.98,78.07,145.97,0.7949,-1,-1,-1
119,4,1720.93,459.68,74.79,206.76,0.6543,-1,-1,-1
119,5,1356.73,575.84,83.55,217.29,0.4831,-1,-1,-1
119,6,76.07,667.88,71.96,209.60,0.5395,-1,-1,-1
119,8,520.34,237.16,73.27,207.07,0.6029,-1,-1,-1
119,7,930.28,210.97,56.80,184.96,0.5356,-1,-1,-1
119,18,391.75,783.54,100.62,275.20,0.8014,-1,-1,-1
119,21,1103.93,145.86,91.43,174.76,0.4330,-1,-1,-1
119,23,478.32,161.75,56.28,169.38,0.3114,-1,-1,-1
120,1,420.91,283.82,85.15,224.35,0.7471,-1,-1,-1
120,2,99.11,545.59,75.12,255.94,0.5080,-1,-1,-1
120,3,1114.76,933.52,78.71,146.47,0.7977,-1,-1,-1
120,4,1720.87,459.85,75.04,206.86,0.6282,-1,-1,-1
120,5,1356.51,576.97,83.28,213.60,0.4815,-1,-1,-1
120,6,81.03,666.53,69.76,207.78,0.5923,-1,-1,-1
120,8,520.97,239.87,71.84,203.96,0.5788,-1,-1,-1
120,7,929.08,211.20,56.73,186.10,0.5366,-1,-1,-1
120,18,392.46,782.26,100.65,275.35,0.8031,-1,-1,-1
120,21,1101.66,145.85,92.69,174.61,0.4383,-1,-1,-1
120,23,478.20,162.64,55.54,163.16,0.2520,-1,-1,-1
121,1,421.12,282.22,84.35,225.04,0.7513,-1,-1,-1
121,2,99.79,544.92,74.60,248.98,0.4922,-1,-1,-1
121,3,1110.99,932.86,79.73,147.16,0.7762,-1,-1,-1
121,4,1721.49,457.07,74.30,209.93,0.6359,-1,-1,-1
121,5,1356.50,576.30,82.88,213.07,0.5526,-1,-1,-1
121,6,82.05,664.45,71.68,210.11,0.6925,-1,-1,-1
121,8,521.81,242.33,68.85,200.83,0.5767,-1,-1,-1
121,7,927.06,211.39,57.31,186.71,0.4913,-1,-1,-1
121,18,392.82,780.19,100.98,276.64,0.8022,-1,-1,-1
121,21,1102.00,145.63,88.88,174.03,0.4007,-1,-1,-1
121,23,479.02,165.57,54.42,162.37,0.3192,-1,-1,-1
122,1,421.32,281.18,84.14,223.96,0.7522,-1,-1,-1
122,2,101.46,545.96,72.05,221.57,0.4588,-1,-1,-1
122,3,1107.05,932.37,80.45,147.63,0.7839,-1,-1,-1
122,4,1720.68,458.81,75.23,208.01,0.6483,-1,-1,-1
122,5,1356.62,576.16,83.76,215.64,0.4783,-1,-1,-1
122,6,84.29,661.74,74.83,212.55,0.6641,-1,-1,-1
122,8,521.41,242.71,67.07,199.92,0.5996,-1,-1,-1
122,7,925.94,211.39,56.27,187.03,0.4256,-1,-1,-1
122,18,392.66,779.20,101.74,277.11,0.7993,-1,-1,-1
122,21,1103.12,145.20,85.08,173.36,0.3586,-1,-1,-1
122,23,478.43,165.99,54.75,160.77,0.2967,-1,-1,-1
122,24,625.73,750.97,57.32,168.85,0.3510,-1,-1,-1
123,1,422.05,280.20,83.21,221.72,0.7333,-1,-1,-1
123,2,102.31,546.10,70.90,210.59,0.4802,-1,-1,-1
123,3,1104.52,931.60,79.96,148.09,0.7825,-1,-1,-1
123,4,1720.81,458.91,75.47,207.91,0.6473,-1,-1,-1
123,5,1356.54,576.39,83.94,213.52,0.5544,-1,-1,-1
123,6,85.39,659.38,76.25,213.98,0.6615,-1,-1,-1
123,8,521.68,244.37,66.38,197.48,0.5734,-1,-1,-1
123,7,925.27,210.26,56.02,188.50,0.4608,-1,-1,-1
123,18,392.46,777.91,102.07,277.26,0.7933,-1,-1,-1
123,21,1104.77,144.68,79.01,173.05,0.3436,-1,-1,-1
123,23,477.71,164.71,55.37,163.24,0.2988,-1,-1,-1
123,24,625.53,751.98,57.09,167.73,0.3279,-1,-1,-1
124,1,422.31,279.07,82.66,218.74,0.7286,-1,-1,-1
124,2,102.18,545.31,71.01,212.25,0.3545,-1,-1,-1
124,3,1101.31,930.24,79.84,149.23,0.7834,-1,-1,-1
124,4,1720.73,459.38,75.42,207.11,0.6146,-1,-1,-1
124,5,1356.72,576.34,83.67,214.23,0.5153,-1,-1,-1
124,6,90.84,657.12,72.71,216.15,0.5099,-1,-1,-1
124,8,522.48,244.98,68.15,197.51,0.5242,-1,-1,-1
124,7,923.05,210.12,56.68,188.66,0.4639,-1,-1,-1
124,18,393.16,777.33,102.62,275.12,0.7934,-1,-1,-1
124,21,1104.27,143.50,74.48,172.41,0.3047,-1,-1,-1
124,23,477.72,165.71,55.17,163.99,0.2213,-1,-1,-1
124,24,625.51,752.64,57.43,167.07,0.2633,-1,-1,-1
125,1,422.76,278.29,81.92,214.95,0.7080,-1,-1,-1
125,2,102.38,545.21,70.67,209.92,0.3385,-1,-1,-1
125,3,1097.70,929.69,80.21,150.00,0.7886,-1,-1,-1
125,4,1720.82,458.46,74.97,208.27,0.6334,-1,-1,-1
125,5,1356.96,575.99,83.25,214.71,0.4871,-1,-1,-1
125,6,96.28,654.01,67.38,219.36,0.4101,-1,-1,-1
125,8,522.85,247.10,67.46,192.66,0.5249,-1,-1,-1
125,7,921.19,210.44,56.28,188.83,0.4720,-1,-1,-1
125,18,393.36,775.13,102.19,276.10,0.7896,-1,-1,-1
125,21,1104.67,141.93,70.50,173.36,0.3247,-1,-1,-1
125,24,625.68,752.58,57.32,167.51,0.2416,-1,-1,-1
126,1,422.09,277.37,82.19,213.82,0.7059,-1,-1,-1
126,2,102.46,544.03,70.24,177.47,0.3046,-1,-1,-1
126,3,1094.12,929.13,80.83,150.50,0.8041,-1,-1,-1
126,4,1720.55,458.52,74.99,208.69,0.6344,-1,-1,-1
126,5,1357.39,575.98,82.44,213.18,0.5261,-1,-1,-1
126,6,99.51,653.48,65.51,218.99,0.2816,-1,-1,-1
126,8,523.15,248.55,67.58,192.00,0.5493,-1,-1,-1
126,7,919.80,210.92,54.37,189.15,0.4833,-1,-1,-1
126,18,393.44,771.10,100.07,278.35,0.8006,-1,-1,-1
126,21,1104.20,140.94,64.84,172.70,0.3631,-1,-1,-1
126,24,626.00,751.84,57.01,167.46,0.2783,-1,-1,-1
127,1,422.59,276.86,81.01,213.36,0.6877,-1,-1,-1
127,2,102.73,543.81,70.33,160.07,0.2614,-1,-1,-1
127,3,1090.80,928.96,82.11,150.97,0.8076,-1,-1,-1
127,4,1720.84,458.92,74.87,207.88,0.6579,-1,-1,-1
127,5,1357.54,576.50,82.56,213.46,0.5205,-1,-1,-1
127,6,103.11,581.07,70.26,286.45,0.3022,-1,-1,-1
127,8,523.81,251.35,67.14,189.37,0.5624,-1,-1,-1
127,7,918.50,210.97,53.70,189.23,0.4227,-1,-1,-1
127,18,394.06,766.72,97.50,277.39,0.7938,-1,-1,-1
127,21,1104.48,140.78,58.97,172.81,0.3616,-1,-1,-1
127,24,625.26,751.99,58.01,167.10,0.2346,-1,-1,-1
128,1,422.56,276.32,80.27,212.97,0.6688,-1,-1,-1
128,2,102.68,543.64,70.45,154.32,0.3951,-1,-1,-1
128,3,1087.77,928.19,81.74,151.53,0.7924,-1,-1,-1
128,4,1720.86,459.14,75.22,207.27,0.6283,-1,-1,-1
128,5,1357.31,576.65,82.86,214.47,0.5058,-1,-1,-1
128,6,108.14,626.11,68.62,245.24,0.2234,-1,-1,-1
128,8,524.61,253.95,65.94,188.44,0.5359,-1,-1,-1
128,7,915.24,212.01,54.65,189.61,0.4351,-1,-1,-1
128,18,393.76,762.07,97.65,276.74,0.7919,-1,-1,-1
128,21,1101.28,140.53,58.61,172.51,0.3969,-1,-1,-1
128,24,625.21,751.40,57.20,166.94,0.2330,-1,-1,-1
129,1,420.25,275.63,80.72,215.24,0.6903,-1,-1,-1
129,2,102.63,541.54,71.68,219.10,0.3547,-1,-1,-1
129,3,1085.50,927.66,81.32,151.87,0.7887,-1,-1,-1
129,4,1720.81,458.60,75.05,206.69,0.6353,-1,-1,-1
129,5,1362.44,576.06,79.68,219.09,0.4778,-1,-1,-1
129,8,525.35,255.27,64.55,190.75,0.5923,-1,-1,-1
129,7,912.24,212.92,55.84,188.10,0.4726,-1,-1,-1
129,18,395.18,757.36,95.73,272.91,0.7937,-1,-1,-1
129,21,1097.71,138.82,59.03,171.96,0.2991,-1,-1,-1
129,24,625.43,752.06,56.65,166.91,0.2954,-1,-1,-1
130,1,419.28,274.19,80.94,217.36,0.7043,-1,-1,-1
130,2,102.76,542.84,71.62,236.06,0.5560,-1,-1,-1
130,3,1082.22,926.95,81.89,152.30,0.7803,-1,-1,-1
130,4,1721.21,458.44,74.66,207.45,0.6130,-1,-1,-1
130,5,1360.20,575.69,81.93,218.27,0.4894,-1,-1,-1
130,8,526.86,257.33,62.22,192.23,0.5552,-1,-1,-1
130,7,906.35,214.06,60.70,187.06,0.4833,-1,-1,-1
130,18,396.57,754.39,93.90,267.37,0.7505,-1,-1,-1
130,21,1094.73,138.21,59.17,173.83,0.2549,-1,-1,-1
130,24,625.04,752.07,57.03,166.14,0.3092,-1,-1,-1
131,1,419.95,273.03,80.06,218.48,0.6629,-1,-1,-1
131,2,102.98,543.08,71.62,243.20,0.6458,-1,-1,-1
131,3,1080.34,926.72,81.05,151.73,0.7588,-1,-1,-1
131,4,1721.27,458.87,74.37,207.15,0.6179,-1,-1,-1
131,5,1360.58,576.43,81.50,215.66,0.5045,-1,-1,-1
131,8,527.91,257.81,61.11,197.54,0.5053,-1,-1,-1
131,7,901.99,214.28,63.29,186.62,0.4991,-1,-1,-1
131,18,396.36,752.10,93.23,264.42,0.7424,-1,-1,-1
131,21,1091.19,137.89,59.33,174.12,0.2682,-1,-1,-1
131,24,625.24,753.61,56.85,164.46,0.2830,-1,-1,-1
132,1,419.46,272.76,80.64,219.08,0.6496,-1,-1,-1
132,2,102.76,543.87,72.88,247.02,0.5846,-1,-1,-1
132,3,1079.07,927.11,80.93,151.19,0.7711,-1,-1,-1
132,4,1721.31,459.17,74.28,207.02,0.6175,-1,-1,-1
132,5,1359.84,576.27,81.55,215.32,0.5143,-1,-1,-1
132,8,529.30,254.68,61.82,203.06,0.5008,-1,-1,-1
132,7,899.91,213.51,66.05,187.44,0.4839,-1,-1,-1
132,18,394.60,749.81,93.77,265.15,0.7531,-1,-1,-1
132,21,1089.68,138.99,58.03,171.04,0.3919,-1,-1,-1
132,24,624.58,752.89,58.30,166.08,0.2321,-1,-1,-1
133,1,418.81,271.96,81.11,219.59,0.6425,-1,-1,-1
133,2,102.49,544.37,74.02,248.05,0.5383,-1,-1,-1
133,3,1077.58,927.29,80.89,151.10,0.7792,-1,-1,-1
133,4,1720.99,458.86,74.54,206.73,0.6037,-1,-1,-1
133,5,1358.45,576.59,83.05,214.39,0.4921,-1,-1,-1
133,8,530.64,253.76,60.64,206.12,0.5160,-1,-1,-1
133,7,899.16,211.56,67.33,190.54,0.4768,-1,-1,-1
133,18,391.58,748.36,96.57,265.18,0.7543,-1,-1,-1
133,21,1084.12,139.52,58.83,170.01,0.3844,-1,-1,-1
133,24,624.17,752.74,58.69,167.36,0.2526,-1,-1,-1
134,1,418.30,272.35,81.25,218.92,0.6426,-1,-1,-1
134,2,102.35,544.91,75.49,240.74,0.5149,-1,-1,-1
134,3,1075.85,927.05,79.54,150.93,0.7847,-1,-1,-1
134,4,1721.07,459.39,74.23,206.86,0.5941,-1,-1,-1
134,5,1358.53,575.96,83.47,216.15,0.4818,-1,-1,-1
134,8,531.53,255.14,58.11,204.47,0.5155,-1,-1,-1
134,7,898.27,211.78,67.03,190.35,0.4620,-1,-1,-1
134,18,389.68,747.31,98.08,265.53,0.7699,-1,-1,-1
134,21,1076.48,139.32,65.01,171.19,0.4339,-1,-1,-1
134,24,624.26,753.05,58.62,167.38,0.2432,-1,-1,-1
135,1,416.51,271.34,82.81,219.22,0.6425,-1,-1,-1
135,2,101.70,543.42,77.17,242.85,0.6188,-1,-1,-1
135,3,1074.42,926.49,79.25,151.55,0.7817,-1,-1,-1
135,4,1720.49,458.73,74.87,207.46,0.5994,-1,-1,-1
135,5,1358.24,575.91,84.13,216.96,0.5090,-1,-1,-1
135,8,530.98,258.08,57.70,203.59,0.5559,-1,-1,-1
135,7,897.93,211.14,66.77,191.28,0.4352,-1,-1,-1
135,18,389.09,745.45,98.29,267.46,0.7791,-1,-1,-1
135,21,1063.06,139.94,76.42,172.13,0.4573,-1,-1,-1
135,24,624.68,753.32,58.01,166.62,0.2436,-1,-1,-1
135,25,575.79,246.85,54.19,184.73,0.4344,-1,-1,-1
136,1,416.90,270.75,81.92,218.75,0.6728,-1,-1,-1
136,2,101.69,543.79,76.04,241.40,0.6228,-1,-1,-1
136,3,1072.95,926.62,77.68,150.98,0.7891,-1,-1,-1
136,4,1720.94,458.76,74.56,207.97,0.6123,-1,-1,-1
136,5,1360.75,576.63,83.55,219.77,0.4841,-1,-1,-1
136,8,530.58,258.87,57.15,203.11,0.5584,-1,-1,-1
136,7,897.14,211.86,64.63,189.95,0.4134,-1,-1,-1
136,18,386.43,744.59,100.87,267.99,0.7918,-1,-1,-1
136,21,1050.59,140.33,86.38,171.14,0.5639,-1,-1,-1
136,24,624.32,753.62,58.36,167.37,0.1621,-1,-1,-1
136,25,576.09,249.34,53.28,185.43,0.5031,-1,-1,-1
137,1,416.14,269.24,82.26,219.08,0.6638,-1,-1,-1
137,2,101.42,544.65,72.93,239.28,0.5725,-1,-1,-1
137,3,1071.27,926.99,77.25,150.27,0.7951,-1,-1,-1
137,4,1721.09,457.78,74.76,208.70,0.6083,-1,-1,-1
137,5,1364.22,577.36,80.43,219.24,0.4575,-1,-1,-1
137,8,531.61,256.98,56.12,204.72,0.5877,-1,-1,-1
137,7,896.08,211.23,62.53,191.13,0.4159,-1,-1,-1
137,18,384.65,744.10,102.17,268.20,0.7900,-1,-1,-1
137,21,1044.09,139.26,90.63,171.42,0.5822,-1,-1,-1
137,24,624.61,754.29,58.56,166.41,0.1967,-1,-1,-1
137,25,574.99,250.62,54.67,185.52,0.4583,-1,-1,-1
137,6,132.87,636.28,74.54,211.82,0.4478,-1,-1,-1
138,1,416.00,267.89,82.03,219.37,0.6926,-1,-1,-1
138,2,101.63,545.11,69.10,238.41,0.5980,-1,-1,-1
138,3,1069.82,927.35,76.62,149.89,0.7899,-1,-1,-1
138,4,1721.08,457.70,74.88,209.04,0.6056,-1,-1,-1
138,5,1364.95,577.19,79.91,221.32,0.4477,-1,-1,-1
138,8,532.49,256.45,54.74,203.61,0.5918,-1,-1,-1
138,7,894.72,211.92,56.70,183.13,0.4600,-1,-1,-1
138,18,383.37,743.91,103.00,267.89,0.7893,-1,-1,-1
138,21,1039.48,140.04,93.84,170.40,0.6013,-1,-1,-1
138,24,624.38,753.56,58.56,168.28,0.1864,-1,-1,-1
138,25,574.61,251.17,55.41,184.85,0.4442,-1,-1,-1
138,6,134.95,637.61,80.00,208.94,0.4319,-1,-1,-1
139,1,415.68,266.29,81.52,220.46,0.6404,-1,-1,-1
139,2,101.66,545.28,67.60,239.14,0.6169,-1,-1,-1
139,3,1068.44,927.27,75.99,149.44,0.7878,-1,-1,-1
139,4,1720.81,457.69,75.21,209.17,0.6238,-1,-1,-1
139,5,1362.99,576.57,82.71,223.48,0.4685,-1,-1,-1
139,8,532.60,258.39,54.52,201.44,0.5742,-1,-1,-1
139,7,893.09,210.57,58.85,188.33,0.5242,-1,-1,-1
139,18,382.69,743.68,102.89,267.26,0.7959,-1,-1,-1
139,21,1038.46,140.35,93.62,170.78,0.5913,-1,-1,-1
139,24,623.93,752.94,59.34,168.34,0.2277,-1,-1,-1
139,25,574.25,251.17,56.10,184.08,0.4393,-1,-1,-1
139,6,138.98,636.56,85.92,207.32,0.4481,-1,-1,-1
140,1,416.82,266.87,80.03,218.11,0.6142,-1,-1,-1
140,2,101.98,545.29,66.05,240.04,0.6185,-1,-1,-1
140,3,1066.75,926.58,76.11,149.62,0.7920,-1,-1,-1
140,4,1720.80,458.11,75.20,208.87,0.6355,-1,-1,-1
140,5,1360.19,576.88,83.70,216.77,0.5494,-1,-1,-1
140,8,532.30,258.40,55.40,202.48,0.6025,-1,-1,-1
140,7,889.98,210.26,54.69,184.25,0.4709,-1,-1,-1
140,18,383.28,741.73,102.30,267.25,0.7962,-1,-1,-1
140,21,1037.65,140.61,92.97,171.03,0.5768,-1,-1,-1
140,24,624.34,752.19,58.81,167.96,0.2761,-1,-1,-1
140,25,576.94,251.94,54.66,181.15,0.4520,-1,-1,-1
140,6,143.14,634.57,88.65,205.89,0.4225,-1,-1,-1
141,1,416.66,265.39,79.80,217.27,0.6325,-1,-1,-1
141,2,102.38,545.69,65.94,241.09,0.6448,-1,-1,-1
141,3,1064.86,925.41,75.88,150.98,0.7871,-1,-1,-1
141,4,1720.98,458.21,75.08,208.26,0.6218,-1,-1,-1
141,5,1358.44,575.97,85.48,216.70,0.4982,-1,-1,-1
141,8,532.09,258.30,55.55,202.17,0.6031,-1,-1,-1
141,7,886.75,209.73,54.72,186.47,0.5439,-1,-1,-1
141,18,384.09,739.63,100.86,267.30,0.7964,-1,-1,-1
141,21,1038.97,140.40,89.09,170.46,0.5574,-1,-1,-1
141,24,624.62,752.21,58.05,167.99,0.2593,-1,-1,-1
141,25,579.07,250.21,52.51,183.23,0.4782,-1,-1,-1
141,6,145.49,630.70,89.22,206.56,0.5917,-1,-1,-1
142,1,416.84,264.33,78.86,216.77,0.6331,-1,-1,-1
142,2,103.18,545.90,66.13,242.20,0.6583,-1,-1,-1
142,3,1064.27,924.81,73.84,152.28,0.7776,-1,-1,-1
142,4,1721.29,458.85,74.98,207.37,0.6238,-1,-1,-1
142,5,1357.55,575.87,86.63,217.65,0.4812,-1,-1,-1
142,8,531.96,257.65,55.63,202.92,0.5990,-1,-1,-1
142,7,883.57,208.77,54.49,187.03,0.5165,-1,-1,-1
142,18,385.97,737.44,98.06,267.94,0.7915,-1,-1,-1
142,21,1038.19,140.50,87.89,169.43,0.5954,-1,-1,-1
142,24,624.19,752.08,58.64,168.41,0.3332,-1,-1,-1
142,25,580.62,250.16,52.32,182.60,0.4967,-1,-1,-1
142,6,148.75,629.26,86.14,204.69,0.5439,-1,-1,-1
143,1,415.57,260.40,78.73,220.16,0.6333,-1,-1,-1
143,2,103.62,545.57,66.60,242.08,0.6749,-1,-1,-1
143,3,1063.13,923.78,72.59,152.94,0.7625,-1,-1,-1
143,4,1721.30,459.05,74.92,207.07,0.6336,-1,-1,-1
143,5,1357.66,575.79,86.35,217.75,0.4816,-1,-1,-1
143,8,531.30,257.64,55.91,203.02,0.5949,-1,-1,-1
143,7,881.43,207.28,53.76,188.50,0.4780,-1,-1,-1
143,18,387.65,734.77,95.76,266.33,0.8026,-1,-1,-1
143,21,1039.39,138.60,84.38,171.01,0.5705,-1,-1,-1
143,24,624.61,752.39,58.80,168.48,0.2842,-1,-1,-1
143,25,581.38,248.27,53.14,185.75,0.4526,-1,-1,-1
143,6,150.07,629.13,86.54,206.55,0.6521,-1,-1,-1
144,1,414.89,259.31,79.55,218.33,0.6323,-1,-1,-1
144,2,103.57,545.65,67.48,241.88,0.6867,-1,-1,-1
144,3,1061.98,923.12,70.97,153.48,0.7572,-1,-1,-1
144,4,1721.52,459.55,74.68,207.00,0.6217,-1,-1,-1
144,5,1358.11,575.89,85.98,217.33,0.4984,-1,-1,-1
144,8,530.80,259.15,56.96,202.89,0.6048,-1,-1,-1
144,7,878.16,206.83,55.98,188.66,0.4744,-1,-1,-1
144,18,388.91,731.55,94.06,263.21,0.7948,-1,-1,-1
144,21,1039.69,137.13,80.81,171.64,0.4553,-1,-1,-1
144,24,624.60,753.21,58.89,168.64,0.2192,-1,-1,-1
144,25,582.08,251.23,54.91,183.92,0.4933,-1,-1,-1
144,6,153.28,629.89,83.63,206.47,0.6816,-1,-1,-1
145,1,415.90,259.26,78.26,213.16,0.6206,-1,-1,-1
145,2,103.79,545.73,68.48,242.95,0.7089,-1,-1,-1
145,3,1060.72,922.78,68.73,153.83,0.7582,-1,-1,-1
145,4,1721.58,459.40,74.35,206.70,0.6104,-1,-1,-1
145,5,1358.04,575.99,85.17,215.02,0.5394,-1,-1,-1
145,8,530.02,259.39,56.75,202.73,0.5956,-1,-1,-1
145,7,873.47,207.05,59.80,186.78,0.5442,-1,-1,-1
145,18,391.57,729.54,91.69,258.22,0.7984,-1,-1,-1
145,21,1039.86,136.48,73.24,171.79,0.4227,-1,-1,-1
145,24,624.42,754.07,58.55,167.78,0.2222,-1,-1,-1
145,25,583.07,252.19,55.04,183.96,0.5294,-1,-1,-1
145,6,157.19,627.98,79.12,209.93,0.7004,-1,-1,-1
146,1,414.99,254.56,77.21,216.98,0.6400,-1,-1,-1
146,2,103.76,545.87,69.20,243.07,0.7159,-1,-1,-1
146,3,1058.74,921.87,66.89,155.99,0.7412,-1,-1,-1
146,4,1721.80,459.52,74.22,207.28,0.6142,-1,-1,-1
146,5,1357.77,575.51,85.29,217.24,0.5129,-1,-1,-1
146,8,530.23,259.37,57.25,204.28,0.5936,-1,-1,-1
146,7,871.96,206.49,59.85,185.85,0.4905,-1,-1,-1
146,18,393.03,726.67,91.00,253.41,0.7770,-1,-1,-1
146,21,1040.05,136.26,66.58,171.31,0.4847,-1,-1,-1
146,24,624.00,754.15,59.03,168.13,0.2748,-1,-1,-1
146,25,584.57,253.65,53.85,186.10,0.5112,-1,-1,-1
146,6,159.33,625.24,77.28,212.71,0.7111,-1,-1,-1
147,1,414.47,253.13,77.39,218.53,0.6466,-1,-1,-1
147,2,103.91,546.14,69.49,242.10,0.7135,-1,-1,-1
147,3,1057.08,921.21,63.99,157.24,0.7264,-1,-1,-1
147,4,1721.62,459.06,74.68,207.31,0.6276,-1,-1,-1
147,5,1358.16,574.74,84.84,217.47,0.5413,-1,-1,-1
147,8,530.25,260.04,56.86,205.86,0.6100,-1,-1,-1
147,7,869.49,205.84,61.40,185.35,0.4782,-1,-1,-1
147,18,394.02,720.66,91.00,254.88,0.7798,-1,-1,-1
147,21,1039.64,135.42,62.20,171.20,0.4765,-1,-1,-1
147,24,624.27,753.55,58.81,167.55,0.2703,-1,-1,-1
147,25,584.96,254.66,54.21,187.84,0.5384,-1,-1,-1
147,6,161.14,621.40,75.97,214.99,0.6895,-1,-1,-1
148,1,414.00,252.44,77.91,219.03,0.6340,-1,-1,-1
148,2,103.80,545.72,70.19,242.26,0.7138,-1,-1,-1
148,3,1055.24,919.86,62.75,157.48,0.7275,-1,-1,-1
148,4,1721.53,458.58,74.82,208.32,0.6465,-1,-1,-1
148,5,1357.89,575.15,84.11,216.55,0.5590,-1,-1,-1
148,8,530.29,261.22,58.44,206.75,0.5945,-1,-1,-1
148,7,866.86,204.81,62.89,190.55,0.4450,-1,-1,-1
148,18,394.55,717.38,91.71,254.95,0.7779,-1,-1,-1
148,21,1038.27,134.87,57.45,171.28,0.4427,-1,-1,-1
148,24,624.44,753.31,58.01,166.84,0.2796,-1,-1,-1
148,25,585.67,255.45,54.24,188.71,0.4955,-1,-1,-1
148,6,163.87,617.75,75.58,215.13,0.7077,-1,-1,-1
149,1,415.42,255.27,77.22,215.08,0.6252,-1,-1,-1
149,2,103.88,545.73,70.30,241.94,0.7153,-1,-1,-1
149,3,1054.03,918.49,62.16,158.71,0.7265,-1,-1,-1
149,4,1721.24,458.84,74.52,207.73,0.6214,-1,-1,-1
149,5,1357.87,575.29,84.53,215.67,0.5452,-1,-1,-1
149,8,530.86,262.82,59.01,206.37,0.6301,-1,-1,-1
149,7,865.39,204.40,62.39,192.23,0.4437,-1,-1,-1
149,18,395.81,713.23,92.65,258.34,0.7880,-1,-1,-1
149,21,1036.88,135.29,54.24,169.62,0.3613,-1,-1,-1
149,24,624.30,752.08,58.73,167.05,0.3258,-1,-1,-1
149,25,586.37,256.17,54.65,189.75,0.4508,-1,-1,-1
149,6,167.84,615.18,73.37,214.70,0.6959,-1,-1,-1
150,1,416.08,256.02,76.94,213.76,0.6199,-1,-1,-1
150,2,103.64,545.65,70.64,242.90,0.7131,-1,-1,-1
150,3,1052.26,916.79,61.27,160.98,0.7371,-1,-1,-1
150,4,1721.22,458.62,74.60,208.08,0.6385,-1,-1,-1
150,5,1357.18,574.98,85.32,216.83,0.5399,-1,-1,-1
150,8,531.22,264.76,58.08,207.39,0.6155,-1,-1,-1
150,7,864.92,205.10,63.02,192.62,0.4054,-1,-1,-1
150,18,395.21,710.64,95.46,261.49,0.7856,-1,-1,-1
150,21,1033.93,134.48,55.10,171.55,0.4902,-1,-1,-1
150,24,625.19,751.80,57.41,166.95,0.3237,-1,-1,-1
150,25,586.99,256.89,55.17,190.58,0.4351,-1,-1,-1
150,6,174.26,613.74,67.70,213.77,0.6570,-1,-1,-1
151,1,416.72,255.61,75.77,214.18,0.6163,-1,-1,-1
151,2,103.37,546.36,71.18,243.49,0.7218,-1,-1,-1
151,3,1051.10,914.28,60.70,163.31,0.7372,-1,-1,-1
151,4,1721.82,458.45,73.52,207.67,0.6249,-1,-1,-1
151,5,1363.71,574.27,79.16,222.22,0.4860,-1,-1,-1
151,8,531.32,265.95,56.85,208.97,0.6114,-1,-1,-1
151,7,863.89,205.05,62.95,191.56,0.4593,-1,-1,-1
151,18,396.00,709.56,95.70,262.71,0.7813,-1,-1,-1
151,21,1030.67,132.75,55.90,173.08,0.4878,-1,-1,-1
151,24,625.28,751.32,57.22,167.10,0.3582,-1,-1,-1
151,25,587.83,259.27,55.15,190.80,0.4181,-1,-1,-1
151,6,179.92,611.81,68.15,214.63,0.6709,-1,-1,-1
152,1,417.20,255.05,75.41,214.91,0.6068,-1,-1,-1
152,2,102.86,546.84,72.11,243.21,0.7178,-1,-1,-1
152,3,1049.55,913.43,60.16,164.49,0.7422,-1,-1,-1
152,4,1721.86,458.17,73.61,208.28,0.6151,-1,-1,-1
152,5,1361.49,576.02,80.69,216.22,0.5301,-1,-1,-1
152,8,531.80,270.51,54.98,206.60,0.5928,-1,-1,-1
152,7,863.00,205.55,62.87,190.66,0.5193,-1,-1,-1
152,18,396.57,707.80,97.11,264.15,0.7670,-1,-1,-1
152,21,1025.98,130.74,58.20,172.64,0.4078,-1,-1,-1
152,24,624.88,751.61,56.77,166.59,0.4328,-1,-1,-1
152,25,588.56,260.62,55.44,191.22,0.4118,-1,-1,-1
152,6,182.92,610.31,67.36,215.82,0.6903,-1,-1,-1
153,1,417.38,254.25,74.62,215.43,0.5833,-1,-1,-1
153,2,103.35,547.67,71.62,244.84,0.7266,-1,-1,-1
153,3,1047.75,912.30,60.02,166.32,0.7306,-1,-1,-1
153,4,1721.67,457.66,73.81,208.84,0.6101,-1,-1,-1
153,5,1360.82,575.61,80.61,215.84,0.5162,-1,-1,-1
153,8,531.79,274.27,54.64,203.25,0.5869,-1,-1,-1
153,7,861.73,204.93,63.46,191.37,0.4964,-1,-1,-1
153,18,396.66,707.89,98.75,264.22,0.7590,-1,-1,-1
153,21,1023.04,131.48,59.19,171.33,0.4117,-1,-1,-1
153,24,625.59,751.31,55.24,166.77,0.4104,-1,-1,-1
153,25,590.94,266.09,53.82,185.23,0.3229,-1,-1,-1
153,6,185.31,610.04,68.51,215.44,0.7365,-1,-1,-1
154,1,415.83,253.23,75.19,216.41,0.6004,-1,-1,-1
154,2,103.74,547.39,71.40,245.92,0.7202,-1,-1,-1
154,3,1046.63,911.62,59.30,167.52,0.7146,-1,-1,-1
154,4,1721.64,459.19,73.66,207.07,0.5873,-1,-1,-1
154,5,1360.24,576.28,81.35,215.55,0.5211,-1,-1,-1
154,8,532.45,276.77,54.39,200.97,0.5636,-1,-1,-1
154,7,860.06,205.14,64.19,191.38,0.5087,-1,-1,-1
154,18,396.91,708.03,100.10,263.59,0.7635,-1,-1,-1
154,21,1017.78,131.48,61.56,171.70,0.3514,-1,-1,-1
154,24,625.09,751.74,56.95,167.27,0.3311,-1,-1,-1
154,25,592.41,269.91,54.87,183.70,0.2585,-1,-1,-1
154,6,188.06,610.21,68.53,214.20,0.7532,-1,-1,-1
155,1,415.83,251.88,74.54,217.92,0.6034,-1,-1,-1
155,2,103.15,546.25,71.58,247.44,0.6969,-1,-1,-1
155,3,1044.95,911.04,59.27,168.02,0.7280,-1,-1,-1
155,4,1722.35,459.17,72.98,206.83,0.5964,-1,-1,-1
155,5,1359.70,576.34,82.15,213.76,0.5691,-1,-1,-1
155,8,532.60,278.70,55.22,198.75,0.5145,-1,-1,-1
155,7,857.60,205.12,65.69,189.91,0.5122,-1,-1,-1
155,18,397.64,706.00,101.48,265.32,0.7632,-1,-1,-1
155,21,1004.91,132.30,71.33,172.49,0.3943,-1,-1,-1
155,24,625.60,751.51,55.96,166.75,0.3383,-1,-1,-1
155,25,593.59,271.29,54.60,183.81,0.2249,-1,-1,-1
155,6,192.30,610.26,67.34,213.42,0.7611,-1,-1,-1
156,1,416.44,251.42,74.57,215.60,0.6183,-1,-1,-1
156,2,102.70,545.71,71.97,247.61,0.6977,-1,-1,-1
156,3,1043.07,910.45,59.70,169.30,0.7076,-1,-1,-1
156,4,1722.38,459.54,73.05,206.03,0.5857,-1,-1,-1
156,5,1358.17,578.12,82.39,212.27,0.5203,-1,-1,-1
156,8,532.59,276.19,56.31,200.51,0.4663,-1,-1,-1
156,7,855.75,204.42,66.91,188.42,0.5455,-1,-1,-1
156,18,398.31,703.05,101.14,266.53,0.7609,-1,-1,-1
156,21,995.41,133.25,77.42,171.88,0.4380,-1,-1,-1
156,24,625.57,750.12,56.91,168.97,0.2771,-1,-1,-1
156,25,595.06,271.12,54.52,184.09,0.1835,-1,-1,-1
156,6,195.09,609.01,67.19,213.74,0.7526,-1,-1,-1
157,1,416.53,251.46,74.28,213.74,0.6182,-1,-1,-1
157,2,102.69,545.74,72.19,247.45,0.6961,-1,-1,-1
157,3,1041.71,909.93,59.48,169.71,0.7014,-1,-1,-1
157,4,1722.66,459.96,72.70,205.65,0.5927,-1,-1,-1
157,5,1357.25,578.64,82.98,210.95,0.5214,-1,-1,-1
157,8,532.54,275.08,56.88,199.53,0.4365,-1,-1,-1
157,7,855.21,203.42,66.99,185.77,0.5668,-1,-1,-1
157,18,399.29,703.69,100.56,264.99,0.7721,-1,-1,-1
157,21,988.82,133.61,81.27,171.64,0.4662,-1,-1,-1
157,24,625.17,748.39,56.95,170.49,0.3374,-1,-1,-1
157,25,595.57,269.19,55.35,187.15,0.1888,-1,-1,-1
157,6,197.69,608.21,66.56,214.32,0.7419,-1,-1,-1
158,1,416.86,249.76,75.50,214.93,0.6447,-1,-1,-1
158,2,102.53,546.14,72.26,246.82,0.6987,-1,-1,-1
158,3,1039.44,909.54,61.30,170.42,0.7161,-1,-1,-1
158,4,1722.30,459.97,73.31,206.27,0.6109,-1,-1,-1
158,5,1357.01,577.82,83.22,210.65,0.5368,-1,-1,-1
158,8,530.90,273.33,59.52,200.05,0.4537,-1,-1,-1
158,7,853.28,201.84,68.20,184.76,0.5554,-1,-1,-1
158,18,399.22,703.75,99.23,262.81,0.7849,-1,-1,-1
158,21,986.54,132.79,82.05,172.10,0.3917,-1,-1,-1
158,24,625.46,749.18,56.90,170.42,0.2828,-1,-1,-1
158,25,595.99,270.07,55.19,185.79,0.2020,-1,-1,-1
158,6,199.07,606.98,65.70,213.25,0.7154,-1,-1,-1
159,1,417.61,249.77,75.66,212.89,0.6107,-1,-1,-1
159,2,102.57,546.30,72.16,246.82,0.6949,-1,-1,-1
159,3,1037.66,908.76,61.46,170.81,0.6986,-1,-1,-1
159,4,1722.33,461.19,73.42,205.06,0.6005,-1,-1,-1
159,5,1356.60,578.36,84.24,211.96,0.5148,-1,-1,-1
159,8,528.35,278.48,62.59,195.79,0.4322,-1,-1,-1
159,7,851.29,200.64,69.55,187.88,0.5480,-1,-1,-1
159,18,401.56,702.93,93.91,260.97,0.7613,-1,-1,-1
159,21,983.84,133.06,82.92,171.56,0.4135,-1,-1,-1
159,24,626.07,749.85,55.03,167.68,0.2666,-1,-1,-1
159,25,596.68,271.39,58.40,183.66,0.2188,-1,-1,-1
159,6,200.42,604.87,65.55,212.84,0.6951,-1,-1,-1
160,1,418.32,248.17,74.80,213.81,0.6446,-1,-1,-1
160,2,102.48,546.77,71.96,246.58,0.6988,-1,-1,-1
160,3,1036.79,908.67,60.96,171.30,0.6801,-1,-1,-1
160,4,1721.72,461.39,73.63,204.78,0.5713,-1,-1,-1
160,5,1356.90,579.18,85.65,216.09,0.4779,-1,-1,-1
160,8,526.96,284.19,64.41,191.38,0.4712,-1,-1,-1
160,7,850.77,199.16,69.37,191.04,0.5134,-1,-1,-1
160,18,401.95,698.91,92.63,258.05,0.7657,-1,-1,-1
160,21,980.76,132.69,84.10,170.42,0.4726,-1,-1,-1
160,24,626.39,749.85,54.47,166.86,0.2941,-1,-1,-1
160,25,596.65,272.16,60.35,182.07,0.2078,-1,-1,-1
160,6,201.79,602.84,65.34,214.68,0.7005,-1,-1,-1
161,1,418.00,247.00,76.00,212.25,0.6234,-1,-1,-1
161,2,102.37,546.67,72.03,247.21,0.6862,-1,-1,-1
161,3,1034.14,908.11,62.27,171.93,0.6935,-1,-1,-1
161,4,1721.83,461.12,73.52,205.52,0.5774,-1,-1,-1
161,5,1357.05,579.72,85.19,216.37,0.5269,-1,-1,-1
161,8,526.02,286.86,67.40,190.66,0.4181,-1,-1,-1
161,7,849.97,197.00,69.76,191.21,0.4849,-1,-1,-1
161,18,402.50,693.58,91.40,254.28,0.7746,-1,-1,-1
161,21,980.24,132.51,83.28,170.41,0.4900,-1,-1,-1
161,24,626.87,747.95,54.73,169.68,0.2818,-1,-1,-1
161,25,599.09,274.31,58.34,179.65,0.2013,-1,-1,-1
161,6,206.17,599.67,61.93,213.68,0.6673,-1,-1,-1
162,1,418.59,246.18,75.97,210.72,0.6238,-1,-1,-1
162,2,102.10,546.41,71.86,247.81,0.6728,-1,-1,-1
162,3,1032.87,907.36,61.91,172.72,0.7118,-1,-1,-1
162,4,1721.91,461.62,73.40,205.52,0.5779,-1,-1,-1
162,5,1361.49,578.17,82.38,221.86,0.4899,-1,-1,-1
162,8,527.00,293.83,65.24,185.62,0.1527,-1,-1,-1
162,7,849.27,195.92,69.57,191.07,0.4877,-1,-1,-1
162,18,403.14,688.81,91.20,253.63,0.7653,-1,-1,-1
162,21,980.13,133.37,81.21,169.88,0.3941,-1,-1,-1
162,24,626.35,749.63,54.71,169.05,0.2602,-1,-1,-1
162,25,599.88,272.97,59.86,180.56,0.1802,-1,-1,-1
162,6,210.47,598.23,61.34,209.15,0.6745,-1,-1,-1
163,1,418.68,244.94,77.13,209.81,0.6180,-1,-1,-1
163,2,102.21,546.41,72.12,247.89,0.6633,-1,-1,-1
163,3,1031.36,906.46,62.32,173.62,0.6843,-1,-1,-1
163,4,1721.75,461.04,73.64,206.40,0.5794,-1,-1,-1
163,5,1358.55,579.32,86.66,224.33,0.5060,-1,-1,-1
163,8,522.09,291.79,69.52,191.56,0.3767,-1,-1,-1
163,7,849.50,194.61,69.02,188.89,0.4671,-1,-1,-1
163,18,403.51,684.61,90.54,254.86,0.7712,-1,-1,-1
163,21,980.82,131.03,77.75,172.56,0.3597,-1,-1,-1
163,24,625.09,749.88,57.09,170.27,0.1815,-1,-1,-1
163,25,599.05,273.01,62.76,180.54,0.3020,-1,-1,-1
163,6,212.97,595.91,61.85,207.93,0.6717,-1,-1,-1
164,1,418.25,244.24,78.19,208.60,0.6267,-1,-1,-1
164,2,102.07,546.51,71.94,247.30,0.6805,-1,-1,-1
164,3,1030.07,906.86,61.26,172.81,0.7308,-1,-1,-1
164,4,1721.63,460.76,73.86,206.64,0.5990,-1,-1,-1
164,5,1357.58,579.83,87.69,223.41,0.4791,-1,-1,-1
164,8,519.96,291.78,72.09,193.50,0.3098,-1,-1,-1
164,7,851.21,192.49,69.02,193.16,0.4599,-1,-1,-1
164,18,402.90,682.13,91.22,254.58,0.7740,-1,-1,-1
164,21,981.93,129.22,72.30,172.64,0.3057,-1,-1,-1
164,24,625.28,749.40,56.53,170.38,0.2121,-1,-1,-1
164,25,599.06,274.04,62.98,179.18,0.2901,-1,-1,-1
164,6,215.28,594.04,62.57,208.79,0.7060,-1,-1,-1
165,1,418.46,242.59,78.87,209.60,0.6173,-1,-1,-1
165,2,102.17,546.35,71.72,246.93,0.6765,-1,-1,-1
165,3,1028.55,907.36,61.01,172.16,0.7264,-1,-1,-1
165,4,1721.69,460.43,74.18,206.51,0.5942,-1,-1,-1
165,5,1357.61,580.70,86.71,220.00,0.5019,-1,-1,-1
165,8,510.61,239.89,83.55,248.32,0.1909,-1,-1,-1
165,7,852.50,191.48,68.66,194.25,0.4858,-1,-1,-1
165,18,401.46,680.13,93.00,255.90,0.7915,-1,-1,-1
165,21,982.41,127.45,67.27,171.48,0.2765,-1,-1,-1
165,24,625.29,747.46,55.99,171.02,0.2771,-1,-1,-1
165,25,599.01,274.85,63.17,178.88,0.2501,-1,-1,-1
165,6,214.56,592.14,64.37,209.24,0.7325,-1,-1,-1
166,1,418.80,241.56,77.15,210.18,0.5916,-1,-1,-1
166,2,102.04,546.20,71.55,246.91,0.6849,-1,-1,-1
166,3,1026.65,907.31,61.49,172.17,0.6860,-1,-1,-1
166,4,1722.00,460.67,73.52,206.93,0.6247,-1,-1,-1
166,5,1357.33,580.35,85.21,216.44,0.5038,-1,-1,-1
166,8,510.10,219.37,89.79,270.87,0.1663,-1,-1,-1
166,7,852.59,190.92,69.11,192.26,0.4907,-1,-1,-1
166,18,400.19,678.51,94.00,258.22,0.7913,-1,-1,-1
166,21,982.88,126.34,60.96,170.87,0.2763,-1,-1,-1
166,24,625.24,748.93,56.30,170.14,0.2776,-1,-1,-1
166,25,600.84,274.98,58.68,180.40,0.3012,-1,-1,-1
166,6,214.94,590.96,68.77,210.17,0.7025,-1,-1,-1
167,1,418.72,240.48,76.53,211.74,0.5758,-1,-1,-1
167,2,101.86,546.28,71.90,247.24,0.6871,-1,-1,-1
167,3,1024.01,906.67,63.47,172.94,0.6852,-1,-1,-1
167,4,1722.27,460.46,72.96,207.04,0.6081,-1,-1,-1
167,5,1356.87,579.74,85.04,217.58,0.4915,-1,-1,-1
167,7,852.87,190.59,69.44,189.46,0.4851,-1,-1,-1
167,18,400.03,675.63,93.60,260.25,0.7965,-1,-1,-1
167,21,982.18,124.77,55.81,170.59,0.2756,-1,-1,-1
167,24,625.05,751.11,57.95,168.80,0.1630,-1,-1,-1
167,25,602.14,276.40,57.56,179.41,0.3131,-1,-1,-1
167,6,215.55,589.53,72.92,213.02,0.7075,-1,-1,-1
168,1,418.02,239.48,76.86,213.03,0.5945,-1,-1,-1
168,2,101.81,546.51,72.17,247.05,0.6862,-1,-1,-1
168,3,1021.42,906.89,64.62,172.45,0.7040,-1,-1,-1
168,4,1721.87,459.25,73.46,208.74,0.6116,-1,-1,-1
168,5,1357.26,579.04,83.29,217.41,0.4980,-1,-1,-1
168,7,853.06,190.67,69.94,190.14,0.5111,-1,-1,-1
168,18,399.01,674.94,94.27,260.87,0.7844,-1,-1,-1
168,21,979.44,123.45,55.33,170.24,0.3004,-1,-1,-1
168,24,626.22,751.43,56.02,168.69,0.1537,-1,-1,-1
168,25,602.22,276.83,58.77,178.24,0.3064,-1,-1,-1
168,6,217.71,589.13,77.15,212.43,0.7158,-1,-1,-1
169,1,418.21,238.57,77.82,213.82,0.6115,-1,-1,-1
169,2,101.59,545.81,72.90,248.30,0.6515,-1,-1,-1
169,3,1020.18,907.81,64.91,171.28,0.7080,-1,-1,-1
169,4,1721.64,459.77,73.72,208.20,0.6105,-1,-1,-1
169,5,1357.19,578.88,84.84,217.96,0.4626,-1,-1,-1
169,7,852.68,190.45,70.83,189.16,0.5299,-1,-1,-1
169,18,399.11,673.99,94.53,260.89,0.7771,-1,-1,-1
169,21,976.24,121.37,56.34,169.93,0.1904,-1,-1,-1
169,24,626.51,751.17,54.74,167.92,0.2265,-1,-1,-1
169,25,602.24,277.33,60.04,177.37,0.3114,-1,-1,-1
169,6,220.37,588.59,77.89,213.16,0.6902,-1,-1,-1
170,1,418.05,237.77,78.32,215.00,0.6155,-1,-1,-1
170,2,101.46,546.32,73.51,247.10,0.6539,-1,-1,-1
170,3,1018.57,908.36,63.48,171.18,0.7220,-1,-1,-1
170,4,1721.20,460.42,74.23,207.64,0.6201,-1,-1,-1
170,5,1364.72,577.81,78.11,220.45,0.4460,-1,-1,-1
170,7,854.94,189.74,68.85,188.49,0.5098,-1,-1,-1
170,18,399.79,673.05,93.31,260.94,0.7747,-1,-1,-1
170,21,972.22,120.62,58.28,172.23,0.1796,-1,-1,-1
170,24,626.49,751.71,54.29,166.54,0.1958,-1,-1,-1
170,25,601.99,277.24,61.15,177.82,0.2395,-1,-1,-1
170,6,221.39,588.28,76.36,213.65,0.6631,-1,-1,-1
170,8,521.66,278.88,69.75,213.78,0.3571,-1,-1,-1
171,1,417.76,237.74,78.62,215.16,0.6225,-1,-1,-1
171,2,101.28,546.40,74.51,247.36,0.6601,-1,-1,-1
171,3,1017.58,908.91,62.06,170.94,0.7230,-1,-1,-1
171,4,1721.47,459.99,74.15,208.10,0.6028,-1,-1,-1
171,5,1365.77,577.26,76.79,221.92,0.4551,-1,-1,-1
171,7,858.52,191.52,64.14,184.47,0.4116,-1,-1,-1
171,18,400.03,672.23,92.69,260.27,0.7750,-1,-1,-1
171,24,626.25,751.43,54.72,167.43,0.1663,-1,-1,-1
171,25,603.88,271.99,59.61,181.00,0.1719,-1,-1,-1
171,6,220.78,588.13,76.57,213.13,0.6914,-1,-1,-1
171,8,525.31,292.63,63.32,200.44,0.4481,-1,-1,-1
172,1,417.66,237.53,78.52,216.44,0.6277,-1,-1,-1
172,2,100.68,546.62,74.45,246.42,0.6625,-1,-1,-1
172,3,1015.95,909.64,61.58,169.96,0.7438,-1,-1,-1
172,4,1721.72,460.26,73.94,207.58,0.5989,-1,-1,-1
172,5,1360.30,578.14,81.40,217.68,0.4746,-1,-1,-1
172,7,859.80,190.36,65.06,185.10,0.5031,-1,-1,-1
172,18,400.43,670.57,91.95,259.94,0.7814,-1,-1,-1
172,25,604.52,280.44,58.57,173.75,0.2053,-1,-1,-1
172,6,219.95,586.94,77.48,213.65,0.6433,-1,-1,-1
172,8,526.15,292.72,61.37,200.54,0.4281,-1,-1,-1
173,1,417.77,237.07,78.33,216.61,0.6142,-1,-1,-1
173,2,100.87,546.27,74.14,246.92,0.6572,-1,-1,-1
173,3,1013.15,909.98,62.30,169.61,0.7342,-1,-1,-1
173,4,1721.27,460.73,74.33,206.71,0.5929,-1,-1,-1
173,5,1358.40,578.54,82.50,215.28,0.5036,-1,-1,-1
173,7,860.55,189.02,65.76,186.44,0.4487,-1,-1,-1
173,18,402.41,668.62,89.39,259.32,0.7744,-1,-1,-1
173,25,604.75,277.56,60.67,177.75,0.1785,-1,-1,-1
173,6,219.98,584.15,77.01,215.13,0.6589,-1,-1,-1
173,8,522.86,296.01,64.25,197.61,0.3299,-1,-1,-1
174,1,417.62,236.51,77.70,217.20,0.6207,-1,-1,-1
174,2,100.46,546.66,74.21,246.67,0.6519,-1,-1,-1
174,3,1010.43,911.23,63.11,168.61,0.7397,-1,-1,-1
174,4,1721.20,459.83,74.36,207.68,0.5973,-1,-1,-1
174,5,1357.61,578.94,82.73,212.49,0.4987,-1,-1,-1
174,7,861.47,186.74,65.37,186.56,0.4381,-1,-1,-1
174,18,404.88,666.64,86.67,259.68,0.7823,-1,-1,-1
174,25,605.34,276.45,60.32,179.41,0.2250,-1,-1,-1
174,6,222.26,583.03,75.98,214.03,0.6753,-1,-1,-1
174,8,522.82,295.44,65.53,198.64,0.4238,-1,-1,-1
174,27,752.87,261.55,55.89,192.35,0.3576,-1,-1,-1
175,1,417.10,235.71,77.32,216.78,0.6517,-1,-1,-1
175,2,100.15,546.62,74.05,246.38,0.6574,-1,-1,-1
175,3,1007.29,912.69,63.75,167.24,0.7264,-1,-1,-1
175,4,1721.57,459.87,73.78,207.88,0.5928,-1,-1,-1
175,5,1357.43,578.84,83.18,209.66,0.5186,-1,-1,-1
175,7,862.81,185.87,65.61,183.62,0.4611,-1,-1,-1
175,18,406.11,663.85,85.62,260.87,0.8045,-1,-1,-1
175,25,606.14,276.58,58.70,178.89,0.2002,-1,-1,-1
175,6,225.05,579.77,72.29,214.35,0.6874,-1,-1,-1
175,8,522.19,294.82,66.06,198.91,0.3846,-1,-1,-1
175,27,752.62,261.12,56.81,194.81,0.4073,-1,-1,-1
176,1,417.07,233.42,76.20,217.79,0.6336,-1,-1,-1
176,2,100.14,546.82,73.45,246.44,0.6578,-1,-1,-1
176,3,1005.78,913.07,62.85,166.13,0.7291,-1,-1,-1
176,4,1721.47,459.63,73.54,208.21,0.5887,-1,-1,-1
176,5,1357.35,578.89,82.69,207.61,0.5153,-1,-1,-1
176,7,863.15,184.39,66.08,185.02,0.5040,-1,-1,-1
176,18,407.05,659.60,83.98,259.63,0.7915,-1,-1,-1
176,25,607.99,273.15,54.12,182.90,0.1746,-1,-1,-1
176,6,227.07,577.23,69.39,213.57,0.6689,-1,-1,-1
176,8,514.34,252.89,76.01,241.79,0.3244,-1,-1,-1
176,27,752.99,261.81,56.11,196.23,0.4112,-1,-1,-1
176,21,940.36,122.53,76.13,174.99,0.3971,-1,-1,-1
177,1,416.89,232.77,75.33,217.93,0.6377,-1,-1,-1
177,2,100.13,546.89,73.23,246.09,0.6565,-1,-1,-1
177,3,1004.55,913.15,63.07,165.05,0.7310,-1,-1,-1
177,4,1721.23,459.69,73.95,208.11,0.5826,-1,-1,-1
177,5,1357.17,578.93,83.06,209.28,0.4841,-1,-1,-1
177,7,864.00,182.28,66.59,185.08,0.5226,-1,-1,-1
177,18,408.10,654.77,82.65,255.16,0.7857,-1,-1,-1
177,25,607.58,274.16,57.69,179.25,0.2055,-1,-1,-1
177,6,227.71,575.27,68.34,211.91,0.6765,-1,-1,-1
177,8,515.97,250.08,74.16,244.18,0.3783,-1,-1,-1
177,27,752.57,261.41,56.54,198.56,0.3573,-1,-1,-1
177,21,936.64,123.47,77.96,173.46,0.3625,-1,-1,-1
178,1,416.48,231.09,74.71,215.91,0.6174,-1,-1,-1
178,2,100.14,547.03,72.24,245.08,0.6540,-1,-1,-1
178,3,1003.73,913.32,62.44,164.62,0.7208,-1,-1,-1
178,4,1721.32,460.09,73.83,207.74,0.5632,-1,-1,-1
178,5,1356.87,578.04,83.32,211.49,0.4804,-1,-1,-1
178,7,864.85,180.97,66.79,184.75,0.4980,-1,-1,-1
178,18,407.27,650.84,83.89,251.83,0.7855,-1,-1,-1
178,25,607.57,273.74,57.82,184.87,0.2619,-1,-1,-1
178,6,228.20,573.45,67.61,208.19,0.6073,-1,-1,-1
178,8,520.21,275.81,68.34,218.41,0.4453,-1,-1,-1
178,27,752.09,266.21,57.05,196.12,0.4085,-1,-1,-1
178,21,934.70,126.07,76.72,170.05,0.2856,-1,-1,-1
178,28,0.07,615.69,91.13,228.59,0.3777,-1,-1,-1
179,1,415.86,228.58,73.70,215.93,0.5929,-1,-1,-1
179,2,100.70,546.21,71.05,246.42,0.6509,-1,-1,-1
179,3,1002.66,913.56,60.77,164.65,0.7160,-1,-1,-1
179,4,1721.37,460.46,73.46,207.23,0.5472,-1,-1,-1
179,5,1357.01,577.60,83.82,217.00,0.5059,-1,-1,-1
179,7,865.87,180.33,67.00,184.04,0.4837,-1,-1,-1
179,18,407.60,648.60,84.60,250.01,0.7863,-1,-1,-1
179,25,607.25,276.88,58.12,189.77,0.3478,-1,-1,-1
179,6,227.90,571.50,68.16,207.50,0.6187,-1,-1,-1
179,8,521.98,290.17,65.25,203.47,0.4344,-1,-1,-1
179,27,751.09,270.28,58.35,194.36,0.4048,-1,-1,-1
179,21,934.49,125.96,74.85,169.11,0.3149,-1,-1,-1
179,28,-0.00,617.90,95.72,229.76,0.5218,-1,-1,-1
180,1,414.81,227.56,74.38,213.29,0.6237,-1,-1,-1
180,2,100.82,546.07,70.21,246.30,0.6559,-1,-1,-1
180,3,1000.97,913.38,60.04,165.17,0.7210,-1,-1,-1
180,4,1721.76,460.18,73.25,207.93,0.5273,-1,-1,-1
180,5,1357.42,577.17,82.39,212.83,0.5127,-1,-1,-1
180,7,866.96,180.80,67.53,184.28,0.5043,-1,-1,-1
180,18,408.89,647.71,85.48,248.79,0.7905,-1,-1,-1
180,25,607.27,277.98,57.81,193.11,0.3534,-1,-1,-1
180,6,229.01,570.07,68.02,207.07,0.5865,-1,-1,-1
180,8,524.81,293.82,61.99,202.22,0.5227,-1,-1,-1
180,27,750.53,272.89,59.17,193.04,0.4180,-1,-1,-1
180,21,938.34,124.20,67.98,169.70,0.2862,-1,-1,-1
180,28,0.57,618.16,85.23,223.23,0.5045,-1,-1,-1
181,1,414.69,227.10,74.05,210.71,0.5960,-1,-1,-1
181,2,100.86,545.49,69.86,247.80,0.6547,-1,-1,-1
181,3,998.74,914.32,59.74,164.68,0.7212,-1,-1,-1
181,4,1721.75,459.21,73.76,209.36,0.5133,-1,-1,-1
181,5,1357.36,577.37,83.45,214.96,0.5000,-1,-1,-1
181,7,868.51,179.17,67.28,184.09,0.5017,-1,-1,-1
181,18,409.61,646.29,87.18,248.92,0.7886,-1,-1,-1
181,25,607.11,278.77,58.49,200.05,0.3086,-1,-1,-1
181,6,229.84,569.02,68.44,205.85,0.5738,-1,-1,-1
181,8,526.94,299.31,59.53,199.48,0.5467,-1,-1,-1
181,27,750.90,273.96,57.99,192.84,0.4248,-1,-1,-1
181,21,937.16,123.46,68.36,171.77,0.2349,-1,-1,-1
181,28,0.86,617.75,79.91,223.85,0.4739,-1,-1,-1
182,1,414.90,226.59,74.05,208.58,0.5809,-1,-1,-1
182,2,101.03,545.69,69.53,247.33,0.6711,-1,-1,-1
182,3,996.94,915.69,58.54,163.07,0.7355,-1,-1,-1
182,4,1722.16,459.20,73.02,209.22,0.5287,-1,-1,-1
182,5,1357.36,576.65,84.10,222.46,0.4786,-1,-1,-1
182,7,867.79,177.70,71.14,185.72,0.5390,-1,-1,-1
182,18,409.06,645.09,89.54,250.00,0.7847,-1,-1,-1
182,25,606.94,279.13,60.42,204.36,0.3001,-1,-1,-1
182,6,231.35,567.60,65.59,203.94,0.5874,-1,-1,-1
182,8,526.35,297.76,60.22,199.84,0.4855,-1,-1,-1
182,27,751.15,275.29,57.73,193.41,0.3596,-1,-1,-1
182,21,940.66,122.64,65.04,174.94,0.2435,-1,-1,-1
182,28,1.32,618.68,98.36,235.01,0.6078,-1,-1,-1
183,1,416.14,228.02,72.88,206.53,0.5796,-1,-1,-1
183,2,101.16,545.89,69.28,247.77,0.6818,-1,-1,-1
183,3,995.66,916.21,58.19,162.23,0.7286,-1,-1,-1
183,4,1722.37,459.35,72.70,208.76,0.5240,-1,-1,-1
183,5,1357.37,576.86,84.62,223.31,0.4905,-1,-1,-1
183,7,868.05,176.77,72.33,186.89,0.5564,-1,-1,-1
183,18,408.58,643.60,92.12,251.40,0.7982,-1,-1,-1
183,25,607.14,279.98,59.56,209.74,0.3251,-1,-1,-1
183,6,231.15,566.23,66.05,204.85,0.5518,-1,-1,-1
183,8,524.14,296.19,63.61,204.96,0.4054,-1,-1,-1
183,27,749.94,276.70,60.11,194.17,0.3659,-1,-1,-1
183,21,939.88,121.88,64.54,176.86,0.1793,-1,-1,-1
183,28,3.04,621.34,102.13,237.50,0.6556,-1,-1,-1
184,1,416.71,227.62,73.14,206.79,0.5797,-1,-1,-1
184,2,100.85,545.89,68.92,248.06,0.6703,-1,-1,-1
184,3,994.66,917.70,57.82,161.50,0.7236,-1,-1,-1
184,4,1721.64,459.24,73.07,208.96,0.5335,-1,-1,-1
184,5,1357.52,576.55,84.82,224.65,0.4654,-1,-1,-1
184,7,868.14,176.59,72.70,187.25,0.5431,-1,-1,-1
184,18,408.97,642.23,93.26,252.49,0.7735,-1,-1,-1
184,25,607.54,279.54,60.48,212.34,0.3338,-1,-1,-1
184,6,231.99,565.35,65.41,208.05,0.5355,-1,-1,-1
184,8,521.66,253.37,66.89,251.32,0.3992,-1,-1,-1
184,27,750.09,278.65,60.50,192.91,0.3491,-1,-1,-1
184,21,934.85,120.18,63.12,175.75,0.1699,-1,-1,-1
184,28,6.43,622.42,99.19,235.30,0.6215,-1,-1,-1
185,1,416.03,227.21,73.77,207.09,0.5883,-1,-1,-1
185,2,100.31,546.12,68.65,247.34,0.6467,-1,-1,-1
185,3,993.20,918.33,58.28,160.06,0.7176,-1,-1,-1
185,4,1721.66,459.36,72.86,208.58,0.5025,-1,-1,-1
185,5,1357.72,575.95,84.18,221.12,0.4800,-1,-1,-1
185,7,867.92,177.36,74.41,188.36,0.5879,-1,-1,-1
185,18,408.64,642.30,94.79,252.42,0.7858,-1,-1,-1
185,25,607.41,285.75,59.77,208.47,0.3304,-1,-1,-1
185,6,232.19,564.99,65.92,209.41,0.5683,-1,-1,-1
185,8,521.47,276.07,66.18,229.73,0.4297,-1,-1,-1
185,27,750.43,280.36,62.01,191.91,0.3307,-1,-1,-1
185,28,12.13,622.16,94.94,234.30,0.6224,-1,-1,-1
186,1,415.73,226.68,74.12,207.24,0.5966,-1,-1,-1
186,2,99.78,546.47,68.98,246.55,0.6452,-1,-1,-1
186,3,992.02,918.49,57.89,160.20,0.7342,-1,-1,-1
186,4,1721.82,459.15,72.66,208.73,0.5035,-1,-1,-1
186,5,1357.39,574.83,84.24,224.16,0.4943,-1,-1,-1
186,7,867.83,176.17,74.51,190.40,0.5609,-1,-1,-1
186,18,408.81,640.91,94.75,254.25,0.7945,-1,-1,-1
186,25,607.76,285.16,59.51,208.05,0.3593,-1,-1,-1
186,6,230.94,564.76,66.59,208.47,0.5833,-1,-1,-1
186,8,523.27,293.70,62.30,210.32,0.4267,-1,-1,-1
186,27,753.00,281.69,61.04,191.53,0.2410,-1,-1,-1
186,28,15.75,620.19,94.51,235.80,0.6576,-1,-1,-1
187,1,415.91,225.35,74.24,209.06,0.6012,-1,-1,-1
187,2,98.37,546.55,70.36,244.20,0.6379,-1,-1,-1
187,3,989.79,918.95,59.49,159.56,0.7348,-1,-1,-1
187,4,1721.83,459.54,72.53,208.15,0.4953,-1,-1,-1
187,5,1357.54,573.72,84.13,224.85,0.5045,-1,-1,-1
187,7,867.58,176.19,75.01,191.28,0.5619,-1,-1,-1
187,18,408.74,639.16,94.80,255.67,0.7813,-1,-1,-1
187,25,607.50,287.08,59.94,203.73,0.3478,-1,-1,-1
187,6,229.80,563.96,67.16,209.28,0.6355,-1,-1,-1
187,8,525.15,299.33,60.13,207.09,0.5401,-1,-1,-1
187,27,752.71,281.21,63.65,192.30,0.2537,-1,-1,-1
187,28,21.23,620.12,96.59,239.05,0.6876,-1,-1,-1
188,1,415.98,225.67,74.47,207.73,0.5945,-1,-1,-1
188,2,97.19,546.27,71.28,242.35,0.5919,-1,-1,-1
188,3,988.66,919.25,60.15,159.25,0.7220,-1,-1,-1
188,4,1721.45,460.07,73.16,207.50,0.5076,-1,-1,-1
188,5,1357.71,572.72,84.03,225.98,0.4597,-1,-1,-1
188,7,868.17,176.99,74.83,187.11,0.4324,-1,-1,-1
188,18,410.07,637.43,93.24,256.19,0.7687,-1,-1,-1
188,25,606.67,288.82,59.84,201.48,0.3351,-1,-1,-1
188,6,228.70,562.02,68.13,210.90,0.6186,-1,-1,-1
188,8,524.28,300.19,61.55,207.39,0.5398,-1,-1,-1
188,27,752.51,281.34,62.82,192.06,0.3168,-1,-1,-1
188,28,23.30,619.11,102.34,240.52,0.7144,-1,-1,-1
189,1,416.02,224.62,74.30,207.66,0.5819,-1,-1,-1
189,2,95.58,546.47,70.85,239.05,0.5354,-1,-1,-1
189,3,987.43,919.77,59.81,158.87,0.7125,-1,-1,-1
189,4,1721.02,460.55,73.55,207.36,0.4816,-1,-1,-1
189,5,1357.86,572.63,82.48,220.85,0.4585,-1,-1,-1
189,7,867.38,177.04,77.83,186.44,0.4625,-1,-1,-1
189,18,409.92,634.34,92.67,258.12,0.7988,-1,-1,-1
189,25,605.84,297.13,59.54,193.80,0.3509,-1,-1,-1
189,6,229.29,558.43,65.91,209.78,0.5556,-1,-1,-1
189,8,523.55,303.62,62.46,206.67,0.5645,-1,-1,-1
189,27,753.10,281.51,63.45,190.61,0.2518,-1,-1,-1
189,28,24.50,619.55,107.99,241.96,0.6904,-1,-1,-1
190,1,416.74,224.24,73.81,207.48,0.5688,-1,-1,-1
190,2,94.13,546.43,71.30,233.05,0.4933,-1,-1,-1
190,3,986.34,920.67,59.48,157.66,0.7266,-1,-1,-1
190,4,1721.30,459.29,73.43,208.58,0.4645,-1,-1,-1
190,5,1357.79,572.27,81.84,219.03,0.4496,-1,-1,-1
190,7,867.40,178.31,80.89,185.02,0.5119,-1,-1,-1
190,18,411.45,633.43,89.41,256.71,0.7854,-1,-1,-1
190,25,605.35,297.28,59.96,194.95,0.3472,-1,-1,-1
190,6,229.63,555.46,64.76,207.93,0.5734,-1,-1,-1
190,8,522.65,303.44,64.37,208.84,0.5931,-1,-1,-1
190,27,753.25,281.51,61.76,190.60,0.2652,-1,-1,-1
190,28,27.19,621.10,111.90,244.96,0.6739,-1,-1,-1
191,1,417.44,223.12,73.72,207.57,0.5663,-1,-1,-1
191,2,95.32,545.80,69.18,199.71,0.5729,-1,-1,-1
191,3,985.28,921.71,59.29,155.84,0.7425,-1,-1,-1
191,4,1720.59,459.55,74.25,208.44,0.4925,-1,-1,-1
191,5,1357.88,571.61,85.30,227.82,0.4816,-1,-1,-1
191,7,869.37,175.66,79.51,185.43,0.4828,-1,-1,-1
191,18,411.98,630.73,87.18,255.73,0.7835,-1,-1,-1
191,25,604.74,302.58,60.25,190.66,0.3200,-1,-1,-1
191,6,229.65,552.15,63.59,206.32,0.5917,-1,-1,-1
191,8,522.30,303.53,65.73,210.09,0.5485,-1,-1,-1
191,27,753.26,282.40,59.77,190.60,0.2407,-1,-1,-1
191,28,29.61,622.18,118.61,248.93,0.6089,-1,-1,-1
192,1,418.29,222.78,73.65,207.70,0.5441,-1,-1,-1
192,2,95.42,545.17,68.87,186.33,0.5980,-1,-1,-1
192,3,984.47,922.54,58.60,154.74,0.7445,-1,-1,-1
192,4,1720.48,459.82,74.36,207.83,0.5380,-1,-1,-1
192,5,1357.54,571.00,85.56,225.22,0.4983,-1,-1,-1
192,7,871.41,173.36,78.07,185.72,0.5073,-1,-1,-1
192,18,412.38,626.20,85.49,253.08,0.7720,-1,-1,-1
192,25,603.88,305.58,60.22,187.62,0.3866,-1,-1,-1
192,6,228.61,550.30,64.79,204.96,0.6326,-1,-1,-1
192,8,522.42,304.88,66.18,209.00,0.5990,-1,-1,-1
192,27,753.30,282.99,59.13,191.29,0.2882,-1,-1,-1
192,28,32.63,624.81,121.06,251.25,0.5950,-1,-1,-1
193,1,418.01,221.28,74.36,208.37,0.5243,-1,-1,-1
193,2,94.88,545.06,68.70,180.10,0.5866,-1,-1,-1
193,3,983.91,922.35,57.67,155.24,0.7167,-1,-1,-1
193,4,1720.62,459.54,74.07,207.60,0.5205,-1,-1,-1
193,5,1357.53,570.68,85.68,228.34,0.4936,-1,-1,-1
193,7,874.19,172.83,75.58,184.94,0.4300,-1,-1,-1
193,18,412.60,622.55,84.05,249.59,0.7898,-1,-1,-1
193,25,602.84,307.72,60.66,186.16,0.3525,-1,-1,-1
193,6,228.53,547.29,64.77,206.33,0.6398,-1,-1,-1
193,8,521.54,307.82,67.29,206.10,0.5528,-1,-1,-1
193,27,752.88,284.42,60.19,194.71,0.2217,-1,-1,-1
193,28,36.78,628.33,116.71,247.94,0.5102,-1,-1,-1
194,1,418.09,221.51,75.20,207.04,0.5105,-1,-1,-1
194,2,93.63,544.78,69.88,175.60,0.6227,-1,-1,-1
194,3,982.04,921.98,59.31,156.03,0.7389,-1,-1,-1
194,4,1720.70,459.84,73.99,207.57,0.5017,-1,-1,-1
194,5,1357.03,570.46,85.58,230.35,0.4715,-1,-1,-1
194,7,875.49,172.76,74.80,182.71,0.3930,-1,-1,-1
194,18,413.42,619.14,80.85,248.26,0.7742,-1,-1,-1
194,25,602.06,308.53,60.36,186.30,0.3646,-1,-1,-1
194,6,228.37,545.62,64.69,205.76,0.6431,-1,-1,-1
194,8,520.30,308.94,68.34,205.41,0.5770,-1,-1,-1
194,27,752.84,288.76,58.77,192.23,0.2538,-1,-1,-1
194,28,40.62,631.14,113.71,243.74,0.5883,-1,-1,-1
195,1,418.59,219.57,75.16,209.59,0.5587,-1,-1,-1
195,2,93.18,544.57,69.99,174.45,0.6011,-1,-1,-1
195,3,981.84,922.24,58.83,155.78,0.7300,-1,-1,-1
195,4,1720.95,459.53,73.81,208.10,0.5219,-1,-1,-1
195,5,1356.92,570.15,84.60,222.55,0.5591,-1,-1,-1
195,7,877.66,170.51,73.02,179.52,0.3671,-1,-1,-1
195,18,413.21,617.32,80.39,247.28,0.7846,-1,-1,-1
195,25,601.32,309.45,60.62,184.91,0.4297,-1,-1,-1
195,6,228.46,544.31,63.67,207.25,0.6472,-1,-1,-1
195,8,517.89,309.00,70.92,206.60,0.6705,-1,-1,-1
195,27,752.59,289.84,60.94,192.25,0.2801,-1,-1,-1
195,28,42.89,633.38,111.79,237.34,0.6655,-1,-1,-1
196,1,419.56,217.98,73.89,209.77,0.5388,-1,-1,-1
196,2,93.17,544.30,69.24,174.82,0.5414,-1,-1,-1
196,3,980.29,921.92,60.60,156.49,0.7314,-1,-1,-1
196,4,1720.80,458.71,73.44,209.48,0.5047,-1,-1,-1
196,5,1356.61,571.27,84.42,220.32,0.5217,-1,-1,-1
196,7,880.64,169.37,69.37,176.98,0.4260,-1,-1,-1
196,18,410.04,614.27,83.22,248.15,0.7513,-1,-1,-1
196,25,601.30,311.17,60.92,182.86,0.4005,-1,-1,-1
196,6,227.33,543.84,63.68,207.23,0.6478,-1,-1,-1
196,8,517.74,310.60,71.41,206.91,0.6011,-1,-1,-1
196,27,752.72,291.27,62.17,191.26,0.3692,-1,-1,-1
196,28,46.14,635.84,109.02,241.83,0.6667,-1,-1,-1
197,1,419.39,216.53,75.59,209.45,0.5747,-1,-1,-1
197,2,93.85,544.04,67.57,171.07,0.5278,-1,-1,-1
197,3,977.91,922.04,62.72,156.51,0.7375,-1,-1,-1
197,4,1721.24,458.78,73.38,209.49,0.5003,-1,-1,-1
197,5,1356.52,571.40,84.18,218.71,0.5401,-1,-1,-1
197,7,882.24,168.33,67.07,176.35,0.4547,-1,-1,-1
197,18,406.22,611.20,86.22,249.32,0.7411,-1,-1,-1
197,25,601.00,311.82,61.01,182.46,0.4319,-1,-1,-1
197,6,226.49,543.23,63.96,208.80,0.6861,-1,-1,-1
197,8,515.75,308.45,73.61,210.71,0.6746,-1,-1,-1
197,27,753.18,293.26,61.35,189.01,0.3261,-1,-1,-1
197,28,50.57,638.90,108.71,246.73,0.6737,-1,-1,-1
198,1,420.36,215.34,75.70,208.75,0.5656,-1,-1,-1
198,2,95.40,543.84,65.29,169.72,0.5198,-1,-1,-1
198,3,976.43,921.47,62.30,157.27,0.7018,-1,-1,-1
198,4,1721.05,458.96,73.49,208.85,0.4964,-1,-1,-1
198,5,1356.51,571.68,84.71,219.01,0.5586,-1,-1,-1
198,7,885.05,161.42,64.48,182.74,0.4298,-1,-1,-1
198,18,402.29,610.45,89.19,250.74,0.7492,-1,-1,-1
198,25,600.84,312.71,60.76,182.25,0.4365,-1,-1,-1
198,6,226.11,542.32,64.52,209.66,0.6940,-1,-1,-1
198,8,515.50,311.57,73.42,210.53,0.6256,-1,-1,-1
198,27,754.10,294.64,62.70,189.53,0.3062,-1,-1,-1
198,28,54.59,641.60,107.94,247.52,0.6957,-1,-1,-1
199,1,419.56,214.29,76.78,206.43,0.5661,-1,-1,-1
199,2,95.63,544.26,64.59,169.73,0.5177,-1,-1,-1
199,3,974.02,921.39,63.90,157.47,0.7293,-1,-1,-1
199,4,1720.88,458.79,73.26,209.07,0.5293,-1,-1,-1
199,5,1355.45,571.10,85.69,221.59,0.5209,-1,-1,-1
199,7,885.75,158.01,65.50,186.07,0.3959,-1,-1,-1
199,18,399.30,609.88,91.88,252.51,0.7423,-1,-1,-1
199,25,601.19,313.81,60.14,180.24,0.4470,-1,-1,-1
199,6,226.24,542.50,64.44,209.20,0.7030,-1,-1,-1
199,8,515.92,314.44,72.52,210.15,0.6015,-1,-1,-1
199,27,752.22,295.69,63.34,192.63,0.2808,-1,-1,-1
199,28,57.27,644.00,107.43,248.00,0.7228,-1,-1,-1
200,1,419.19,212.56,77.44,205.68,0.5742,-1,-1,-1
200,2,95.65,543.86,64.27,166.50,0.5374,-1,-1,-1
200,3,972.52,920.60,63.87,157.68,0.7146,-1,-1,-1
200,4,1720.96,458.72,72.84,208.77,0.5339,-1,-1,-1
200,5,1355.82,571.26,83.30,218.34,0.5403,-1,-1,-1
200,7,885.35,158.70,67.55,186.84,0.4010,-1,-1,-1
200,18,397.79,609.36,92.32,252.29,0.7473,-1,-1,-1
200,25,601.48,315.24,59.96,178.72,0.4226,-1,-1,-1
200,6,226.01,541.94,63.65,208.71,0.7167,-1,-1,-1
200,8,517.29,317.82,69.64,209.48,0.5841,-1,-1,-1
200,27,751.75,296.11,63.53,194.37,0.3105,-1,-1,-1
200,28,60.26,648.04,104.15,245.03,0.7125,-1,-1,-1
201,1,419.35,211.41,78.65,206.00,0.5667,-1,-1,-1
201,2,94.91,543.90,64.42,165.66,0.4992,-1,-1,-1
201,3,971.68,920.06,63.28,158.01,0.7216,-1,-1,-1
201,4,1720.95,458.31,72.70,209.03,0.5540,-1,-1,-1
201,5,1355.72,571.04,82.23,219.28,0.5454,-1,-1,-1
201,7,886.22,158.30,69.38,187.19,0.4225,-1,-1,-1
201,18,395.91,608.89,93.28,252.22,0.7427,-1,-1,-1
201,25,601.84,318.13,58.72,173.85,0.4312,-1,-1,-1
201,6,226.11,541.15,62.99,209.05,0.7042,-1,-1,-1
201,8,516.45,318.92,70.36,212.02,0.5940,-1,-1,-1
201,27,752.31,296.80,63.84,195.37,0.2942,-1,-1,-1
201,28,64.43,653.14,99.42,240.59,0.7343,-1,-1,-1
202,1,419.51,210.25,79.61,205.52,0.5610,-1,-1,-1
202,2,96.41,543.10,62.85,156.86,0.4451,-1,-1,-1
202,3,970.92,919.53,62.44,158.72,0.7280,-1,-1,-1
202,4,1721.34,458.34,72.64,209.49,0.5815,-1,-1,-1
202,5,1355.32,571.05,81.48,216.69,0.5173,-1,-1,-1
202,7,887.86,157.68,70.33,186.01,0.4327,-1,-1,-1
202,18,395.93,608.32,92.69,250.85,0.7351,-1,-1,-1
202,25,601.94,321.96,57.81,168.99,0.4475,-1,-1,-1
202,6,225.44,539.97,63.57,210.32,0.7058,-1,-1,-1
202,8,516.17,318.51,71.74,214.73,0.6118,-1,-1,-1
202,27,754.70,298.22,60.39,196.18,0.2848,-1,-1,-1
202,28,66.99,656.00,96.36,237.75,0.7428,-1,-1,-1
203,1,420.81,208.97,78.82,206.43,0.4913,-1,-1,-1
203,2,97.06,542.98,61.35,152.22,0.3299,-1,-1,-1
203,3,970.27,919.00,62.94,159.03,0.7355,-1,-1,-1
203,4,1721.02,458.31,72.98,209.58,0.5915,-1,-1,-1
203,5,1356.13,571.93,81.23,212.46,0.5463,-1,-1,-1
203,7,887.77,156.59,70.78,186.32,0.4728,-1,-1,-1
203,18,394.98,606.97,92.25,249.20,0.7339,-1,-1,-1
203,25,602.02,322.84,57.45,167.38,0.4458,-1,-1,-1
203,6,223.80,537.80,64.88,211.64,0.6994,-1,-1,-1
203,8,515.89,318.52,72.22,215.93,0.5679,-1,-1,-1
203,27,755.49,299.12,59.39,195.33,0.2687,-1,-1,-1
203,28,69.14,657.68,95.20,235.41,0.6968,-1,-1,-1
203,32,1154.28,138.47,56.26,183.62,0.3756,-1,-1,-1
204,1,422.87,208.48,77.55,206.69,0.4484,-1,-1,-1
204,2,97.33,543.22,60.58,149.19,0.3515,-1,-1,-1
204,3,968.45,916.86,63.13,161.06,0.7308,-1,-1,-1
204,4,1721.04,458.82,73.14,209.21,0.5781,-1,-1,-1
204,5,1356.59,571.61,82.36,213.52,0.5602,-1,-1,-1
204,7,887.68,156.56,71.55,186.21,0.5039,-1,-1,-1
204,18,396.15,603.29,90.19,249.93,0.7217,-1,-1,-1
204,25,602.46,324.62,57.00,166.84,0.3990,-1,-1,-1
204,6,223.07,535.58,64.71,211.30,0.6731,-1,-1,-1
204,8,513.50,318.36,73.86,217.96,0.5874,-1,-1,-1
204,27,756.06,299.39,58.75,196.07,0.2730,-1,-1,-1
204,28,70.56,658.79,95.23,233.52,0.6857,-1,-1,-1
204,32,1153.47,140.60,54.55,180.17,0.3811,-1,-1,-1
205,1,423.96,208.19,77.49,206.95,0.4670,-1,-1,-1
205,2,97.31,542.79,60.17,146.23,0.3393,-1,-1,-1
205,3,967.20,915.71,62.59,162.37,0.7310,-1,-1,-1
205,4,1720.46,458.73,73.85,209.78,0.5669,-1,-1,-1
205,5,1356.34,571.61,82.58,214.34,0.5323,-1,-1,-1
205,7,888.75,155.36,69.84,187.21,0.4669,-1,-1,-1
205,18,394.65,600.24,90.82,251.19,0.7197,-1,-1,-1
205,25,603.52,325.02,56.18,167.05,0.3885,-1,-1,-1
205,6,220.94,531.91,65.83,210.43,0.6653,-1,-1,-1
205,8,514.05,318.45,73.93,218.34,0.5049,-1,-1,-1
205,27,756.35,299.79,59.16,195.99,0.3386,-1,-1,-1
205,28,71.53,657.86,97.53,234.35,0.7378,-1,-1,-1
205,32,1151.90,139.52,54.97,180.98,0.3936,-1,-1,-1
206,1,423.42,205.90,78.74,208.00,0.5119,-1,-1,-1
206,2,97.34,542.87,60.89,145.55,0.3884,-1,-1,-1
206,3,965.51,914.97,62.89,162.95,0.7462,-1,-1,-1
206,4,1720.34,458.93,74.38,209.63,0.5677,-1,-1,-1
206,5,1355.69,571.40,82.24,215.20,0.5387,-1,-1,-1
206,7,890.35,155.63,68.81,185.07,0.5184,-1,-1,-1
206,18,395.28,597.92,89.13,251.96,0.7334,-1,-1,-1
206,25,604.00,325.25,55.87,166.68,0.4110,-1,-1,-1
206,6,221.01,529.29,64.32,205.02,0.6694,-1,-1,-1
206,8,513.06,319.58,74.84,218.10,0.5081,-1,-1,-1
206,27,757.93,299.72,58.34,195.92,0.3775,-1,-1,-1
206,28,75.04,657.45,97.88,234.48,0.7628,-1,-1,-1
206,32,1150.18,138.28,55.19,182.08,0.4033,-1,-1,-1
206,34,0.49,600.99,76.73,237.98,0.4627,-1,-1,-1
207,1,423.30,205.12,79.47,207.42,0.4892,-1,-1,-1
207,2,97.95,543.22,60.83,146.20,0.4416,-1,-1,-1
207,3,964.25,913.60,62.56,164.43,0.7476,-1,-1,-1
207,4,1720.59,458.90,73.92,208.99,0.5735,-1,-1,-1
207,5,1356.87,570.89,80.71,213.87,0.4979,-1,-1,-1
207,7,890.96,154.48,70.71,188.66,0.5104,-1,-1,-1
207,18,395.87,596.33,87.66,248.40,0.7458,-1,-1,-1
207,25,604.09,325.56,55.96,167.20,0.4116,-1,-1,-1
207,6,221.50,526.93,63.10,202.53,0.6497,-1,-1,-1
207,8,511.52,319.91,75.50,217.43,0.5337,-1,-1,-1
207,27,758.90,299.08,58.15,195.57,0.3301,-1,-1,-1
207,28,79.79,659.07,102.14,235.47,0.7238,-1,-1,-1
207,32,1147.60,137.59,55.35,183.12,0.3705,-1,-1,-1
207,34,0.45,607.68,81.69,231.67,0.2662,-1,-1,-1
208,1,424.17,205.71,78.49,207.69,0.4772,-1,-1,-1
208,2,98.24,543.55,61.15,146.63,0.3907,-1,-1,-1
208,3,961.99,912.78,63.42,165.58,0.7411,-1,-1,-1
208,4,1721.19,458.77,73.42,209.56,0.5801,-1,-1,-1
208,5,1357.30,570.51,80.15,214.01,0.5153,-1,-1,-1
208,7,892.59,152.97,69.17,190.75,0.4737,-1,-1,-1
208,18,397.46,593.71,85.42,245.52,0.7481,-1,-1,-1
208,25,603.40,324.96,56.66,167.02,0.4055,-1,-1,-1
208,6,220.41,524.94,64.07,202.41,0.6128,-1,-1,-1
208,8,509.22,322.77,76.08,213.90,0.5142,-1,-1,-1
208,27,758.66,298.96,58.77,195.80,0.3512,-1,-1,-1
208,28,84.08,660.43,106.61,239.40,0.7349,-1,-1,-1
208,32,1144.92,136.96,55.96,183.76,0.3936,-1,-1,-1
208,34,0.84,606.90,85.34,233.30,0.3642,-1,-1,-1
209,1,425.15,205.82,77.64,208.63,0.4399,-1,-1,-1
209,2,98.78,544.87,61.32,148.28,0.3751,-1,-1,-1
209,3,960.95,912.42,62.24,166.15,0.7306,-1,-1,-1
209,4,1721.50,457.87,73.07,210.29,0.5548,-1,-1,-1
209,5,1357.39,570.68,78.24,214.94,0.4958,-1,-1,-1
209,7,893.71,151.69,68.68,190.09,0.4534,-1,-1,-1
209,18,398.66,591.21,83.00,241.76,0.7523,-1,-1,-1
209,25,602.32,324.52,57.07,167.98,0.3727,-1,-1,-1
209,6,220.31,523.23,63.69,202.28,0.6260,-1,-1,-1
209,8,508.56,323.58,75.27,213.09,0.5575,-1,-1,-1
209,27,758.81,300.91,59.21,195.23,0.3532,-1,-1,-1
209,28,86.65,664.36,112.33,239.80,0.7618,-1,-1,-1
209,32,1142.44,137.52,56.76,182.45,0.3426,-1,-1,-1
209,34,0.96,606.78,85.29,235.27,0.5766,-1,-1,-1
210,1,425.45,205.33,76.82,209.73,0.4219,-1,-1,-1
210,2,99.66,543.71,61.03,150.31,0.3846,-1,-1,-1
210,3,958.45,912.04,63.02,166.96,0.7293,-1,-1,-1
210,4,1721.29,458.09,73.21,210.38,0.5699,-1,-1,-1
210,5,1357.14,570.83,78.29,215.02,0.5191,-1,-1,-1
210,7,894.40,150.96,67.84,189.73,0.4764,-1,-1,-1
210,18,400.06,589.79,81.10,238.66,0.7550,-1,-1,-1
210,25,602.09,323.68,57.37,175.28,0.3335,-1,-1,-1
210,6,219.30,522.12,64.78,203.16,0.6209,-1,-1,-1
210,8,508.23,323.99,74.17,213.27,0.5974,-1,-1,-1
210,27,759.64,303.70,60.47,195.89,0.3198,-1,-1,-1
210,28,86.64,666.72,118.05,240.34,0.7544,-1,-1,-1
210,32,1141.02,137.60,56.50,181.83,0.3407,-1,-1,-1
210,34,1.37,607.35,86.51,234.20,0.5911,-1,-1,-1
211,1,426.60,204.87,76.30,209.72,0.4370,-1,-1,-1
211,2,100.03,543.62,62.29,151.94,0.3774,-1,-1,-1
211,3,956.04,912.08,64.00,166.67,0.7376,-1,-1,-1
211,4,1720.98,458.82,73.47,208.61,0.5497,-1,-1,-1
211,5,1356.49,570.38,78.25,218.24,0.5125,-1,-1,-1
211,7,895.02,150.26,68.67,186.97,0.4975,-1,-1,-1
211,18,400.72,587.22,79.91,238.19,0.7517,-1,-1,-1
211,25,601.16,324.88,59.00,179.20,0.2915,-1,-1,-1
211,6,217.95,520.74,65.47,204.40,0.5998,-1,-1,-1
211,8,508.06,324.19,73.26,212.02,0.5999,-1,-1,-1
211,27,758.99,305.44,63.32,197.51,0.3095,-1,-1,-1
211,28,91.14,668.75,115.86,241.12,0.7522,-1,-1,-1
211,32,1138.87,137.59,56.64,182.41,0.3334,-1,-1,-1
211,34,0.90,611.19,88.80,230.13,0.5872,-1,-1,-1
212,1,426.25,203.58,77.02,210.06,0.4024,-1,-1,-1
212,2,101.03,543.88,62.91,156.03,0.4585,-1,-1,-1
212,3,954.16,911.13,64.58,168.49,0.7333,-1,-1,-1
212,4,1720.70,459.24,73.99,209.37,0.5754,-1,-1,-1
212,5,1356.42,570.82,78.12,219.28,0.5015,-1,-1,-1
212,7,897.45,148.12,68.04,184.54,0.4894,-1,-1,-1
212,18,400.18,585.27,80.89,238.62,0.7138,-1,-1,-1
212,25,600.24,326.84,60.87,178.69,0.2729,-1,-1,-1
212,6,216.77,519.55,65.91,205.48,0.6212,-1,-1,-1
212,8,507.45,325.47,72.68,210.85,0.5915,-1,-1,-1
212,27,757.76,305.36,65.76,196.49,0.2970,-1,-1,-1
212,28,96.65,670.25,111.37,243.65,0.7421,-1,-1,-1
212,32,1137.31,137.66,57.07,182.42,0.2957,-1,-1,-1
212,34,12.14,610.64,85.61,232.95,0.5598,-1,-1,-1
213,1,426.03,202.11,77.23,210.19,0.4075,-1,-1,-1
213,2,101.57,543.95,63.51,167.43,0.4892,-1,-1,-1
213,3,951.97,910.11,65.02,169.79,0.7465,-1,-1,-1
213,4,1720.60,459.09,74.47,209.75,0.5657,-1,-1,-1
213,5,1356.03,570.59,78.46,220.85,0.5399,-1,-1,-1
213,7,899.04,145.54,67.42,183.94,0.5017,-1,-1,-1
213,18,400.15,582.84,81.61,241.03,0.7109,-1,-1,-1
213,25,600.39,327.73,60.61,184.48,0.3034,-1,-1,-1
213,6,215.92,518.83,65.77,204.69,0.6152,-1,-1,-1
213,8,507.45,326.04,71.48,211.23,0.6302,-1,-1,-1
213,27,758.13,309.17,67.01,194.96,0.2898,-1,-1,-1
213,28,100.31,669.97,108.30,248.07,0.7477,-1,-1,-1
213,32,1133.51,137.16,59.61,182.48,0.2763,-1,-1,-1
213,34,21.96,610.50,79.75,233.80,0.5294,-1,-1,-1
214,1,425.87,201.32,76.36,210.42,0.3946,-1,-1,-1
214,2,101.63,545.93,65.32,171.94,0.4912,-1,-1,-1
214,3,951.10,908.95,64.45,171.06,0.7359,-1,-1,-1
214,4,1721.23,459.39,73.86,207.97,0.5643,-1,-1,-1
214,5,1355.49,571.07,78.52,218.76,0.5272,-1,-1,-1
214,7,900.78,142.56,66.50,185.20,0.4661,-1,-1,-1
214,18,399.37,580.25,84.19,243.51,0.6940,-1,-1,-1
214,25,600.63,330.49,59.67,191.88,0.3596,-1,-1,-1
214,6,215.76,518.41,65.88,203.62,0.5917,-1,-1,-1
214,8,508.21,325.23,71.59,211.25,0.7046,-1,-1,-1
214,27,755.52,310.28,71.84,194.15,0.2896,-1,-1,-1
214,28,105.29,667.72,104.17,252.72,0.7555,-1,-1,-1
214,32,1131.18,136.20,59.11,181.49,0.2832,-1,-1,-1
214,34,32.54,613.08,70.85,232.83,0.5570,-1,-1,-1
215,1,426.79,200.60,75.28,209.68,0.3774,-1,-1,-1
215,2,101.88,547.46,67.49,171.68,0.4498,-1,-1,-1
215,3,949.79,908.85,63.58,171.20,0.7453,-1,-1,-1
215,4,1721.39,459.60,73.73,207.66,0.5781,-1,-1,-1
215,5,1356.04,571.49,78.37,216.11,0.5407,-1,-1,-1
215,7,901.74,141.81,66.29,185.52,0.4441,-1,-1,-1
215,18,398.70,578.67,86.43,244.92,0.7155,-1,-1,-1
215,25,600.64,332.49,60.98,197.63,0.3785,-1,-1,-1
215,6,215.79,517.56,65.45,203.70,0.5843,-1,-1,-1
215,8,508.69,325.42,71.05,213.19,0.6746,-1,-1,-1
215,27,757.81,312.15,71.35,192.44,0.3762,-1,-1,-1
215,28,110.43,666.03,98.77,256.33,0.7665,-1,-1,-1
215,32,1129.61,135.18,58.25,182.57,0.2968,-1,-1,-1
215,34,40.70,612.98,70.83,234.78,0.5215,-1,-1,-1
216,1,426.96,201.06,74.32,205.38,0.3524,-1,-1,-1
216,2,102.28,547.81,69.41,172.91,0.4643,-1,-1,-1
216,3,949.35,908.87,62.68,171.16,0.7380,-1,-1,-1
216,4,1721.62,459.07,73.19,208.56,0.5420,-1,-1,-1
216,5,1355.88,571.17,79.32,217.52,0.5401,-1,-1,-1
216,7,901.96,140.79,66.23,186.21,0.5113,-1,-1,-1
216,18,399.19,577.95,87.28,245.92,0.7190,-1,-1,-1
216,25,599.82,333.25,62.74,199.99,0.3834,-1,-1,-1
216,6,215.03,516.67,65.28,201.99,0.5845,-1,-1,-1
216,8,508.36,326.90,70.64,215.56,0.6224,-1,-1,-1
216,27,756.58,313.57,73.06,192.16,0.3831,-1,-1,-1
216,28,114.73,664.11,94.07,259.10,0.7808,-1,-1,-1
216,32,1128.40,133.33,57.38,184.33,0.3454,-1,-1,-1
216,34,45.27,611.74,70.88,238.90,0.6183,-1,-1,-1
217,1,427.01,199.66,73.29,203.66,0.3486,-1,-1,-1
217,2,102.19,548.83,68.62,172.13,0.3980,-1,-1,-1
217,3,949.17,908.70,61.45,171.37,0.7376,-1,-1,-1
217,4,1721.28,459.06,73.48,208.84,0.5312,-1,-1,-1
217,5,1355.20,571.54,81.14,218.22,0.5261,-1,-1,-1
217,7,901.71,140.56,67.17,185.49,0.4603,-1,-1,-1
217,18,398.96,576.77,88.68,246.59,0.7103,-1,-1,-1
217,25,600.55,336.14,60.14,200.66,0.3868,-1,-1,-1
217,6,217.28,515.76,61.98,203.46,0.5800,-1,-1,-1
217,8,508.75,328.98,69.88,217.26,0.5990,-1,-1,-1
217,27,756.42,315.23,75.02,190.61,0.3682,-1,-1,-1
217,28,115.51,663.44,93.75,259.92,0.7909,-1,-1,-1
217,32,1127.86,131.23,55.76,186.98,0.2892,-1,-1,-1
217,34,49.51,613.39,72.96,239.50,0.6283,-1,-1,-1
218,1,426.75,198.72,74.23,201.74,0.3753,-1,-1,-1
218,2,102.66,548.60,68.62,148.79,0.3215,-1,-1,-1
218,3,946.94,908.29,63.08,171.78,0.7344,-1,-1,-1
218,4,1721.46,459.25,73.21,209.34,0.5222,-1,-1,-1
218,5,1355.00,571.39,81.05,218.73,0.4940,-1,-1,-1
218,7,901.89,140.75,67.06,183.89,0.3773,-1,-1,-1
218,18,398.47,576.18,89.86,246.49,0.7192,-1,-1,-1
218,25,599.34,339.21,60.11,199.26,0.4312,-1,-1,-1
218,6,218.70,514.22,58.95,205.34,0.5486,-1,-1,-1
218,8,509.64,330.15,68.23,219.48,0.6174,-1,-1,-1
218,27,759.55,315.26,71.58,192.01,0.3131,-1,-1,-1
218,28,118.62,664.06,92.53,258.99,0.7804,-1,-1,-1
218,32,1126.02,129.67,56.30,188.06,0.2830,-1,-1,-1
218,34,53.38,616.85,80.20,237.76,0.4967,-1,-1,-1
219,1,427.72,197.06,73.53,199.51,0.3552,-1,-1,-1
219,2,101.32,548.96,71.05,137.08,0.3708,-1,-1,-1
219,3,943.66,907.40,65.51,172.52,0.7539,-1,-1,-1
219,4,1721.30,458.96,73.18,209.83,0.5480,-1,-1,-1
219,5,1354.90,571.75,81.29,217.45,0.5040,-1,-1,-1
219,7,900.85,140.34,69.01,186.44,0.4736,-1,-1,-1
219,18,399.31,574.97,88.79,245.76,0.6950,-1,-1,-1
219,25,598.34,341.26,59.77,199.59,0.4977,-1,-1,-1
219,6,217.39,511.86,58.45,203.49,0.5350,-1,-1,-1
219,8,510.47,331.57,66.90,220.04,0.6279,-1,-1,-1
219,27,758.91,315.76,72.58,190.97,0.2993,-1,-1,-1
219,28,121.94,663.06,90.96,258.57,0.7715,-1,-1,-1
219,32,1124.97,128.34,56.25,189.33,0.3217,-1,-1,-1
219,34,56.87,623.39,82.09,228.41,0.5830,-1,-1,-1
220,1,428.17,196.56,72.41,198.58,0.3745,-1,-1,-1
220,2,96.82,549.68,76.00,134.55,0.3995,-1,-1,-1
220,3,941.48,905.70,67.27,174.31,0.7481,-1,-1,-1
220,4,1721.31,459.01,73.41,209.38,0.5642,-1,-1,-1
220,5,1354.60,571.09,82.65,218.34,0.5130,-1,-1,-1
220,7,899.52,140.82,71.55,187.42,0.5145,-1,-1,-1
220,18,398.52,572.48,88.67,246.89,0.7161,-1,-1,-1
220,25,598.16,342.27,58.76,200.48,0.5145,-1,-1,-1
220,6,215.15,508.30,58.66,202.26,0.5504,-1,-1,-1
220,8,510.50,333.97,65.65,218.41,0.6366,-1,-1,-1
220,27,758.71,317.33,74.83,189.57,0.3113,-1,-1,-1
220,28,124.79,665.09,91.50,255.60,0.7424,-1,-1,-1
220,32,1123.78,126.99,56.23,189.03,0.2866,-1,-1,-1
220,34,59.02,629.32,85.56,223.08,0.6052,-1,-1,-1
221,1,428.85,195.32,71.77,199.08,0.3790,-1,-1,-1
221,2,92.04,550.59,81.95,136.10,0.4770,-1,-1,-1
221,3,938.48,904.90,68.80,175.14,0.7479,-1,-1,-1
221,4,1721.03,458.62,73.50,209.32,0.5861,-1,-1,-1
221,5,1354.49,571.39,82.89,218.15,0.5157,-1,-1,-1
221,7,900.72,141.08,70.59,188.00,0.5414,-1,-1,-1
221,18,399.27,569.66,86.73,248.03,0.6928,-1,-1,-1
221,25,597.78,344.07,58.21,200.58,0.5795,-1,-1,-1
221,6,213.25,504.96,59.83,201.51,0.5992,-1,-1,-1
221,8,510.49,336.20,66.38,218.65,0.6035,-1,-1,-1
221,27,760.91,315.58,72.53,191.42,0.3335,-1,-1,-1
221,28,127.15,667.04,95.58,253.18,0.7301,-1,-1,-1
221,32,1122.33,126.50,56.68,187.05,0.3122,-1,-1,-1
221,34,62.44,633.87,87.59,219.97,0.6305,-1,-1,-1
222,1,429.27,194.04,71.45,199.73,0.3579,-1,-1,-1
222,2,92.87,551.08,81.65,150.04,0.3799,-1,-1,-1
222,3,936.00,904.89,71.27,175.24,0.7535,-1,-1,-1
222,4,1721.37,458.53,73.63,208.96,0.5632,-1,-1,-1
222,5,1354.53,571.58,83.79,219.59,0.4859,-1,-1,-1
222,7,901.49,140.65,69.12,187.23,0.4975,-1,-1,-1
222,18,399.21,566.09,85.30,249.96,0.7098,-1,-1,-1
222,25,596.73,345.53,58.78,199.98,0.5703,-1,-1,-1
222,6,209.64,503.50,63.71,200.88,0.5619,-1,-1,-1
222,8,511.18,336.89,65.43,218.97,0.5870,-1,-1,-1
222,27,768.12,316.33,65.65,191.69,0.2695,-1,-1,-1
222,28,130.03,668.83,104.06,252.18,0.7161,-1,-1,-1
222,32,1121.62,127.96,53.73,180.13,0.2883,-1,-1,-1
222,34,65.75,632.70,92.32,224.02,0.5143,-1,-1,-1
223,1,431.00,193.76,70.23,201.20,0.3378,-1,-1,-1
223,2,93.88,552.11,81.17,143.59,0.4592,-1,-1,-1
223,3,934.75,904.66,72.20,175.47,0.7460,-1,-1,-1
223,4,1722.02,457.97,72.60,209.21,0.5430,-1,-1,-1
223,5,1354.64,571.67,84.54,220.90,0.4526,-1,-1,-1
223,7,900.80,140.58,69.00,185.92,0.4489,-1,-1,-1
223,18,399.08,564.23,84.25,246.81,0.7260,-1,-1,-1
223,25,595.70,346.56,59.13,199.20,0.5591,-1,-1,-1
223,6,208.66,502.46,64.89,200.31,0.5642,-1,-1,-1
223,8,511.18,337.55,66.12,218.69,0.5836,-1,-1,-1
223,27,770.30,315.97,66.06,193.62,0.3006,-1,-1,-1
223,28,132.07,670.54,110.63,256.08,0.6905,-1,-1,-1
223,32,1119.57,128.20,53.94,178.90,0.3352,-1,-1,-1
223,34,68.94,634.19,90.92,224.83,0.5790,-1,-1,-1
224,1,432.33,193.37,69.91,201.99,0.3574,-1,-1,-1
224,2,95.35,552.59,79.99,142.86,0.3631,-1,-1,-1
224,3,934.47,904.33,71.75,175.72,0.7163,-1,-1,-1
224,4,1721.67,458.70,73.14,208.96,0.5488,-1,-1,-1
224,5,1354.67,571.62,87.43,226.61,0.4362,-1,-1,-1
224,7,902.08,138.14,70.32,186.32,0.4200,-1,-1,-1
224,18,398.73,561.01,82.79,241.67,0.7174,-1,-1,-1
224,25,594.88,346.99,59.52,198.67,0.5605,-1,-1,-1
224,6,211.13,500.85,60.59,201.38,0.5530,-1,-1,-1
224,8,511.51,338.23,67.23,218.39,0.5863,-1,-1,-1
224,27,771.76,316.43,66.05,193.38,0.2946,-1,-1,-1
224,28,134.25,674.42,116.45,258.73,0.7250,-1,-1,-1
224,32,1117.98,127.87,53.71,178.97,0.3190,-1,-1,-1
224,34,72.95,635.36,86.51,223.00,0.5426,-1,-1,-1
225,1,431.21,192.10,71.24,203.78,0.3693,-1,-1,-1
225,2,96.78,553.15,78.45,147.27,0.3705,-1,-1,-1
225,3,934.21,903.42,71.68,176.57,0.7278,-1,-1,-1
225,4,1721.27,458.74,73.82,209.42,0.5841,-1,-1,-1
225,5,1354.84,572.08,89.03,230.54,0.4106,-1,-1,-1
225,7,903.36,137.27,71.25,185.71,0.3901,-1,-1,-1
225,18,397.95,558.02,81.20,238.03,0.7176,-1,-1,-1
225,25,594.20,348.11,59.39,196.89,0.5706,-1,-1,-1
225,6,211.62,499.48,59.63,200.94,0.6086,-1,-1,-1
225,8,511.85,338.81,68.70,217.81,0.5870,-1,-1,-1
225,27,772.47,316.85,69.91,194.92,0.3961,-1,-1,-1
225,28,136.45,677.38,118.22,262.80,0.7731,-1,-1,-1
225,32,1115.56,127.31,54.82,179.09,0.3691,-1,-1,-1
225,34,79.00,638.36,80.37,225.66,0.5940,-1,-1,-1
226,1,431.49,190.53,71.64,204.93,0.3921,-1,-1,-1
226,2,98.35,554.08,78.56,151.82,0.4250,-1,-1,-1
226,3,932.53,902.27,73.32,177.66,0.7227,-1,-1,-1
226,4,1721.23,458.30,74.17,210.25,0.5773,-1,-1,-1
226,5,1354.84,573.39,90.81,227.10,0.4494,-1,-1,-1
226,7,905.89,135.64,67.95,184.91,0.3656,-1,-1,-1
226,18,394.27,555.45,84.16,237.95,0.7252,-1,-1,-1
226,25,592.66,348.03,60.32,196.61,0.5813,-1,-1,-1
226,6,207.74,498.98,64.62,201.49,0.6060,-1,-1,-1
226,8,510.10,339.55,71.73,217.31,0.6158,-1,-1,-1
226,27,775.56,316.53,68.41,197.08,0.3802,-1,-1,-1
226,28,138.93,680.01,117.72,264.69,0.7542,-1,-1,-1
226,32,1113.65,126.81,55.24,176.49,0.3618,-1,-1,-1
226,34,84.30,640.11,78.51,226.85,0.6083,-1,-1,-1
227,1,432.12,188.71,71.92,207.17,0.4140,-1,-1,-1
227,2,99.81,554.43,78.94,155.31,0.4690,-1,-1,-1
227,3,932.08,901.87,73.14,178.06,0.7084,-1,-1,-1
227,4,1721.41,458.27,73.70,210.02,0.5956,-1,-1,-1
227,5,1354.88,573.87,90.40,226.33,0.4630,-1,-1,-1
227,7,908.60,133.95,64.56,186.59,0.3490,-1,-1,-1
227,18,391.92,553.03,85.24,238.74,0.7345,-1,-1,-1
227,25,590.56,347.89,62.14,197.37,0.5910,-1,-1,-1
227,6,207.40,497.91,65.63,203.22,0.6048,-1,-1,-1
227,8,509.55,342.30,72.97,213.91,0.6184,-1,-1,-1
227,27,777.09,317.61,73.78,200.01,0.3034,-1,-1,-1
227,28,142.95,682.45,115.47,268.13,0.7643,-1,-1,-1
227,32,1112.26,125.64,55.30,177.75,0.3728,-1,-1,-1
227,34,91.35,639.44,76.37,228.01,0.5924,-1,-1,-1
228,1,432.89,188.19,71.87,207.57,0.4360,-1,-1,-1
228,2,100.93,554.96,79.18,148.92,0.4601,-1,-1,-1
228,3,932.10,901.10,72.82,178.87,0.6960,-1,-1,-1
228,4,1721.49,459.17,73.75,208.64,0.5954,-1,-1,-1
228,5,1354.60,575.23,94.26,229.36,0.4481,-1,-1,-1
228,7,909.95,132.85,65.51,182.32,0.3553,-1,-1,-1
228,18,388.06,551.76,88.36,239.41,0.7355,-1,-1,-1
228,25,589.16,348.99,62.99,196.06,0.5721,-1,-1,-1
228,6,207.63,496.86,66.12,203.71,0.6213,-1,-1,-1
228,8,509.45,342.04,72.02,213.83,0.6388,-1,-1,-1
228,27,777.93,318.68,74.40,203.55,0.3924,-1,-1,-1
228,28,147.50,686.49,108.12,266.95,0.7345,-1,-1,-1
228,32,1109.33,125.24,56.76,179.16,0.3305,-1,-1,-1
228,34,96.11,640.06,77.33,230.58,0.6016,-1,-1,-1
229,1,433.82,187.79,70.80,208.58,0.4225,-1,-1,-1
229,2,101.93,555.95,80.02,143.07,0.4674,-1,-1,-1
229,3,931.51,900.36,73.14,179.66,0.7158,-1,-1,-1
229,4,1720.96,459.30,74.19,208.86,0.6033,-1,-1,-1
229,5,1354.41,575.95,93.13,223.84,0.4913,-1,-1,-1
229,7,912.36,131.97,65.67,178.53,0.3879,-1,-1,-1
229,18,384.90,549.60,91.12,241.70,0.7258,-1,-1,-1
229,25,588.38,349.76,63.23,195.09,0.5610,-1,-1,-1
229,6,206.81,495.81,66.84,204.94,0.5915,-1,-1,-1
229,8,509.17,343.65,72.66,212.48,0.6495,-1,-1,-1
229,27,777.30,318.27,72.70,208.62,0.3441,-1,-1,-1
229,28,149.34,689.71,103.32,265.91,0.7291,-1,-1,-1
229,32,1105.08,124.90,59.80,179.99,0.3413,-1,-1,-1
229,34,102.52,642.72,75.81,226.44,0.5915,-1,-1,-1
230,1,435.02,187.41,70.16,206.72,0.4566,-1,-1,-1
230,2,102.23,556.52,82.06,133.30,0.4541,-1,-1,-1
230,3,931.77,899.73,72.69,180.34,0.7131,-1,-1,-1
230,4,1720.94,459.50,74.21,208.50,0.5848,-1,-1,-1
230,5,1354.35,575.40,95.73,227.76,0.4596,-1,-1,-1
230,7,915.33,130.57,65.45,175.25,0.3402,-1,-1,-1
230,18,382.55,546.70,93.29,245.80,0.7326,-1,-1,-1
230,25,587.46,351.17,64.04,194.00,0.5275,-1,-1,-1
230,6,205.62,494.62,67.99,204.80,0.5886,-1,-1,-1
230,8,509.44,344.43,72.61,213.22,0.6392,-1,-1,-1
230,27,779.16,318.95,73.18,211.22,0.3201,-1,-1,-1
230,28,148.81,693.03,105.98,264.77,0.7491,-1,-1,-1
230,32,1097.24,125.54,66.86,179.36,0.3482,-1,-1,-1
230,34,107.91,645.07,73.92,218.78,0.5603,-1,-1,-1
231,1,435.94,186.86,70.48,204.84,0.4373,-1,-1,-1
231,2,102.35,556.79,82.68,128.89,0.4813,-1,-1,-1
231,3,931.29,899.29,73.17,180.68,0.7278,-1,-1,-1
231,4,1721.19,458.80,74.11,209.51,0.6105,-1,-1,-1
231,5,1354.68,577.27,96.01,224.69,0.4704,-1,-1,-1
231,7,917.42,129.53,66.78,177.19,0.3071,-1,-1,-1
231,18,380.42,545.12,94.92,247.77,0.7376,-1,-1,-1
231,25,586.41,350.63,65.60,193.69,0.5492,-1,-1,-1
231,6,209.15,493.30,65.65,204.51,0.5613,-1,-1,-1
231,8,508.49,345.40,73.49,213.03,0.6585,-1,-1,-1
231,27,780.43,325.76,63.48,204.34,0.3281,-1,-1,-1
231,28,152.56,695.33,102.92,263.27,0.7688,-1,-1,-1
231,32,1093.86,125.93,69.04,178.71,0.3572,-1,-1,-1
231,34,112.92,644.60,71.58,170.60,0.4761,-1,-1,-1
232,1,437.24,186.45,70.09,205.34,0.4459,-1,-1,-1
232,2,102.98,557.18,82.14,128.73,0.4508,-1,-1,-1
232,3,931.31,899.25,73.34,180.75,0.7216,-1,-1,-1
232,4,1721.71,458.06,73.50,210.20,0.6170,-1,-1,-1
232,5,1355.62,578.31,96.65,228.25,0.4688,-1,-1,-1
232,7,918.88,127.18,67.89,179.68,0.3078,-1,-1,-1
232,18,377.33,544.55,97.21,248.32,0.7137,-1,-1,-1
232,25,586.98,351.92,64.71,191.44,0.5236,-1,-1,-1
232,6,214.18,492.24,61.69,203.51,0.5237,-1,-1,-1
232,8,508.33,345.95,72.14,215.07,0.6667,-1,-1,-1
232,27,780.22,324.25,66.90,206.51,0.2937,-1,-1,-1
232,28,160.39,697.67,96.43,260.51,0.7634,-1,-1,-1
232,32,1093.62,125.76,67.49,178.27,0.4095,-1,-1,-1
232,34,117.88,647.35,68.46,212.57,0.5343,-1,-1,-1
233,1,438.80,184.77,69.48,207.09,0.4113,-1,-1,-1
233,2,104.00,557.85,82.12,131.60,0.4184,-1,-1,-1
233,3,932.15,898.96,72.26,181.03,0.7089,-1,-1,-1
233,4,1721.70,458.35,73.60,209.51,0.5950,-1,-1,-1
233,5,1355.68,577.78,98.49,233.56,0.4543,-1,-1,-1
233,7,920.38,126.18,67.27,178.82,0.2872,-1,-1,-1
233,18,375.41,544.19,97.91,247.14,0.6922,-1,-1,-1
233,25,587.13,353.51,64.22,191.02,0.5168,-1,-1,-1
233,6,212.78,490.67,64.56,203.59,0.5895,-1,-1,-1
233,8,507.91,346.86,71.84,218.16,0.6781,-1,-1,-1
233,27,782.77,330.71,63.03,201.71,0.2977,-1,-1,-1
233,28,165.71,699.86,92.82,258.00,0.7783,-1,-1,-1
233,32,1093.32,125.87,66.02,176.52,0.4656,-1,-1,-1
233,34,119.28,648.47,67.25,221.75,0.5442,-1,-1,-1
233,38,1174.31,124.22,59.70,162.59,0.3513,-1,-1,-1
234,1,440.23,183.53,69.62,208.26,0.4266,-1,-1,-1
234,2,107.26,558.65,77.12,197.97,0.3862,-1,-1,-1
234,3,934.19,899.72,69.56,180.19,0.6986,-1,-1,-1
234,4,1722.09,458.29,73.46,209.66,0.6138,-1,-1,-1
234,5,1355.04,576.29,101.03,238.15,0.5115,-1,-1,-1
234,7,921.40,124.06,67.92,180.60,0.3615,-1,-1,-1
234,18,373.99,542.62,98.39,245.23,0.7138,-1,-1,-1
234,25,587.10,354.39,64.08,193.11,0.5443,-1,-1,-1
234,6,214.59,488.59,63.65,200.35,0.5978,-1,-1,-1
234,8,507.44,347.71,70.95,220.28,0.6876,-1,-1,-1
234,27,782.45,334.42,62.56,200.78,0.2863,-1,-1,-1
234,28,168.31,701.10,91.82,257.09,0.7943,-1,-1,-1
234,32,1092.37,126.59,65.74,176.68,0.4585,-1,-1,-1
234,34,118.27,650.26,69.47,223.84,0.4358,-1,-1,-1
234,38,1172.25,124.04,60.79,161.23,0.3477,-1,-1,-1
235,1,442.06,182.39,69.01,207.62,0.4528,-1,-1,-1
235,2,106.64,559.30,79.66,165.47,0.4366,-1,-1,-1
235,3,934.75,900.33,67.85,179.64,0.6795,-1,-1,-1
235,4,1722.26,458.72,72.97,209.31,0.5930,-1,-1,-1
235,5,1355.98,576.47,102.76,238.40,0.4410,-1,-1,-1
235,7,922.68,123.10,67.13,184.54,0.3726,-1,-1,-1
235,18,373.09,541.49,97.31,245.32,0.7201,-1,-1,-1
235,25,587.69,356.41,63.29,192.64,0.5310,-1,-1,-1
235,6,216.09,486.17,62.19,198.48,0.5969,-1,-1,-1
235,8,506.75,350.05,70.44,220.83,0.6852,-1,-1,-1
235,27,782.01,337.64,63.92,199.59,0.3725,-1,-1,-1
235,28,172.35,702.56,88.14,254.48,0.7769,-1,-1,-1
235,32,1091.94,126.60,64.51,176.25,0.4535,-1,-1,-1
235,34,119.80,652.85,69.03,221.70,0.5006,-1,-1,-1
235,38,1170.29,123.10,61.65,162.04,0.3522,-1,-1,-1
236,1,443.70,182.35,68.19,204.09,0.4485,-1,-1,-1
236,2,106.80,560.11,81.80,151.18,0.5190,-1,-1,-1
236,3,935.53,900.38,66.57,179.64,0.6707,-1,-1,-1
236,4,1722.34,459.13,72.54,209.04,0.6039,-1,-1,-1
236,5,1357.51,576.62,103.34,238.79,0.4508,-1,-1,-1
236,7,923.41,122.05,67.99,186.42,0.3629,-1,-1,-1
236,18,372.90,540.77,96.00,244.27,0.7207,-1,-1,-1
236,25,587.55,358.52,61.96,188.86,0.5086,-1,-1,-1
236,6,216.45,483.96,62.81,197.04,0.5816,-1,-1,-1
236,8,506.36,352.72,69.32,219.04,0.6847,-1,-1,-1
236,27,782.68,339.50,62.64,197.99,0.4095,-1,-1,-1
236,28,175.96,703.13,85.88,253.91,0.7783,-1,-1,-1
236,32,1091.13,126.01,65.07,176.38,0.4157,-1,-1,-1
236,34,122.72,656.55,69.11,220.29,0.5671,-1,-1,-1
236,38,1167.85,122.95,62.20,161.06,0.3310,-1,-1,-1
237,1,443.46,181.53,69.20,201.51,0.3803,-1,-1,-1
237,2,107.13,560.42,82.06,146.66,0.5159,-1,-1,-1
237,3,936.14,900.51,65.25,179.66,0.6759,-1,-1,-1
237,4,1721.97,458.53,72.91,209.54,0.5920,-1,-1,-1
237,5,1360.38,577.48,102.78,238.93,0.4269,-1,-1,-1
237,7,925.26,122.51,66.69,186.72,0.3098,-1,-1,-1
237,18,373.52,538.09,93.87,244.92,0.7038,-1,-1,-1
237,25,587.22,360.74,61.66,188.81,0.5131,-1,-1,-1
237,6,217.36,482.54,62.72,196.45,0.5575,-1,-1,-1
237,8,504.45,355.44,69.84,217.40,0.6780,-1,-1,-1
237,27,783.29,339.28,62.68,198.52,0.4107,-1,-1,-1
237,28,178.39,703.93,85.31,251.79,0.7906,-1,-1,-1
237,32,1090.36,124.83,64.08,177.49,0.3750,-1,-1,-1
237,34,126.42,655.52,68.87,222.04,0.6011,-1,-1,-1
237,38,1165.69,123.17,62.35,160.52,0.2172,-1,-1,-1
238,1,443.41,180.43,70.11,200.61,0.3878,-1,-1,-1
238,2,109.69,560.96,82.09,203.42,0.4706,-1,-1,-1
238,3,936.18,900.40,64.04,179.64,0.6803,-1,-1,-1
238,4,1721.58,459.51,73.01,208.33,0.6050,-1,-1,-1
238,5,1363.84,578.57,102.95,239.75,0.4171,-1,-1,-1
238,7,926.13,120.54,67.49,188.00,0.3605,-1,-1,-1
238,18,375.44,535.61,91.39,243.90,0.7080,-1,-1,-1
238,25,587.18,362.06,61.87,188.10,0.5449,-1,-1,-1
238,6,217.53,480.35,63.01,196.99,0.5443,-1,-1,-1
238,8,503.26,356.94,70.17,218.11,0.6984,-1,-1,-1
238,27,784.17,339.97,63.35,198.31,0.4492,-1,-1,-1
238,28,182.10,703.97,85.13,252.61,0.7752,-1,-1,-1
238,32,1090.00,124.41,60.13,180.25,0.4179,-1,-1,-1
238,34,134.11,658.28,65.43,217.02,0.4662,-1,-1,-1
238,38,1164.41,122.39,62.04,162.55,0.2765,-1,-1,-1
239,1,443.90,179.10,71.11,200.38,0.4006,-1,-1,-1
239,2,110.77,561.61,81.92,227.69,0.4803,-1,-1,-1
239,3,936.39,900.15,62.81,179.85,0.7094,-1,-1,-1
239,4,1721.89,458.87,72.94,209.13,0.6248,-1,-1,-1
239,5,1360.02,577.30,108.98,240.62,0.4688,-1,-1,-1
239,7,926.42,120.25,67.37,184.41,0.4366,-1,-1,-1
239,18,379.00,531.57,87.29,240.77,0.7624,-1,-1,-1
239,25,587.45,362.57,62.61,187.73,0.5599,-1,-1,-1
239,6,218.19,479.51,62.96,197.49,0.5843,-1,-1,-1
239,8,501.79,357.95,70.67,216.67,0.6809,-1,-1,-1
239,27,783.79,340.21,64.15,198.43,0.4083,-1,-1,-1
239,28,185.39,705.56,85.48,251.43,0.7566,-1,-1,-1
239,32,1089.33,122.88,58.32,181.93,0.4251,-1,-1,-1
239,34,138.34,657.78,65.96,218.58,0.5326,-1,-1,-1
239,38,1160.93,120.87,63.11,165.04,0.3054,-1,-1,-1
240,1,443.71,177.56,73.05,201.16,0.3619,-1,-1,-1
240,2,109.79,562.17,84.31,182.75,0.4943,-1,-1,-1
240,3,936.80,900.27,61.71,179.33,0.7058,-1,-1,-1
240,4,1721.36,459.12,74.00,208.95,0.5959,-1,-1,-1
240,5,1358.51,576.62,112.28,240.45,0.4581,-1,-1,-1
240,7,925.75,118.92,66.68,185.14,0.4096,-1,-1,-1
240,18,383.35,528.60,82.62,236.87,0.7471,-1,-1,-1
240,25,588.64,363.91,59.46,185.51,0.5470,-1,-1,-1
240,6,218.18,478.22,63.32,199.08,0.5945,-1,-1,-1
240,8,499.60,358.61,72.66,217.93,0.6517,-1,-1,-1
240,27,784.04,340.56,65.15,197.70,0.4285,-1,-1,-1
240,28,187.43,707.01,91.62,253.87,0.7577,-1,-1,-1
240,32,1088.18,122.25,57.46,180.90,0.3913,-1,-1,-1
240,34,142.64,655.81,68.15,221.05,0.5604,-1,-1,-1
240,38,1158.09,120.71,66.29,165.58,0.2529,-1,-1,-1
241,1,444.55,177.89,73.99,200.72,0.3660,-1,-1,-1
241,2,110.59,562.63,83.66,161.91,0.5316,-1,-1,-1
241,3,936.54,900.12,61.08,179.60,0.7163,-1,-1,-1
241,4,1721.71,458.82,73.15,208.88,0.6292,-1,-1,-1
241,5,1357.08,573.56,118.07,241.99,0.5083,-1,-1,-1
241,7,924.99,118.21,67.06,183.52,0.4466,-1,-1,-1
241,18,386.72,525.86,79.35,234.40,0.7310,-1,-1,-1
241,25,588.92,365.47,59.08,183.03,0.5627,-1,-1,-1
241,6,218.15,476.48,63.64,201.42,0.6210,-1,-1,-1
241,8,497.85,358.99,73.46,218.82,0.6606,-1,-1,-1
241,27,784.46,340.74,67.70,197.33,0.4428,-1,-1,-1
241,28,189.63,709.14,97.32,256.27,0.7769,-1,-1,-1
241,32,1086.34,121.50,57.47,178.64,0.4319,-1,-1,-1
241,34,148.58,653.16,67.23,168.06,0.4025,-1,-1,-1
241,38,1155.83,119.95,64.90,164.08,0.2884,-1,-1,-1
242,1,445.92,177.08,73.06,202.65,0.3647,-1,-1,-1
242,2,110.82,563.04,84.25,175.57,0.4392,-1,-1,-1
242,3,936.43,900.57,61.51,179.34,0.7260,-1,-1,-1
242,4,1721.68,459.27,72.78,208.49,0.6146,-1,-1,-1
242,5,1356.76,571.03,120.88,243.63,0.5361,-1,-1,-1
242,7,929.13,120.10,63.00,181.26,0.4579,-1,-1,-1
242,18,387.36,523.01,79.13,233.83,0.6998,-1,-1,-1
242,25,587.91,365.53,60.56,186.85,0.5493,-1,-1,-1
242,6,218.09,475.06,63.78,201.83,0.5966,-1,-1,-1
242,8,495.98,360.73,74.01,217.94,0.6508,-1,-1,-1
242,27,785.23,342.26,68.02,196.75,0.4306,-1,-1,-1
242,28,193.82,711.70,98.01,256.48,0.7484,-1,-1,-1
242,32,1084.10,119.28,58.77,178.90,0.4117,-1,-1,-1
242,34,153.22,650.80,68.02,168.51,0.4307,-1,-1,-1
242,38,1155.24,119.37,63.28,161.29,0.3192,-1,-1,-1
243,1,447.63,176.29,71.48,204.11,0.3475,-1,-1,-1
243,2,112.33,561.47,82.98,214.19,0.5384,-1,-1,-1
243,3,936.00,900.44,61.24,179.56,0.7105,-1,-1,-1
243,4,1721.40,458.96,73.42,207.77,0.6317,-1,-1,-1
243,5,1356.85,568.78,120.47,245.98,0.5386,-1,-1,-1
243,7,931.23,119.76,61.43,179.63,0.5038,-1,-1,-1
243,18,388.72,520.21,77.87,235.25,0.6888,-1,-1,-1
243,25,587.34,365.67,61.65,192.20,0.5776,-1,-1,-1
243,6,217.79,474.34,64.40,202.43,0.6050,-1,-1,-1
243,8,494.29,361.03,73.72,218.35,0.6474,-1,-1,-1
243,27,786.07,341.90,68.05,197.69,0.4232,-1,-1,-1
243,28,197.43,716.36,99.40,255.92,0.6951,-1,-1,-1
243,32,1082.31,118.27,59.30,179.47,0.4665,-1,-1,-1
243,34,156.26,651.05,71.88,163.45,0.4757,-1,-1,-1
243,38,1154.76,118.40,63.71,159.17,0.3106,-1,-1,-1
243,21,787.89,152.05,65.47,168.88,0.3725,-1,-1,-1
244,1,447.13,175.82,74.34,204.42,0.3522,-1,-1,-1
244,2,113.29,562.29,83.38,236.71,0.5672,-1,-1,-1
244,3,935.60,901.14,61.99,179.01,0.7834,-1,-1,-1
244,4,1721.18,458.88,73.42,207.75,0.6063,-1,-1,-1
244,5,1356.87,569.63,119.36,244.79,0.5080,-1,-1,-1
244,7,932.65,118.34,60.31,179.17,0.4405,-1,-1,-1
244,18,389.16,518.11,77.91,236.66,0.6921,-1,-1,-1
244,25,586.15,366.94,61.26,196.36,0.5809,-1,-1,-1
244,6,217.20,472.80,64.32,200.11,0.5756,-1,-1,-1
244,8,492.37,361.84,73.26,216.29,0.6433,-1,-1,-1
244,27,788.67,342.70,64.74,196.86,0.3875,-1,-1,-1
244,28,199.77,725.51,99.24,250.97,0.7041,-1,-1,-1
244,32,1080.60,117.92,59.97,179.71,0.4482,-1,-1,-1
244,34,159.10,653.20,79.95,158.56,0.5561,-1,-1,-1
244,38,1154.40,115.20,59.47,159.40,0.3158,-1,-1,-1
244,21,786.24,152.31,68.12,170.01,0.3413,-1,-1,-1
245,1,447.62,175.68,74.34,203.93,0.3193,-1,-1,-1
245,2,115.72,564.92,82.31,246.00,0.6236,-1,-1,-1
245,3,935.14,902.31,62.99,177.77,0.7905,-1,-1,-1
245,4,1720.88,458.98,73.58,207.93,0.5893,-1,-1,-1
245,5,1359.18,569.84,116.96,244.67,0.4328,-1,-1,-1
245,7,934.41,116.59,59.09,178.91,0.4543,-1,-1,-1
245,18,389.16,517.67,78.79,237.45,0.6790,-1,-1,-1
245,25,585.96,369.04,60.32,198.70,0.5898,-1,-1,-1
245,6,217.03,471.38,64.30,200.90,0.5672,-1,-1,-1
245,8,491.60,362.11,72.85,218.44,0.6680,-1,-1,-1
245,27,789.92,343.56,64.17,196.69,0.3801,-1,-1,-1
245,28,199.23,729.13,99.89,250.66,0.7024,-1,-1,-1
245,32,1079.98,117.40,58.92,179.37,0.4500,-1,-1,-1
245,34,163.63,654.93,79.46,152.27,0.5937,-1,-1,-1
245,38,1154.44,113.05,57.22,159.87,0.2878,-1,-1,-1
245,21,785.97,152.69,68.94,170.00,0.3183,-1,-1,-1
245,41,854.70,353.09,66.56,185.11,0.3908,-1,-1,-1
246,1,447.99,176.07,74.61,204.24,0.3250,-1,-1,-1
246,2,118.22,564.61,81.17,250.74,0.6372,-1,-1,-1
246,3,935.27,903.28,63.69,176.79,0.7800,-1,-1,-1
246,4,1720.88,458.53,73.93,209.37,0.6071,-1,-1,-1
246,5,1366.29,571.30,109.47,242.94,0.4675,-1,-1,-1
246,7,936.15,115.78,57.45,179.35,0.4120,-1,-1,-1
246,18,389.17,517.12,79.88,238.93,0.6974,-1,-1,-1
246,25,585.11,370.74,60.73,200.23,0.6294,-1,-1,-1
246,6,219.07,470.34,63.07,203.49,0.5840,-1,-1,-1
246,8,489.19,363.43,73.61,215.76,0.6923,-1,-1,-1
246,27,791.09,344.93,63.56,196.01,0.3972,-1,-1,-1
246,28,202.33,731.20,96.76,254.68,0.6851,-1,-1,-1
246,32,1079.31,117.54,58.93,178.69,0.4121,-1,-1,-1
246,34,170.30,655.28,77.08,151.17,0.6022,-1,-1,-1
246,38,1153.15,111.72,57.19,161.52,0.2678,-1,-1,-1
246,21,784.11,152.89,71.38,170.19,0.3275,-1,-1,-1
246,41,859.79,352.16,64.17,187.18,0.3863,-1,-1,-1
247,1,448.14,175.58,76.17,204.70,0.3377,-1,-1,-1
247,2,119.70,563.91,83.24,254.60,0.6228,-1,-1,-1
247,3,935.70,903.76,63.60,176.26,0.7682,-1,-1,-1
247,4,1720.27,458.45,74.46,208.94,0.6208,-1,-1,-1
247,5,1369.93,568.69,107.21,247.22,0.5724,-1,-1,-1
247,7,936.90,114.50,57.19,177.69,0.4335,-1,-1,-1
247,18,389.46,516.81,80.46,240.21,0.7042,-1,-1,-1
247,25,584.46,372.31,61.56,203.41,0.6805,-1,-1,-1
247,6,219.35,468.97,62.62,205.32,0.5816,-1,-1,-1
247,8,487.66,364.43,73.88,215.09,0.7433,-1,-1,-1
247,27,789.87,345.52,64.90,195.78,0.4096,-1,-1,-1
247,28,204.54,733.28,96.12,256.09,0.6711,-1,-1,-1
247,32,1078.00,116.57,58.30,179.18,0.4382,-1,-1,-1
247,34,175.21,656.45,79.94,145.73,0.4375,-1,-1,-1
247,38,1151.08,112.23,56.51,162.42,0.3187,-1,-1,-1
247,21,785.90,153.07,69.83,169.19,0.3060,-1,-1,-1
247,41,863.18,352.25,59.50,188.29,0.3756,-1,-1,-1
248,1,448.57,173.79,77.04,208.76,0.3518,-1,-1,-1
248,2,122.76,563.52,82.91,253.52,0.6804,-1,-1,-1
248,3,935.99,904.75,64.31,175.06,0.7524,-1,-1,-1
248,4,1719.36,459.23,75.24,208.47,0.6285,-1,-1,-1
248,5,1373.92,569.41,104.06,246.33,0.5484,-1,-1,-1
248,7,938.42,113.59,56.78,176.18,0.4608,-1,-1,-1
248,18,389.64,516.32,80.75,240.55,0.6932,-1,-1,-1
248,25,584.38,374.29,60.67,206.00,0.6458,-1,-1,-1
248,6,220.57,467.47,60.72,203.90,0.5751,-1,-1,-1
248,8,487.18,365.75,72.73,214.88,0.7421,-1,-1,-1
248,27,791.24,345.77,65.13,198.85,0.4240,-1,-1,-1
248,28,204.60,734.86,94.98,257.37,0.5895,-1,-1,-1
248,32,1077.06,116.27,57.57,180.46,0.4956,-1,-1,-1
248,34,179.56,661.38,81.17,144.97,0.3688,-1,-1,-1
248,38,1149.88,112.78,56.40,163.95,0.3313,-1,-1,-1
248,21,790.10,153.68,64.22,168.21,0.2696,-1,-1,-1
248,41,863.49,352.80,62.92,190.11,0.4168,-1,-1,-1
249,1,449.18,172.16,77.27,210.34,0.3886,-1,-1,-1
249,2,125.18,564.11,81.34,254.27,0.6686,-1,-1,-1
249,3,936.22,905.32,65.21,174.68,0.7499,-1,-1,-1
249,4,1720.06,459.53,74.18,207.83,0.5909,-1,-1,-1
249,5,1380.11,569.93,96.38,247.37,0.5265,-1,-1,-1
249,7,939.41,111.47,57.69,178.29,0.5151,-1,-1,-1
249,18,388.81,515.72,82.50,240.39,0.6857,-1,-1,-1
249,25,583.71,377.79,60.08,205.41,0.6023,-1,-1,-1
249,6,220.81,466.78,59.65,197.38,0.5557,-1,-1,-1
249,8,486.52,367.20,72.30,215.65,0.7134,-1,-1,-1
249,27,791.15,346.25,64.43,195.59,0.3840,-1,-1,-1
249,28,206.16,740.50,90.84,252.96,0.4888,-1,-1,-1
249,32,1075.84,116.00,57.28,182.26,0.4619,-1,-1,-1
249,34,181.84,665.23,86.20,208.12,0.4984,-1,-1,-1
249,38,1148.71,111.49,56.31,165.82,0.3425,-1,-1,-1
249,21,791.32,154.31,62.17,167.53,0.2722,-1,-1,-1
249,41,862.22,352.84,66.87,190.58,0.3785,-1,-1,-1
250,1,449.64,170.49,76.87,211.30,0.3732,-1,-1,-1
250,2,127.84,565.63,81.12,251.52,0.6770,-1,-1,-1
250,3,936.39,905.76,66.35,174.28,0.7306,-1,-1,-1
250,4,1720.74,458.64,73.80,208.70,0.5974,-1,-1,-1
250,5,1385.03,569.71,90.56,246.87,0.5921,-1,-1,-1
250,7,938.39,109.88,59.57,179.94,0.4964,-1,-1,-1
250,18,388.70,515.52,83.79,239.34,0.6796,-1,-1,-1
250,25,582.60,380.74,60.32,203.66,0.6333,-1,-1,-1
250,6,221.89,465.04,59.30,195.86,0.5544,-1,-1,-1
250,8,486.31,368.91,72.24,217.81,0.6865,-1,-1,-1
250,27,792.05,348.03,65.63,194.83,0.3419,-1,-1,-1
250,28,210.37,745.66,90.00,246.42,0.4590,-1,-1,-1
250,32,1074.11,115.34,57.59,183.15,0.4141,-1,-1,-1
250,34,183.82,668.68,89.42,175.28,0.4675,-1,-1,-1
250,38,1147.47,110.76,56.62,166.15,0.3423,-1,-1,-1
250,21,791.82,153.65,62.93,167.61,0.2472,-1,-1,-1
250,41,857.18,354.93,71.04,191.26,0.3947,-1,-1,-1
251,1,450.01,168.71,75.24,211.57,0.3775,-1,-1,-1
251,2,130.88,565.70,80.93,252.54,0.6997,-1,-1,-1
251,3,937.55,907.36,66.41,172.86,0.7399,-1,-1,-1
251,4,1720.16,459.05,74.96,208.07,0.6039,-1,-1,-1
251,5,1387.68,568.93,88.92,247.36,0.6264,-1,-1,-1
251,7,936.55,109.86,63.17,180.61,0.4688,-1,-1,-1
251,18,388.24,513.23,84.84,239.71,0.6660,-1,-1,-1
251,25,581.66,383.05,60.30,203.59,0.6521,-1,-1,-1
251,6,222.00,462.11,59.37,196.73,0.5621,-1,-1,-1
251,8,488.52,369.52,69.70,223.71,0.6535,-1,-1,-1
251,27,791.93,350.72,65.87,192.41,0.3654,-1,-1,-1
251,28,211.57,745.77,89.27,247.53,0.5580,-1,-1,-1
251,32,1072.83,114.88,57.68,183.77,0.3956,-1,-1,-1
251,34,185.75,673.28,91.18,151.58,0.5091,-1,-1,-1
251,38,1146.32,109.42,58.08,167.28,0.2883,-1,-1,-1
251,21,792.35,154.86,63.26,165.42,0.2354,-1,-1,-1
251,41,859.75,355.60,69.38,193.16,0.3476,-1,-1,-1
252,1,450.26,167.47,74.61,209.20,0.3791,-1,-1,-1
252,2,133.56,566.16,82.26,250.99,0.7028,-1,-1,-1
252,3,938.24,908.01,66.81,172.06,0.7130,-1,-1,-1
252,4,1720.40,459.50,74.39,207.43,0.5842,-1,-1,-1
252,5,1388.06,569.57,88.14,244.41,0.5681,-1,-1,-1
252,7,936.65,107.53,64.21,182.08,0.4815,-1,-1,-1
252,18,389.42,510.42,83.87,240.65,0.6645,-1,-1,-1
252,25,580.84,384.00,61.09,204.87,0.6670,-1,-1,-1
252,6,221.66,457.34,59.44,200.42,0.5741,-1,-1,-1
252,8,489.26,371.87,68.80,226.35,0.6551,-1,-1,-1
252,27,793.27,351.21,65.78,192.78,0.2984,-1,-1,-1
252,28,211.02,743.35,94.74,249.23,0.6634,-1,-1,-1
252,32,1071.95,114.35,57.74,184.14,0.3635,-1,-1,-1
252,34,187.23,675.92,91.68,143.45,0.4682,-1,-1,-1
252,38,1145.54,108.78,57.65,170.59,0.3292,-1,-1,-1
252,21,793.72,155.45,60.27,164.66,0.2347,-1,-1,-1
252,41,862.66,358.75,63.71,190.63,0.3580,-1,-1,-1
253,1,451.80,166.64,72.34,208.30,0.3850,-1,-1,-1
253,2,135.92,566.05,83.72,249.15,0.6958,-1,-1,-1
253,3,938.55,908.25,67.94,171.75,0.7337,-1,-1,-1
253,4,1720.98,458.48,73.89,208.70,0.5712,-1,-1,-1
253,5,1388.96,570.21,87.58,246.11,0.6156,-1,-1,-1
253,7,935.68,108.31,65.93,181.66,0.4963,-1,-1,-1
253,18,389.38,507.62,83.57,240.08,0.6696,-1,-1,-1
253,25,579.29,384.14,61.81,207.27,0.6808,-1,-1,-1
253,6,221.47,456.56,61.07,199.08,0.6013,-1,-1,-1
253,8,489.04,374.05,69.20,226.27,0.6621,-1,-1,-1
253,27,795.20,351.80,65.43,195.05,0.2707,-1,-1,-1
253,28,215.81,740.17,92.68,250.84,0.7348,-1,-1,-1
253,32,1069.94,114.37,58.72,183.07,0.3576,-1,-1,-1
253,34,193.25,677.43,84.65,137.58,0.4554,-1,-1,-1
253,38,1144.89,108.18,56.50,171.01,0.3587,-1,-1,-1
253,21,795.72,154.52,59.70,165.88,0.2510,-1,-1,-1
253,41,867.41,361.51,58.58,189.90,0.2892,-1,-1,-1
254,1,452.56,165.98,71.14,205.50,0.3667,-1,-1,-1
254,2,137.58,565.93,84.89,247.01,0.6678,-1,-1,-1
254,3,939.43,909.33,68.24,170.67,0.7324,-1,-1,-1
254,4,1720.77,458.70,73.74,208.68,0.5815,-1,-1,-1
254,5,1390.03,570.07,87.04,245.96,0.6194,-1,-1,-1
254,7,935.34,108.62,67.74,181.73,0.4882,-1,-1,-1
254,18,390.23,504.97,81.37,238.78,0.6371,-1,-1,-1
254,25,577.95,385.83,62.45,207.53,0.6929,-1,-1,-1
254,6,221.21,455.74,61.85,198.79,0.5802,-1,-1,-1
254,8,488.81,374.21,69.05,229.47,0.6530,-1,-1,-1
254,27,795.40,351.29,67.50,194.07,0.3483,-1,-1,-1
254,28,220.84,738.33,89.39,253.18,0.7766,-1,-1,-1
254,32,1069.07,114.09,57.18,183.23,0.3859,-1,-1,-1
254,34,194.93,678.39,83.38,136.74,0.4665,-1,-1,-1
254,38,1144.09,107.91,55.16,170.07,0.3486,-1,-1,-1
254,21,796.95,154.12,59.12,166.79,0.2559,-1,-1,-1
254,41,867.30,362.00,58.98,190.28,0.3536,-1,-1,-1
255,1,455.06,165.27,66.75,202.19,0.3489,-1,-1,-1
255,2,139.84,564.32,84.85,246.10,0.6900,-1,-1,-1
255,3,939.47,909.54,69.77,169.73,0.7318,-1,-1,-1
255,4,1721.03,459.16,72.98,207.78,0.6055,-1,-1,-1
255,5,1390.93,569.55,86.70,248.19,0.6545,-1,-1,-1
255,7,934.53,108.53,69.67,180.66,0.4830,-1,-1,-1
255,18,391.38,502.25,80.68,234.37,0.6715,-1,-1,-1
255,25,577.00,386.18,62.48,208.01,0.7303,-1,-1,-1
255,6,221.17,455.05,62.72,198.04,0.6190,-1,-1,-1
255,8,488.53,374.80,69.31,230.51,0.6682,-1,-1,-1
255,27,797.42,351.34,68.85,198.88,0.3314,-1,-1,-1
255,28,222.11,736.45,91.05,259.07,0.7279,-1,-1,-1
255,32,1067.35,113.39,57.00,183.42,0.4080,-1,-1,-1
255,34,198.56,680.01,82.49,136.10,0.4726,-1,-1,-1
255,38,1142.50,107.03,55.17,171.30,0.3291,-1,-1,-1
255,21,796.95,152.40,59.03,168.63,0.2485,-1,-1,-1
255,41,866.45,360.75,66.94,193.07,0.3665,-1,-1,-1
256,1,455.02,164.51,66.93,199.59,0.3204,-1,-1,-1
256,2,141.04,564.61,85.38,244.98,0.6531,-1,-1,-1
256,3,939.40,909.96,71.18,169.83,0.7424,-1,-1,-1
256,4,1720.38,459.10,73.85,208.40,0.5660,-1,-1,-1
256,5,1392.36,568.89,87.12,246.89,0.6374,-1,-1,-1
256,7,934.67,107.82,70.10,180.58,0.4859,-1,-1,-1
256,18,391.75,499.00,79.71,231.82,0.6535,-1,-1,-1
256,25,576.08,387.12,62.51,207.72,0.7456,-1,-1,-1
256,6,221.09,454.61,62.83,196.83,0.5988,-1,-1,-1
256,8,489.38,375.63,68.17,230.38,0.6659,-1,-1,-1
256,27,797.42,351.22,71.01,201.24,0.2882,-1,-1,-1
256,28,226.89,736.71,88.84,265.08,0.7176,-1,-1,-1
256,32,1066.19,113.15,56.51,183.26,0.3983,-1,-1,-1
256,34,202.52,678.97,87.20,143.77,0.5372,-1,-1,-1
256,38,1140.54,106.20,55.72,171.65,0.3388,-1,-1,-1
256,21,797.41,152.28,57.89,167.87,0.2967,-1,-1,-1
256,41,869.10,362.29,65.49,192.58,0.3311,-1,-1,-1
257,1,455.50,163.38,66.79,197.21,0.3066,-1,-1,-1
257,2,141.43,564.56,88.28,244.64,0.6214,-1,-1,-1
257,3,939.21,910.97,73.05,168.77,0.7510,-1,-1,-1
257,4,1720.13,459.71,73.82,207.54,0.5787,-1,-1,-1
257,5,1394.23,567.80,86.50,245.40,0.6267,-1,-1,-1
257,7,934.96,106.97,69.77,181.16,0.4313,-1,-1,-1
257,18,392.15,495.08,79.90,232.02,0.6822,-1,-1,-1
257,25,575.19,387.55,62.44,206.65,0.7584,-1,-1,-1
257,6,220.61,453.95,64.24,197.52,0.5733,-1,-1,-1
257,8,488.33,378.13,69.33,228.42,0.6776,-1,-1,-1
257,27,798.84,351.19,73.65,201.55,0.3215,-1,-1,-1
257,28,232.78,743.24,86.21,266.99,0.7338,-1,-1,-1
257,32,1064.19,112.60,56.87,184.04,0.3662,-1,-1,-1
257,34,204.52,679.04,88.41,150.18,0.5773,-1,-1,-1
257,38,1138.72,105.78,57.14,170.75,0.3213,-1,-1,-1
257,21,796.84,152.48,58.83,166.70,0.2422,-1,-1,-1
257,41,870.23,363.61,59.75,188.07,0.3795,-1,-1,-1
258,1,455.77,163.15,67.53,196.19,0.3236,-1,-1,-1
258,2,142.66,564.71,90.21,246.67,0.5904,-1,-1,-1
258,3,938.97,912.54,74.07,166.62,0.7498,-1,-1,-1
258,4,1720.38,459.45,73.87,207.61,0.5670,-1,-1,-1
258,5,1395.70,566.86,85.89,242.12,0.6222,-1,-1,-1
258,7,936.56,105.76,68.93,180.10,0.4244,-1,-1,-1
258,18,390.82,492.83,80.47,233.08,0.6808,-1,-1,-1
258,25,574.93,388.23,61.84,205.24,0.7471,-1,-1,-1
258,6,221.06,453.15,64.39,197.54,0.5341,-1,-1,-1
258,8,488.89,377.78,68.46,228.96,0.6612,-1,-1,-1
258,27,801.12,352.30,74.54,202.36,0.3336,-1,-1,-1
258,28,234.05,747.76,86.40,269.48,0.7665,-1,-1,-1
258,32,1063.83,112.70,57.99,182.60,0.3175,-1,-1,-1
258,34,210.64,680.17,84.27,154.67,0.5355,-1,-1,-1
258,38,1137.06,104.29,58.37,170.91,0.2798,-1,-1,-1
258,21,796.08,154.93,59.64,164.48,0.2254,-1,-1,-1
258,41,871.60,363.62,56.55,186.08,0.3488,-1,-1,-1
259,1,458.27,162.41,67.47,196.99,0.3508,-1,-1,-1
259,2,144.25,565.55,92.46,245.72,0.6284,-1,-1,-1
259,3,938.81,913.90,75.84,164.87,0.7305,-1,-1,-1
259,4,1720.03,459.36,74.62,208.28,0.5633,-1,-1,-1
259,5,1399.70,566.55,82.70,238.51,0.5870,-1,-1,-1
259,7,938.78,103.80,66.28,179.39,0.4182,-1,-1,-1
259,18,388.97,491.45,82.11,233.51,0.6569,-1,-1,-1
259,25,574.21,389.62,62.57,203.14,0.7489,-1,-1,-1
259,6,222.30,452.24,63.10,196.75,0.5074,-1,-1,-1
259,8,487.44,380.85,69.53,225.50,0.6675,-1,-1,-1
259,27,803.03,353.01,72.83,202.61,0.4112,-1,-1,-1
259,28,235.12,753.04,86.77,266.00,0.7464,-1,-1,-1
259,32,1062.63,112.15,58.22,181.85,0.3250,-1,-1,-1
259,34,212.19,681.69,86.63,136.16,0.4741,-1,-1,-1
259,38,1136.05,103.14,59.42,168.54,0.2674,-1,-1,-1
259,21,794.22,155.91,58.96,163.73,0.2354,-1,-1,-1
259,41,872.43,366.90,52.80,181.76,0.3351,-1,-1,-1
260,1,458.17,162.21,68.73,197.51,0.3749,-1,-1,-1
260,2,149.65,565.06,89.63,246.40,0.6317,-1,-1,-1
260,3,939.31,914.80,77.88,162.84,0.7219,-1,-1,-1
260,4,1719.70,459.36,74.60,208.44,0.5875,-1,-1,-1
260,5,1402.85,565.90,79.86,239.31,0.5580,-1,-1,-1
260,7,939.42,101.64,65.79,175.78,0.4327,-1,-1,-1
260,18,385.10,490.20,85.78,234.82,0.6638,-1,-1,-1
260,25,573.59,390.89,62.31,200.63,0.7528,-1,-1,-1
260,6,222.45,451.36,63.05,195.20,0.5084,-1,-1,-1
260,8,489.12,380.75,68.30,226.00,0.6627,-1,-1,-1
260,27,805.69,354.62,68.51,200.69,0.3907,-1,-1,-1
260,28,237.40,756.89,85.77,266.92,0.7298,-1,-1,-1
260,32,1061.14,110.98,56.85,183.55,0.3461,-1,-1,-1
260,34,215.73,682.67,86.52,127.18,0.5331,-1,-1,-1
260,38,1133.95,102.63,58.82,169.38,0.2824,-1,-1,-1
260,21,792.11,153.90,62.60,165.83,0.2443,-1,-1,-1
260,41,870.46,366.72,60.62,183.16,0.3002,-1,-1,-1
261,1,454.18,161.07,74.46,200.71,0.3852,-1,-1,-1
261,2,156.91,565.04,83.38,247.87,0.6510,-1,-1,-1
261,3,939.42,915.14,80.06,163.05,0.7262,-1,-1,-1
261,4,1720.35,459.54,73.94,208.70,0.5984,-1,-1,-1
261,5,1408.12,565.67,75.58,239.63,0.5533,-1,-1,-1
261,7,939.30,99.42,65.61,174.12,0.4449,-1,-1,-1
261,18,380.14,488.25,90.33,236.94,0.6513,-1,-1,-1
261,25,573.49,392.59,61.79,197.96,0.7492,-1,-1,-1
261,6,222.44,450.16,63.02,194.11,0.4819,-1,-1,-1
261,8,487.71,383.44,69.20,222.39,0.6894,-1,-1,-1
261,27,804.88,354.41,70.85,202.11,0.3710,-1,-1,-1
261,28,239.79,762.27,83.74,260.39,0.6982,-1,-1,-1
261,32,1060.19,109.66,57.18,183.47,0.2976,-1,-1,-1
261,34,218.17,684.32,86.49,126.33,0.6283,-1,-1,-1
261,38,1132.17,100.75,58.29,167.82,0.2494,-1,-1,-1
261,21,791.59,155.33,61.12,164.73,0.2316,-1,-1,-1
261,41,872.48,369.64,53.92,182.10,0.2629,-1,-1,-1
262,1,457.42,161.55,71.07,199.19,0.3847,-1,-1,-1
262,2,161.67,565.22,83.04,250.18,0.6476,-1,-1,-1
262,3,938.24,916.86,82.27,160.41,0.7270,-1,-1,-1
262,4,1720.27,459.92,74.15,208.36,0.5942,-1,-1,-1
262,5,1410.28,564.16,76.59,240.04,0.5662,-1,-1,-1
262,7,938.37,98.15,66.24,171.90,0.4969,-1,-1,-1
262,18,377.39,486.88,92.73,237.52,0.6312,-1,-1,-1
262,25,573.20,394.84,61.52,196.70,0.7370,-1,-1,-1
262,6,222.43,448.85,63.16,193.27,0.5123,-1,-1,-1
262,8,487.91,384.67,68.76,220.82,0.7154,-1,-1,-1
262,27,806.26,355.24,68.92,201.92,0.4090,-1,-1,-1
262,28,241.68,764.38,85.04,263.30,0.6923,-1,-1,-1
262,32,1058.58,108.35,57.18,183.97,0.3764,-1,-1,-1
262,34,222.31,686.78,83.49,125.38,0.5628,-1,-1,-1
262,38,1131.22,100.48,59.04,168.17,0.2923,-1,-1,-1
262,21,789.24,151.91,65.27,168.20,0.2332,-1,-1,-1
262,41,874.22,368.24,60.03,187.47,0.2309,-1,-1,-1
263,1,455.82,160.43,70.67,201.37,0.3656,-1,-1,-1
263,2,165.83,565.35,80.39,251.41,0.6834,-1,-1,-1
263,3,937.06,918.14,84.59,158.73,0.7391,-1,-1,-1
263,4,1719.96,460.02,74.70,208.19,0.5725,-1,-1,-1
263,5,1411.19,564.84,76.20,237.50,0.5936,-1,-1,-1
263,7,938.70,96.34,65.72,174.02,0.4812,-1,-1,-1
263,18,375.93,485.51,93.45,238.51,0.6103,-1,-1,-1
263,25,572.51,396.50,62.17,198.14,0.7086,-1,-1,-1
263,6,223.53,446.61,62.46,191.58,0.5247,-1,-1,-1
263,8,487.64,385.22,68.86,220.05,0.6994,-1,-1,-1
263,27,804.94,355.41,72.72,204.72,0.4040,-1,-1,-1
263,28,243.29,767.88,85.60,263.01,0.6711,-1,-1,-1
263,32,1056.92,107.10,57.70,184.42,0.3888,-1,-1,-1
263,34,224.77,688.64,83.84,124.25,0.4590,-1,-1,-1
263,38,1129.60,98.15,57.76,168.25,0.2719,-1,-1,-1
263,21,789.09,150.96,65.97,169.24,0.2074,-1,-1,-1
263,41,875.36,371.69,52.83,185.50,0.2610,-1,-1,-1
264,1,458.34,160.36,67.75,200.18,0.3307,-1,-1,-1
264,2,169.43,564.72,78.42,252.79,0.6906,-1,-1,-1
264,3,937.14,919.51,85.10,156.67,0.7568,-1,-1,-1
264,4,1720.50,459.83,74.30,208.47,0.5837,-1,-1,-1
264,5,1411.47,565.10,78.78,237.02,0.6160,-1,-1,-1
264,7,938.07,94.51,66.35,176.57,0.4415,-1,-1,-1
264,18,374.45,484.75,94.20,238.45,0.6068,-1,-1,-1
264,25,571.11,397.50,62.51,199.50,0.6840,-1,-1,-1
264,6,225.30,447.16,61.31,188.15,0.5597,-1,-1,-1
264,8,486.55,385.52,69.96,218.57,0.6894,-1,-1,-1
264,27,803.42,357.52,70.85,204.92,0.3900,-1,-1,-1
264,28,245.86,771.55,86.31,261.35,0.7475,-1,-1,-1
264,32,1054.92,106.86,57.62,179.34,0.3533,-1,-1,-1
264,34,231.86,691.62,78.09,120.56,0.6107,-1,-1,-1
264,38,1127.92,97.19,57.32,168.38,0.2778,-1,-1,-1
264,21,789.94,153.82,62.18,165.94,0.2293,-1,-1,-1
264,41,874.35,370.90,60.86,188.13,0.2870,-1,-1,-1
265,1,459.70,161.05,64.96,199.47,0.3726,-1,-1,-1
265,2,173.08,565.41,76.24,254.26,0.6907,-1,-1,-1
265,3,937.99,920.12,85.32,156.24,0.7552,-1,-1,-1
265,4,1720.62,460.04,74.07,208.32,0.6012,-1,-1,-1
265,5,1411.76,565.46,79.05,239.03,0.5878,-1,-1,-1
265,7,938.97,93.17,64.96,178.85,0.4707,-1,-1,-1
265,18,373.50,484.06,94.49,238.54,0.6555,-1,-1,-1
265,25,570.10,399.02,63.07,198.97,0.7249,-1,-1,-1
265,6,226.66,444.73,60.82,188.43,0.5293,-1,-1,-1
265,8,486.09,385.77,69.73,218.33,0.6718,-1,-1,-1
265,27,802.98,358.33,72.96,207.49,0.3672,-1,-1,-1
265,28,247.29,772.52,86.13,261.39,0.7681,-1,-1,-1
265,32,1053.99,106.16,56.72,176.73,0.3834,-1,-1,-1
265,34,238.06,694.78,72.44,119.77,0.5711,-1,-1,-1
265,38,1126.76,96.34,56.44,164.99,0.3309,-1,-1,-1
265,21,788.81,151.32,65.24,169.11,0.2233,-1,-1,-1
265,41,875.99,370.81,62.32,193.52,0.2474,-1,-1,-1
266,1,460.71,160.31,64.11,201.02,0.3287,-1,-1,-1
266,2,176.16,566.12,77.11,255.91,0.6938,-1,-1,-1
266,3,938.12,920.59,86.09,155.85,0.7624,-1,-1,-1
266,4,1720.47,460.32,74.12,208.12,0.5900,-1,-1,-1
266,5,1412.09,565.49,79.39,242.92,0.5712,-1,-1,-1
266,7,939.59,92.47,64.95,178.89,0.4587,-1,-1,-1
266,18,373.42,483.56,94.44,237.69,0.6410,-1,-1,-1
266,25,568.36,400.88,64.14,201.48,0.6711,-1,-1,-1
266,6,226.02,444.05,61.55,184.28,0.4919,-1,-1,-1
266,8,484.98,385.52,69.41,219.82,0.6286,-1,-1,-1
266,27,802.20,359.61,76.50,209.34,0.3998,-1,-1,-1
266,28,249.96,774.51,90.33,259.49,0.7715,-1,-1,-1
266,32,1053.33,105.16,56.47,177.71,0.4407,-1,-1,-1
266,34,245.54,698.20,66.75,117.84,0.5296,-1,-1,-1
266,38,1126.04,96.05,55.51,165.18,0.3528,-1,-1,-1
266,21,787.27,150.13,67.87,170.49,0.2568,-1,-1,-1
266,41,875.32,375.26,54.24,191.59,0.2028,-1,-1,-1
267,1,461.49,159.65,64.17,201.20,0.3729,-1,-1,-1
267,2,178.94,567.00,77.42,259.56,0.6878,-1,-1,-1
267,3,938.85,920.55,85.89,156.13,0.7638,-1,-1,-1
267,4,1720.27,460.10,74.84,208.18,0.5668,-1,-1,-1
267,5,1412.58,565.29,78.86,244.32,0.5652,-1,-1,-1
267,7,939.86,91.57,65.25,179.69,0.4569,-1,-1,-1
267,18,373.10,481.36,93.77,238.25,0.6063,-1,-1,-1
267,25,567.15,402.26,64.74,204.10,0.6512,-1,-1,-1
267,6,224.56,441.56,63.41,184.84,0.4859,-1,-1,-1
267,8,482.33,386.00,70.32,221.29,0.6252,-1,-1,-1
267,27,802.40,361.47,74.16,211.54,0.3825,-1,-1,-1
267,28,249.61,773.47,92.97,261.01,0.7581,-1,-1,-1
267,32,1051.35,104.28,57.79,178.70,0.4611,-1,-1,-1
267,34,249.22,701.37,66.39,114.79,0.5141,-1,-1,-1
267,38,1124.26,95.87,56.56,166.55,0.3902,-1,-1,-1
267,21,786.90,150.04,69.32,170.50,0.2777,-1,-1,-1
267,41,875.15,373.21,65.09,195.54,0.2141,-1,-1,-1
268,1,461.99,157.64,64.73,202.83,0.3736,-1,-1,-1
268,2,182.09,568.52,76.32,259.34,0.7076,-1,-1,-1
268,3,940.60,920.39,84.43,156.50,0.7583,-1,-1,-1
268,4,1720.39,460.08,74.17,208.14,0.5799,-1,-1,-1
268,5,1413.08,564.76,78.23,245.08,0.5941,-1,-1,-1
268,7,941.66,91.84,64.96,179.06,0.4517,-1,-1,-1
268,18,373.18,479.53,92.17,238.82,0.6350,-1,-1,-1
268,25,565.85,403.30,65.85,205.59,0.6217,-1,-1,-1
268,6,224.07,439.77,63.85,186.20,0.5367,-1,-1,-1
268,8,479.82,387.92,72.08,222.86,0.6269,-1,-1,-1
268,27,803.43,362.53,72.12,214.67,0.3779,-1,-1,-1
268,28,251.34,771.09,90.10,263.47,0.7428,-1,-1,-1
268,32,1049.91,104.66,58.71,178.04,0.4543,-1,-1,-1
268,34,253.68,704.04,65.39,112.68,0.5486,-1,-1,-1
268,38,1122.69,96.11,57.23,167.28,0.4121,-1,-1,-1
268,21,785.58,149.59,71.34,170.95,0.2645,-1,-1,-1
268,41,874.80,373.60,66.75,196.38,0.2462,-1,-1,-1
269,1,462.10,158.65,65.26,199.88,0.4034,-1,-1,-1
269,2,184.07,570.90,78.53,255.00,0.7132,-1,-1,-1
269,3,942.76,920.56,83.19,156.68,0.7536,-1,-1,-1
269,4,1720.65,460.46,73.95,207.20,0.5950,-1,-1,-1
269,5,1414.04,566.00,78.45,244.14,0.5825,-1,-1,-1
269,7,942.41,91.84,64.72,178.62,0.4964,-1,-1,-1
269,18,374.04,477.87,90.89,239.18,0.6512,-1,-1,-1
269,25,565.35,401.39,66.86,208.43,0.6025,-1,-1,-1
269,6,224.57,437.73,64.04,188.70,0.5008,-1,-1,-1
269,8,476.76,389.52,74.37,222.12,0.6339,-1,-1,-1
269,27,805.50,365.43,66.89,213.22,0.4112,-1,-1,-1
269,28,252.42,773.55,90.26,261.19,0.7192,-1,-1,-1
269,32,1048.59,104.54,59.01,176.32,0.4455,-1,-1,-1
269,34,257.15,705.93,66.18,112.68,0.5752,-1,-1,-1
269,38,1121.47,95.80,57.58,167.58,0.3743,-1,-1,-1
269,21,785.17,149.51,72.08,170.83,0.2432,-1,-1,-1
269,41,873.19,376.27,72.66,193.36,0.2839,-1,-1,-1
270,1,462.63,155.51,62.89,201.69,0.3781,-1,-1,-1
270,2,185.70,572.12,81.59,249.58,0.6872,-1,-1,-1
270,3,944.12,920.85,82.23,157.16,0.7542,-1,-1,-1
270,4,1720.62,460.96,73.94,206.69,0.5593,-1,-1,-1
270,5,1416.17,569.03,79.69,241.53,0.5704,-1,-1,-1
270,7,941.94,91.58,66.30,178.68,0.4803,-1,-1,-1
270,18,374.94,475.61,89.45,236.69,0.6330,-1,-1,-1
270,25,564.42,401.72,68.04,211.44,0.6109,-1,-1,-1
270,6,225.26,436.48,63.40,190.05,0.4791,-1,-1,-1
270,8,475.07,391.92,75.15,221.58,0.6352,-1,-1,-1
270,27,806.09,367.33,65.31,211.95,0.3779,-1,-1,-1
270,28,256.14,770.74,87.60,263.20,0.7717,-1,-1,-1
270,32,1047.33,103.09,58.86,177.23,0.4334,-1,-1,-1
270,34,259.85,706.74,68.43,109.24,0.5494,-1,-1,-1
270,38,1120.37,95.82,57.63,167.87,0.3594,-1,-1,-1
270,21,786.92,152.52,66.56,167.72,0.2431,-1,-1,-1
270,41,874.01,377.83,68.70,192.48,0.2705,-1,-1,-1
271,1,462.91,155.78,63.67,201.03,0.3591,-1,-1,-1
271,2,187.33,573.97,84.11,246.71,0.6548,-1,-1,-1
271,3,945.37,921.47,81.48,156.67,0.7321,-1,-1,-1
271,4,1720.02,460.44,74.74,207.92,0.5715,-1,-1,-1
271,5,1419.35,572.46,79.65,239.27,0.5328,-1,-1,-1
271,7,942.23,90.94,66.51,177.89,0.5083,-1,-1,-1
271,18,377.95,472.50,86.09,231.34,0.6263,-1,-1,-1
271,25,564.58,402.43,66.96,210.05,0.6059,-1,-1,-1
271,6,226.33,435.35,62.05,187.11,0.4748,-1,-1,-1
271,8,473.65,393.54,75.90,220.16,0.6237,-1,-1,-1
271,27,810.02,369.92,61.77,213.14,0.4080,-1,-1,-1
271,28,258.90,771.86,85.99,261.80,0.7423,-1,-1,-1
271,32,1045.26,103.34,59.62,178.16,0.4223,-1,-1,-1
271,34,262.46,707.98,70.75,112.37,0.4870,-1,-1,-1
271,38,1118.31,95.45,58.16,167.68,0.3164,-1,-1,-1
271,21,786.63,150.64,69.22,169.71,0.2632,-1,-1,-1
271,41,877.64,379.07,58.86,188.91,0.3122,-1,-1,-1
272,1,463.22,154.40,65.20,201.15,0.3687,-1,-1,-1
272,2,189.07,574.44,86.32,246.29,0.6725,-1,-1,-1
272,3,945.92,921.78,81.13,156.43,0.7200,-1,-1,-1
272,4,1720.02,460.31,74.49,207.31,0.5513,-1,-1,-1
272,5,1421.77,574.70,79.87,240.49,0.5212,-1,-1,-1
272,7,941.77,90.38,67.97,178.43,0.4846,-1,-1,-1
272,18,383.66,469.00,81.74,227.64,0.5994,-1,-1,-1
272,25,564.28,402.91,66.37,212.40,0.5547,-1,-1,-1
272,6,227.75,433.71,60.43,186.75,0.4514,-1,-1,-1
272,8,472.19,395.12,76.39,219.60,0.5960,-1,-1,-1
272,27,810.36,371.64,61.48,214.47,0.3823,-1,-1,-1
272,28,259.81,778.72,87.65,258.89,0.7314,-1,-1,-1
272,32,1042.61,103.34,60.60,178.69,0.3883,-1,-1,-1
272,34,267.48,708.42,71.50,116.66,0.5237,-1,-1,-1
272,38,1116.49,96.11,56.44,166.13,0.3194,-1,-1,-1
272,21,787.45,149.77,68.55,170.92,0.2522,-1,-1,-1
272,41,877.74,380.12,59.88,186.97,0.3478,-1,-1,-1
273,1,463.63,152.93,64.55,199.98,0.4016,-1,-1,-1
273,2,190.69,575.40,89.41,245.83,0.6836,-1,-1,-1
273,3,945.87,922.13,81.47,156.28,0.7232,-1,-1,-1
273,4,1719.99,460.49,74.11,207.31,0.5607,-1,-1,-1
273,5,1423.77,579.11,78.33,237.05,0.4947,-1,-1,-1
273,7,942.11,89.36,66.85,178.70,0.4864,-1,-1,-1
273,18,387.11,465.67,78.57,226.31,0.5870,-1,-1,-1
273,25,562.65,404.19,67.11,212.57,0.5505,-1,-1,-1
273,6,228.99,432.76,59.05,184.53,0.4705,-1,-1,-1
273,8,471.19,396.44,75.57,218.80,0.6029,-1,-1,-1
273,27,809.33,373.07,63.03,211.94,0.3559,-1,-1,-1
273,28,258.76,781.34,91.30,261.10,0.7243,-1,-1,-1
273,32,1039.96,102.65,62.38,178.17,0.3632,-1,-1,-1
273,34,272.66,708.75,73.12,123.84,0.5730,-1,-1,-1
273,38,1114.13,95.29,61.19,166.69,0.3034,-1,-1,-1
273,21,787.40,149.65,68.37,170.85,0.2531,-1,-1,-1
273,41,881.09,379.58,57.33,189.39,0.3404,-1,-1,-1
274,1,463.42,152.08,63.81,196.78,0.4000,-1,-1,-1
274,2,192.92,576.31,90.98,246.96,0.6953,-1,-1,-1
274,3,945.98,922.32,81.35,156.38,0.7051,-1,-1,-1
274,4,1720.38,460.36,73.73,207.50,0.5941,-1,-1,-1
274,5,1425.22,579.36,78.46,239.16,0.5285,-1,-1,-1
274,7,942.46,88.25,65.85,179.53,0.5143,-1,-1,-1
274,18,387.51,462.25,78.44,227.59,0.6235,-1,-1,-1
274,25,560.62,404.97,67.06,211.88,0.5340,-1,-1,-1
274,6,229.03,431.69,58.67,183.33,0.4638,-1,-1,-1
274,8,470.44,397.43,74.69,218.69,0.6237,-1,-1,-1
274,27,807.45,373.77,63.14,212.32,0.3452,-1,-1,-1
274,28,261.61,785.33,93.25,262.18,0.7129,-1,-1,-1
274,32,1036.07,102.16,66.39,178.44,0.3904,-1,-1,-1
274,34,276.40,708.93,74.80,136.02,0.6443,-1,-1,-1
274,38,1112.63,94.68,63.26,166.09,0.3425,-1,-1,-1
274,21,788.85,149.94,66.57,170.29,0.2475,-1,-1,-1
274,41,883.58,381.83,55.50,188.83,0.3510,-1,-1,-1
275,1,463.40,151.05,63.90,194.82,0.4035,-1,-1,-1
275,2,194.67,577.87,93.81,249.36,0.6726,-1,-1,-1
275,3,945.10,922.37,82.56,156.48,0.7236,-1,-1,-1
275,4,1720.46,460.16,73.62,207.56,0.5894,-1,-1,-1
275,5,1427.89,580.07,77.58,239.63,0.5107,-1,-1,-1
275,7,942.42,86.26,65.53,180.89,0.4998,-1,-1,-1
275,18,387.12,461.14,78.96,226.69,0.6142,-1,-1,-1
275,25,559.48,405.76,66.58,209.51,0.5956,-1,-1,-1
275,6,228.59,430.47,59.75,188.06,0.3376,-1,-1,-1
275,8,469.84,397.74,73.47,217.01,0.6622,-1,-1,-1
275,27,810.81,374.49,61.38,211.04,0.3949,-1,-1,-1
275,28,265.77,783.32,92.51,267.02,0.7037,-1,-1,-1
275,32,1032.68,102.36,69.02,178.97,0.3359,-1,-1,-1
275,34,277.78,711.30,80.95,140.17,0.4186,-1,-1,-1
275,38,1111.04,94.34,64.16,168.07,0.3067,-1,-1,-1
275,21,789.54,149.60,65.72,170.47,0.2367,-1,-1,-1
275,41,885.73,380.95,54.67,191.01,0.3576,-1,-1,-1
276,1,462.78,149.85,65.32,194.25,0.4025,-1,-1,-1
276,2,195.85,577.95,94.73,249.19,0.6742,-1,-1,-1
276,3,944.27,922.85,83.58,156.11,0.7485,-1,-1,-1
276,4,1719.79,460.42,74.26,206.97,0.5907,-1,-1,-1
276,5,1431.26,579.50,75.66,241.49,0.5314,-1,-1,-1
276,7,943.20,84.63,63.73,180.69,0.4541,-1,-1,-1
276,18,387.60,459.74,78.54,226.94,0.6327,-1,-1,-1
276,25,557.88,407.18,67.19,207.01,0.6340,-1,-1,-1
276,6,228.30,428.67,59.70,191.38,0.3363,-1,-1,-1
276,8,468.46,398.79,73.38,216.77,0.6653,-1,-1,-1
276,27,809.66,374.51,63.29,211.02,0.4045,-1,-1,-1
276,28,270.23,783.64,91.73,270.91,0.6299,-1,-1,-1
276,32,1031.24,102.52,68.97,179.66,0.3324,-1,-1,-1
276,34,280.14,714.59,84.53,141.85,0.3169,-1,-1,-1
276,38,1108.81,94.33,65.35,167.98,0.2945,-1,-1,-1
276,21,790.31,152.34,61.12,168.17,0.2719,-1,-1,-1
276,41,886.37,382.09,55.85,190.79,0.3102,-1,-1,-1
277,1,463.25,147.71,65.89,195.28,0.3741,-1,-1,-1
277,2,196.87,577.34,91.94,249.69,0.6509,-1,-1,-1
277,3,943.84,923.47,84.18,155.11,0.7530,-1,-1,-1
277,4,1719.26,459.93,74.84,208.15,0.5908,-1,-1,-1
277,5,1434.24,580.02,74.26,242.52,0.4953,-1,-1,-1
277,7,943.83,83.80,60.59,176.38,0.4629,-1,-1,-1
277,18,388.52,458.91,78.43,227.63,0.6094,-1,-1,-1
277,25,557.12,409.41,66.56,204.56,0.6592,-1,-1,-1
277,6,228.80,426.66,58.69,186.54,0.3896,-1,-1,-1
277,8,466.86,400.80,72.59,216.34,0.6854,-1,-1,-1
277,27,809.47,375.23,64.55,210.34,0.3816,-1,-1,-1
277,28,272.74,784.08,89.14,276.35,0.6521,-1,-1,-1
277,32,1030.11,102.68,68.99,179.67,0.3401,-1,-1,-1
277,34,282.53,718.05,88.76,142.91,0.5263,-1,-1,-1
277,38,1107.57,94.56,63.67,165.75,0.2780,-1,-1,-1
277,21,789.84,151.09,64.67,170.11,0.2580,-1,-1,-1
277,41,885.12,386.41,61.25,184.94,0.3408,-1,-1,-1
278,1,464.00,146.76,64.96,195.92,0.3474,-1,-1,-1
278,2,198.19,576.48,87.54,250.92,0.6518,-1,-1,-1
278,3,943.61,923.74,84.46,154.29,0.7645,-1,-1,-1
278,4,1719.31,459.57,75.17,208.98,0.5597,-1,-1,-1
278,5,1436.15,582.09,74.21,242.30,0.4395,-1,-1,-1
278,7,942.80,82.03,61.96,176.23,0.4511,-1,-1,-1
278,18,388.77,458.66,79.21,226.87,0.5996,-1,-1,-1
278,25,555.50,411.05,67.10,204.47,0.6527,-1,-1,-1
278,6,228.69,424.74,58.85,180.01,0.4276,-1,-1,-1
278,8,465.82,401.44,71.00,216.75,0.6676,-1,-1,-1
278,27,812.37,376.45,62.70,208.94,0.3487,-1,-1,-1
278,28,275.01,788.30,84.25,274.78,0.6254,-1,-1,-1
278,32,1030.85,102.01,65.15,178.42,0.3740,-1,-1,-1
278,34,284.28,721.12,95.68,144.34,0.6428,-1,-1,-1
278,38,1106.04,94.69,63.40,166.63,0.2813,-1,-1,-1
278,21,790.17,152.50,61.57,167.38,0.2424,-1,-1,-1
278,41,884.85,388.09,63.08,183.78,0.3894,-1,-1,-1
279,1,463.94,146.52,64.95,196.52,0.3520,-1,-1,-1
279,2,201.48,577.18,80.72,250.71,0.5900,-1,-1,-1
279,3,942.98,924.02,85.05,154.04,0.7571,-1,-1,-1
279,4,1720.38,459.43,73.94,209.33,0.5664,-1,-1,-1
279,5,1437.08,588.24,73.13,237.25,0.2921,-1,-1,-1
279,7,942.31,79.46,61.22,177.50,0.4326,-1,-1,-1
279,18,388.13,458.14,80.88,228.37,0.5903,-1,-1,-1
279,25,554.60,412.74,66.81,204.27,0.6604,-1,-1,-1
279,6,229.16,423.12,58.74,176.87,0.4409,-1,-1,-1
279,8,465.30,403.70,69.72,213.37,0.6851,-1,-1,-1
279,27,815.59,378.18,59.82,207.67,0.3970,-1,-1,-1
279,28,276.83,792.71,83.46,277.94,0.6418,-1,-1,-1
279,32,1030.57,101.58,63.24,177.22,0.3995,-1,-1,-1
279,34,286.49,725.16,102.32,143.24,0.6494,-1,-1,-1
279,38,1104.08,93.69,60.22,162.86,0.3000,-1,-1,-1
279,21,790.20,153.25,60.13,167.21,0.2623,-1,-1,-1
279,41,884.72,390.15,62.42,185.27,0.3321,-1,-1,-1
279,42,747.25,333.53,55.35,187.69,0.4052,-1,-1,-1
280,1,463.57,145.01,66.20,198.73,0.3235,-1,-1,-1
280,2,207.61,581.57,70.04,245.30,0.5344,-1,-1,-1
280,3,942.20,924.52,86.21,153.36,0.7599,-1,-1,-1
280,4,1720.65,459.13,73.30,209.49,0.5728,-1,-1,-1
280,5,1437.78,588.87,72.72,237.75,0.3343,-1,-1,-1
280,7,941.99,78.49,61.14,178.01,0.4330,-1,-1,-1
280,18,388.56,457.45,80.66,230.02,0.6093,-1,-1,-1
280,25,553.93,414.95,66.47,206.18,0.6503,-1,-1,-1
280,6,229.38,421.29,58.59,178.19,0.4719,-1,-1,-1
280,8,465.42,405.13,67.63,212.84,0.7119,-1,-1,-1
280,27,817.66,379.67,57.70,205.51,0.3641,-1,-1,-1
280,28,277.61,796.52,83.14,278.74,0.6425,-1,-1,-1
280,32,1028.17,100.48,67.69,179.53,0.4267,-1,-1,-1
280,34,289.43,726.98,106.57,143.59,0.6612,-1,-1,-1
280,38,1102.57,94.18,62.14,160.93,0.2881,-1,-1,-1
280,21,789.98,152.44,64.63,168.73,0.2387,-1,-1,-1
280,41,883.76,391.84,63.59,187.79,0.3280,-1,-1,-1
280,42,748.47,337.72,59.66,187.57,0.4457,-1,-1,-1
281,1,463.65,143.98,66.73,199.79,0.3410,-1,-1,-1
281,2,209.32,581.24,70.10,248.79,0.5732,-1,-1,-1
281,3,941.54,924.05,86.69,154.07,0.7634,-1,-1,-1
281,4,1720.06,459.62,74.01,209.08,0.5693,-1,-1,-1
281,5,1438.87,587.87,74.44,238.94,0.4658,-1,-1,-1
281,7,941.56,77.44,60.68,178.26,0.4338,-1,-1,-1
281,18,390.11,456.67,78.70,230.03,0.6389,-1,-1,-1
281,25,553.40,417.43,65.53,206.57,0.6400,-1,-1,-1
281,6,228.86,419.26,60.37,183.97,0.4033,-1,-1,-1
281,8,464.94,405.69,66.62,212.88,0.6515,-1,-1,-1
281,27,818.86,380.62,57.19,201.41,0.3222,-1,-1,-1
281,28,279.91,798.47,83.40,278.23,0.6530,-1,-1,-1
281,32,1027.64,100.49,64.26,176.80,0.4630,-1,-1,-1
281,34,293.05,729.81,107.37,142.32,0.6483,-1,-1,-1
281,38,1101.92,93.55,59.09,159.12,0.3391,-1,-1,-1
281,21,789.46,151.66,65.33,169.24,0.2434,-1,-1,-1
281,41,885.78,394.64,63.42,185.69,0.3189,-1,-1,-1
281,42,752.02,340.56,57.81,182.94,0.3423,-1,-1,-1
282,1,463.81,143.16,67.40,200.65,0.3180,-1,-1,-1
282,2,215.06,584.24,65.07,245.07,0.6069,-1,-1,-1
282,3,940.86,924.07,87.27,153.81,0.7611,-1,-1,-1
282,4,1719.88,460.23,73.77,209.10,0.6166,-1,-1,-1
282,5,1439.39,586.30,75.52,240.10,0.4954,-1,-1,-1
282,7,940.58,77.21,61.25,177.89,0.4607,-1,-1,-1
282,18,390.50,455.39,76.92,229.11,0.6576,-1,-1,-1
282,25,552.44,419.19,64.87,205.07,0.6606,-1,-1,-1
282,6,228.46,416.68,61.34,188.71,0.4562,-1,-1,-1
282,8,465.18,406.34,64.90,211.43,0.6621,-1,-1,-1
282,27,819.98,382.23,57.50,189.94,0.3035,-1,-1,-1
282,28,281.80,800.33,83.70,277.22,0.7258,-1,-1,-1
282,32,1025.96,99.79,63.15,175.38,0.4273,-1,-1,-1
282,34,297.76,733.22,107.64,144.59,0.6510,-1,-1,-1
282,38,1101.27,92.64,57.12,160.32,0.3530,-1,-1,-1
282,21,789.87,152.88,61.19,167.20,0.2603,-1,-1,-1
282,41,886.90,395.77,64.72,188.16,0.2270,-1,-1,-1
282,42,755.48,342.14,57.25,178.39,0.4132,-1,-1,-1
283,1,464.00,143.78,67.85,199.94,0.3094,-1,-1,-1
283,2,218.84,584.50,64.18,245.07,0.5964,-1,-1,-1
283,3,940.73,923.95,87.61,153.78,0.7738,-1,-1,-1
283,4,1720.44,459.72,73.52,209.40,0.6045,-1,-1,-1
283,5,1440.26,584.62,76.34,241.68,0.4687,-1,-1,-1
283,7,940.61,78.44,59.25,173.06,0.4839,-1,-1,-1
283,18,389.46,452.22,77.88,230.94,0.6529,-1,-1,-1
283,25,552.62,421.00,62.63,205.70,0.6502,-1,-1,-1
283,6,228.54,415.01,61.74,185.22,0.4091,-1,-1,-1
283,8,465.46,407.57,64.39,212.06,0.6541,-1,-1,-1
283,27,820.04,383.15,58.25,194.52,0.3066,-1,-1,-1
283,28,283.25,800.36,84.56,277.56,0.7060,-1,-1,-1
283,32,1023.71,98.80,63.13,175.24,0.4521,-1,-1,-1
283,34,302.38,736.35,106.81,140.24,0.5675,-1,-1,-1
283,38,1100.24,92.20,57.16,161.50,0.3752,-1,-1,-1
283,21,788.52,152.24,65.72,168.19,0.2486,-1,-1,-1
283,41,886.58,396.23,66.47,193.60,0.2481,-1,-1,-1
283,42,759.24,344.02,57.08,175.36,0.3833,-1,-1,-1
284,1,463.26,143.07,67.73,200.10,0.3434,-1,-1,-1
284,2,222.97,581.23,63.43,252.04,0.5663,-1,-1,-1
284,3,939.30,923.29,88.99,154.58,0.7678,-1,-1,-1
284,4,1720.29,460.06,73.89,209.05,0.5968,-1,-1,-1
284,5,1440.98,582.32,77.04,244.10,0.4548,-1,-1,-1
284,7,940.73,78.59,58.96,172.08,0.4621,-1,-1,-1
284,18,391.15,449.75,75.70,232.06,0.6489,-1,-1,-1
284,25,552.06,423.22,62.94,208.56,0.6631,-1,-1,-1
284,6,228.76,412.80,60.60,179.22,0.3736,-1,-1,-1
284,8,464.63,409.15,65.93,214.89,0.6219,-1,-1,-1
284,27,820.13,384.39,59.76,195.17,0.2616,-1,-1,-1
284,28,283.55,801.31,86.06,277.15,0.7166,-1,-1,-1
284,32,1021.43,97.41,63.20,176.98,0.4284,-1,-1,-1
284,34,307.03,738.70,104.37,138.49,0.5648,-1,-1,-1
284,38,1098.67,92.16,57.07,162.66,0.3395,-1,-1,-1
284,21,788.73,152.57,62.73,168.26,0.2853,-1,-1,-1
284,41,890.20,396.93,65.34,194.06,0.2402,-1,-1,-1
284,42,763.06,345.87,57.39,174.31,0.3524,-1,-1,-1
285,1,463.15,142.89,66.12,200.09,0.3235,-1,-1,-1
285,2,226.93,579.92,63.19,254.19,0.5493,-1,-1,-1
285,3,938.25,922.59,89.55,154.97,0.7725,-1,-1,-1
285,4,1720.42,460.29,74.10,208.44,0.5917,-1,-1,-1
285,5,1443.90,580.26,78.29,245.72,0.5655,-1,-1,-1
285,7,940.55,78.83,60.14,173.47,0.4666,-1,-1,-1
285,18,391.94,448.11,74.34,232.14,0.6458,-1,-1,-1
285,25,551.23,424.16,61.64,210.65,0.6519,-1,-1,-1
285,6,227.82,412.45,62.41,183.75,0.3832,-1,-1,-1
285,8,464.45,409.97,66.18,217.35,0.6054,-1,-1,-1
285,27,823.21,384.48,58.26,201.38,0.3099,-1,-1,-1
285,28,284.22,802.27,87.34,276.29,0.6997,-1,-1,-1
285,32,1019.69,97.03,65.53,176.56,0.4522,-1,-1,-1
285,34,308.16,740.83,104.71,138.14,0.5574,-1,-1,-1
285,38,1096.37,91.27,56.99,162.50,0.3308,-1,-1,-1
285,21,788.70,151.45,65.18,169.46,0.2786,-1,-1,-1
285,41,890.91,398.69,59.77,194.68,0.2583,-1,-1,-1
285,42,766.05,349.50,59.13,183.71,0.3536,-1,-1,-1
286,1,463.14,143.82,63.84,198.15,0.2999,-1,-1,-1
286,2,231.06,578.45,62.91,256.25,0.5469,-1,-1,-1
286,3,939.21,922.17,87.59,155.50,0.7622,-1,-1,-1
286,4,1720.84,460.08,73.26,208.51,0.6185,-1,-1,-1
286,5,1446.53,579.92,78.64,247.41,0.4804,-1,-1,-1
286,7,940.44,78.53,60.57,174.42,0.4636,-1,-1,-1
286,18,392.25,445.91,73.52,231.36,0.6349,-1,-1,-1
286,25,549.03,425.33,62.75,211.47,0.6245,-1,-1,-1
286,6,228.71,411.23,62.34,195.98,0.3326,-1,-1,-1
286,8,464.03,411.05,66.42,222.03,0.6052,-1,-1,-1
286,27,825.24,385.96,57.42,203.60,0.3707,-1,-1,-1
286,28,284.58,804.13,90.32,273.81,0.7235,-1,-1,-1
286,32,1018.35,97.00,61.46,177.93,0.4904,-1,-1,-1
286,34,308.73,742.77,104.40,137.78,0.5543,-1,-1,-1
286,38,1095.13,90.11,54.04,164.74,0.3442,-1,-1,-1
286,21,789.55,151.98,65.48,169.14,0.2590,-1,-1,-1
286,41,893.24,398.94,63.83,196.18,0.3620,-1,-1,-1
286,42,769.82,351.95,59.10,192.92,0.2718,-1,-1,-1
287,1,462.09,143.59,64.32,198.15,0.3315,-1,-1,-1
287,2,233.42,579.72,63.45,255.35,0.5448,-1,-1,-1
287,3,939.37,922.22,86.67,155.70,0.7800,-1,-1,-1
287,4,1720.65,459.78,73.26,208.92,0.6076,-1,-1,-1
287,5,1449.35,579.70,79.50,247.44,0.5475,-1,-1,-1
287,7,940.06,78.06,61.12,176.15,0.4505,-1,-1,-1
287,18,392.44,444.08,73.57,226.02,0.6048,-1,-1,-1
287,25,545.71,426.10,64.72,211.34,0.6323,-1,-1,-1
287,6,229.36,411.41,62.67,207.68,0.3082,-1,-1,-1
287,8,463.93,412.32,65.91,224.08,0.5964,-1,-1,-1
287,27,823.71,390.53,66.86,204.38,0.3718,-1,-1,-1
287,28,285.61,808.05,92.83,268.95,0.7517,-1,-1,-1
287,32,1017.62,96.81,60.31,178.02,0.4812,-1,-1,-1
287,34,310.38,742.85,103.06,139.03,0.5587,-1,-1,-1
287,38,1093.08,90.43,55.22,164.43,0.3663,-1,-1,-1
287,21,789.39,152.16,65.75,169.61,0.2801,-1,-1,-1
287,41,893.58,399.56,63.61,196.13,0.3733,-1,-1,-1
287,42,774.85,351.17,59.17,201.95,0.2343,-1,-1,-1
288,1,462.43,143.89,65.80,197.27,0.3233,-1,-1,-1
288,2,234.24,579.42,65.72,255.69,0.5793,-1,-1,-1
288,3,940.09,921.83,84.87,155.93,0.7600,-1,-1,-1
288,4,1720.63,460.03,73.07,208.59,0.6030,-1,-1,-1
288,5,1450.90,582.38,80.82,242.28,0.5282,-1,-1,-1
288,7,939.00,75.42,59.56,176.19,0.5023,-1,-1,-1
288,18,393.15,441.57,72.54,222.82,0.6236,-1,-1,-1
288,25,542.97,426.63,66.36,210.81,0.6151,-1,-1,-1
288,6,230.12,410.54,62.71,203.40,0.3250,-1,-1,-1
288,8,462.24,409.59,66.19,227.52,0.5782,-1,-1,-1
288,27,824.48,393.71,70.44,203.42,0.4152,-1,-1,-1
288,28,286.50,811.41,94.34,267.36,0.7662,-1,-1,-1
288,32,1017.18,96.00,59.76,176.93,0.5126,-1,-1,-1
288,34,310.88,743.38,99.10,138.83,0.5782,-1,-1,-1
288,38,1091.67,90.16,56.01,164.55,0.4104,-1,-1,-1
288,21,788.32,151.84,66.96,169.81,0.2955,-1,-1,-1
288,41,894.09,400.30,63.80,196.00,0.3713,-1,-1,-1
288,42,779.82,351.54,57.52,204.16,0.2589,-1,-1,-1
289,1,462.70,143.53,64.83,197.88,0.3106,-1,-1,-1
289,2,235.52,580.04,67.82,254.29,0.5511,-1,-1,-1
289,3,940.76,921.27,82.18,156.32,0.7491,-1,-1,-1
289,4,1720.09,459.32,73.89,210.17,0.5919,-1,-1,-1
289,5,1452.17,582.11,82.66,240.52,0.4929,-1,-1,-1
289,7,938.34,73.91,58.17,175.57,0.5155,-1,-1,-1
289,18,393.42,439.32,72.38,221.40,0.6241,-1,-1,-1
289,25,540.77,427.35,67.65,210.39,0.6186,-1,-1,-1
289,6,231.56,409.18,61.42,191.05,0.4106,-1,-1,-1
289,8,461.77,411.35,65.44,227.89,0.6396,-1,-1,-1
289,27,825.50,394.66,70.85,203.08,0.3779,-1,-1,-1
289,28,288.71,812.62,95.46,266.81,0.7545,-1,-1,-1
289,32,1016.13,94.97,61.43,177.45,0.4763,-1,-1,-1
289,34,310.69,743.62,98.42,142.06,0.5942,-1,-1,-1
289,38,1091.06,90.84,56.07,164.11,0.3943,-1,-1,-1
289,21,788.76,153.07,66.45,169.30,0.2868,-1,-1,-1
289,41,895.70,400.63,64.59,195.04,0.3246,-1,-1,-1
289,42,782.96,351.93,56.48,197.62,0.3085,-1,-1,-1
290,1,463.60,141.44,62.00,197.99,0.2704,-1,-1,-1
290,2,236.92,581.30,67.58,253.42,0.5765,-1,-1,-1
290,3,941.44,920.44,79.51,156.68,0.7537,-1,-1,-1
290,4,1720.20,459.41,73.94,209.60,0.5991,-1,-1,-1
290,5,1452.71,587.57,85.56,232.03,0.4035,-1,-1,-1
290,7,938.13,72.47,56.57,175.59,0.5206,-1,-1,-1
290,18,390.46,437.33,75.33,223.68,0.6013,-1,-1,-1
290,25,539.29,427.55,68.11,210.05,0.6301,-1,-1,-1
290,6,233.33,408.57,59.95,184.84,0.4550,-1,-1,-1
290,8,460.40,411.77,66.09,230.51,0.6797,-1,-1,-1
290,27,825.75,395.32,73.92,203.52,0.4392,-1,-1,-1
290,28,290.46,815.61,96.84,264.69,0.7201,-1,-1,-1
290,32,1015.26,93.95,61.32,177.81,0.4980,-1,-1,-1
290,34,312.51,744.45,93.58,144.05,0.6307,-1,-1,-1
290,38,1089.03,90.45,57.16,164.59,0.4093,-1,-1,-1
290,21,789.30,152.34,65.87,169.40,0.2927,-1,-1,-1
290,41,897.14,401.92,63.75,194.33,0.3325,-1,-1,-1
290,42,786.90,353.18,53.85,192.78,0.3687,-1,-1,-1
291,1,460.75,140.24,60.41,196.59,0.2975,-1,-1,-1
291,2,238.93,581.04,67.71,254.07,0.5584,-1,-1,-1
291,3,941.87,919.88,77.88,156.93,0.7535,-1,-1,-1
291,4,1721.10,459.73,73.42,209.04,0.5846,-1,-1,-1
291,5,1453.56,592.58,86.91,223.78,0.3754,-1,-1,-1
291,7,938.00,71.07,56.02,177.66,0.5073,-1,-1,-1
291,18,386.67,435.40,79.35,226.07,0.5971,-1,-1,-1
291,25,536.98,428.16,68.83,209.57,0.6353,-1,-1,-1
291,6,233.28,408.05,60.61,182.73,0.4330,-1,-1,-1
291,8,460.17,412.68,66.30,231.07,0.6569,-1,-1,-1
291,27,829.13,398.06,69.93,203.31,0.3210,-1,-1,-1
291,28,292.71,819.69,96.30,260.87,0.7041,-1,-1,-1
291,32,1014.56,93.04,61.13,177.84,0.4533,-1,-1,-1
291,34,313.31,746.17,91.13,144.06,0.6183,-1,-1,-1
291,38,1087.16,89.38,57.10,165.40,0.3658,-1,-1,-1
291,21,788.45,152.20,67.02,169.70,0.2766,-1,-1,-1
291,41,896.98,402.54,63.40,193.37,0.3264,-1,-1,-1
291,42,790.24,353.81,55.66,194.48,0.4373,-1,-1,-1
292,1,458.52,139.62,60.82,195.51,0.3082,-1,-1,-1
292,2,240.99,581.22,71.36,253.39,0.5467,-1,-1,-1
292,3,942.11,919.69,76.18,157.37,0.7398,-1,-1,-1
292,4,1720.29,460.39,74.22,208.63,0.5785,-1,-1,-1
292,5,1460.87,597.89,82.10,222.78,0.4210,-1,-1,-1
292,7,937.82,69.90,56.30,175.98,0.5260,-1,-1,-1
292,18,384.61,434.77,80.82,227.28,0.5709,-1,-1,-1
292,25,536.90,429.66,68.68,208.02,0.6525,-1,-1,-1
292,6,232.84,407.35,60.59,183.50,0.4531,-1,-1,-1
292,8,460.22,414.06,66.25,230.69,0.5967,-1,-1,-1
292,27,831.40,398.66,66.30,205.73,0.4412,-1,-1,-1
292,28,295.01,825.91,98.90,253.61,0.6387,-1,-1,-1
292,32,1013.67,92.69,61.29,177.56,0.4211,-1,-1,-1
292,34,315.64,748.85,87.76,142.25,0.5277,-1,-1,-1
292,38,1085.48,88.87,57.60,164.70,0.3724,-1,-1,-1
292,21,789.81,151.48,65.69,170.20,0.3172,-1,-1,-1
292,41,897.69,407.00,60.96,187.75,0.3531,-1,-1,-1
292,42,791.48,352.24,57.13,201.49,0.3082,-1,-1,-1
293,1,456.98,138.54,61.40,194.41,0.2878,-1,-1,-1
293,2,242.69,581.79,78.77,253.70,0.5520,-1,-1,-1
293,3,942.51,918.75,72.57,158.77,0.7359,-1,-1,-1
293,4,1720.70,460.70,73.62,208.04,0.5615,-1,-1,-1
293,5,1463.04,598.40,84.16,224.93,0.4402,-1,-1,-1
293,7,938.05,68.68,56.02,173.37,0.4577,-1,-1,-1
293,18,382.28,433.14,82.64,228.37,0.5403,-1,-1,-1
293,25,535.50,431.99,69.01,206.81,0.6789,-1,-1,-1
293,6,232.33,406.09,60.82,183.64,0.5321,-1,-1,-1
293,8,459.94,415.04,67.28,228.42,0.5791,-1,-1,-1
293,27,832.41,399.01,65.26,205.81,0.3868,-1,-1,-1
293,28,296.28,831.11,95.26,247.34,0.6653,-1,-1,-1
293,32,1012.61,92.02,61.64,178.51,0.3508,-1,-1,-1
293,34,316.11,751.52,86.48,138.31,0.4062,-1,-1,-1
293,38,1084.42,88.18,56.98,164.76,0.3252,-1,-1,-1
293,21,790.96,151.37,64.32,170.05,0.2814,-1,-1,-1
293,41,897.21,411.42,61.84,183.65,0.3428,-1,-1,-1
293,42,793.52,352.95,58.55,185.77,0.2611,-1,-1,-1
294,1,457.18,137.73,61.41,192.67,0.3343,-1,-1,-1
294,2,243.63,582.57,84.90,253.56,0.6083,-1,-1,-1
294,3,942.61,918.02,68.77,159.96,0.7535,-1,-1,-1
294,4,1720.35,459.85,74.25,209.44,0.5843,-1,-1,-1
294,5,1458.95,595.58,91.26,228.66,0.5262,-1,-1,-1
294,7,938.43,67.43,54.68,171.49,0.4330,-1,-1,-1
294,18,379.89,432.66,84.17,229.65,0.5567,-1,-1,-1
294,25,535.05,434.18,69.21,208.51,0.6738,-1,-1,-1
294,6,232.28,404.86,60.93,181.29,0.5102,-1,-1,-1
294,8,459.18,415.68,68.57,227.35,0.6216,-1,-1,-1
294,27,833.97,400.71,63.83,204.74,0.3706,-1,-1,-1
294,28,298.08,836.09,92.94,242.52,0.7194,-1,-1,-1
294,32,1011.79,91.47,59.98,177.76,0.3576,-1,-1,-1
294,34,323.62,755.01,78.87,136.63,0.4969,-1,-1,-1
294,38,1082.96,87.79,57.52,164.55,0.4096,-1,-1,-1
294,21,789.97,150.82,65.18,170.50,0.2945,-1,-1,-1
294,41,897.18,413.43,62.17,181.95,0.3593,-1,-1,-1
294,42,795.47,355.19,60.94,205.36,0.3104,-1,-1,-1
294,43,324.41,753.21,84.19,260.99,0.3946,-1,-1,-1
295,1,457.90,137.61,60.57,191.50,0.3081,-1,-1,-1
295,2,244.06,582.86,90.14,252.72,0.6485,-1,-1,-1
295,3,941.83,916.84,66.62,161.61,0.7395,-1,-1,-1
295,4,1719.97,460.15,74.52,209.32,0.5888,-1,-1,-1
295,5,1458.60,595.81,93.35,228.28,0.4861,-1,-1,-1
295,7,937.86,66.85,54.39,172.46,0.4051,-1,-1,-1
295,18,377.09,432.74,86.70,230.48,0.5368,-1,-1,-1
295,25,534.05,436.06,68.98,209.89,0.6698,-1,-1,-1
295,6,231.85,402.13,60.73,183.05,0.4388,-1,-1,-1
295,8,459.25,416.16,68.48,225.52,0.6010,-1,-1,-1
295,27,833.95,401.76,63.91,203.63,0.3748,-1,-1,-1
295,28,300.37,839.76,90.84,239.56,0.7008,-1,-1,-1
295,32,1010.97,91.46,58.76,178.39,0.3922,-1,-1,-1
295,34,327.91,758.98,75.96,137.81,0.5063,-1,-1,-1
295,38,1081.60,86.87,56.93,165.63,0.4024,-1,-1,-1
295,21,788.08,150.75,67.16,170.82,0.3039,-1,-1,-1
295,41,896.96,412.50,62.25,184.33,0.3732,-1,-1,-1
295,42,797.99,357.23,62.72,209.07,0.2618,-1,-1,-1
295,43,327.43,756.87,84.38,255.46,0.4064,-1,-1,-1
296,1,459.04,135.44,58.65,193.97,0.2855,-1,-1,-1
296,2,244.47,583.29,91.41,251.95,0.6714,-1,-1,-1
296,3,941.45,915.85,63.86,162.52,0.7562,-1,-1,-1
296,4,1720.14,460.03,73.99,209.21,0.5954,-1,-1,-1
296,5,1459.92,597.97,95.47,227.03,0.4943,-1,-1,-1
296,7,937.61,65.89,54.00,172.19,0.4515,-1,-1,-1
296,18,376.29,431.17,86.35,232.13,0.5346,-1,-1,-1
296,25,534.32,438.44,67.96,206.96,0.6741,-1,-1,-1
296,6,231.78,400.64,61.85,181.91,0.5080,-1,-1,-1
296,8,458.27,418.39,70.39,223.78,0.6248,-1,-1,-1
296,27,833.43,401.99,63.56,203.71,0.4101,-1,-1,-1
296,28,301.98,842.81,90.99,236.55,0.7257,-1,-1,-1
296,32,1010.17,90.84,57.67,179.13,0.4059,-1,-1,-1
296,34,329.56,761.62,76.81,138.71,0.4924,-1,-1,-1
296,38,1080.25,86.44,56.75,165.40,0.4099,-1,-1,-1
296,21,787.28,151.28,68.27,171.06,0.3209,-1,-1,-1
296,41,896.74,412.39,62.62,189.21,0.4586,-1,-1,-1
296,42,800.29,359.58,59.40,209.74,0.1650,-1,-1,-1
296,43,328.47,759.74,82.81,263.83,0.2522,-1,-1,-1
297,1,458.72,134.60,59.60,194.55,0.2793,-1,-1,-1
297,2,245.49,584.75,91.68,250.84,0.6617,-1,-1,-1
297,3,941.30,915.08,62.30,163.87,0.7559,-1,-1,-1
297,4,1719.79,460.31,73.84,208.97,0.5754,-1,-1,-1
297,5,1461.13,597.05,99.36,228.98,0.5445,-1,-1,-1
297,7,936.98,64.82,54.16,173.45,0.4149,-1,-1,-1
297,18,376.32,429.91,85.44,233.19,0.5021,-1,-1,-1
297,25,534.41,440.76,66.07,205.91,0.6666,-1,-1,-1
297,6,232.89,399.80,61.36,182.66,0.5718,-1,-1,-1
297,8,457.55,419.48,69.60,222.30,0.6299,-1,-1,-1
297,27,833.61,401.40,62.96,206.84,0.3730,-1,-1,-1
297,28,303.39,843.81,91.32,235.95,0.7409,-1,-1,-1
297,32,1009.21,90.36,57.55,179.68,0.3719,-1,-1,-1
297,34,331.83,764.92,76.69,139.50,0.5172,-1,-1,-1
297,38,1079.00,86.82,56.73,164.38,0.3431,-1,-1,-1
297,21,788.54,151.09,67.62,170.98,0.3285,-1,-1,-1
297,41,895.72,413.02,63.87,193.78,0.4663,-1,-1,-1
297,42,805.33,359.49,62.31,187.16,0.1907,-1,-1,-1
297,43,330.16,763.84,80.15,291.32,0.2213,-1,-1,-1
298,1,458.27,133.96,59.93,195.93,0.2909,-1,-1,-1
298,2,246.32,584.97,91.35,250.10,0.6284,-1,-1,-1
298,3,940.90,914.61,62.32,164.97,0.7687,-1,-1,-1
298,4,1720.68,460.74,73.41,208.28,0.6002,-1,-1,-1
298,5,1462.70,598.45,102.68,229.31,0.5542,-1,-1,-1
298,7,936.58,64.16,55.11,172.34,0.4244,-1,-1,-1
298,18,375.96,429.49,85.16,230.60,0.5247,-1,-1,-1
298,25,534.50,442.87,65.28,202.88,0.6479,-1,-1,-1
298,6,234.00,398.65,61.21,184.13,0.5576,-1,-1,-1
298,8,456.92,420.15,69.18,221.68,0.6300,-1,-1,-1
298,27,831.82,400.90,65.37,209.44,0.3245,-1,-1,-1
298,28,304.79,845.41,92.51,234.79,0.7523,-1,-1,-1
298,32,1009.64,91.67,57.42,175.62,0.3666,-1,-1,-1
298,34,334.12,767.55,77.86,142.92,0.5766,-1,-1,-1
298,38,1077.56,86.06,57.38,165.14,0.3696,-1,-1,-1
298,21,789.62,151.19,66.65,171.14,0.2979,-1,-1,-1
298,41,895.21,414.46,64.83,196.65,0.4880,-1,-1,-1
299,1,459.23,133.47,59.81,196.17,0.2945,-1,-1,-1
299,2,248.66,584.06,89.49,250.39,0.6831,-1,-1,-1
299,3,940.26,913.74,61.51,165.50,0.7751,-1,-1,-1
299,4,1720.58,461.35,73.39,207.69,0.5954,-1,-1,-1
299,5,1463.09,594.31,104.38,234.58,0.5897,-1,-1,-1
299,7,936.42,63.67,55.97,171.31,0.4300,-1,-1,-1
299,18,377.01,428.31,83.49,228.82,0.5596,-1,-1,-1
299,25,534.92,444.39,64.24,203.18,0.6518,-1,-1,-1
299,6,233.82,397.56,61.59,183.95,0.5946,-1,-1,-1
299,8,456.67,421.08,68.67,223.17,0.6467,-1,-1,-1
299,27,825.29,402.02,73.00,207.47,0.2285,-1,-1,-1
299,28,305.77,846.54,93.22,233.68,0.7641,-1,-1,-1
299,32,1009.34,89.19,57.01,181.26,0.3996,-1,-1,-1
299,34,338.60,770.46,77.41,144.24,0.6277,-1,-1,-1
299,38,1075.02,84.28,57.43,168.57,0.3213,-1,-1,-1
299,21,790.15,152.40,65.38,170.07,0.2772,-1,-1,-1
299,41,895.01,415.64,64.84,197.17,0.5028,-1,-1,-1
300,1,458.83,132.97,61.59,198.14,0.2971,-1,-1,-1
300,2,250.06,583.60,89.85,249.74,0.6895,-1,-1,-1
300,3,940.21,913.81,60.29,165.29,0.7704,-1,-1,-1
300,4,1721.47,460.90,72.47,208.21,0.5807,-1,-1,-1
300,5,1464.28,591.22,105.00,238.33,0.5966,-1,-1,-1
300,7,935.77,63.03,56.49,172.53,0.4554,-1,-1,-1
300,18,379.02,426.08,81.24,225.23,0.5443,-1,-1,-1
300,25,534.67,445.73,64.20,204.06,0.6562,-1,-1,-1
300,6,234.04,397.29,60.71,183.92,0.5747,-1,-1,-1
300,8,456.31,423.13,68.52,223.80,0.6619,-1,-1,-1
300,28,307.14,847.30,94.23,232.90,0.7498,-1,-1,-1
300,32,1008.62,86.99,56.59,184.25,0.4009,-1,-1,-1
300,34,343.54,772.65,75.89,146.04,0.6383,-1,-1,-1
300,38,1073.64,82.75,56.75,165.89,0.2332,-1,-1,-1
300,21,790.50,151.55,65.49,170.23,0.2035,-1,-1,-1
300,41,895.64,416.56,63.62,198.00,0.4484,-1,-1,-1
301,1,458.40,132.63,61.58,198.26,0.2809,-1,-1,-1
301,2,251.64,582.06,89.95,250.44,0.6659,-1,-1,-1
301,3,941.25,913.98,57.97,165.32,0.7698,-1,-1,-1
301,4,1721.31,460.93,72.54,207.93,0.5920,-1,-1,-1
301,5,1465.80,588.30,104.98,242.74,0.6010,-1,-1,-1
301,7,934.98,62.80,57.08,173.68,0.4819,-1,-1,-1
301,18,381.59,423.15,78.21,224.56,0.5517,-1,-1,-1
301,25,534.83,446.45,63.87,205.88,0.6670,-1,-1,-1
301,6,234.42,396.79,59.77,184.29,0.5640,-1,-1,-1
301,8,456.25,426.57,68.16,222.20,0.6718,-1,-1,-1
301,28,307.82,848.08,95.24,232.18,0.7490,-1,-1,-1
301,32,1008.08,85.45,57.04,184.66,0.4189,-1,-1,-1
301,34,346.79,774.75,76.58,144.27,0.5970,-1,-1,-1
301,38,1072.92,81.98,55.98,168.19,0.2811,-1,-1,-1
301,21,791.80,149.03,63.31,172.56,0.2106,-1,-1,-1
301,41,895.74,417.24,63.01,197.09,0.4676,-1,-1,-1
302,1,458.24,130.81,62.94,195.55,0.2542,-1,-1,-1
302,2,253.96,580.86,89.62,251.68,0.6766,-1,-1,-1
302,3,941.62,912.62,56.47,167.13,0.7523,-1,-1,-1
302,4,1721.56,460.21,72.36,209.14,0.5727,-1,-1,-1
302,5,1468.40,589.21,102.98,241.99,0.5668,-1,-1,-1
302,7,934.40,62.14,57.15,174.00,0.4789,-1,-1,-1
302,18,385.11,421.96,74.06,220.15,0.5319,-1,-1,-1
302,25,534.80,447.10,63.69,205.07,0.6405,-1,-1,-1
302,6,233.85,396.30,59.72,185.10,0.5498,-1,-1,-1
302,8,456.16,428.82,67.89,221.84,0.6201,-1,-1,-1
302,28,309.32,848.17,97.14,232.00,0.7379,-1,-1,-1
302,32,1006.64,85.06,58.18,180.74,0.4282,-1,-1,-1
302,34,348.93,775.99,79.96,147.10,0.6326,-1,-1,-1
302,38,1072.31,82.27,54.18,165.67,0.2163,-1,-1,-1
302,21,793.18,150.90,60.29,171.83,0.1781,-1,-1,-1
302,41,895.44,418.80,62.83,198.33,0.5522,-1,-1,-1
302,27,830.04,407.10,73.26,212.72,0.4360,-1,-1,-1
303,1,458.92,130.66,64.26,194.52,0.2207,-1,-1,-1
303,2,257.54,579.71,88.94,253.16,0.6390,-1,-1,-1
303,3,940.86,912.70,56.15,167.27,0.7246,-1,-1,-1
303,4,1721.42,460.11,72.42,209.35,0.5835,-1,-1,-1
303,5,1471.49,586.51,101.79,244.88,0.4851,-1,-1,-1
303,7,933.89,62.39,57.19,170.84,0.4928,-1,-1,-1
303,18,387.15,416.94,71.19,218.41,0.5981,-1,-1,-1
303,25,534.63,447.65,64.23,207.60,0.6545,-1,-1,-1
303,6,233.89,395.32,59.26,186.64,0.5514,-1,-1,-1
303,8,456.10,430.49,66.50,221.43,0.6293,-1,-1,-1
303,28,311.31,848.65,97.78,231.52,0.7381,-1,-1,-1
303,32,1006.10,85.09,58.43,176.23,0.4682,-1,-1,-1
303,34,351.01,776.98,84.50,149.54,0.6868,-1,-1,-1
303,38,1070.85,81.02,55.11,169.23,0.3449,-1,-1,-1
303,21,793.93,150.09,59.64,172.85,0.1609,-1,-1,-1
303,41,895.51,420.95,61.46,196.10,0.5202,-1,-1,-1
303,27,834.72,409.18,67.36,214.66,0.4761,-1,-1,-1
304,1,463.04,131.79,63.38,192.73,0.2249,-1,-1,-1
304,2,263.29,579.79,86.10,251.85,0.6163,-1,-1,-1
304,3,939.67,911.96,57.45,168.06,0.7409,-1,-1,-1
304,4,1721.56,460.01,72.50,210.06,0.5910,-1,-1,-1
304,5,1474.03,582.74,100.80,249.21,0.5033,-1,-1,-1
304,7,934.80,62.16,55.81,173.06,0.5339,-1,-1,-1
304,18,388.45,412.81,69.62,220.36,0.5729,-1,-1,-1
304,25,534.30,448.32,64.78,207.23,0.6431,-1,-1,-1
304,6,234.64,393.95,58.95,188.05,0.5431,-1,-1,-1
304,8,455.45,432.28,65.60,220.13,0.6327,-1,-1,-1
304,28,312.66,849.81,98.50,230.31,0.7474,-1,-1,-1
304,32,1005.98,84.98,57.98,175.01,0.4764,-1,-1,-1
304,34,354.45,777.96,87.04,152.05,0.6172,-1,-1,-1
304,38,1068.91,80.94,56.05,169.35,0.3098,-1,-1,-1
304,21,793.66,149.24,61.34,173.99,0.2402,-1,-1,-1
304,41,897.33,421.20,58.84,196.19,0.4868,-1,-1,-1
304,27,832.01,405.81,76.27,217.09,0.4795,-1,-1,-1
305,1,462.27,131.24,62.86,193.03,0.2217,-1,-1,-1
305,2,271.98,580.88,80.41,249.55,0.5993,-1,-1,-1
305,3,937.83,910.36,59.40,169.74,0.7409,-1,-1,-1
305,4,1721.07,460.28,72.53,209.57,0.5766,-1,-1,-1
305,5,1475.95,585.81,99.80,247.27,0.4535,-1,-1,-1
305,7,934.74,61.96,55.49,173.24,0.4925,-1,-1,-1
305,18,389.48,409.53,68.95,222.26,0.5622,-1,-1,-1
305,25,534.09,448.93,65.12,207.98,0.6389,-1,-1,-1
305,6,233.93,391.45,58.97,191.23,0.5357,-1,-1,-1
305,8,454.57,434.82,65.37,219.31,0.6627,-1,-1,-1
305,28,315.49,851.62,97.85,228.58,0.7611,-1,-1,-1
305,32,1005.36,85.18,58.84,172.12,0.4895,-1,-1,-1
305,34,355.74,779.19,91.68,156.56,0.6140,-1,-1,-1
305,38,1067.59,81.06,56.48,167.57,0.2626,-1,-1,-1
305,21,794.91,149.78,61.62,173.11,0.2502,-1,-1,-1
305,41,899.07,420.55,56.46,196.32,0.4630,-1,-1,-1
305,27,834.76,405.03,74.71,221.32,0.5182,-1,-1,-1
306,1,461.76,131.38,63.76,192.05,0.2564,-1,-1,-1
306,2,283.11,581.58,73.58,248.07,0.5441,-1,-1,-1
306,3,935.99,909.36,62.58,170.71,0.7182,-1,-1,-1
306,4,1721.06,460.60,72.61,209.13,0.5692,-1,-1,-1
306,5,1479.44,587.85,98.74,246.28,0.5174,-1,-1,-1
306,7,934.58,59.99,56.88,174.83,0.4717,-1,-1,-1
306,18,389.76,407.74,68.37,222.41,0.5315,-1,-1,-1
306,25,533.28,449.42,65.50,205.14,0.6222,-1,-1,-1
306,6,232.82,389.59,60.00,193.47,0.5646,-1,-1,-1
306,8,453.50,436.40,64.72,219.14,0.6821,-1,-1,-1
306,28,318.73,857.07,94.04,223.07,0.7690,-1,-1,-1
306,32,1004.17,84.77,60.14,170.49,0.5228,-1,-1,-1
306,34,357.52,780.56,94.42,154.14,0.6552,-1,-1,-1
306,38,1068.10,82.33,54.26,161.26,0.2694,-1,-1,-1
306,21,794.58,122.44,65.66,200.65,0.2708,-1,-1,-1
306,41,898.44,422.60,57.14,193.29,0.4351,-1,-1,-1
306,27,833.53,404.49,76.89,220.99,0.5010,-1,-1,-1
307,1,459.97,130.53,64.91,191.56,0.2423,-1,-1,-1
307,2,293.70,580.98,70.50,246.05,0.5699,-1,-1,-1
307,3,934.50,908.21,65.02,171.72,0.7121,-1,-1,-1
307,4,1720.98,459.88,72.89,209.80,0.5599,-1,-1,-1
307,5,1482.29,588.57,97.02,245.83,0.5474,-1,-1,-1
307,7,934.63,59.37,56.80,174.30,0.4965,-1,-1,-1
307,18,391.08,407.11,67.71,222.26,0.5572,-1,-1,-1
307,25,532.47,449.74,65.52,205.30,0.6417,-1,-1,-1
307,6,232.62,387.76,59.75,193.46,0.5266,-1,-1,-1
307,8,451.61,438.45,65.15,217.83,0.6756,-1,-1,-1
307,28,320.00,861.07,94.42,219.00,0.7758,-1,-1,-1
307,32,1003.47,83.56,60.04,169.86,0.5634,-1,-1,-1
307,34,359.16,781.90,98.44,155.13,0.6471,-1,-1,-1
307,38,1066.29,81.94,53.96,162.79,0.2920,-1,-1,-1
307,21,794.81,109.73,71.07,213.03,0.3709,-1,-1,-1
307,41,898.69,425.01,56.88,191.04,0.3659,-1,-1,-1
307,27,833.97,406.36,77.06,218.79,0.3529,-1,-1,-1
308,1,461.45,130.35,61.83,192.12,0.2791,-1,-1,-1
308,2,302.56,580.53,69.95,244.59,0.6446,-1,-1,-1
308,3,932.48,907.93,67.88,172.15,0.7209,-1,-1,-1
308,4,1721.18,459.34,72.68,210.26,0.5811,-1,-1,-1
308,5,1484.19,591.90,95.82,242.96,0.6308,-1,-1,-1
308,7,935.13,56.84,55.98,170.85,0.5060,-1,-1,-1
308,18,391.01,406.17,69.04,223.55,0.5707,-1,-1,-1
308,25,530.51,451.39,67.10,204.49,0.6573,-1,-1,-1
308,6,230.74,386.08,61.50,191.80,0.5579,-1,-1,-1
308,8,450.16,440.54,64.54,215.97,0.6786,-1,-1,-1
308,28,321.92,866.31,94.99,213.86,0.7757,-1,-1,-1
308,32,1002.38,82.91,60.86,171.38,0.6040,-1,-1,-1
308,34,361.00,784.60,102.45,155.99,0.6930,-1,-1,-1
308,38,1064.69,82.15,55.10,164.99,0.3180,-1,-1,-1
308,21,794.24,104.81,72.89,218.04,0.3298,-1,-1,-1
308,41,896.14,427.52,57.34,188.52,0.3311,-1,-1,-1
308,27,833.90,411.65,78.14,214.26,0.3548,-1,-1,-1
309,1,463.62,130.44,58.97,191.16,0.2681,-1,-1,-1
309,2,308.22,579.94,74.21,246.91,0.6490,-1,-1,-1
309,3,930.62,907.30,70.24,172.73,0.7368,-1,-1,-1
309,4,1720.89,458.70,72.70,211.20,0.5732,-1,-1,-1
309,5,1486.13,590.20,95.51,244.63,0.5934,-1,-1,-1
309,7,935.24,53.82,54.87,170.28,0.4846,-1,-1,-1
309,18,390.75,406.37,70.30,222.44,0.5213,-1,-1,-1
309,25,529.12,454.27,67.80,206.72,0.6702,-1,-1,-1
309,6,230.41,383.95,61.88,190.04,0.5285,-1,-1,-1
309,8,448.28,441.96,64.52,216.14,0.6598,-1,-1,-1
309,28,324.14,871.10,93.93,209.01,0.7800,-1,-1,-1
309,32,1002.09,81.67,61.09,174.31,0.6236,-1,-1,-1
309,34,364.31,789.15,105.13,153.58,0.6761,-1,-1,-1
309,38,1064.41,82.03,53.88,163.76,0.2915,-1,-1,-1
309,21,793.86,102.96,73.61,220.09,0.3722,-1,-1,-1
309,41,892.39,429.91,60.16,187.01,0.2347,-1,-1,-1
309,27,836.32,416.04,71.96,212.27,0.3846,-1,-1,-1
310,1,464.55,129.25,57.11,190.44,0.3101,-1,-1,-1
310,2,312.51,579.54,77.50,248.75,0.6944,-1,-1,-1
310,3,928.68,907.50,72.97,172.55,0.7484,-1,-1,-1
310,4,1720.82,458.42,72.50,210.88,0.5752,-1,-1,-1
310,5,1487.60,588.73,95.96,245.20,0.5565,-1,-1,-1
310,7,934.64,51.21,55.41,170.88,0.5419,-1,-1,-1
310,18,391.80,405.68,69.07,225.23,0.5020,-1,-1,-1
310,25,528.10,455.96,67.96,209.36,0.6984,-1,-1,-1
310,6,230.92,381.12,59.91,187.31,0.5566,-1,-1,-1
310,8,447.57,439.97,63.61,220.61,0.6516,-1,-1,-1
310,28,326.88,873.64,93.52,206.43,0.7568,-1,-1,-1
310,32,1001.16,80.32,61.83,175.66,0.6476,-1,-1,-1
310,34,366.50,793.57,106.55,151.16,0.6770,-1,-1,-1
310,38,1063.88,82.64,55.01,164.05,0.3330,-1,-1,-1
310,21,794.07,102.40,72.84,220.95,0.3236,-1,-1,-1
310,27,837.73,421.92,66.82,206.24,0.1831,-1,-1,-1
311,1,465.24,128.84,57.22,189.60,0.2962,-1,-1,-1
311,2,316.10,579.60,80.99,247.84,0.7419,-1,-1,-1
311,3,927.64,907.05,74.39,172.98,0.7626,-1,-1,-1
311,4,1720.79,458.30,72.66,210.76,0.5783,-1,-1,-1
311,5,1488.64,589.12,100.38,244.58,0.5839,-1,-1,-1
311,7,934.02,49.52,55.71,171.26,0.5083,-1,-1,-1
311,18,391.81,406.63,69.64,224.02,0.4728,-1,-1,-1
311,25,527.54,457.38,67.42,211.74,0.6760,-1,-1,-1
311,6,231.67,379.06,58.16,186.69,0.5302,-1,-1,-1
311,8,445.94,440.17,64.02,221.69,0.6845,-1,-1,-1
311,28,329.68,876.32,94.67,203.69,0.7342,-1,-1,-1
311,32,1000.43,79.80,62.36,175.34,0.6268,-1,-1,-1
311,34,368.25,797.95,108.11,148.07,0.6624,-1,-1,-1
311,38,1062.34,81.85,54.68,163.50,0.2983,-1,-1,-1
311,21,794.42,101.65,71.88,221.69,0.3394,-1,-1,-1
311,27,835.86,423.26,68.60,197.03,0.3116,-1,-1,-1
312,1,463.72,127.93,59.35,188.77,0.3062,-1,-1,-1
312,2,318.50,581.02,87.02,245.02,0.7537,-1,-1,-1
312,3,927.40,906.15,74.95,173.92,0.7518,-1,-1,-1
312,4,1721.21,458.66,72.48,209.95,0.5816,-1,-1,-1
312,5,1489.84,591.94,101.49,240.81,0.6269,-1,-1,-1
312,7,933.75,48.70,56.30,171.92,0.5140,-1,-1,-1
312,18,392.35,407.27,69.07,221.91,0.4324,-1,-1,-1
312,25,527.14,460.39,67.18,214.83,0.6738,-1,-1,-1
312,6,231.36,376.54,58.19,187.69,0.5373,-1,-1,-1
312,8,444.46,441.94,64.32,221.60,0.6666,-1,-1,-1
312,28,332.78,879.23,96.27,200.87,0.7443,-1,-1,-1
312,32,1000.08,79.86,63.12,174.71,0.6072,-1,-1,-1
312,34,368.45,801.34,108.96,148.20,0.6512,-1,-1,-1
312,38,1062.34,81.43,53.28,163.71,0.2624,-1,-1,-1
312,21,793.21,101.89,71.08,221.10,0.3414,-1,-1,-1
312,27,834.01,424.50,71.79,195.55,0.2847,-1,-1,-1
313,1,463.71,124.79,60.04,190.20,0.3264,-1,-1,-1
313,2,319.04,583.34,93.63,241.94,0.7643,-1,-1,-1
313,3,927.02,905.51,75.67,174.56,0.7550,-1,-1,-1
313,4,1721.93,458.03,72.04,210.31,0.5770,-1,-1,-1
313,5,1491.50,596.59,103.09,236.27,0.6179,-1,-1,-1
313,7,933.63,47.88,55.97,172.55,0.5200,-1,-1,-1
313,18,393.09,406.10,68.36,223.63,0.4087,-1,-1,-1
313,25,527.19,463.06,66.54,214.96,0.6592,-1,-1,-1
313,6,231.11,374.71,58.17,188.84,0.5230,-1,-1,-1
313,8,442.37,446.13,64.80,221.87,0.6858,-1,-1,-1
313,28,336.15,882.58,98.54,197.49,0.7362,-1,-1,-1
313,32,1000.17,80.20,62.63,173.49,0.5994,-1,-1,-1
313,34,369.05,804.80,109.34,147.25,0.6924,-1,-1,-1
313,38,1061.53,82.12,54.08,164.00,0.2690,-1,-1,-1
313,21,790.55,102.43,71.66,220.31,0.2670,-1,-1,-1
313,27,834.51,426.29,69.25,198.22,0.2613,-1,-1,-1
314,1,460.49,125.33,63.26,187.77,0.3024,-1,-1,-1
314,2,319.06,584.53,98.19,240.59,0.7643,-1,-1,-1
314,3,927.03,905.17,76.63,174.89,0.7556,-1,-1,-1
314,4,1722.60,457.92,71.36,210.95,0.5741,-1,-1,-1
314,5,1494.24,599.06,102.19,234.23,0.5490,-1,-1,-1
314,7,932.61,47.11,57.01,172.89,0.5231,-1,-1,-1
314,18,393.36,404.38,66.57,224.05,0.3845,-1,-1,-1
314,25,526.97,464.72,66.07,215.59,0.6577,-1,-1,-1
314,6,230.58,373.81,58.69,189.30,0.5532,-1,-1,-1
314,8,440.68,447.42,65.46,221.88,0.7000,-1,-1,-1
314,28,340.15,886.37,97.23,193.67,0.7246,-1,-1,-1
314,32,1000.06,79.92,60.39,173.13,0.5513,-1,-1,-1
314,34,369.97,808.13,110.64,147.79,0.6968,-1,-1,-1
314,38,1058.41,81.65,52.59,161.57,0.1716,-1,-1,-1
314,21,788.74,102.70,72.21,219.67,0.2215,-1,-1,-1
314,27,832.44,426.66,70.49,200.35,0.3165,-1,-1,-1
315,1,462.53,123.07,62.40,188.20,0.2681,-1,-1,-1
315,2,318.73,585.24,105.27,240.29,0.7693,-1,-1,-1
315,3,926.15,904.91,77.47,175.18,0.7593,-1,-1,-1
315,4,1722.50,457.78,71.36,211.40,0.5549,-1,-1,-1
315,5,1497.45,601.63,98.37,231.90,0.5587,-1,-1,-1
315,7,932.03,46.52,57.26,173.30,0.5310,-1,-1,-1
315,18,393.23,403.45,64.16,222.95,0.2662,-1,-1,-1
315,25,527.21,466.47,63.62,216.07,0.6698,-1,-1,-1
315,6,229.97,373.42,60.34,189.42,0.5636,-1,-1,-1
315,8,438.36,448.18,67.08,221.85,0.7301,-1,-1,-1
315,28,342.87,889.31,97.16,190.75,0.7272,-1,-1,-1
315,32,999.53,79.55,58.93,173.72,0.5358,-1,-1,-1
315,34,371.20,809.14,110.32,148.28,0.6403,-1,-1,-1
315,38,1056.29,81.78,52.50,161.04,0.2021,-1,-1,-1
315,21,789.25,102.37,70.31,220.41,0.1967,-1,-1,-1
315,27,828.41,429.32,75.19,198.37,0.2209,-1,-1,-1
315,42,883.04,371.91,71.17,154.91,0.4127,-1,-1,-1
316,1,460.05,122.14,65.10,189.02,0.2717,-1,-1,-1
316,2,319.24,585.42,110.68,239.68,0.7700,-1,-1,-1
316,3,926.09,905.12,77.54,174.96,0.7545,-1,-1,-1
316,4,1721.99,458.17,72.04,211.75,0.5326,-1,-1,-1
316,5,1501.48,602.21,94.41,232.45,0.6166,-1,-1,-1
316,7,931.60,46.13,58.24,172.33,0.5318,-1,-1,-1
316,18,395.87,399.22,60.78,223.77,0.2793,-1,-1,-1
316,25,526.64,469.08,62.48,218.57,0.6477,-1,-1,-1
316,6,230.05,372.73,61.51,189.16,0.5838,-1,-1,-1
316,8,436.40,449.39,68.19,222.39,0.7153,-1,-1,-1
316,28,345.25,892.31,95.90,187.77,0.7153,-1,-1,-1
316,32,999.26,80.08,58.03,173.90,0.5942,-1,-1,-1
316,34,372.88,810.00,108.71,151.51,0.6643,-1,-1,-1
316,38,1054.03,79.44,52.65,163.14,0.2573,-1,-1,-1
316,27,828.89,433.62,70.90,194.67,0.2027,-1,-1,-1
316,42,887.24,373.66,67.31,159.65,0.3397,-1,-1,-1
317,1,458.54,121.11,66.37,190.00,0.3004,-1,-1,-1
317,2,319.31,584.89,114.79,241.09,0.7700,-1,-1,-1
317,3,926.15,905.53,78.01,174.47,0.7526,-1,-1,-1
317,4,1721.81,458.12,72.28,211.92,0.5646,-1,-1,-1
317,5,1506.54,609.10,88.09,226.28,0.5590,-1,-1,-1
317,7,931.10,45.56,58.87,172.70,0.5149,-1,-1,-1
317,18,396.64,395.07,61.04,222.06,0.3281,-1,-1,-1
317,25,524.29,471.77,63.20,219.23,0.6933,-1,-1,-1
317,6,230.08,372.03,61.65,188.26,0.5716,-1,-1,-1
317,8,434.24,449.90,68.69,219.95,0.7123,-1,-1,-1
317,28,346.87,890.03,94.71,189.96,0.7235,-1,-1,-1
317,32,997.54,79.52,58.23,173.77,0.5709,-1,-1,-1
317,34,374.97,812.88,105.27,151.20,0.5629,-1,-1,-1
317,38,1051.44,81.22,57.17,163.34,0.3006,-1,-1,-1
317,27,832.11,437.96,65.73,191.79,0.1858,-1,-1,-1
317,42,892.14,375.67,61.58,164.25,0.1663,-1,-1,-1
318,1,460.29,118.53,65.21,191.94,0.2958,-1,-1,-1
318,2,320.58,585.15,113.60,240.75,0.7564,-1,-1,-1
318,3,926.05,905.47,78.21,174.53,0.7456,-1,-1,-1
318,4,1721.86,458.37,72.33,211.32,0.5707,-1,-1,-1
318,5,1511.05,603.86,85.65,233.32,0.5674,-1,-1,-1
318,7,930.98,45.00,59.74,173.54,0.5126,-1,-1,-1
318,18,397.21,393.12,61.75,215.72,0.2587,-1,-1,-1
318,25,522.19,472.11,64.15,218.57,0.6656,-1,-1,-1
318,6,230.64,371.48,60.48,186.85,0.5598,-1,-1,-1
318,8,433.51,451.35,68.63,219.14,0.7242,-1,-1,-1
318,28,349.40,890.23,95.36,189.76,0.7073,-1,-1,-1
318,32,995.14,78.43,59.82,174.31,0.5956,-1,-1,-1
318,34,376.89,813.13,101.48,153.53,0.6271,-1,-1,-1
318,38,1050.33,81.63,58.08,161.92,0.2897,-1,-1,-1
318,27,833.30,436.71,66.85,192.91,0.2960,-1,-1,-1
318,42,893.09,377.36,65.76,222.79,0.2899,-1,-1,-1
319,1,461.62,117.52,64.05,192.11,0.2467,-1,-1,-1
319,2,321.17,584.35,113.88,241.51,0.7533,-1,-1,-1
319,3,927.10,905.59,77.14,174.41,0.7320,-1,-1,-1
319,4,1722.74,458.86,71.04,210.80,0.5784,-1,-1,-1
319,5,1515.11,602.57,82.52,236.34,0.5147,-1,-1,-1
319,7,930.32,43.73,59.82,173.26,0.4960,-1,-1,-1
319,25,518.08,470.44,68.22,218.29,0.6753,-1,-1,-1
319,6,231.33,370.71,59.67,188.33,0.5896,-1,-1,-1
319,8,432.91,454.50,68.94,218.78,0.7256,-1,-1,-1
319,28,351.21,891.42,96.15,188.61,0.7011,-1,-1,-1
319,32,993.90,77.36,60.13,174.69,0.5779,-1,-1,-1
319,34,378.61,813.30,98.33,155.50,0.6730,-1,-1,-1
319,38,1049.01,83.07,58.89,160.14,0.3013,-1,-1,-1
319,27,835.17,433.77,65.97,200.49,0.4229,-1,-1,-1
319,42,896.68,378.16,64.80,245.65,0.3386,-1,-1,-1
320,1,459.31,120.66,65.53,188.06,0.2311,-1,-1,-1
320,2,323.79,583.76,113.51,240.81,0.7209,-1,-1,-1
320,3,929.25,905.95,75.32,174.06,0.7358,-1,-1,-1
320,4,1722.67,458.62,71.29,210.57,0.6017,-1,-1,-1
320,5,1517.72,603.37,80.72,234.03,0.3648,-1,-1,-1
320,7,929.41,42.03,60.55,175.24,0.5036,-1,-1,-1
320,25,515.06,470.81,69.81,218.82,0.6945,-1,-1,-1
320,6,232.22,370.31,58.91,188.54,0.5845,-1,-1,-1
320,8,432.69,459.41,69.10,216.62,0.7184,-1,-1,-1
320,28,352.87,894.92,98.31,185.11,0.7052,-1,-1,-1
320,32,992.73,77.74,60.12,174.19,0.5753,-1,-1,-1
320,34,380.12,814.16,94.86,152.95,0.6423,-1,-1,-1
320,38,1048.11,84.18,58.03,158.95,0.2663,-1,-1,-1
320,27,835.01,433.67,68.00,200.85,0.5112,-1,-1,-1
320,42,898.31,412.61,60.83,223.29,0.2808,-1,-1,-1
321,1,456.56,119.77,67.45,189.43,0.2582,-1,-1,-1
321,2,326.28,582.71,109.34,241.35,0.6809,-1,-1,-1
321,3,929.71,906.86,74.72,172.95,0.7302,-1,-1,-1
321,4,1722.23,458.73,71.55,210.76,0.5723,-1,-1,-1
321,5,1523.87,604.89,80.20,234.03,0.2600,-1,-1,-1
321,7,928.99,39.76,63.34,178.49,0.4812,-1,-1,-1
321,25,512.95,471.06,70.22,220.17,0.6688,-1,-1,-1
321,6,233.42,369.93,57.47,188.22,0.5604,-1,-1,-1
321,8,430.13,459.35,70.63,224.04,0.6415,-1,-1,-1
321,28,355.16,898.03,100.99,181.95,0.7179,-1,-1,-1
321,32,991.50,77.37,61.79,174.89,0.5979,-1,-1,-1
321,34,383.48,816.23,89.61,150.32,0.6001,-1,-1,-1
321,38,1047.97,81.85,54.17,158.85,0.2752,-1,-1,-1
321,27,833.97,433.07,74.79,204.85,0.4901,-1,-1,-1
321,42,898.93,430.27,62.65,209.65,0.2295,-1,-1,-1
322,1,455.51,119.02,67.39,189.68,0.2524,-1,-1,-1
322,2,330.48,580.66,101.63,243.61,0.7096,-1,-1,-1
322,3,931.85,906.88,72.37,172.98,0.7240,-1,-1,-1
322,4,1721.65,459.19,71.97,209.67,0.6002,-1,-1,-1
322,5,1528.14,605.29,81.16,234.74,0.2309,-1,-1,-1
322,7,928.00,37.22,65.80,182.00,0.4809,-1,-1,-1
322,25,511.41,470.86,70.49,219.36,0.7140,-1,-1,-1
322,6,234.61,368.23,56.38,189.11,0.5619,-1,-1,-1
322,8,428.52,460.25,71.97,224.96,0.6777,-1,-1,-1
322,28,357.28,902.76,99.98,177.17,0.7082,-1,-1,-1
322,32,990.45,76.30,61.08,174.77,0.6157,-1,-1,-1
322,34,388.28,817.41,84.09,149.92,0.5599,-1,-1,-1
322,38,1047.32,79.83,51.41,157.99,0.3319,-1,-1,-1
322,27,832.92,432.85,80.60,208.15,0.5753,-1,-1,-1
323,1,454.47,117.61,67.93,192.36,0.2940,-1,-1,-1
323,2,338.55,579.56,92.13,244.16,0.6242,-1,-1,-1
323,3,934.68,906.57,68.55,173.17,0.6963,-1,-1,-1
323,4,1721.67,458.83,72.29,210.07,0.6016,-1,-1,-1
323,5,1532.90,606.11,71.78,233.81,0.2545,-1,-1,-1
323,7,927.57,35.67,66.64,179.97,0.4692,-1,-1,-1
323,25,511.01,471.00,70.84,219.69,0.7251,-1,-1,-1
323,6,234.14,364.90,57.35,191.49,0.5717,-1,-1,-1
323,8,428.10,462.31,72.18,225.48,0.6873,-1,-1,-1
323,28,359.72,905.99,97.55,173.70,0.7788,-1,-1,-1
323,32,989.85,75.29,61.41,173.47,0.6177,-1,-1,-1
323,34,391.69,820.24,80.03,149.52,0.5613,-1,-1,-1
323,38,1046.77,77.72,50.51,159.22,0.3358,-1,-1,-1
323,27,832.56,432.91,82.96,210.47,0.5695,-1,-1,-1
323,44,911.94,378.78,52.99,163.00,0.3915,-1,-1,-1
324,1,453.51,117.70,68.25,191.32,0.3102,-1,-1,-1
324,2,346.87,580.25,84.23,242.84,0.6273,-1,-1,-1
324,3,936.11,905.67,65.42,174.18,0.7036,-1,-1,-1
324,4,1721.64,458.94,72.06,209.77,0.6025,-1,-1,-1
324,5,1534.27,603.97,69.42,235.47,0.2372,-1,-1,-1
324,7,926.80,33.69,68.96,179.45,0.4036,-1,-1,-1
324,25,509.54,471.32,72.00,219.60,0.7518,-1,-1,-1
324,6,233.73,362.26,57.88,191.88,0.5169,-1,-1,-1
324,8,426.25,463.40,74.39,226.82,0.7030,-1,-1,-1
324,28,361.13,909.65,96.74,169.49,0.7839,-1,-1,-1
324,32,989.10,73.65,61.58,173.30,0.5736,-1,-1,-1
324,34,395.93,823.92,76.96,148.25,0.5878,-1,-1,-1
324,38,1046.72,76.04,48.74,158.94,0.2790,-1,-1,-1
324,27,832.44,434.86,85.92,209.63,0.4806,-1,-1,-1
324,44,913.08,379.31,55.24,169.03,0.2862,-1,-1,-1
325,1,453.65,118.32,68.34,189.03,0.3093,-1,-1,-1
325,2,354.88,580.20,77.00,241.32,0.6582,-1,-1,-1
325,3,936.99,907.21,64.67,172.36,0.7035,-1,-1,-1
325,4,1721.61,459.25,72.29,208.69,0.6110,-1,-1,-1
325,7,925.92,34.61,67.83,173.10,0.4010,-1,-1,-1
325,25,508.74,473.67,71.98,218.00,0.7638,-1,-1,-1
325,6,233.32,360.15,58.44,189.74,0.4480,-1,-1,-1
325,8,426.03,463.08,75.11,228.48,0.7081,-1,-1,-1
325,28,364.17,914.28,96.53,164.71,0.7718,-1,-1,-1
325,32,988.37,72.28,62.22,172.75,0.5544,-1,-1,-1
325,34,400.47,829.15,73.00,142.37,0.5959,-1,-1,-1
325,38,1046.20,74.50,48.64,160.27,0.2732,-1,-1,-1
325,27,833.40,434.48,85.87,210.23,0.5021,-1,-1,-1
325,44,915.88,382.83,59.36,183.25,0.3289,-1,-1,-1
326,1,454.12,117.96,67.87,188.09,0.2953,-1,-1,-1
326,2,367.22,578.84,72.36,242.08,0.6433,-1,-1,-1
326,3,938.63,908.00,61.41,171.94,0.6772,-1,-1,-1
326,4,1721.48,459.53,72.85,208.51,0.6202,-1,-1,-1
326,7,926.08,34.06,66.85,171.02,0.4108,-1,-1,-1
326,25,508.27,475.97,72.21,217.32,0.7606,-1,-1,-1
326,6,233.64,358.57,58.02,189.12,0.5022,-1,-1,-1
326,8,426.62,466.13,73.95,227.01,0.7038,-1,-1,-1
326,28,366.20,917.27,95.73,162.43,0.7180,-1,-1,-1
326,32,986.78,71.32,62.19,172.62,0.5744,-1,-1,-1
326,34,403.14,832.98,72.15,142.04,0.5902,-1,-1,-1
326,38,1045.77,75.70,47.82,156.95,0.2839,-1,-1,-1
326,27,834.97,434.31,87.30,210.35,0.5794,-1,-1,-1
326,44,920.41,384.66,59.85,192.79,0.2764,-1,-1,-1
326,5,1531.36,606.91,80.61,233.03,0.3947,-1,-1,-1
327,1,452.86,115.59,68.55,190.52,0.3651,-1,-1,-1
327,2,375.22,576.77,69.42,243.60,0.5867,-1,-1,-1
327,3,940.96,909.19,57.80,170.72,0.6694,-1,-1,-1
327,4,1721.61,459.71,72.54,207.66,0.6309,-1,-1,-1
327,7,926.70,32.53,66.23,172.39,0.4311,-1,-1,-1
327,25,508.94,477.66,72.10,218.85,0.7051,-1,-1,-1
327,6,233.66,357.01,58.68,189.04,0.5187,-1,-1,-1
327,8,426.17,467.09,73.78,226.53,0.7146,-1,-1,-1
327,28,367.87,918.31,97.96,161.59,0.7019,-1,-1,-1
327,32,986.50,70.29,62.16,171.48,0.5279,-1,-1,-1
327,34,405.79,836.78,72.16,141.52,0.5758,-1,-1,-1
327,38,1044.84,75.82,47.62,155.43,0.2841,-1,-1,-1
327,27,836.17,434.85,87.17,208.84,0.5369,-1,-1,-1
327,44,923.21,385.66,60.36,186.11,0.2573,-1,-1,-1
327,5,1532.30,610.11,82.86,230.86,0.4223,-1,-1,-1
328,1,451.64,113.52,68.56,193.40,0.4531,-1,-1,-1
328,2,383.58,575.05,67.40,246.02,0.5858,-1,-1,-1
328,3,941.10,909.81,56.72,169.67,0.6791,-1,-1,-1
328,4,1721.88,460.45,72.32,207.22,0.6376,-1,-1,-1
328,7,927.67,31.50,64.51,171.76,0.4210,-1,-1,-1
328,25,508.97,479.03,71.24,221.07,0.7043,-1,-1,-1
328,6,232.16,356.03,59.88,187.61,0.5471,-1,-1,-1
328,8,423.59,467.84,76.68,222.68,0.7043,-1,-1,-1
328,28,369.24,921.10,96.77,158.88,0.6853,-1,-1,-1
328,32,985.41,68.36,62.19,172.59,0.4949,-1,-1,-1
328,34,409.77,839.73,72.28,146.08,0.5480,-1,-1,-1
328,38,1043.38,75.71,47.62,155.20,0.2945,-1,-1,-1
328,27,838.57,435.25,88.25,209.48,0.4730,-1,-1,-1
328,44,928.47,387.78,57.08,184.47,0.3273,-1,-1,-1
328,5,1535.05,610.81,82.44,230.40,0.5012,-1,-1,-1
329,1,449.76,111.84,71.25,193.78,0.3802,-1,-1,-1
329,2,388.69,577.21,67.71,246.67,0.5799,-1,-1,-1
329,3,942.68,911.84,56.74,167.31,0.6984,-1,-1,-1
329,4,1722.14,459.24,72.07,208.55,0.6115,-1,-1,-1
329,7,928.57,30.77,64.15,171.60,0.3878,-1,-1,-1
329,25,508.79,482.31,70.24,221.17,0.7128,-1,-1,-1
329,6,232.08,355.51,59.88,186.38,0.5481,-1,-1,-1
329,8,420.23,469.29,79.90,219.44,0.6912,-1,-1,-1
329,28,370.59,923.41,97.10,156.60,0.6871,-1,-1,-1
329,32,985.89,68.27,60.16,170.81,0.4624,-1,-1,-1
329,34,413.00,843.17,74.90,147.44,0.5572,-1,-1,-1
329,38,1041.63,75.65,48.69,153.60,0.2547,-1,-1,-1
329,27,839.39,435.68,86.30,207.70,0.4010,-1,-1,-1
329,44,935.08,387.73,61.09,191.48,0.4205,-1,-1,-1
329,5,1536.27,610.52,86.03,231.04,0.3987,-1,-1,-1
330,1,448.62,110.87,73.73,192.90,0.3655,-1,-1,-1
330,2,391.47,591.81,69.86,234.05,0.3998,-1,-1,-1
330,3,942.35,913.85,58.82,164.97,0.6935,-1,-1,-1
330,4,1722.14,459.82,72.20,207.94,0.6317,-1,-1,-1
330,7,928.55,30.21,64.27,171.86,0.4274,-1,-1,-1
330,25,508.88,485.22,69.29,220.21,0.7322,-1,-1,-1
330,6,232.16,354.80,58.79,185.15,0.5657,-1,-1,-1
330,8,414.21,470.04,86.38,222.76,0.6678,-1,-1,-1
330,28,372.60,924.76,95.50,154.38,0.6373,-1,-1,-1
330,32,984.73,67.56,60.01,172.18,0.4715,-1,-1,-1
330,34,416.62,845.40,76.24,203.68,0.5929,-1,-1,-1
330,38,1039.57,75.55,50.29,156.59,0.3096,-1,-1,-1
330,27,841.75,436.25,83.08,206.87,0.3680,-1,-1,-1
330,44,939.45,388.65,60.52,194.19,0.4192,-1,-1,-1
330,5,1537.36,610.66,86.09,230.64,0.4149,-1,-1,-1
331,1,447.92,110.02,74.04,189.01,0.3811,-1,-1,-1
331,3,941.48,913.60,60.72,165.29,0.7375,-1,-1,-1
331,4,1722.19,458.12,72.73,209.97,0.6501,-1,-1,-1
331,7,927.89,30.33,63.55,172.70,0.4041,-1,-1,-1
331,25,508.56,487.73,68.06,219.87,0.7411,-1,-1,-1
331,6,231.52,353.97,58.79,187.67,0.5209,-1,-1,-1
331,8,401.59,471.64,97.91,308.88,0.5992,-1,-1,-1
331,28,374.20,924.79,94.37,149.92,0.6460,-1,-1,-1
331,32,983.31,67.10,60.98,173.97,0.5003,-1,-1,-1
331,34,420.27,847.68,77.31,222.40,0.6612,-1,-1,-1
331,38,1037.65,74.02,52.91,159.85,0.3600,-1,-1,-1
331,27,844.66,438.54,81.52,206.25,0.4884,-1,-1,-1
331,44,942.64,389.17,58.35,195.46,0.3413,-1,-1,-1
331,5,1538.47,612.72,82.31,229.56,0.5355,-1,-1,-1
331,18,404.37,374.17,78.61,125.05,0.4202,-1,-1,-1
332,1,447.64,109.12,73.90,186.51,0.3408,-1,-1,-1
332,3,942.03,914.69,60.99,163.46,0.7209,-1,-1,-1
332,4,1722.60,458.66,72.81,210.23,0.6398,-1,-1,-1
332,7,927.24,30.03,63.88,172.93,0.4117,-1,-1,-1
332,25,508.02,489.82,68.71,220.33,0.7421,-1,-1,-1
332,6,230.32,352.59,60.20,189.41,0.5025,-1,-1,-1
332,8,395.69,473.11,103.19,339.23,0.6050,-1,-1,-1
332,28,376.39,925.39,92.09,145.90,0.6349,-1,-1,-1
332,32,982.57,67.27,61.33,175.07,0.5245,-1,-1,-1
332,34,423.74,849.47,78.51,229.06,0.6643,-1,-1,-1
332,38,1038.16,73.66,52.30,161.80,0.4006,-1,-1,-1
332,27,843.32,437.75,84.90,210.21,0.3815,-1,-1,-1
332,44,945.09,390.95,58.49,194.23,0.4158,-1,-1,-1
332,5,1539.23,612.56,86.62,230.39,0.4492,-1,-1,-1
332,18,405.71,371.78,77.64,122.13,0.3853,-1,-1,-1
333,1,446.78,107.90,76.42,187.15,0.3285,-1,-1,-1
333,3,943.30,915.15,60.34,162.74,0.7336,-1,-1,-1
333,4,1723.28,458.95,72.18,209.96,0.6225,-1,-1,-1
333,7,927.91,30.17,62.41,171.90,0.4198,-1,-1,-1
333,25,507.29,491.45,69.19,221.18,0.7450,-1,-1,-1
333,6,229.92,352.09,59.74,190.54,0.5167,-1,-1,-1
333,8,393.13,474.79,106.65,352.03,0.6427,-1,-1,-1
333,28,378.50,925.51,94.28,146.40,0.6699,-1,-1,-1
333,32,983.79,66.49,58.32,176.90,0.5048,-1,-1,-1
333,34,423.89,850.81,85.17,185.35,0.5858,-1,-1,-1
333,38,1037.68,73.10,52.03,162.92,0.4112,-1,-1,-1
333,27,844.12,438.43,86.33,214.04,0.4342,-1,-1,-1
333,44,949.16,391.24,57.21,193.08,0.4172,-1,-1,-1
333,5,1539.93,612.78,88.73,232.74,0.4471,-1,-1,-1
333,18,409.01,367.33,75.46,124.50,0.3256,-1,-1,-1
334,1,446.53,108.51,74.39,185.91,0.3167,-1,-1,-1
334,3,944.25,916.31,60.37,161.19,0.7183,-1,-1,-1
334,4,1722.49,459.68,72.42,209.55,0.6197,-1,-1,-1
334,7,928.20,29.50,61.86,172.62,0.3806,-1,-1,-1
334,25,507.07,492.25,68.79,222.49,0.7314,-1,-1,-1
334,6,229.79,351.80,59.41,188.53,0.4715,-1,-1,-1
334,8,392.92,475.40,110.32,357.69,0.6311,-1,-1,-1
334,28,380.38,927.88,95.55,143.94,0.6546,-1,-1,-1
334,32,983.59,66.64,57.23,176.54,0.4840,-1,-1,-1
334,34,424.07,851.95,90.17,165.02,0.5493,-1,-1,-1
334,38,1037.11,72.45,52.10,163.75,0.3879,-1,-1,-1
334,27,845.31,438.70,86.05,217.11,0.4899,-1,-1,-1
334,44,953.06,392.24,56.33,193.69,0.4493,-1,-1,-1
334,5,1540.30,615.38,86.51,231.61,0.5674,-1,-1,-1
334,18,411.12,363.66,74.46,128.59,0.2332,-1,-1,-1
335,1,443.91,105.96,76.75,188.43,0.2731,-1,-1,-1
335,3,944.99,917.94,60.73,159.96,0.7190,-1,-1,-1
335,4,1722.60,459.81,72.03,208.79,0.6218,-1,-1,-1
335,7,928.68,27.89,61.69,172.23,0.3673,-1,-1,-1
335,25,506.01,493.02,68.83,222.71,0.7262,-1,-1,-1
335,6,228.29,350.37,61.41,190.80,0.4946,-1,-1,-1
335,8,390.23,477.26,117.02,358.48,0.6718,-1,-1,-1
335,28,382.85,930.83,96.96,141.51,0.6629,-1,-1,-1
335,32,982.79,66.51,57.47,175.60,0.4754,-1,-1,-1
335,34,425.83,851.40,95.48,162.56,0.5660,-1,-1,-1
335,38,1037.01,72.25,51.78,163.73,0.3749,-1,-1,-1
335,27,847.27,439.69,82.83,217.94,0.4988,-1,-1,-1
335,44,956.85,393.62,55.86,191.05,0.4979,-1,-1,-1
335,5,1540.76,614.54,85.97,238.19,0.5478,-1,-1,-1
335,18,413.32,360.74,74.26,132.03,0.2997,-1,-1,-1
336,1,443.16,104.84,77.62,189.14,0.2374,-1,-1,-1
336,3,945.59,918.57,61.45,159.25,0.7167,-1,-1,-1
336,4,1721.89,459.49,72.76,208.86,0.6379,-1,-1,-1
336,7,927.70,27.30,63.00,174.65,0.3712,-1,-1,-1
336,25,504.94,493.34,69.36,222.13,0.7203,-1,-1,-1
336,6,227.38,349.02,62.41,193.18,0.5099,-1,-1,-1
336,8,394.44,480.88,118.39,353.97,0.7021,-1,-1,-1
336,28,385.83,935.64,95.32,135.27,0.6733,-1,-1,-1
336,32,982.14,66.12,56.98,176.04,0.4610,-1,-1,-1
336,34,426.19,852.69,101.91,164.41,0.5337,-1,-1,-1
336,38,1036.63,71.67,52.15,164.13,0.3427,-1,-1,-1
336,27,845.65,440.52,82.22,218.82,0.4432,-1,-1,-1
336,44,959.34,393.12,56.67,191.29,0.4330,-1,-1,-1
336,5,1541.52,615.39,84.51,241.08,0.5858,-1,-1,-1
336,18,414.46,358.77,75.46,136.31,0.3208,-1,-1,-1
337,1,442.08,103.80,78.47,189.53,0.1989,-1,-1,-1
337,3,947.85,919.48,60.22,158.74,0.6835,-1,-1,-1
337,4,1722.20,459.34,72.54,208.10,0.6125,-1,-1,-1
337,7,928.50,25.18,63.92,175.03,0.3797,-1,-1,-1
337,25,504.41,493.61,69.41,221.79,0.7002,-1,-1,-1
337,6,226.07,348.12,63.09,190.38,0.5001,-1,-1,-1
337,8,397.38,484.99,123.60,348.80,0.7109,-1,-1,-1
337,28,387.42,940.96,96.63,132.26,0.6905,-1,-1,-1
337,32,981.27,64.98,57.06,176.71,0.4472,-1,-1,-1
337,34,427.91,856.07,107.81,165.81,0.4660,-1,-1,-1
337,38,1036.16,71.24,52.58,165.40,0.4172,-1,-1,-1
337,27,846.63,442.51,77.36,220.82,0.4087,-1,-1,-1
337,44,962.82,392.30,57.55,191.47,0.5615,-1,-1,-1
337,5,1541.93,616.10,82.66,239.84,0.6449,-1,-1,-1
337,18,416.18,357.92,76.23,138.00,0.3258,-1,-1,-1
337,45,909.36,456.39,56.94,198.33,0.3673,-1,-1,-1
338,1,440.92,103.14,79.41,190.16,0.2362,-1,-1,-1
338,3,948.60,921.21,60.96,156.99,0.7043,-1,-1,-1
338,4,1722.05,459.00,72.88,208.23,0.5867,-1,-1,-1
338,7,929.14,23.04,62.69,174.56,0.3622,-1,-1,-1
338,25,503.82,493.58,69.63,221.15,0.6969,-1,-1,-1
338,6,225.40,347.02,63.38,188.52,0.5269,-1,-1,-1
338,8,399.70,487.00,125.43,345.63,0.7126,-1,-1,-1
338,28,389.39,944.52,96.91,130.03,0.7153,-1,-1,-1
338,32,980.74,64.19,57.02,176.88,0.4422,-1,-1,-1
338,34,432.19,860.11,110.25,161.53,0.6328,-1,-1,-1
338,38,1035.70,70.83,53.05,165.86,0.3915,-1,-1,-1
338,27,848.33,444.45,76.36,220.67,0.4253,-1,-1,-1
338,44,965.75,392.47,58.42,193.40,0.5280,-1,-1,-1
338,5,1542.92,616.13,80.89,241.39,0.6082,-1,-1,-1
338,18,416.33,357.68,77.56,140.82,0.3295,-1,-1,-1
338,45,910.68,457.80,53.07,198.66,0.3372,-1,-1,-1
339,1,440.10,101.43,79.69,192.02,0.2408,-1,-1,-1
339,3,949.97,922.23,62.12,155.20,0.7040,-1,-1,-1
339,4,1721.69,459.58,73.55,207.51,0.6073,-1,-1,-1
339,7,929.24,22.23,61.95,169.59,0.3564,-1,-1,-1
339,25,503.30,494.18,68.70,221.13,0.6894,-1,-1,-1
339,6,224.11,346.01,63.93,185.24,0.5271,-1,-1,-1
339,8,401.26,487.68,124.38,343.22,0.7394,-1,-1,-1
339,28,391.89,948.39,97.27,127.36,0.7283,-1,-1,-1
339,32,979.73,61.99,57.83,178.32,0.4540,-1,-1,-1
339,34,437.32,865.45,109.77,159.10,0.6150,-1,-1,-1
339,38,1036.14,70.34,52.02,166.32,0.4359,-1,-1,-1
339,27,847.08,446.62,76.40,218.41,0.4260,-1,-1,-1
339,44,968.52,394.29,59.57,194.51,0.5966,-1,-1,-1
339,5,1543.53,616.51,80.72,242.77,0.6259,-1,-1,-1
339,18,416.92,357.45,79.61,142.64,0.3316,-1,-1,-1
339,45,911.85,459.38,50.79,198.59,0.3268,-1,-1,-1
340,1,440.85,99.51,78.67,193.84,0.2602,-1,-1,-1
340,3,950.94,923.07,62.65,154.17,0.6993,-1,-1,-1
340,4,1721.65,458.43,73.35,209.20,0.6071,-1,-1,-1
340,7,929.10,20.87,62.45,168.21,0.3434,-1,-1,-1
340,25,501.20,496.42,70.41,218.17,0.6594,-1,-1,-1
340,6,222.66,344.28,64.17,183.33,0.5188,-1,-1,-1
340,8,402.57,488.47,124.60,341.84,0.6984,-1,-1,-1
340,28,394.97,950.95,96.73,126.87,0.7113,-1,-1,-1
340,32,979.10,60.95,57.49,179.12,0.4923,-1,-1,-1
340,34,439.97,870.95,112.77,153.47,0.6904,-1,-1,-1
340,38,1035.27,69.74,52.78,167.54,0.4186,-1,-1,-1
340,27,847.01,449.01,75.42,220.97,0.4344,-1,-1,-1
340,44,970.73,396.50,60.87,195.11,0.5866,-1,-1,-1
340,5,1544.90,616.05,80.14,244.11,0.6007,-1,-1,-1
340,18,417.77,356.34,81.70,147.30,0.3242,-1,-1,-1
340,45,911.67,459.42,51.26,199.52,0.3378,-1,-1,-1
341,1,440.74,98.81,78.97,193.30,0.3032,-1,-1,-1
341,3,951.35,924.09,63.13,153.13,0.7040,-1,-1,-1
341,4,1721.61,458.66,73.24,209.06,0.6062,-1,-1,-1
341,7,928.45,19.69,62.75,166.32,0.3546,-1,-1,-1
341,25,499.21,498.46,70.52,216.03,0.6817,-1,-1,-1
341,6,221.91,342.61,64.66,183.04,0.5238,-1,-1,-1
341,8,405.10,489.13,121.61,340.86,0.3961,-1,-1,-1
341,28,398.56,954.81,96.48,123.92,0.6940,-1,-1,-1
341,32,978.90,59.28,56.07,180.02,0.4665,-1,-1,-1
341,34,441.61,875.39,115.08,148.74,0.6957,-1,-1,-1
341,38,1035.57,69.02,52.06,169.78,0.4606,-1,-1,-1
341,27,846.38,450.84,75.63,221.59,0.4582,-1,-1,-1
341,44,974.36,398.03,61.18,195.63,0.5527,-1,-1,-1
341,5,1545.17,616.33,81.25,243.82,0.6547,-1,-1,-1
341,18,418.28,356.17,84.33,151.22,0.3043,-1,-1,-1
341,45,911.33,460.15,51.64,200.98,0.3402,-1,-1,-1
342,1,440.22,99.52,79.70,192.51,0.3136,-1,-1,-1
342,3,951.49,924.37,64.91,152.78,0.6964,-1,-1,-1
342,4,1722.58,457.61,73.02,210.83,0.6241,-1,-1,-1
342,7,927.71,18.55,62.77,164.57,0.3293,-1,-1,-1
342,25,497.66,500.56,71.37,213.68,0.6921,-1,-1,-1
342,6,220.13,341.05,65.91,184.61,0.5142,-1,-1,-1
342,8,402.07,488.32,97.89,277.76,0.5925,-1,-1,-1
342,28,401.91,959.95,97.12,119.25,0.7169,-1,-1,-1
342,32,978.30,58.00,55.98,180.65,0.3985,-1,-1,-1
342,34,442.56,878.75,117.45,145.83,0.6869,-1,-1,-1
342,38,1035.63,68.35,51.96,169.79,0.4112,-1,-1,-1
342,27,845.50,452.21,70.57,220.99,0.3883,-1,-1,-1
342,44,976.20,400.07,62.49,196.16,0.6033,-1,-1,-1
342,5,1545.42,617.64,81.98,241.25,0.6395,-1,-1,-1
342,18,418.79,355.14,86.15,177.19,0.3208,-1,-1,-1
342,45,909.96,461.24,53.83,201.05,0.3550,-1,-1,-1
343,1,440.18,101.09,78.47,190.88,0.3009,-1,-1,-1
343,3,951.72,924.97,65.60,151.69,0.7070,-1,-1,-1
343,4,1722.40,457.82,72.50,209.65,0.5946,-1,-1,-1
343,7,925.87,16.85,64.63,162.79,0.3083,-1,-1,-1
343,25,495.39,502.06,73.03,213.33,0.6727,-1,-1,-1
343,6,218.70,339.80,67.87,185.01,0.5046,-1,-1,-1
343,8,400.25,486.87,85.53,252.36,0.5738,-1,-1,-1
343,28,404.30,962.96,98.06,116.40,0.7210,-1,-1,-1
343,32,976.99,57.70,55.94,177.97,0.3681,-1,-1,-1
343,34,442.00,881.75,120.25,144.15,0.6738,-1,-1,-1
343,38,1035.11,67.47,51.94,171.16,0.3737,-1,-1,-1
343,27,844.65,453.36,66.67,220.34,0.3295,-1,-1,-1
343,44,979.67,401.55,62.25,194.32,0.6358,-1,-1,-1
343,5,1545.52,617.80,83.38,240.94,0.5997,-1,-1,-1
343,18,418.85,354.18,88.07,191.31,0.3026,-1,-1,-1
343,45,909.22,462.29,55.31,200.38,0.3307,-1,-1,-1
344,1,438.74,101.74,79.98,189.24,0.3217,-1,-1,-1
344,3,951.85,925.18,67.07,151.01,0.6949,-1,-1,-1
344,4,1721.67,458.82,72.98,207.86,0.6050,-1,-1,-1
344,7,923.56,15.40,67.67,166.03,0.3474,-1,-1,-1
344,25,495.60,503.41,71.49,211.57,0.6452,-1,-1,-1
344,6,219.27,339.12,66.59,185.74,0.5441,-1,-1,-1
344,8,399.37,486.93,79.05,243.15,0.6260,-1,-1,-1
344,28,407.58,964.97,96.62,113.62,0.7270,-1,-1,-1
344,32,977.17,56.24,55.76,176.90,0.3816,-1,-1,-1
344,34,445.43,883.78,118.97,144.67,0.6796,-1,-1,-1
344,38,1035.17,66.39,51.77,171.74,0.3337,-1,-1,-1
344,27,843.52,454.77,67.56,208.61,0.3310,-1,-1,-1
344,44,982.51,405.10,63.33,192.59,0.5800,-1,-1,-1
344,5,1546.21,617.78,84.66,239.09,0.5908,-1,-1,-1
344,18,419.72,353.27,87.69,201.27,0.3325,-1,-1,-1
344,45,908.54,462.67,56.96,196.22,0.3881,-1,-1,-1
345,1,438.66,101.94,80.33,187.72,0.2934,-1,-1,-1
345,3,952.30,925.71,67.98,150.00,0.6995,-1,-1,-1
345,4,1721.08,458.62,73.45,207.13,0.6118,-1,-1,-1
345,7,923.29,15.53,68.28,165.69,0.3686,-1,-1,-1
345,25,496.64,505.41,68.57,210.81,0.5656,-1,-1,-1
345,6,219.20,338.44,65.53,185.54,0.5141,-1,-1,-1
345,8,398.90,487.61,77.57,237.07,0.6672,-1,-1,-1
345,28,410.47,965.29,97.46,112.66,0.7052,-1,-1,-1
345,32,977.02,54.17,55.32,173.63,0.4173,-1,-1,-1
345,34,448.42,885.26,118.06,148.93,0.6598,-1,-1,-1
345,38,1035.14,66.15,51.97,169.45,0.3409,-1,-1,-1
345,27,842.53,454.71,67.18,214.47,0.3409,-1,-1,-1
345,44,984.62,406.95,64.17,193.63,0.5289,-1,-1,-1
345,5,1546.88,618.58,85.00,239.84,0.5668,-1,-1,-1
345,18,421.66,352.03,85.10,197.06,0.3755,-1,-1,-1
345,45,908.57,463.09,58.55,194.64,0.3923,-1,-1,-1
346,1,439.26,99.35,78.49,190.76,0.2852,-1,-1,-1
346,3,952.55,926.37,69.10,149.39,0.7132,-1,-1,-1
346,4,1721.65,457.97,73.31,207.70,0.6136,-1,-1,-1
346,7,922.76,14.47,69.08,169.66,0.3309,-1,-1,-1
346,25,488.40,507.57,74.75,207.42,0.5515,-1,-1,-1
346,6,218.80,337.48,66.78,186.69,0.5120,-1,-1,-1
346,8,396.95,487.42,78.74,233.41,0.7010,-1,-1,-1
346,28,412.10,965.72,103.56,112.95,0.7044,-1,-1,-1
346,32,975.70,54.20,56.59,174.50,0.3625,-1,-1,-1
346,34,452.62,886.09,114.38,152.29,0.6695,-1,-1,-1
346,38,1034.57,66.68,52.15,165.24,0.2643,-1,-1,-1
346,27,841.38,454.20,67.08,204.55,0.3795,-1,-1,-1
346,44,985.92,408.02,65.56,194.91,0.4626,-1,-1,-1
346,5,1552.63,620.11,80.03,237.19,0.5691,-1,-1,-1
346,18,424.79,349.81,80.15,202.51,0.3221,-1,-1,-1
346,45,905.29,463.78,63.32,196.87,0.4637,-1,-1,-1
346,2,459.42,586.14,73.59,229.60,0.3696,-1,-1,-1
347,1,439.06,96.45,78.76,193.65,0.2780,-1,-1,-1
347,3,952.23,927.26,71.07,148.45,0.7034,-1,-1,-1
347,4,1722.67,458.13,72.55,208.69,0.6254,-1,-1,-1
347,7,922.46,14.40,68.89,170.74,0.2927,-1,-1,-1
347,25,483.98,510.42,77.55,202.50,0.5341,-1,-1,-1
347,6,218.23,336.69,67.20,187.20,0.4519,-1,-1,-1
347,8,396.07,488.70,79.78,231.03,0.7113,-1,-1,-1
347,28,413.96,966.22,103.29,112.85,0.6973,-1,-1,-1
347,32,975.10,53.92,57.19,174.31,0.3640,-1,-1,-1
347,34,455.45,887.69,110.75,154.02,0.6731,-1,-1,-1
347,38,1033.40,65.43,53.64,167.52,0.2715,-1,-1,-1
347,27,841.54,455.07,66.98,202.05,0.3361,-1,-1,-1
347,44,989.17,409.48,64.99,193.87,0.5309,-1,-1,-1
347,5,1551.51,621.21,82.88,235.70,0.5572,-1,-1,-1
347,18,427.31,348.34,75.62,207.60,0.3360,-1,-1,-1
347,45,906.47,465.25,64.66,196.62,0.4588,-1,-1,-1
347,2,467.10,583.88,72.44,232.35,0.3942,-1,-1,-1
348,1,439.15,95.57,78.11,193.93,0.2772,-1,-1,-1
348,3,952.01,927.55,71.75,148.58,0.7290,-1,-1,-1
348,4,1722.43,457.92,73.10,208.89,0.6154,-1,-1,-1
348,7,922.54,14.37,66.74,166.92,0.2688,-1,-1,-1
348,25,484.64,512.48,75.52,195.53,0.4443,-1,-1,-1
348,6,217.56,336.12,67.29,186.29,0.4055,-1,-1,-1
348,8,394.36,489.60,80.62,230.67,0.7217,-1,-1,-1
348,28,415.93,967.43,102.49,111.56,0.7088,-1,-1,-1
348,32,974.94,52.30,55.66,172.59,0.3427,-1,-1,-1
348,34,455.93,890.24,106.95,160.07,0.6437,-1,-1,-1
348,38,1032.52,65.81,53.53,164.25,0.2417,-1,-1,-1
348,27,842.37,455.11,65.95,198.93,0.2770,-1,-1,-1
348,44,993.81,410.41,62.88,193.27,0.5841,-1,-1,-1
348,5,1552.96,621.84,83.37,233.60,0.5382,-1,-1,-1
348,18,430.17,347.20,72.26,196.81,0.3944,-1,-1,-1
348,45,906.86,466.16,65.21,197.14,0.5210,-1,-1,-1
348,2,470.84,574.69,77.23,244.00,0.5983,-1,-1,-1
349,1,439.42,92.79,75.59,194.45,0.2637,-1,-1,-1
349,3,951.85,927.89,74.08,147.78,0.7384,-1,-1,-1
349,4,1722.62,457.83,72.73,208.51,0.6026,-1,-1,-1
349,7,922.06,14.09,68.12,164.62,0.2742,-1,-1,-1
349,25,487.18,515.88,70.85,141.53,0.2222,-1,-1,-1
349,6,217.40,334.17,67.24,187.87,0.4350,-1,-1,-1
349,8,393.53,489.59,79.45,231.16,0.7187,-1,-1,-1
349,28,417.68,969.37,101.87,109.93,0.7047,-1,-1,-1
349,32,974.26,51.63,55.16,173.32,0.4554,-1,-1,-1
349,34,458.18,892.37,101.80,163.40,0.6413,-1,-1,-1
349,38,1031.73,65.50,54.14,161.17,0.2471,-1,-1,-1
349,27,843.31,455.97,65.91,204.80,0.2436,-1,-1,-1
349,44,996.38,411.42,63.29,193.33,0.6047,-1,-1,-1
349,5,1552.83,622.20,85.62,236.27,0.5483,-1,-1,-1
349,18,430.09,345.17,72.57,201.78,0.4497,-1,-1,-1
349,45,907.77,468.95,61.84,197.06,0.4726,-1,-1,-1
349,2,474.89,576.74,76.39,242.47,0.6650,-1,-1,-1
350,1,438.56,92.75,76.54,191.69,0.2081,-1,-1,-1
350,3,951.42,928.63,76.06,146.88,0.7281,-1,-1,-1
350,4,1722.16,457.72,73.31,207.72,0.6072,-1,-1,-1
350,7,922.08,13.60,66.64,166.00,0.2583,-1,-1,-1
350,6,215.98,333.13,67.49,187.18,0.3946,-1,-1,-1
350,8,391.86,491.06,79.23,230.88,0.6653,-1,-1,-1
350,28,418.83,972.04,103.16,107.70,0.6934,-1,-1,-1
350,32,974.05,50.07,54.63,175.73,0.3873,-1,-1,-1
350,34,462.13,894.62,94.15,160.58,0.6167,-1,-1,-1
350,38,1031.03,65.45,54.99,158.89,0.2412,-1,-1,-1
350,27,844.60,456.54,65.34,205.34,0.2411,-1,-1,-1
350,44,1000.09,411.19,63.58,194.17,0.6157,-1,-1,-1
350,5,1553.97,623.17,87.06,239.21,0.5344,-1,-1,-1
350,18,430.34,342.72,72.25,204.85,0.4448,-1,-1,-1
350,45,907.76,468.70,64.40,200.86,0.4107,-1,-1,-1
350,2,478.90,577.72,77.25,241.68,0.5708,-1,-1,-1
351,1,438.26,92.31,77.04,190.71,0.2910,-1,-1,-1
351,3,951.10,929.64,78.43,146.63,0.7362,-1,-1,-1
351,4,1722.37,457.93,72.89,208.49,0.5802,-1,-1,-1
351,7,921.94,13.64,66.74,166.46,0.2499,-1,-1,-1
351,6,213.96,330.33,67.70,187.18,0.3097,-1,-1,-1
351,8,391.97,493.29,77.14,231.66,0.6822,-1,-1,-1
351,28,420.12,975.43,103.40,104.27,0.6975,-1,-1,-1
351,32,973.56,49.31,54.46,176.98,0.4686,-1,-1,-1
351,34,465.94,897.83,87.89,156.58,0.5871,-1,-1,-1
351,38,1030.21,65.16,55.73,158.70,0.2847,-1,-1,-1
351,27,844.97,457.05,63.95,203.25,0.2455,-1,-1,-1
351,44,1002.26,409.64,63.71,195.05,0.5934,-1,-1,-1
351,5,1552.19,623.85,92.25,237.54,0.5594,-1,-1,-1
351,18,430.26,339.59,72.62,206.30,0.4669,-1,-1,-1
351,45,908.22,469.44,65.90,203.38,0.3734,-1,-1,-1
351,2,481.28,540.94,86.22,277.05,0.6592,-1,-1,-1
352,1,438.07,91.44,76.69,190.95,0.2746,-1,-1,-1
352,3,950.80,929.97,79.93,147.06,0.7257,-1,-1,-1
352,4,1722.74,457.32,72.94,209.20,0.5959,-1,-1,-1
352,7,922.77,11.96,65.59,168.17,0.2683,-1,-1,-1
352,6,211.88,328.02,68.03,188.43,0.3171,-1,-1,-1
352,8,391.52,494.96,76.32,232.79,0.7086,-1,-1,-1
352,28,421.84,979.34,106.48,100.48,0.6902,-1,-1,-1
352,32,972.30,47.90,54.80,178.34,0.4320,-1,-1,-1
352,34,468.60,900.07,84.21,152.45,0.5721,-1,-1,-1
352,38,1029.63,64.89,56.29,158.21,0.2969,-1,-1,-1
352,27,845.27,457.88,67.93,211.29,0.2780,-1,-1,-1
352,44,1006.80,410.22,62.52,194.42,0.5954,-1,-1,-1
352,5,1551.29,625.57,93.93,238.55,0.5542,-1,-1,-1
352,18,429.93,337.58,71.38,211.26,0.3825,-1,-1,-1
352,45,909.29,471.84,65.76,203.16,0.4380,-1,-1,-1
352,2,482.81,552.96,97.44,263.82,0.6573,-1,-1,-1
353,1,439.33,90.24,73.37,192.00,0.2801,-1,-1,-1
353,3,950.84,930.41,81.41,147.26,0.7476,-1,-1,-1
353,4,1722.21,457.94,73.18,209.63,0.6059,-1,-1,-1
353,7,922.47,10.26,65.25,167.91,0.2692,-1,-1,-1
353,6,211.87,325.60,66.89,188.27,0.3041,-1,-1,-1
353,8,391.04,496.74,75.65,234.06,0.7024,-1,-1,-1
353,28,422.76,983.27,107.95,96.78,0.6866,-1,-1,-1
353,32,969.67,47.23,56.96,179.27,0.3708,-1,-1,-1
353,34,468.22,902.42,85.15,151.61,0.4822,-1,-1,-1
353,38,1029.27,64.95,56.83,158.05,0.2578,-1,-1,-1
353,27,845.87,458.97,69.32,217.33,0.3706,-1,-1,-1
353,44,1009.11,411.05,64.13,194.46,0.6480,-1,-1,-1
353,5,1560.41,625.12,86.65,239.92,0.5150,-1,-1,-1
353,18,430.50,334.89,73.04,205.13,0.4532,-1,-1,-1
353,45,909.76,473.62,65.71,202.45,0.4828,-1,-1,-1
353,2,483.13,566.81,107.27,249.22,0.7218,-1,-1,-1
354,1,440.30,89.39,72.16,192.77,0.2752,-1,-1,-1
354,3,951.19,930.85,81.73,147.02,0.7471,-1,-1,-1
354,4,1722.27,458.06,72.74,209.85,0.5892,-1,-1,-1
354,7,922.39,8.65,64.19,167.11,0.2631,-1,-1,-1
354,6,213.31,324.22,64.45,186.90,0.3003,-1,-1,-1
354,8,389.49,498.41,77.65,234.33,0.6846,-1,-1,-1
354,28,425.34,988.93,106.17,91.16,0.6514,-1,-1,-1
354,32,966.58,46.95,59.72,179.01,0.3173,-1,-1,-1
354,34,470.97,907.19,81.85,149.47,0.5193,-1,-1,-1
354,38,1029.11,64.93,56.84,160.26,0.2766,-1,-1,-1
354,27,845.52,460.63,69.05,220.78,0.3667,-1,-1,-1
354,44,1011.90,413.27,65.81,194.11,0.5960,-1,-1,-1
354,5,1565.01,626.01,84.75,244.27,0.5246,-1,-1,-1
354,18,429.20,334.39,75.51,204.07,0.4269,-1,-1,-1
354,45,909.19,476.73,67.80,201.28,0.4626,-1,-1,-1
354,2,482.96,573.52,112.70,242.20,0.7363,-1,-1,-1
355,1,442.22,88.31,70.47,193.47,0.2309,-1,-1,-1
355,3,951.04,930.09,82.86,147.64,0.7466,-1,-1,-1
355,4,1722.82,458.21,71.58,208.96,0.6062,-1,-1,-1
355,7,923.21,7.18,62.75,165.91,0.2458,-1,-1,-1
355,6,212.15,322.85,64.02,186.18,0.2824,-1,-1,-1
355,8,388.23,500.55,79.42,235.33,0.6944,-1,-1,-1
355,28,430.46,993.85,101.20,85.33,0.6170,-1,-1,-1
355,32,965.92,56.87,61.01,168.75,0.2864,-1,-1,-1
355,34,472.55,910.21,81.93,157.60,0.5778,-1,-1,-1
355,38,1028.99,64.36,57.10,160.66,0.2632,-1,-1,-1
355,27,845.26,462.90,69.07,221.92,0.3728,-1,-1,-1
355,44,1014.61,416.27,66.40,192.05,0.5712,-1,-1,-1
355,5,1567.99,627.92,84.36,245.55,0.5551,-1,-1,-1
355,18,427.33,333.20,77.99,208.36,0.4526,-1,-1,-1
355,45,909.06,480.02,67.58,199.10,0.4030,-1,-1,-1
355,2,482.61,577.59,115.31,238.53,0.7571,-1,-1,-1
356,1,442.95,87.55,69.93,193.80,0.2998,-1,-1,-1
356,3,951.62,929.34,82.13,147.59,0.7436,-1,-1,-1
356,4,1722.71,458.27,71.53,208.73,0.6056,-1,-1,-1
356,7,924.44,5.41,61.22,166.32,0.2831,-1,-1,-1
356,6,215.67,321.60,60.03,183.60,0.2857,-1,-1,-1
356,8,386.68,503.12,79.48,235.55,0.6990,-1,-1,-1
356,28,434.75,998.05,97.17,81.06,0.6169,-1,-1,-1
356,32,963.10,53.44,62.36,171.29,0.3354,-1,-1,-1
356,34,473.74,914.80,83.09,157.64,0.5492,-1,-1,-1
356,38,1028.45,63.55,57.18,160.94,0.3000,-1,-1,-1
356,27,846.08,464.43,68.75,220.42,0.4249,-1,-1,-1
356,44,1016.23,418.41,68.20,190.97,0.5041,-1,-1,-1
356,5,1569.23,627.85,85.20,246.44,0.5849,-1,-1,-1
356,18,426.05,332.24,80.07,210.65,0.4715,-1,-1,-1
356,45,909.89,481.97,66.43,202.18,0.4215,-1,-1,-1
356,2,482.79,576.24,116.97,239.84,0.7306,-1,-1,-1
357,1,443.84,87.31,68.96,192.85,0.2215,-1,-1,-1
357,3,952.45,928.31,81.69,148.62,0.7292,-1,-1,-1
357,4,1722.78,458.32,71.45,208.04,0.5890,-1,-1,-1
357,7,925.04,3.42,60.81,168.94,0.2873,-1,-1,-1
357,6,216.58,320.41,58.31,181.44,0.2920,-1,-1,-1
357,8,385.14,505.00,79.45,236.08,0.6879,-1,-1,-1
357,28,439.07,1003.06,94.06,76.01,0.5523,-1,-1,-1
357,32,963.23,53.91,61.21,169.46,0.2977,-1,-1,-1
357,34,477.94,919.27,81.85,157.14,0.5161,-1,-1,-1
357,38,1027.55,62.95,57.49,161.32,0.2651,-1,-1,-1
357,27,846.57,466.85,69.23,216.09,0.4775,-1,-1,-1
357,44,1018.20,420.61,74.01,193.12,0.4397,-1,-1,-1
357,5,1570.80,629.98,85.30,244.79,0.5883,-1,-1,-1
357,18,424.66,330.64,82.27,213.61,0.4451,-1,-1,-1
357,45,910.72,484.79,65.20,199.55,0.4855,-1,-1,-1
357,2,484.00,574.35,118.38,241.87,0.7084,-1,-1,-1
357,25,477.91,520.29,59.61,214.64,0.4190,-1,-1,-1
358,1,443.97,85.74,68.89,194.55,0.2279,-1,-1,-1
358,3,954.06,927.64,79.90,151.27,0.7241,-1,-1,-1
358,4,1723.12,458.09,71.38,208.12,0.5796,-1,-1,-1
358,7,924.72,2.07,61.82,171.11,0.2382,-1,-1,-1
358,6,216.12,318.63,58.59,182.42,0.3550,-1,-1,-1
358,8,383.82,506.29,79.66,239.44,0.6983,-1,-1,-1
358,28,441.10,1006.75,90.38,72.42,0.5572,-1,-1,-1
358,32,963.62,55.27,59.44,167.69,0.3174,-1,-1,-1
358,34,482.49,921.67,83.94,155.49,0.5996,-1,-1,-1
358,38,1026.76,62.07,57.87,161.11,0.2779,-1,-1,-1
358,27,847.43,468.17,69.31,215.63,0.4899,-1,-1,-1
358,44,1018.40,422.75,77.50,193.68,0.5055,-1,-1,-1
358,5,1571.38,632.20,84.98,243.11,0.5366,-1,-1,-1
358,18,423.72,330.65,83.24,211.84,0.4530,-1,-1,-1
358,45,912.07,486.71,64.63,199.36,0.4789,-1,-1,-1
358,2,486.17,577.32,118.05,238.56,0.7538,-1,-1,-1
358,25,476.20,520.74,64.58,220.06,0.5421,-1,-1,-1
359,1,443.98,85.34,68.50,194.75,0.2749,-1,-1,-1
359,3,954.41,927.36,79.98,150.24,0.7144,-1,-1,-1
359,4,1722.60,457.42,72.09,208.97,0.5841,-1,-1,-1
359,7,924.27,1.69,62.86,172.23,0.1991,-1,-1,-1
359,6,211.55,317.32,62.81,184.43,0.3747,-1,-1,-1
359,8,382.53,507.28,79.91,241.40,0.6911,-1,-1,-1
359,28,443.28,1010.96,91.63,68.67,0.5411,-1,-1,-1
359,32,963.72,56.07,56.72,168.58,0.3720,-1,-1,-1
359,34,483.78,923.19,85.68,154.04,0.5683,-1,-1,-1
359,38,1026.25,61.84,57.90,163.09,0.3327,-1,-1,-1
359,27,847.13,473.25,71.64,216.76,0.5533,-1,-1,-1
359,44,1020.20,425.53,78.44,192.84,0.5008,-1,-1,-1
359,5,1570.93,634.68,85.96,242.66,0.5838,-1,-1,-1
359,18,423.88,329.94,82.75,211.51,0.4782,-1,-1,-1
359,45,913.51,488.15,64.40,198.67,0.4446,-1,-1,-1
359,2,488.05,578.77,115.50,236.75,0.7394,-1,-1,-1
359,25,475.45,522.72,65.41,220.84,0.5347,-1,-1,-1
359,47,1752.33,74.32,56.46,171.80,0.3415,-1,-1,-1
360,1,443.38,85.44,68.74,193.82,0.2532,-1,-1,-1
360,3,955.29,926.92,79.08,150.61,0.7147,-1,-1,-1
360,4,1722.59,457.60,72.03,208.21,0.6183,-1,-1,-1
360,7,923.80,1.21,64.12,173.81,0.1773,-1,-1,-1
360,6,209.91,317.22,63.75,184.96,0.3816,-1,-1,-1
360,8,380.42,508.33,81.29,241.98,0.7215,-1,-1,-1
360,28,445.55,1012.74,90.25,67.19,0.5184,-1,-1,-1
360,32,962.69,55.28,56.68,169.66,0.3677,-1,-1,-1
360,34,488.14,924.65,85.24,153.82,0.6048,-1,-1,-1
360,38,1025.63,61.94,57.46,162.05,0.3433,-1,-1,-1
360,27,847.72,475.72,73.58,218.92,0.5622,-1,-1,-1
360,44,1023.46,426.03,78.48,196.76,0.5177,-1,-1,-1
360,5,1570.94,635.48,83.80,244.05,0.5809,-1,-1,-1
360,18,425.61,329.14,80.43,210.14,0.5083,-1,-1,-1
360,45,915.20,488.38,63.88,198.91,0.4704,-1,-1,-1
360,2,491.02,580.50,112.49,235.39,0.6959,-1,-1,-1
360,25,475.99,526.31,62.66,222.48,0.6203,-1,-1,-1
360,47,1752.71,75.33,56.34,171.77,0.3370,-1,-1,-1
361,1,442.36,85.39,69.08,193.29,0.2229,-1,-1,-1
361,3,956.29,926.52,78.40,151.16,0.7190,-1,-1,-1
361,4,1722.87,457.74,72.08,208.62,0.6121,-1,-1,-1
361,7,923.51,0.77,65.82,174.55,0.1775,-1,-1,-1
361,6,212.08,316.10,59.61,184.55,0.2892,-1,-1,-1
361,8,379.60,509.14,79.90,242.17,0.7080,-1,-1,-1
361,28,446.47,1015.27,92.34,64.22,0.4412,-1,-1,-1
361,32,958.95,53.14,59.10,171.37,0.4077,-1,-1,-1
361,34,492.69,925.18,85.07,155.28,0.6528,-1,-1,-1
361,38,1025.22,60.87,56.29,161.73,0.3845,-1,-1,-1
361,27,849.42,477.54,72.78,219.39,0.6199,-1,-1,-1
361,44,1027.13,428.33,77.12,196.36,0.4522,-1,-1,-1
361,5,1569.58,636.11,83.76,243.62,0.6144,-1,-1,-1
361,18,427.26,328.38,78.40,208.86,0.5147,-1,-1,-1
361,45,915.77,488.13,65.70,200.59,0.4867,-1,-1,-1
361,2,497.75,578.41,105.43,237.42,0.6565,-1,-1,-1
361,25,474.65,528.06,65.56,229.89,0.6368,-1,-1,-1
361,47,1753.20,76.84,56.85,172.80,0.3684,-1,-1,-1
362,1,441.67,84.52,69.61,193.77,0.2205,-1,-1,-1
362,3,958.27,926.24,76.07,151.45,0.6826,-1,-1,-1
362,4,1722.73,457.88,72.72,208.69,0.5889,-1,-1,-1
362,6,209.71,315.61,61.36,185.36,0.2244,-1,-1,-1
362,8,377.95,510.00,78.91,240.86,0.6910,-1,-1,-1
362,28,448.51,1017.79,86.11,61.01,0.4474,-1,-1,-1
362,32,956.25,50.59,60.88,173.62,0.4190,-1,-1,-1
362,34,494.92,926.99,90.43,154.00,0.6729,-1,-1,-1
362,38,1025.13,59.93,55.48,162.62,0.3823,-1,-1,-1
362,27,850.19,478.19,71.87,218.97,0.5487,-1,-1,-1
362,44,1029.84,429.56,76.38,195.62,0.4737,-1,-1,-1
362,5,1571.08,635.41,82.85,244.92,0.5541,-1,-1,-1
362,18,430.83,325.73,75.41,206.59,0.4856,-1,-1,-1
362,45,915.44,489.62,66.58,199.95,0.3971,-1,-1,-1
362,2,508.87,577.66,95.49,235.83,0.6016,-1,-1,-1
362,25,472.79,526.60,66.52,236.22,0.6953,-1,-1,-1
362,47,1753.65,81.16,56.47,170.14,0.3805,-1,-1,-1
363,1,441.69,83.70,69.45,193.52,0.2631,-1,-1,-1
363,3,960.08,926.10,74.24,151.53,0.6452,-1,-1,-1
363,4,1722.83,458.12,72.68,208.45,0.5974,-1,-1,-1
363,6,207.34,315.61,62.79,182.98,0.2520,-1,-1,-1
363,8,376.28,510.27,79.03,240.21,0.7081,-1,-1,-1
363,28,449.69,1018.76,89.20,60.50,0.5113,-1,-1,-1
363,32,955.73,48.73,60.30,173.39,0.3442,-1,-1,-1
363,34,496.68,928.89,95.95,152.27,0.6550,-1,-1,-1
363,38,1024.35,59.47,56.39,161.87,0.4397,-1,-1,-1
363,27,852.08,479.20,69.60,217.53,0.5930,-1,-1,-1
363,44,1034.27,430.06,73.29,195.75,0.5357,-1,-1,-1
363,5,1572.34,635.28,82.78,244.58,0.5803,-1,-1,-1
363,18,434.41,324.14,72.02,207.65,0.4898,-1,-1,-1
363,45,915.64,491.62,66.39,198.62,0.4520,-1,-1,-1
363,2,515.87,576.99,92.63,234.05,0.6183,-1,-1,-1
363,25,472.01,532.57,67.17,232.04,0.7134,-1,-1,-1
363,47,1753.46,81.90,56.43,170.43,0.3731,-1,-1,-1
364,1,441.98,82.73,68.68,193.48,0.2584,-1,-1,-1
364,3,962.01,925.49,73.07,152.49,0.6627,-1,-1,-1
364,4,1722.03,458.03,73.35,208.31,0.5895,-1,-1,-1
364,6,205.73,315.99,63.44,181.92,0.2372,-1,-1,-1
364,8,374.33,511.45,79.04,239.60,0.6916,-1,-1,-1
364,28,452.20,1019.08,88.55,60.74,0.4986,-1,-1,-1
364,32,956.39,47.59,59.00,172.97,0.3100,-1,-1,-1
364,34,499.87,931.94,99.37,149.21,0.6697,-1,-1,-1
364,38,1023.08,58.51,57.63,162.52,0.3820,-1,-1,-1
364,27,852.42,478.89,70.95,217.68,0.5564,-1,-1,-1
364,44,1039.28,430.47,71.05,194.67,0.6055,-1,-1,-1
364,5,1573.54,634.34,80.93,245.97,0.5533,-1,-1,-1
364,18,435.85,322.74,70.33,207.18,0.4872,-1,-1,-1
364,45,916.70,492.54,65.30,197.96,0.4153,-1,-1,-1
364,2,524.28,576.34,88.16,235.47,0.6586,-1,-1,-1
364,25,470.91,537.39,66.68,228.50,0.7209,-1,-1,-1
364,47,1753.74,82.84,56.11,169.73,0.3104,-1,-1,-1
365,1,442.50,81.17,67.83,193.81,0.2976,-1,-1,-1
365,3,963.19,924.02,72.11,154.33,0.6769,-1,-1,-1
365,4,1722.50,457.19,72.73,209.20,0.5717,-1,-1,-1
365,6,205.44,314.69,63.43,184.16,0.2667,-1,-1,-1
365,8,371.16,512.58,79.64,238.21,0.6927,-1,-1,-1
365,28,454.71,1017.78,86.54,62.20,0.4657,-1,-1,-1
365,32,956.72,50.21,59.56,167.75,0.2082,-1,-1,-1
365,34,503.25,934.15,102.33,146.86,0.6754,-1,-1,-1
365,38,1021.84,58.18,58.53,162.03,0.3886,-1,-1,-1
365,27,851.62,479.50,72.03,216.41,0.5347,-1,-1,-1
365,44,1043.52,431.09,69.67,194.03,0.6232,-1,-1,-1
365,5,1574.66,635.27,79.64,243.92,0.6050,-1,-1,-1
365,18,437.37,318.62,68.24,208.86,0.5331,-1,-1,-1
365,45,916.69,491.13,65.88,199.55,0.4053,-1,-1,-1
365,2,535.65,574.27,81.32,237.08,0.6439,-1,-1,-1
365,25,470.12,537.82,66.44,229.63,0.7149,-1,-1,-1
365,47,1754.39,83.61,54.64,169.53,0.2910,-1,-1,-1
366,1,443.57,80.46,66.38,193.01,0.3174,-1,-1,-1
366,3,964.86,923.05,71.36,155.56,0.7055,-1,-1,-1
366,4,1722.24,457.32,72.56,209.18,0.5805,-1,-1,-1
366,8,367.34,512.57,80.76,237.40,0.7388,-1,-1,-1
366,28,456.72,1017.82,80.54,62.11,0.3916,-1,-1,-1
366,32,957.12,50.00,59.20,166.30,0.3243,-1,-1,-1
366,34,507.36,936.62,104.05,144.17,0.6744,-1,-1,-1
366,38,1021.13,58.94,56.69,158.09,0.4133,-1,-1,-1
366,27,851.08,480.06,72.33,215.67,0.5819,-1,-1,-1
366,44,1047.00,430.79,68.83,195.16,0.6344,-1,-1,-1
366,5,1574.95,633.97,81.65,246.09,0.5608,-1,-1,-1
366,18,438.78,316.35,68.17,209.24,0.5355,-1,-1,-1
366,45,916.23,490.55,66.91,200.76,0.4545,-1,-1,-1
366,2,543.84,572.92,75.46,238.90,0.7079,-1,-1,-1
366,25,469.37,538.87,65.46,232.73,0.7376,-1,-1,-1
366,47,1754.88,84.61,55.28,168.74,0.2737,-1,-1,-1
367,1,444.24,79.53,65.33,192.53,0.2821,-1,-1,-1
367,3,966.10,921.79,70.89,156.40,0.7096,-1,-1,-1
367,4,1722.06,457.56,72.09,209.45,0.5756,-1,-1,-1
367,8,363.25,514.31,83.48,235.77,0.7545,-1,-1,-1
367,28,461.82,1020.97,73.15,59.06,0.3442,-1,-1,-1
367,32,956.69,48.07,59.31,167.21,0.3202,-1,-1,-1
367,34,507.68,940.53,106.81,140.24,0.6850,-1,-1,-1
367,38,1020.72,58.63,55.81,155.92,0.4291,-1,-1,-1
367,27,851.33,480.28,72.89,217.21,0.5992,-1,-1,-1
367,44,1050.43,431.06,67.99,194.65,0.6271,-1,-1,-1
367,5,1575.19,639.27,86.55,241.83,0.5775,-1,-1,-1
367,18,439.38,314.18,68.60,209.36,0.5607,-1,-1,-1
367,45,915.87,491.13,66.87,202.07,0.4415,-1,-1,-1
367,2,547.53,572.18,73.69,241.74,0.6918,-1,-1,-1
367,25,467.93,539.95,65.32,234.68,0.7386,-1,-1,-1
367,47,1758.27,86.56,53.66,165.66,0.2129,-1,-1,-1
368,1,444.55,79.10,65.14,191.41,0.2200,-1,-1,-1
368,3,967.59,921.28,70.77,157.12,0.6917,-1,-1,-1
368,4,1722.02,457.85,73.21,208.12,0.5795,-1,-1,-1
368,8,359.95,515.23,86.01,235.01,0.7697,-1,-1,-1
368,28,467.62,1023.59,60.78,56.44,0.2919,-1,-1,-1
368,32,955.61,47.74,59.49,167.80,0.2666,-1,-1,-1
368,34,510.07,943.22,108.44,137.43,0.6924,-1,-1,-1
368,38,1020.37,58.00,55.39,154.46,0.4456,-1,-1,-1
368,27,851.84,481.05,70.93,217.45,0.6341,-1,-1,-1
368,44,1054.30,432.05,67.58,196.81,0.6638,-1,-1,-1
368,5,1575.28,643.49,89.37,236.65,0.5189,-1,-1,-1
368,18,439.79,312.63,69.05,208.66,0.5698,-1,-1,-1
368,45,915.31,492.04,67.79,202.30,0.4879,-1,-1,-1
368,2,549.46,571.77,75.30,241.47,0.6904,-1,-1,-1
368,25,465.98,540.68,66.39,235.15,0.7519,-1,-1,-1
368,47,1757.31,86.04,54.91,165.28,0.2615,-1,-1,-1
369,1,443.34,79.15,66.53,188.68,0.1853,-1,-1,-1
369,3,968.73,920.89,71.12,157.90,0.7154,-1,-1,-1
369,4,1722.06,458.12,74.55,206.89,0.5705,-1,-1,-1
369,8,356.59,516.07,88.91,237.93,0.7540,-1,-1,-1
369,28,474.35,1028.20,48.01,51.77,0.2596,-1,-1,-1
369,32,957.64,47.55,56.68,167.86,0.3068,-1,-1,-1
369,34,513.00,946.05,110.68,134.46,0.6972,-1,-1,-1
369,38,1019.64,57.18,54.80,155.31,0.4421,-1,-1,-1
369,27,852.01,482.20,68.18,219.01,0.5733,-1,-1,-1
369,44,1057.33,432.88,68.35,195.12,0.6218,-1,-1,-1
369,5,1575.70,645.06,88.98,236.46,0.5150,-1,-1,-1
369,18,440.96,310.51,67.75,209.83,0.5337,-1,-1,-1
369,45,913.95,493.49,68.80,203.83,0.3981,-1,-1,-1
369,2,549.71,572.09,78.13,241.25,0.6855,-1,-1,-1
369,25,464.74,541.03,66.37,234.73,0.7326,-1,-1,-1
369,47,1759.29,89.26,54.28,162.25,0.2710,-1,-1,-1
370,1,445.01,78.18,65.43,188.09,0.1560,-1,-1,-1
370,3,969.02,919.79,72.61,158.63,0.7278,-1,-1,-1
370,4,1722.26,457.77,73.99,207.79,0.5862,-1,-1,-1
370,8,353.20,518.35,90.53,241.22,0.7173,-1,-1,-1
370,28,479.13,1035.60,52.38,44.27,0.2517,-1,-1,-1
370,32,957.16,46.81,56.40,169.16,0.2800,-1,-1,-1
370,34,515.41,950.68,114.03,129.75,0.6848,-1,-1,-1
370,38,1017.06,55.84,57.14,158.05,0.4009,-1,-1,-1
370,27,852.50,482.57,66.68,217.57,0.4660,-1,-1,-1
370,44,1060.17,434.59,67.85,197.84,0.6183,-1,-1,-1
370,5,1575.37,645.06,90.14,235.61,0.4657,-1,-1,-1
370,18,441.88,309.06,67.68,212.32,0.5439,-1,-1,-1
370,45,915.21,497.08,67.94,203.31,0.3756,-1,-1,-1
370,2,549.46,572.31,81.65,241.03,0.6624,-1,-1,-1
370,25,463.08,541.40,67.11,234.21,0.7270,-1,-1,-1
370,47,1761.43,92.37,53.28,160.07,0.2434,-1,-1,-1
371,3,970.11,918.06,73.44,160.31,0.7227,-1,-1,-1
371,4,1722.30,457.76,74.39,207.55,0.5578,-1,-1,-1
371,8,349.35,521.49,92.42,241.95,0.6993,-1,-1,-1
371,28,482.11,1040.30,49.19,39.40,0.2281,-1,-1,-1
371,32,956.57,46.16,56.56,168.73,0.1836,-1,-1,-1
371,34,517.06,954.50,116.52,125.91,0.6960,-1,-1,-1
371,38,1015.48,54.33,58.98,160.26,0.3368,-1,-1,-1
371,27,851.80,482.90,67.79,223.15,0.4592,-1,-1,-1
371,44,1062.80,435.87,69.03,198.97,0.6660,-1,-1,-1
371,5,1575.72,640.21,92.82,239.47,0.3976,-1,-1,-1
371,18,441.84,309.41,68.95,210.65,0.5046,-1,-1,-1
371,45,914.94,501.90,68.96,203.54,0.4730,-1,-1,-1
371,2,549.57,572.16,90.70,241.50,0.6374,-1,-1,-1
371,25,461.51,541.84,67.45,233.82,0.7148,-1,-1,-1
371,47,1761.81,93.52,54.75,159.05,0.3381,-1,-1,-1
372,3,970.82,917.23,75.90,161.19,0.7408,-1,-1,-1
372,4,1721.65,458.54,75.94,206.94,0.5364,-1,-1,-1
372,8,347.70,524.29,93.42,242.70,0.7194,-1,-1,-1
372,28,482.80,1043.39,46.65,36.54,0.1779,-1,-1,-1
372,32,953.16,43.49,59.77,170.71,0.2137,-1,-1,-1
372,34,519.32,958.66,116.50,121.71,0.6826,-1,-1,-1
372,38,1015.02,53.50,58.96,162.89,0.3706,-1,-1,-1
372,27,851.23,484.10,68.58,224.04,0.4068,-1,-1,-1
372,44,1064.91,438.43,69.91,202.23,0.6602,-1,-1,-1
372,5,1574.54,644.74,93.17,234.82,0.4458,-1,-1,-1
372,18,442.68,309.86,69.05,209.92,0.5503,-1,-1,-1
372,45,913.43,504.87,70.77,203.65,0.4708,-1,-1,-1
372,2,550.50,571.35,102.23,242.63,0.6560,-1,-1,-1
372,25,459.98,542.28,68.06,232.23,0.7108,-1,-1,-1
372,47,1762.56,96.04,56.34,157.08,0.3665,-1,-1,-1
373,3,971.90,915.83,77.36,162.18,0.7326,-1,-1,-1
373,4,1720.97,458.13,77.65,207.68,0.5365,-1,-1,-1
373,8,346.38,526.47,93.16,240.61,0.6990,-1,-1,-1
373,32,951.54,44.00,61.22,169.54,0.2256,-1,-1,-1
373,34,519.96,962.21,117.50,117.99,0.6651,-1,-1,-1
373,38,1015.02,52.81,58.14,162.15,0.3822,-1,-1,-1
373,27,850.93,485.51,67.74,223.05,0.3836,-1,-1,-1
373,44,1067.38,440.67,70.57,203.05,0.6475,-1,-1,-1
373,5,1574.27,645.44,92.55,232.57,0.4222,-1,-1,-1
373,18,443.28,309.13,68.84,210.14,0.5557,-1,-1,-1
373,45,913.91,505.77,70.69,205.00,0.4778,-1,-1,-1
373,2,551.41,570.91,108.11,243.01,0.6645,-1,-1,-1
373,25,459.00,543.14,67.42,230.92,0.7050,-1,-1,-1
373,47,1765.09,97.26,54.67,157.59,0.2831,-1,-1,-1
374,3,972.62,915.34,78.16,162.84,0.7309,-1,-1,-1
374,4,1720.00,457.20,78.63,207.86,0.5488,-1,-1,-1
374,8,344.93,527.78,92.08,238.85,0.7003,-1,-1,-1
374,32,952.35,42.84,60.12,171.14,0.2222,-1,-1,-1
374,34,522.11,964.73,115.88,115.49,0.6554,-1,-1,-1
374,38,1014.49,52.33,57.38,161.89,0.3989,-1,-1,-1
374,27,851.43,487.80,67.22,219.70,0.4429,-1,-1,-1
374,44,1072.31,442.72,67.96,202.31,0.6228,-1,-1,-1
374,5,1573.31,645.91,93.75,232.64,0.4281,-1,-1,-1
374,18,443.92,308.58,68.88,209.25,0.5971,-1,-1,-1
374,45,913.76,506.67,70.37,205.61,0.5517,-1,-1,-1
374,2,554.87,569.84,108.69,243.91,0.6565,-1,-1,-1
374,25,457.28,544.93,67.66,227.86,0.7053,-1,-1,-1
374,47,1765.69,96.07,55.18,160.37,0.2398,-1,-1,-1
375,3,973.20,914.35,78.86,164.37,0.7217,-1,-1,-1
375,4,1719.00,457.05,78.75,208.36,0.5771,-1,-1,-1
375,8,343.56,528.88,92.08,238.12,0.6903,-1,-1,-1
375,32,951.33,41.51,61.09,169.52,0.2451,-1,-1,-1
375,34,524.74,966.82,113.14,113.39,0.6391,-1,-1,-1
375,38,1014.27,51.96,56.90,160.71,0.4203,-1,-1,-1
375,27,853.09,490.17,65.37,217.30,0.4052,-1,-1,-1
375,44,1076.53,444.09,67.72,203.07,0.5908,-1,-1,-1
375,5,1572.15,642.17,95.82,236.06,0.2741,-1,-1,-1
375,18,445.33,307.37,68.98,209.34,0.6049,-1,-1,-1
375,45,914.01,507.41,69.64,205.79,0.5558,-1,-1,-1
375,2,559.78,568.38,108.90,245.09,0.6329,-1,-1,-1
375,25,455.49,546.63,69.46,224.57,0.7350,-1,-1,-1
375,47,1766.28,94.56,56.91,162.40,0.2457,-1,-1,-1
376,3,974.46,912.92,78.68,166.20,0.7174,-1,-1,-1
376,4,1719.80,456.86,76.30,209.33,0.6123,-1,-1,-1
376,8,341.39,531.39,91.98,236.51,0.6842,-1,-1,-1
376,32,949.21,40.37,62.89,169.50,0.2318,-1,-1,-1
376,34,528.61,969.33,108.56,110.87,0.6357,-1,-1,-1
376,38,1013.91,52.42,56.63,162.25,0.3718,-1,-1,-1
376,27,853.29,493.76,65.18,216.34,0.5097,-1,-1,-1
376,44,1079.51,445.01,68.19,201.85,0.5831,-1,-1,-1
376,5,1572.83,645.86,96.61,234.25,0.3193,-1,-1,-1
376,18,446.72,306.32,69.18,209.18,0.5912,-1,-1,-1
376,45,914.39,507.63,68.48,206.40,0.5756,-1,-1,-1
376,2,564.55,565.51,107.48,248.93,0.5847,-1,-1,-1
376,25,454.34,548.81,68.88,224.27,0.7419,-1,-1,-1
376,47,1767.61,95.74,55.93,162.85,0.2866,-1,-1,-1
377,3,973.46,911.67,81.48,167.47,0.7057,-1,-1,-1
377,4,1720.32,456.69,74.88,209.03,0.6236,-1,-1,-1
377,8,338.91,533.71,91.92,232.96,0.6854,-1,-1,-1
377,32,949.69,42.60,62.18,170.51,0.2871,-1,-1,-1
377,34,530.56,970.10,105.75,110.02,0.6486,-1,-1,-1
377,38,1013.30,51.63,56.69,161.58,0.3953,-1,-1,-1
377,27,852.83,495.42,65.62,214.73,0.5073,-1,-1,-1
377,44,1081.32,446.92,68.47,201.20,0.5984,-1,-1,-1
377,5,1580.41,647.80,89.66,231.61,0.2498,-1,-1,-1
377,18,447.64,304.15,69.21,210.46,0.6382,-1,-1,-1
377,45,914.21,508.41,67.95,205.53,0.5759,-1,-1,-1
377,2,568.44,564.56,106.18,249.54,0.5908,-1,-1,-1
377,25,453.43,550.47,68.64,227.18,0.7339,-1,-1,-1
377,47,1768.84,98.86,55.61,161.51,0.2820,-1,-1,-1
378,3,974.19,910.34,82.27,169.41,0.7160,-1,-1,-1
378,4,1720.14,456.52,75.29,209.31,0.6191,-1,-1,-1
378,8,337.72,534.96,90.49,231.19,0.6966,-1,-1,-1
378,32,952.49,42.71,58.91,170.31,0.2369,-1,-1,-1
378,34,533.02,971.73,102.78,108.42,0.6430,-1,-1,-1
378,38,1013.25,51.83,55.78,161.84,0.3793,-1,-1,-1
378,27,852.11,493.38,66.34,221.64,0.5071,-1,-1,-1
378,44,1084.67,449.07,67.77,198.76,0.6363,-1,-1,-1
378,5,1596.30,656.15,73.42,220.88,0.2044,-1,-1,-1
378,18,448.03,302.87,70.70,210.09,0.6324,-1,-1,-1
378,45,915.13,509.40,66.67,204.63,0.5566,-1,-1,-1
378,2,572.59,563.40,101.32,249.12,0.5017,-1,-1,-1
378,25,452.31,552.73,68.87,229.54,0.7247,-1,-1,-1
378,47,1770.41,101.76,55.68,159.49,0.2565,-1,-1,-1
379,3,974.50,909.67,83.78,170.04,0.7200,-1,-1,-1
379,4,1719.86,456.91,76.27,208.67,0.6204,-1,-1,-1
379,8,337.20,536.21,88.97,228.50,0.6952,-1,-1,-1
379,32,954.12,40.56,57.48,171.47,0.2641,-1,-1,-1
379,34,535.48,973.22,99.60,106.94,0.6106,-1,-1,-1
379,38,1012.99,51.10,55.15,164.24,0.3877,-1,-1,-1
379,27,851.19,493.15,67.70,225.00,0.5175,-1,-1,-1
379,44,1090.38,449.09,65.07,199.87,0.6341,-1,-1,-1
379,18,447.76,301.25,71.88,208.92,0.6435,-1,-1,-1
379,45,915.72,509.23,66.26,204.92,0.5602,-1,-1,-1
379,2,578.59,562.29,93.93,248.98,0.4044,-1,-1,-1
379,25,451.00,554.82,69.81,232.55,0.7145,-1,-1,-1
379,47,1771.06,100.85,57.16,161.08,0.2676,-1,-1,-1
380,3,975.15,908.77,84.36,170.63,0.7104,-1,-1,-1
380,4,1719.92,456.56,75.99,209.34,0.6106,-1,-1,-1
380,8,336.35,537.18,88.49,227.22,0.7032,-1,-1,-1
380,32,956.90,36.32,55.07,175.35,0.3059,-1,-1,-1
380,34,537.69,974.48,97.29,105.57,0.6082,-1,-1,-1
380,38,1012.74,50.16,54.57,165.16,0.4294,-1,-1,-1
380,27,849.21,492.91,70.30,219.89,0.4435,-1,-1,-1
380,44,1092.63,449.48,65.40,199.37,0.6030,-1,-1,-1
380,18,447.61,299.22,72.69,206.44,0.5919,-1,-1,-1
380,45,915.69,507.72,66.84,205.15,0.4814,-1,-1,-1
380,2,593.44,561.91,79.39,250.84,0.2003,-1,-1,-1
380,25,449.50,557.88,69.61,231.49,0.7316,-1,-1,-1
380,47,1771.41,100.47,56.46,160.68,0.2681,-1,-1,-1
381,3,975.91,907.86,84.35,171.50,0.7047,-1,-1,-1
381,4,1720.01,456.34,74.92,209.47,0.6323,-1,-1,-1
381,8,335.90,537.90,86.84,232.54,0.7549,-1,-1,-1
381,32,957.79,33.80,54.28,176.18,0.3210,-1,-1,-1
381,34,540.53,977.25,94.61,102.82,0.6080,-1,-1,-1
381,38,1012.50,49.48,54.07,165.82,0.4508,-1,-1,-1
381,27,848.10,492.94,70.13,219.87,0.3929,-1,-1,-1
381,44,1094.13,449.65,66.24,198.60,0.6687,-1,-1,-1
381,18,447.63,297.69,72.54,203.91,0.6316,-1,-1,-1
381,45,916.77,507.23,66.28,204.79,0.4848,-1,-1,-1
381,2,600.50,562.18,74.01,242.56,0.3211,-1,-1,-1
381,25,448.88,560.84,68.85,233.69,0.7351,-1,-1,-1
381,47,1771.58,100.51,57.43,161.36,0.2689,-1,-1,-1
382,3,976.31,907.15,84.72,171.82,0.7194,-1,-1,-1
382,4,1719.43,456.70,74.65,208.38,0.6005,-1,-1,-1
382,8,335.81,539.32,85.00,234.82,0.7805,-1,-1,-1
382,32,958.54,32.90,54.27,175.03,0.3705,-1,-1,-1
382,34,543.88,980.46,91.57,99.64,0.5996,-1,-1,-1
382,38,1012.47,48.30,53.55,168.84,0.4648,-1,-1,-1
382,27,848.98,494.14,69.66,217.90,0.2509,-1,-1,-1
382,44,1095.76,449.26,66.76,199.59,0.6675,-1,-1,-1
382,18,447.83,295.06,73.18,203.56,0.6238,-1,-1,-1
382,45,916.52,509.24,67.51,203.77,0.4703,-1,-1,-1
382,2,606.77,563.42,70.34,241.71,0.2277,-1,-1,-1
382,25,448.00,562.25,68.95,235.17,0.7429,-1,-1,-1
382,47,1772.00,100.88,57.61,160.62,0.2747,-1,-1,-1
383,3,977.92,906.29,83.46,172.30,0.6953,-1,-1,-1
383,4,1719.60,456.54,74.04,209.14,0.6003,-1,-1,-1
383,8,335.00,540.19,84.50,235.21,0.7796,-1,-1,-1
383,32,960.00,31.76,53.36,172.99,0.3903,-1,-1,-1
383,34,546.83,987.68,88.72,92.38,0.5863,-1,-1,-1
383,38,1012.83,47.58,52.90,169.66,0.4488,-1,-1,-1
383,27,849.75,496.65,69.01,214.22,0.3747,-1,-1,-1
383,44,1097.96,449.40,67.21,198.60,0.6586,-1,-1,-1
383,18,448.01,292.26,74.13,203.97,0.5804,-1,-1,-1
383,45,915.85,510.54,68.61,203.08,0.4884,-1,-1,-1
383,2,611.19,562.42,68.81,238.11,0.2396,-1,-1,-1
383,25,446.64,562.01,70.79,236.84,0.7659,-1,-1,-1
383,47,1772.77,97.46,58.57,164.34,0.3186,-1,-1,-1
384,3,978.97,906.00,83.19,172.60,0.6986,-1,-1,-1
384,4,1719.90,456.77,72.22,208.50,0.5861,-1,-1,-1
384,8,334.94,540.75,82.86,236.89,0.7747,-1,-1,-1
384,32,959.24,30.54,54.39,173.45,0.3275,-1,-1,-1
384,34,550.46,992.60,87.00,87.37,0.5777,-1,-1,-1
384,38,1012.71,46.27,52.68,169.46,0.4225,-1,-1,-1
384,27,850.21,497.30,69.58,211.85,0.4254,-1,-1,-1
384,44,1099.88,452.87,69.78,197.69,0.6484,-1,-1,-1
384,18,448.24,290.06,74.35,205.35,0.6014,-1,-1,-1
384,45,916.12,512.41,68.97,202.12,0.5736,-1,-1,-1
384,2,612.66,559.46,66.50,234.14,0.2860,-1,-1,-1
384,25,444.43,564.01,72.27,235.75,0.7713,-1,-1,-1
384,47,1772.36,98.57,59.46,163.15,0.3736,-1,-1,-1
385,3,980.29,905.66,81.94,172.94,0.7092,-1,-1,-1
385,4,1719.20,456.95,72.26,208.18,0.6484,-1,-1,-1
385,8,334.09,541.53,83.35,238.63,0.7685,-1,-1,-1
385,32,957.83,30.48,56.14,172.43,0.3541,-1,-1,-1
385,34,553.22,997.20,86.19,82.81,0.5668,-1,-1,-1
385,38,1012.83,45.81,52.26,170.56,0.3901,-1,-1,-1
385,27,850.64,499.19,70.01,208.79,0.4460,-1,-1,-1
385,44,1102.11,454.23,71.96,199.64,0.5827,-1,-1,-1
385,18,446.31,288.88,76.51,207.07,0.5655,-1,-1,-1
385,45,919.09,514.47,67.42,203.33,0.5247,-1,-1,-1
385,25,443.78,564.44,72.53,236.16,0.7677,-1,-1,-1
385,47,1772.28,98.68,60.47,163.84,0.3698,-1,-1,-1
385,49,788.43,150.94,65.22,170.69,0.3644,-1,-1,-1
386,3,982.12,905.02,79.87,173.35,0.6759,-1,-1,-1
386,4,1719.47,457.29,72.34,207.61,0.5988,-1,-1,-1
386,8,332.55,543.83,85.14,239.00,0.7443,-1,-1,-1
386,32,955.03,29.48,58.51,172.25,0.3372,-1,-1,-1
386,34,557.09,1001.91,85.11,78.13,0.5118,-1,-1,-1
386,38,1012.15,45.70,52.08,165.64,0.3486,-1,-1,-1
386,27,850.39,500.09,70.03,208.59,0.4788,-1,-1,-1
386,44,1106.63,455.92,72.27,200.04,0.5343,-1,-1,-1
386,18,444.67,287.77,79.38,208.24,0.5693,-1,-1,-1
386,45,918.58,515.61,68.59,204.73,0.4947,-1,-1,-1
386,25,442.35,565.40,72.48,235.90,0.7522,-1,-1,-1
386,47,1771.96,98.56,63.21,164.49,0.3663,-1,-1,-1
386,49,786.92,151.00,66.73,170.56,0.3586,-1,-1,-1
387,3,983.85,904.47,78.08,173.39,0.6610,-1,-1,-1
387,4,1719.38,458.07,72.63,206.71,0.5506,-1,-1,-1
387,8,331.53,545.38,86.24,242.59,0.7475,-1,-1,-1
387,32,954.44,29.49,59.27,171.54,0.3241,-1,-1,-1
387,34,559.85,1005.50,84.89,74.48,0.5013,-1,-1,-1
387,38,1011.89,45.13,52.03,162.83,0.3193,-1,-1,-1
387,27,850.62,500.15,69.81,210.55,0.4374,-1,-1,-1
387,44,1108.60,458.09,77.38,199.50,0.5183,-1,-1,-1
387,18,443.90,287.56,81.45,208.31,0.5794,-1,-1,-1
387,45,921.71,517.71,66.45,208.58,0.4461,-1,-1,-1
387,25,440.88,565.58,71.38,236.04,0.7456,-1,-1,-1
387,47,1772.35,96.42,62.94,168.63,0.3667,-1,-1,-1
387,49,787.00,150.45,66.52,171.45,0.3466,-1,-1,-1
388,3,984.32,904.24,78.62,173.78,0.6205,-1,-1,-1
388,4,1719.41,457.47,72.21,207.07,0.5460,-1,-1,-1
388,8,328.79,549.16,88.66,246.21,0.7585,-1,-1,-1
388,32,954.97,29.31,58.23,171.87,0.3440,-1,-1,-1
388,34,562.50,1010.11,84.03,69.91,0.4463,-1,-1,-1
388,38,1011.76,44.93,52.15,159.34,0.3210,-1,-1,-1
388,27,850.47,501.74,69.76,209.81,0.4328,-1,-1,-1
388,44,1109.58,461.73,81.63,198.64,0.5456,-1,-1,-1
388,18,443.38,287.20,82.59,208.59,0.5930,-1,-1,-1
388,45,921.98,519.44,66.99,208.56,0.4736,-1,-1,-1
388,25,439.48,567.21,70.98,234.95,0.7462,-1,-1,-1
388,47,1772.23,94.11,64.10,172.13,0.3620,-1,-1,-1
388,49,788.89,150.71,64.26,170.86,0.3478,-1,-1,-1
389,3,984.53,904.39,79.81,173.73,0.6541,-1,-1,-1
389,4,1719.96,457.43,72.22,208.08,0.5553,-1,-1,-1
389,8,326.60,551.74,90.58,246.16,0.7754,-1,-1,-1
389,32,953.87,29.03,58.60,172.03,0.3475,-1,-1,-1
389,34,564.30,1013.15,83.77,66.88,0.4306,-1,-1,-1
389,38,1011.05,44.01,52.65,161.24,0.3582,-1,-1,-1
389,27,850.79,501.40,70.14,197.85,0.4292,-1,-1,-1
389,44,1111.49,463.45,85.85,200.38,0.4811,-1,-1,-1
389,18,442.16,286.74,83.83,209.03,0.6114,-1,-1,-1
389,45,921.88,523.63,69.35,204.68,0.5325,-1,-1,-1
389,25,437.71,568.19,72.27,233.56,0.7647,-1,-1,-1
389,47,1772.33,86.58,63.76,179.96,0.3485,-1,-1,-1
389,49,789.30,150.96,64.00,170.50,0.3570,-1,-1,-1
390,3,984.12,904.28,80.97,173.75,0.6177,-1,-1,-1
390,4,1720.02,456.85,71.75,208.71,0.5496,-1,-1,-1
390,8,324.45,553.62,90.76,245.82,0.7911,-1,-1,-1
390,32,955.08,28.37,56.75,172.98,0.3588,-1,-1,-1
390,34,566.99,1015.82,83.17,64.21,0.3870,-1,-1,-1
390,38,1010.90,43.20,53.10,163.22,0.3872,-1,-1,-1
390,27,851.35,503.40,70.21,209.23,0.5210,-1,-1,-1
390,44,1117.11,464.61,82.81,201.36,0.4767,-1,-1,-1
390,18,441.86,286.61,83.77,209.15,0.6387,-1,-1,-1
390,45,922.65,525.91,70.09,202.09,0.5944,-1,-1,-1
390,25,436.24,569.25,72.90,232.40,0.7764,-1,-1,-1
390,47,1772.23,88.69,61.83,178.51,0.3543,-1,-1,-1
390,49,790.51,151.30,62.71,170.01,0.3921,-1,-1,-1
391,3,982.85,904.50,82.06,174.44,0.6171,-1,-1,-1
391,4,1719.83,456.81,72.62,210.05,0.5627,-1,-1,-1
391,8,322.56,556.02,91.41,245.83,0.7920,-1,-1,-1
391,32,953.76,28.21,58.11,172.57,0.4094,-1,-1,-1
391,34,569.42,1017.35,83.99,62.42,0.3889,-1,-1,-1
391,38,1010.27,42.37,54.05,164.33,0.3630,-1,-1,-1
391,27,851.09,506.25,71.51,211.46,0.5883,-1,-1,-1
391,44,1121.01,465.87,80.30,201.98,0.4465,-1,-1,-1
391,18,442.34,284.92,82.99,209.34,0.6378,-1,-1,-1
391,45,923.01,527.62,71.33,206.69,0.6193,-1,-1,-1
391,25,434.44,571.80,73.88,230.21,0.8021,-1,-1,-1
391,47,1771.53,98.98,61.13,168.74,0.3896,-1,-1,-1
391,49,790.78,152.74,60.75,168.75,0.3695,-1,-1,-1
392,3,981.53,904.80,83.85,173.81,0.6715,-1,-1,-1
392,4,1721.12,456.82,71.72,209.41,0.5861,-1,-1,-1
392,8,320.62,557.38,92.85,247.60,0.8022,-1,-1,-1
392,32,954.11,28.05,57.77,172.48,0.3949,-1,-1,-1
392,34,570.89,1017.62,85.00,62.37,0.4024,-1,-1,-1
392,38,1010.21,41.90,54.65,161.95,0.3320,-1,-1,-1
392,27,851.30,508.25,71.19,222.84,0.5652,-1,-1,-1
392,44,1126.65,467.65,76.35,199.73,0.5131,-1,-1,-1
392,18,443.53,283.11,81.08,210.49,0.6673,-1,-1,-1
392,45,922.28,528.87,73.26,208.49,0.6075,-1,-1,-1
392,25,433.32,573.82,74.67,229.98,0.8100,-1,-1,-1
392,47,1772.03,105.37,60.68,163.86,0.3533,-1,-1,-1
392,49,791.34,153.20,59.02,168.16,0.3891,-1,-1,-1
392,1,457.08,72.20,75.87,187.71,0.3393,-1,-1,-1
393,3,980.88,905.50,84.44,172.87,0.6832,-1,-1,-1
393,4,1721.70,456.70,71.30,209.73,0.5856,-1,-1,-1
393,8,319.26,559.50,94.08,247.85,0.7960,-1,-1,-1
393,32,953.76,28.50,58.00,172.50,0.3862,-1,-1,-1
393,34,573.05,1018.12,85.11,61.94,0.4240,-1,-1,-1
393,38,1010.10,41.33,55.30,161.37,0.3201,-1,-1,-1
393,27,850.63,510.42,71.72,222.66,0.5593,-1,-1,-1
393,44,1131.89,467.18,73.24,201.31,0.5175,-1,-1,-1
393,18,445.60,280.14,78.51,211.65,0.6625,-1,-1,-1
393,45,923.95,529.83,73.22,210.23,0.6581,-1,-1,-1
393,25,432.32,576.47,74.31,230.66,0.8170,-1,-1,-1
393,47,1771.02,109.28,62.10,162.42,0.3666,-1,-1,-1
393,49,791.72,153.23,58.03,167.95,0.3821,-1,-1,-1
393,1,458.18,71.98,75.41,186.99,0.3363,-1,-1,-1
394,3,981.24,906.39,83.92,171.72,0.6815,-1,-1,-1
394,4,1720.75,456.32,71.56,210.60,0.5812,-1,-1,-1
394,8,318.78,560.54,93.84,248.54,0.7913,-1,-1,-1
394,32,954.52,29.45,57.31,171.73,0.3835,-1,-1,-1
394,34,574.49,1018.51,86.47,61.50,0.4429,-1,-1,-1
394,38,1008.77,40.71,56.91,163.28,0.3466,-1,-1,-1
394,27,850.95,511.87,71.93,227.85,0.5174,-1,-1,-1
394,44,1137.87,467.47,70.11,201.71,0.5354,-1,-1,-1
394,18,447.70,277.74,76.12,212.11,0.6728,-1,-1,-1
394,45,926.02,526.45,71.49,212.64,0.6627,-1,-1,-1
394,25,431.86,579.16,72.74,230.52,0.8001,-1,-1,-1
394,47,1769.26,111.54,64.65,161.83,0.3438,-1,-1,-1
394,49,791.33,151.76,60.05,169.08,0.3718,-1,-1,-1
394,1,459.47,71.43,75.04,187.11,0.3030,-1,-1,-1
395,3,981.71,906.67,84.19,171.36,0.6676,-1,-1,-1
395,4,1720.72,456.10,71.31,211.38,0.5836,-1,-1,-1
395,8,318.00,561.06,92.52,249.00,0.7873,-1,-1,-1
395,32,954.39,28.54,56.59,172.62,0.4055,-1,-1,-1
395,34,575.67,1019.90,86.99,60.08,0.4029,-1,-1,-1
395,38,1008.10,39.99,58.25,164.76,0.3479,-1,-1,-1
395,27,852.50,515.06,71.43,223.20,0.5653,-1,-1,-1
395,44,1140.86,468.84,70.34,200.99,0.4435,-1,-1,-1
395,18,449.48,275.75,74.25,210.56,0.6579,-1,-1,-1
395,45,927.19,525.96,72.42,212.38,0.6761,-1,-1,-1
395,25,431.41,582.51,71.38,231.56,0.7922,-1,-1,-1
395,47,1769.78,112.41,63.13,162.17,0.3430,-1,-1,-1
395,49,790.33,150.94,62.19,169.88,0.3989,-1,-1,-1
395,1,460.00,71.76,75.03,186.03,0.2664,-1,-1,-1
396,3,981.47,907.45,84.64,170.68,0.6858,-1,-1,-1
396,4,1720.75,457.20,71.56,209.74,0.6231,-1,-1,-1
396,8,316.86,562.33,89.41,249.02,0.7875,-1,-1,-1
396,32,953.56,28.70,57.18,171.99,0.4379,-1,-1,-1
396,34,577.68,1023.43,85.58,56.59,0.2678,-1,-1,-1
396,38,1008.24,39.62,58.28,164.00,0.3835,-1,-1,-1
396,27,854.13,517.60,70.83,225.05,0.6073,-1,-1,-1
396,44,1145.86,469.13,69.28,199.88,0.4861,-1,-1,-1
396,18,450.63,274.10,72.48,207.35,0.6754,-1,-1,-1
396,45,928.39,526.45,72.11,212.31,0.6932,-1,-1,-1
396,25,430.55,585.14,71.15,231.23,0.7761,-1,-1,-1
396,47,1769.84,112.04,61.87,162.93,0.3209,-1,-1,-1
396,49,789.42,150.43,63.47,170.93,0.4024,-1,-1,-1
396,1,460.67,71.06,74.29,186.47,0.2647,-1,-1,-1
397,3,981.26,908.12,85.03,170.38,0.7024,-1,-1,-1
397,4,1720.54,457.66,72.30,209.38,0.6304,-1,-1,-1
397,8,315.78,562.71,87.12,249.50,0.7928,-1,-1,-1
397,32,953.09,28.70,56.97,170.71,0.4219,-1,-1,-1
397,34,582.21,1027.42,76.95,52.66,0.2148,-1,-1,-1
397,38,1007.60,39.55,59.53,165.55,0.3292,-1,-1,-1
397,27,853.66,519.69,72.77,212.56,0.6179,-1,-1,-1
397,44,1148.59,471.49,70.09,197.88,0.4767,-1,-1,-1
397,18,451.87,272.18,70.96,203.47,0.6857,-1,-1,-1
397,45,929.10,527.87,72.40,210.20,0.6873,-1,-1,-1
397,25,429.92,587.51,70.16,231.44,0.7713,-1,-1,-1
397,47,1769.71,113.87,60.77,161.07,0.3345,-1,-1,-1
397,49,789.15,150.29,63.68,171.02,0.4062,-1,-1,-1
397,1,461.48,70.90,74.47,186.59,0.2911,-1,-1,-1
398,3,982.03,908.19,83.34,170.33,0.7213,-1,-1,-1
398,4,1720.31,458.53,72.54,208.53,0.5912,-1,-1,-1
398,8,314.00,563.23,85.79,249.01,0.7894,-1,-1,-1
398,32,953.60,29.14,56.23,169.69,0.4319,-1,-1,-1
398,34,592.04,1031.78,61.59,48.20,0.2216,-1,-1,-1
398,38,1006.80,40.94,59.31,160.91,0.3561,-1,-1,-1
398,27,855.56,519.88,72.01,221.33,0.6069,-1,-1,-1
398,44,1151.61,470.27,72.81,199.60,0.5306,-1,-1,-1
398,18,451.73,270.31,71.93,201.18,0.6636,-1,-1,-1
398,45,931.31,530.27,69.68,207.37,0.6515,-1,-1,-1
398,25,429.63,589.06,67.35,234.92,0.7512,-1,-1,-1
398,47,1770.61,114.14,58.21,161.12,0.2883,-1,-1,-1
398,49,789.01,150.30,63.69,170.64,0.4150,-1,-1,-1
398,1,462.18,70.76,76.14,186.04,0.3607,-1,-1,-1
399,3,983.14,908.54,82.13,170.98,0.7314,-1,-1,-1
399,4,1720.55,458.58,72.30,208.24,0.5770,-1,-1,-1
399,8,312.66,563.75,85.09,247.43,0.7839,-1,-1,-1
399,32,953.12,29.04,55.68,168.20,0.4411,-1,-1,-1
399,34,597.91,1036.83,48.57,43.20,0.2254,-1,-1,-1
399,38,1007.37,40.69,57.97,158.75,0.3579,-1,-1,-1
399,27,856.19,520.63,72.42,222.14,0.6089,-1,-1,-1
399,44,1154.90,468.15,74.57,204.17,0.5760,-1,-1,-1
399,18,452.54,267.45,72.57,202.16,0.6449,-1,-1,-1
399,45,932.86,531.53,69.55,206.48,0.6660,-1,-1,-1
399,25,429.05,591.07,66.75,236.38,0.7536,-1,-1,-1
399,47,1770.85,113.94,57.23,161.29,0.2710,-1,-1,-1
399,49,789.06,150.14,63.27,170.10,0.4061,-1,-1,-1
399,1,463.30,70.80,76.45,186.58,0.3735,-1,-1,-1
400,3,984.08,909.26,81.08,170.33,0.7250,-1,-1,-1
400,4,1720.53,457.98,72.18,208.33,0.5435,-1,-1,-1
400,8,311.92,565.13,84.26,244.24,0.7867,-1,-1,-1
400,32,951.95,27.45,56.34,168.57,0.4437,-1,-1,-1
400,38,1006.93,40.41,58.56,158.56,0.3670,-1,-1,-1
400,27,856.97,521.51,72.47,223.77,0.6065,-1,-1,-1
400,44,1158.06,469.95,73.72,205.40,0.5759,-1,-1,-1
400,18,452.41,266.25,73.36,202.85,0.6447,-1,-1,-1
400,45,931.70,533.16,71.24,206.36,0.6487,-1,-1,-1
400,25,428.43,592.67,65.95,237.08,0.7665,-1,-1,-1
400,47,1770.10,113.13,57.62,162.97,0.2693,-1,-1,-1
400,49,788.51,149.95,64.36,170.55,0.4448,-1,-1,-1
400,1,465.14,70.84,75.02,187.73,0.4265,-1,-1,-1
401,3,984.06,910.55,79.42,168.97,0.7077,-1,-1,-1
401,4,1721.01,456.82,70.96,209.83,0.5087,-1,-1,-1
401,8,310.20,566.61,85.05,240.36,0.7849,-1,-1,-1
401,32,951.20,25.13,56.93,169.39,0.4794,-1,-1,-1
401,38,1006.49,39.57,58.91,159.60,0.4230,-1,-1,-1
401,27,857.09,521.40,73.19,227.05,0.6110,-1,-1,-1
401,44,1162.88,471.19,72.53,206.92,0.6037,-1,-1,-1
401,18,451.75,265.61,74.85,202.88,0.6435,-1,-1,-1
401,45,934.31,534.89,69.78,206.38,0.6575,-1,-1,-1
401,25,427.84,593.88,66.36,237.38,0.7535,-1,-1,-1
401,47,1769.62,112.06,58.08,164.64,0.2441,-1,-1,-1
401,49,788.64,150.38,64.12,169.92,0.4213,-1,-1,-1
401,1,465.83,70.78,74.69,187.78,0.4782,-1,-1,-1
402,3,984.98,912.01,77.47,167.73,0.7042,-1,-1,-1
402,4,1721.08,455.94,71.34,210.91,0.5204,-1,-1,-1
402,8,308.49,568.31,86.48,240.61,0.7818,-1,-1,-1
402,32,950.30,22.41,57.83,170.20,0.4368,-1,-1,-1
402,38,1005.90,38.81,58.50,159.54,0.4427,-1,-1,-1
402,27,856.63,522.33,74.30,227.85,0.6063,-1,-1,-1
402,44,1165.84,474.36,75.02,202.10,0.5443,-1,-1,-1
402,18,452.06,264.85,75.46,204.00,0.6371,-1,-1,-1
402,45,934.77,536.18,70.84,208.40,0.6376,-1,-1,-1
402,25,427.61,595.02,65.69,236.86,0.7495,-1,-1,-1
402,47,1768.47,113.12,62.14,166.77,0.2953,-1,-1,-1
402,49,788.89,150.50,64.23,169.78,0.4298,-1,-1,-1
402,1,466.53,70.70,74.01,188.70,0.4639,-1,-1,-1
403,3,985.13,913.46,76.02,165.96,0.7164,-1,-1,-1
403,4,1721.50,458.46,71.39,208.83,0.5069,-1,-1,-1
403,8,307.44,570.84,85.62,243.52,0.7805,-1,-1,-1
403,32,950.33,21.69,57.03,165.37,0.4127,-1,-1,-1
403,38,1005.24,38.57,58.76,158.86,0.4413,-1,-1,-1
403,27,856.93,523.07,75.16,227.64,0.6419,-1,-1,-1
403,44,1169.66,478.31,75.40,199.25,0.3765,-1,-1,-1
403,18,452.42,264.60,75.85,204.56,0.6442,-1,-1,-1
403,45,934.11,537.94,72.21,207.32,0.6354,-1,-1,-1
403,25,426.72,596.33,65.13,236.37,0.7422,-1,-1,-1
403,47,1768.35,112.26,65.90,170.44,0.2886,-1,-1,-1
403,49,790.10,150.61,63.52,169.86,0.4414,-1,-1,-1
403,1,466.41,70.91,73.33,189.16,0.4479,-1,-1,-1
404,3,985.50,915.39,74.52,164.01,0.6962,-1,-1,-1
404,4,1721.39,459.66,70.99,207.51,0.4495,-1,-1,-1
404,8,306.76,573.77,84.71,245.66,0.7800,-1,-1,-1
404,32,950.40,20.72,55.69,163.92,0.3862,-1,-1,-1
404,38,1003.76,37.61,59.64,157.93,0.4406,-1,-1,-1
404,27,857.13,523.35,75.65,227.20,0.6509,-1,-1,-1
404,44,1171.98,481.88,77.79,199.72,0.4745,-1,-1,-1
404,18,453.15,263.80,75.15,206.23,0.6612,-1,-1,-1
404,45,933.42,539.79,72.57,211.17,0.6125,-1,-1,-1
404,25,425.49,597.20,65.90,235.57,0.7301,-1,-1,-1
404,47,1768.40,96.56,69.71,188.09,0.2750,-1,-1,-1
404,49,790.97,150.48,62.61,169.75,0.4135,-1,-1,-1
404,1,466.93,70.88,72.06,188.38,0.4286,-1,-1,-1
405,3,985.37,917.61,73.62,161.61,0.6972,-1,-1,-1
405,4,1721.56,457.50,72.54,208.75,0.4628,-1,-1,-1
405,8,305.96,575.53,83.34,248.24,0.7704,-1,-1,-1
405,32,950.51,20.10,53.96,160.77,0.3816,-1,-1,-1
405,38,1002.77,37.04,59.72,156.33,0.4038,-1,-1,-1
405,27,858.20,523.99,77.57,227.46,0.6714,-1,-1,-1
405,44,1173.44,483.76,80.08,200.80,0.5434,-1,-1,-1
405,18,453.17,263.39,75.38,206.14,0.6721,-1,-1,-1
405,45,935.09,541.20,71.16,213.30,0.6428,-1,-1,-1
405,25,423.04,598.43,67.51,234.54,0.7477,-1,-1,-1
405,47,1768.48,102.68,68.71,183.80,0.2391,-1,-1,-1
405,49,790.60,149.97,63.09,170.16,0.4122,-1,-1,-1
405,1,467.07,70.74,71.53,187.80,0.4069,-1,-1,-1
406,3,984.36,918.81,74.83,160.43,0.7103,-1,-1,-1
406,4,1721.81,457.15,73.60,209.11,0.4905,-1,-1,-1
406,8,305.44,577.64,82.47,249.47,0.7538,-1,-1,-1
406,32,951.12,19.21,52.91,160.18,0.3910,-1,-1,-1
406,38,1002.25,36.47,58.84,155.82,0.3743,-1,-1,-1
406,27,859.31,525.85,78.29,227.28,0.6864,-1,-1,-1
406,44,1177.31,485.85,80.27,203.09,0.4521,-1,-1,-1
406,18,452.74,262.93,77.12,204.61,0.6602,-1,-1,-1
406,45,934.15,543.32,72.84,214.93,0.6618,-1,-1,-1
406,25,420.72,600.22,68.44,232.64,0.7348,-1,-1,-1
406,47,1770.10,113.93,68.83,174.98,0.2781,-1,-1,-1
406,49,791.21,150.84,59.76,169.82,0.4449,-1,-1,-1
406,1,467.00,70.46,71.34,187.12,0.3904,-1,-1,-1
406,50,1612.27,606.41,72.36,251.20,0.4260,-1,-1,-1
407,3,983.34,920.37,75.13,158.59,0.6982,-1,-1,-1
407,4,1721.84,458.45,74.35,207.61,0.4470,-1,-1,-1
407,8,304.91,579.89,81.63,248.86,0.7590,-1,-1,-1
407,32,950.01,18.20,53.86,160.41,0.3670,-1,-1,-1
407,38,1002.02,35.59,58.73,156.04,0.4415,-1,-1,-1
407,27,858.14,526.46,79.61,233.97,0.6446,-1,-1,-1
407,44,1181.40,487.05,78.78,202.62,0.3599,-1,-1,-1
407,18,453.46,262.64,76.75,203.98,0.6780,-1,-1,-1
407,45,933.80,545.54,72.54,216.63,0.6857,-1,-1,-1
407,25,418.62,600.73,67.37,231.81,0.7574,-1,-1,-1
407,47,1771.44,114.39,73.59,177.67,0.1859,-1,-1,-1
407,49,790.21,150.01,61.70,170.39,0.4514,-1,-1,-1
407,1,467.54,69.80,71.14,186.04,0.3872,-1,-1,-1
407,50,1611.98,605.18,73.28,250.96,0.2983,-1,-1,-1
408,3,982.36,922.44,75.50,155.62,0.7115,-1,-1,-1
408,4,1721.51,456.26,73.25,210.83,0.4585,-1,-1,-1
408,8,303.49,582.77,81.52,249.97,0.7559,-1,-1,-1
408,32,949.66,19.46,54.18,160.32,0.3599,-1,-1,-1
408,38,1002.58,35.81,57.67,155.58,0.4347,-1,-1,-1
408,27,859.07,527.31,78.90,237.87,0.6629,-1,-1,-1
408,44,1186.63,487.13,75.79,204.49,0.4297,-1,-1,-1
408,18,453.98,261.30,76.60,204.94,0.6796,-1,-1,-1
408,45,932.11,547.34,73.86,215.22,0.6940,-1,-1,-1
408,25,417.16,603.48,69.33,230.85,0.7637,-1,-1,-1
408,47,1771.30,106.94,78.22,186.03,0.1562,-1,-1,-1
408,49,789.67,149.91,62.26,170.40,0.4600,-1,-1,-1
408,1,467.74,69.62,70.67,185.48,0.3257,-1,-1,-1
408,50,1613.29,615.58,69.36,240.88,0.2541,-1,-1,-1
409,3,981.62,924.00,76.16,153.91,0.6884,-1,-1,-1
409,4,1721.63,453.99,72.41,212.84,0.5257,-1,-1,-1
409,8,302.04,585.13,81.23,250.28,0.7667,-1,-1,-1
409,32,950.83,19.10,52.77,160.79,0.3865,-1,-1,-1
409,38,1003.05,35.60,57.28,156.10,0.4258,-1,-1,-1
409,27,859.92,529.83,78.99,240.21,0.6329,-1,-1,-1
409,44,1195.32,487.57,70.67,204.21,0.4710,-1,-1,-1
409,18,456.00,260.07,74.89,203.45,0.6622,-1,-1,-1
409,45,932.83,548.88,73.24,213.37,0.6870,-1,-1,-1
409,25,415.60,607.44,69.99,231.15,0.7630,-1,-1,-1
409,47,1771.59,107.34,77.64,186.71,0.1697,-1,-1,-1
409,49,789.61,149.83,63.11,170.36,0.4266,-1,-1,-1
409,1,467.48,69.41,70.63,183.66,0.3419,-1,-1,-1
409,50,1603.43,620.75,79.02,233.91,0.2596,-1,-1,-1
410,3,981.25,925.23,76.19,152.60,0.6906,-1,-1,-1
410,4,1722.02,450.90,71.87,216.18,0.5467,-1,-1,-1
410,8,298.70,586.57,83.64,251.31,0.7946,-1,-1,-1
410,32,949.64,19.19,54.08,161.38,0.4015,-1,-1,-1
410,38,1003.12,35.57,57.11,156.26,0.4378,-1,-1,-1
410,27,860.36,532.34,76.99,242.83,0.6346,-1,-1,-1
410,44,1204.76,488.41,63.91,202.97,0.4734,-1,-1,-1
410,18,457.64,259.26,73.40,200.50,0.6668,-1,-1,-1
410,45,933.97,550.69,71.81,212.54,0.7038,-1,-1,-1
410,25,414.14,609.74,69.66,233.56,0.7294,-1,-1,-1
410,47,1771.24,89.72,77.48,205.11,0.2363,-1,-1,-1
410,49,789.79,149.95,63.41,170.10,0.4287,-1,-1,-1
410,1,466.16,67.27,71.75,186.92,0.3191,-1,-1,-1
410,50,1584.48,620.96,97.80,233.92,0.3305,-1,-1,-1
410,2,702.24,557.40,90.64,237.25,0.3422,-1,-1,-1
411,3,979.81,925.79,77.97,151.73,0.6896,-1,-1,-1
411,4,1721.88,449.35,72.03,218.60,0.5379,-1,-1,-1
411,8,297.14,587.86,83.19,250.15,0.7970,-1,-1,-1
411,32,949.71,18.48,53.25,161.47,0.3562,-1,-1,-1
411,38,1002.83,34.82,56.31,156.15,0.4049,-1,-1,-1
411,27,862.12,535.07,73.98,243.76,0.6584,-1,-1,-1
411,44,1209.16,487.49,63.94,204.99,0.4248,-1,-1,-1
411,18,458.00,257.49,72.65,197.64,0.6787,-1,-1,-1
411,45,934.25,551.59,70.93,211.22,0.6879,-1,-1,-1
411,25,412.30,612.41,69.38,233.85,0.7074,-1,-1,-1
411,47,1772.07,101.32,69.83,192.67,0.2375,-1,-1,-1
411,49,788.85,149.95,64.23,169.99,0.4351,-1,-1,-1
411,1,463.75,67.91,71.82,188.77,0.2618,-1,-1,-1
411,50,1577.67,620.40,104.10,234.77,0.3727,-1,-1,-1
411,2,703.95,558.72,91.77,236.63,0.3319,-1,-1,-1
412,3,978.72,925.87,80.31,152.03,0.7057,-1,-1,-1
412,4,1721.98,448.37,72.04,219.58,0.5737,-1,-1,-1
412,8,295.62,588.43,82.40,249.38,0.7995,-1,-1,-1
412,32,950.53,18.87,53.76,164.03,0.3702,-1,-1,-1
412,38,1002.90,34.72,55.65,157.54,0.4118,-1,-1,-1
412,27,862.75,537.83,73.38,238.36,0.6557,-1,-1,-1
412,44,1212.27,486.98,64.31,205.69,0.5118,-1,-1,-1
412,18,457.20,254.60,73.24,197.52,0.6566,-1,-1,-1
412,45,936.08,552.98,68.97,210.00,0.6724,-1,-1,-1
412,25,407.87,614.30,71.37,235.54,0.7285,-1,-1,-1
412,47,1772.96,107.78,66.85,185.93,0.2071,-1,-1,-1
412,49,789.56,150.89,61.55,169.15,0.4162,-1,-1,-1
412,1,464.88,66.43,71.36,191.11,0.2694,-1,-1,-1
412,50,1574.66,619.08,106.01,236.07,0.3916,-1,-1,-1
412,2,705.49,558.92,94.61,237.98,0.3811,-1,-1,-1
413,3,977.61,926.90,82.19,150.69,0.6955,-1,-1,-1
413,4,1722.56,450.24,71.83,217.94,0.5499,-1,-1,-1
413,8,292.92,589.86,83.73,247.74,0.7897,-1,-1,-1
413,32,949.46,18.71,55.38,166.01,0.3728,-1,-1,-1
413,38,1002.88,34.69,54.93,156.98,0.4345,-1,-1,-1
413,27,863.93,539.61,72.05,239.68,0.6431,-1,-1,-1
413,44,1216.62,493.21,62.89,199.98,0.5869,-1,-1,-1
413,18,456.39,251.89,73.67,198.41,0.6543,-1,-1,-1
413,45,937.91,553.47,67.92,209.61,0.6486,-1,-1,-1
413,25,406.36,616.39,71.38,235.39,0.7392,-1,-1,-1
413,47,1773.31,113.91,62.27,180.31,0.2441,-1,-1,-1
413,49,788.71,150.90,61.78,169.59,0.4325,-1,-1,-1
413,1,465.54,65.98,70.12,190.55,0.2926,-1,-1,-1
413,50,1574.33,616.67,106.42,237.87,0.4382,-1,-1,-1
413,2,706.19,558.93,95.43,238.85,0.4025,-1,-1,-1
414,3,976.88,927.40,83.93,150.10,0.7040,-1,-1,-1
414,4,1722.14,455.91,71.60,212.46,0.4779,-1,-1,-1
414,8,291.51,590.46,84.16,247.36,0.7823,-1,-1,-1
414,32,949.34,16.71,54.22,166.09,0.3825,-1,-1,-1
414,38,1002.81,34.68,54.88,156.30,0.4129,-1,-1,-1
414,27,865.19,540.78,70.50,242.45,0.6488,-1,-1,-1
414,44,1220.99,488.39,65.55,204.80,0.5260,-1,-1,-1
414,18,454.26,249.47,75.23,200.43,0.6633,-1,-1,-1
414,45,933.25,555.68,74.09,206.56,0.6705,-1,-1,-1
414,25,405.67,618.39,71.09,236.17,0.7252,-1,-1,-1
414,47,1773.93,112.60,59.83,181.72,0.1780,-1,-1,-1
414,49,788.10,150.21,64.16,169.71,0.4170,-1,-1,-1
414,1,465.70,64.97,69.96,191.24,0.2433,-1,-1,-1
414,50,1573.53,614.35,110.72,242.14,0.5779,-1,-1,-1
414,2,706.86,559.37,95.95,238.89,0.4073,-1,-1,-1
415,3,976.84,928.54,86.03,148.94,0.7250,-1,-1,-1
415,4,1722.31,452.90,72.41,215.14,0.4951,-1,-1,-1
415,8,290.24,592.02,84.44,245.83,0.7819,-1,-1,-1
415,32,950.27,14.32,52.51,167.49,0.3413,-1,-1,-1
415,38,1002.83,34.38,55.02,156.21,0.4048,-1,-1,-1
415,27,866.16,542.28,69.76,243.84,0.6315,-1,-1,-1
415,44,1222.75,492.92,69.52,202.41,0.5823,-1,-1,-1
415,18,451.88,248.96,77.85,199.34,0.6199,-1,-1,-1
415,45,932.87,557.21,76.63,205.68,0.6426,-1,-1,-1
415,25,403.85,620.04,71.05,237.70,0.7214,-1,-1,-1
415,47,1773.86,116.81,54.98,177.71,0.1657,-1,-1,-1
415,49,787.61,150.19,65.75,169.56,0.3854,-1,-1,-1
415,1,464.87,65.65,70.67,192.33,0.2591,-1,-1,-1
415,50,1572.00,614.85,112.72,241.58,0.5371,-1,-1,-1
415,2,707.74,559.65,95.14,239.90,0.3916,-1,-1,-1
415,52,1658.18,62.99,73.06,173.76,0.3691,-1,-1,-1
416,3,976.09,928.92,87.77,148.53,0.7302,-1,-1,-1
416,4,1721.68,452.51,73.65,215.21,0.4784,-1,-1,-1
416,8,290.09,593.02,83.90,243.37,0.7909,-1,-1,-1
416,32,950.72,13.76,51.14,167.64,0.2938,-1,-1,-1
416,38,1003.00,33.76,55.07,157.23,0.4391,-1,-1,-1
416,27,866.64,543.26,69.08,243.37,0.6045,-1,-1,-1
416,44,1226.48,489.91,75.71,206.59,0.4224,-1,-1,-1
416,18,449.72,248.58,79.87,198.97,0.6015,-1,-1,-1
416,45,933.62,558.68,76.74,206.33,0.6434,-1,-1,-1
416,25,401.65,621.23,72.07,238.16,0.7396,-1,-1,-1
416,49,788.32,150.48,63.03,170.09,0.3912,-1,-1,-1
416,1,461.34,65.45,73.07,193.99,0.3087,-1,-1,-1
416,50,1572.54,614.08,111.98,242.85,0.5613,-1,-1,-1
416,2,708.88,559.74,94.26,239.91,0.3878,-1,-1,-1
416,52,1658.92,64.25,71.84,176.30,0.4687,-1,-1,-1
417,3,975.98,929.91,88.72,147.40,0.7105,-1,-1,-1
417,4,1721.36,454.30,72.79,213.56,0.4831,-1,-1,-1
417,8,289.24,595.55,84.88,241.03,0.7693,-1,-1,-1
417,32,950.08,12.79,51.86,169.05,0.3028,-1,-1,-1
417,38,1002.95,33.57,55.03,157.48,0.4519,-1,-1,-1
417,27,867.14,544.45,67.11,232.36,0.5608,-1,-1,-1
417,44,1229.66,490.85,82.20,207.91,0.5264,-1,-1,-1
417,18,447.40,249.42,81.80,197.97,0.5987,-1,-1,-1
417,45,934.15,560.83,77.34,204.52,0.6170,-1,-1,-1
417,25,399.00,623.60,73.27,235.58,0.7413,-1,-1,-1
417,49,786.66,150.06,65.95,170.20,0.3542,-1,-1,-1
417,1,461.17,64.71,73.55,195.07,0.3051,-1,-1,-1
417,50,1571.85,611.39,111.08,245.53,0.5622,-1,-1,-1
417,2,713.04,559.06,89.50,239.42,0.3782,-1,-1,-1
417,52,1659.57,66.06,72.40,174.46,0.3274,-1,-1,-1
418,3,975.17,930.59,90.58,147.03,0.7075,-1,-1,-1
418,4,1720.69,453.82,73.37,214.44,0.4698,-1,-1,-1
418,8,288.40,597.32,85.50,241.49,0.7827,-1,-1,-1
418,32,948.95,11.74,52.87,169.40,0.3286,-1,-1,-1
418,38,1003.56,32.94,54.51,156.71,0.4394,-1,-1,-1
418,27,867.30,545.88,67.40,221.19,0.5154,-1,-1,-1
418,44,1230.68,490.98,89.45,210.79,0.5424,-1,-1,-1
418,18,445.78,249.34,83.28,198.40,0.5501,-1,-1,-1
418,45,935.96,562.39,76.49,204.99,0.6017,-1,-1,-1
418,25,396.08,624.08,73.90,235.61,0.7808,-1,-1,-1
418,49,787.07,149.61,66.02,170.53,0.3387,-1,-1,-1
418,1,459.12,64.64,73.28,194.97,0.2192,-1,-1,-1
418,50,1572.60,613.66,107.77,242.88,0.5857,-1,-1,-1
418,2,717.62,558.40,83.65,239.54,0.3826,-1,-1,-1
418,52,1660.74,67.17,72.70,174.02,0.4219,-1,-1,-1
419,3,974.19,931.29,92.59,146.27,0.7163,-1,-1,-1
419,4,1720.66,449.62,73.41,218.49,0.5308,-1,-1,-1
419,8,287.62,599.23,86.27,244.34,0.7871,-1,-1,-1
419,32,948.55,9.29,54.50,172.94,0.3670,-1,-1,-1
419,38,1004.11,32.11,54.42,157.06,0.4799,-1,-1,-1
419,27,867.69,546.71,67.84,215.63,0.5417,-1,-1,-1
419,44,1231.54,492.76,92.10,211.48,0.4796,-1,-1,-1
419,18,445.66,249.09,83.51,198.98,0.5471,-1,-1,-1
419,45,941.26,564.01,71.91,211.18,0.5494,-1,-1,-1
419,25,393.94,624.00,73.68,236.15,0.7939,-1,-1,-1
419,49,788.29,149.55,65.33,170.45,0.3512,-1,-1,-1
419,1,459.74,64.07,74.06,195.79,0.2229,-1,-1,-1
419,50,1572.61,614.85,107.75,241.54,0.5883,-1,-1,-1
419,2,723.06,558.41,76.01,238.49,0.4196,-1,-1,-1
419,52,1662.07,65.44,72.14,177.71,0.3888,-1,-1,-1
420,3,973.99,931.41,94.51,146.39,0.7012,-1,-1,-1
420,4,1721.64,449.53,73.39,216.87,0.4994,-1,-1,-1
420,8,287.13,601.00,86.47,247.82,0.7784,-1,-1,-1
420,32,949.13,9.16,53.17,171.55,0.3839,-1,-1,-1
420,38,1004.79,30.87,54.09,157.92,0.4894,-1,-1,-1
420,27,867.91,546.03,69.08,217.21,0.5597,-1,-1,-1
420,44,1232.36,491.63,91.55,215.80,0.4176,-1,-1,-1
420,18,446.69,248.77,82.64,198.65,0.5263,-1,-1,-1
420,45,943.55,567.08,70.83,211.11,0.5349,-1,-1,-1
420,25,392.16,624.71,74.59,235.84,0.7862,-1,-1,-1
420,49,788.87,149.11,65.42,170.50,0.3417,-1,-1,-1
420,1,460.40,62.84,72.97,196.77,0.2210,-1,-1,-1
420,50,1573.37,615.03,104.91,240.78,0.5894,-1,-1,-1
420,2,726.13,558.54,73.05,239.71,0.4169,-1,-1,-1
420,52,1660.61,66.69,72.04,173.06,0.2457,-1,-1,-1
421,3,974.14,931.99,94.32,146.07,0.7084,-1,-1,-1
421,4,1721.85,454.14,74.07,214.03,0.4895,-1,-1,-1
421,8,286.07,602.78,87.88,252.22,0.7645,-1,-1,-1
421,32,949.48,8.51,53.97,171.24,0.3888,-1,-1,-1
421,38,1005.42,29.19,53.91,158.40,0.5088,-1,-1,-1
421,27,867.69,546.88,70.83,218.72,0.5208,-1,-1,-1
421,44,1233.98,497.12,93.07,212.45,0.3866,-1,-1,-1
421,18,445.58,247.13,83.88,199.36,0.5861,-1,-1,-1
421,45,945.32,570.77,70.73,212.17,0.4543,-1,-1,-1
421,25,390.73,625.24,74.99,235.57,0.7876,-1,-1,-1
421,49,791.53,149.59,60.40,171.30,0.3680,-1,-1,-1
421,1,459.46,62.28,73.82,195.58,0.1975,-1,-1,-1
421,50,1573.52,621.98,102.06,233.69,0.5498,-1,-1,-1
421,2,729.17,558.88,69.97,238.69,0.4815,-1,-1,-1
421,52,1661.71,67.35,68.16,170.92,0.2356,-1,-1,-1
422,3,974.67,931.73,93.82,146.41,0.7212,-1,-1,-1
422,4,1722.31,458.86,73.79,206.90,0.5266,-1,-1,-1
422,8,284.72,604.67,91.24,256.63,0.7472,-1,-1,-1
422,32,949.02,7.90,53.51,165.91,0.3740,-1,-1,-1
422,38,1005.85,27.82,53.68,156.61,0.4732,-1,-1,-1
422,27,868.67,548.83,71.55,223.63,0.4395,-1,-1,-1
422,44,1239.22,500.93,90.53,208.75,0.3878,-1,-1,-1
422,18,446.70,245.35,81.16,200.91,0.6086,-1,-1,-1
422,45,947.42,574.31,68.38,210.03,0.5547,-1,-1,-1
422,25,390.02,627.11,75.53,233.40,0.7816,-1,-1,-1
422,49,792.19,149.24,58.76,171.50,0.3522,-1,-1,-1
422,1,458.45,61.38,74.62,195.07,0.1641,-1,-1,-1
422,50,1573.11,624.71,100.97,230.98,0.4867,-1,-1,-1
422,2,731.54,560.84,68.34,232.05,0.5288,-1,-1,-1
422,52,1663.25,67.70,66.23,170.04,0.2959,-1,-1,-1
422,47,1759.87,102.37,75.25,197.80,0.3664,-1,-1,-1
423,3,975.50,931.28,93.56,146.57,0.6959,-1,-1,-1
423,4,1721.46,459.06,73.70,207.10,0.5462,-1,-1,-1
423,8,284.51,607.01,92.59,257.71,0.7406,-1,-1,-1
423,32,948.10,7.12,54.49,163.61,0.3815,-1,-1,-1
423,38,1006.56,25.83,53.17,155.86,0.4422,-1,-1,-1
423,27,867.67,549.53,71.89,171.99,0.3629,-1,-1,-1
423,44,1247.56,505.02,85.82,204.60,0.2962,-1,-1,-1
423,18,447.30,243.17,79.20,201.44,0.5947,-1,-1,-1
423,45,947.77,576.32,68.55,209.47,0.5588,-1,-1,-1
423,25,388.84,629.42,76.06,233.15,0.7810,-1,-1,-1
423,49,792.36,148.99,58.33,172.06,0.3339,-1,-1,-1
423,50,1573.78,625.19,99.29,230.32,0.4369,-1,-1,-1
423,2,735.27,560.81,67.01,229.21,0.6170,-1,-1,-1
423,52,1665.94,71.43,64.31,168.76,0.2855,-1,-1,-1
423,47,1759.87,102.31,71.60,198.39,0.3413,-1,-1,-1
424,3,976.30,931.75,92.78,146.07,0.7094,-1,-1,-1
424,4,1721.08,460.81,73.71,205.96,0.5562,-1,-1,-1
424,8,284.23,609.43,92.10,257.41,0.7516,-1,-1,-1
424,32,946.24,6.49,56.10,164.32,0.4189,-1,-1,-1
424,38,1007.07,24.03,52.83,156.64,0.4643,-1,-1,-1
424,27,868.08,551.00,72.81,208.15,0.3882,-1,-1,-1
424,44,1253.80,505.00,83.81,206.76,0.2836,-1,-1,-1
424,18,447.51,242.58,77.35,201.71,0.5979,-1,-1,-1
424,45,948.06,578.06,70.11,209.23,0.5920,-1,-1,-1
424,25,386.10,631.81,80.52,235.42,0.7808,-1,-1,-1
424,49,793.02,149.41,57.23,171.43,0.3700,-1,-1,-1
424,50,1577.36,633.31,92.88,221.82,0.4275,-1,-1,-1
424,2,737.15,560.39,70.68,230.50,0.6622,-1,-1,-1
424,52,1667.92,72.66,62.64,170.26,0.3064,-1,-1,-1
424,47,1760.44,119.19,61.04,181.35,0.3067,-1,-1,-1
425,3,977.78,931.90,92.14,146.14,0.6976,-1,-1,-1
425,4,1720.61,460.48,74.11,206.94,0.5455,-1,-1,-1
425,8,283.57,611.42,93.25,258.69,0.7281,-1,-1,-1
425,32,943.81,5.47,58.61,164.14,0.3893,-1,-1,-1
425,38,1007.39,23.01,52.60,157.35,0.4294,-1,-1,-1
425,27,868.04,552.06,73.01,168.63,0.3480,-1,-1,-1
425,44,1259.55,502.91,82.42,208.73,0.2004,-1,-1,-1
425,18,447.47,239.97,76.37,202.28,0.6366,-1,-1,-1
425,45,947.74,577.19,73.57,208.37,0.5789,-1,-1,-1
425,25,384.51,633.56,81.88,237.40,0.7597,-1,-1,-1
425,49,793.69,149.91,56.28,170.43,0.3776,-1,-1,-1
425,50,1576.94,635.24,91.30,220.77,0.4289,-1,-1,-1
425,2,739.14,559.68,74.68,235.02,0.6256,-1,-1,-1
425,52,1668.89,74.12,62.60,171.08,0.2807,-1,-1,-1
425,47,1760.84,126.25,55.44,175.35,0.3286,-1,-1,-1
426,3,979.20,931.89,92.01,146.52,0.7121,-1,-1,-1
426,4,1720.78,460.16,75.24,207.31,0.5639,-1,-1,-1
426,8,283.45,613.56,92.54,259.00,0.7228,-1,-1,-1
426,32,942.68,4.81,59.87,165.11,0.4242,-1,-1,-1
426,38,1007.89,22.13,52.64,158.25,0.4393,-1,-1,-1
426,27,868.67,555.16,74.51,205.60,0.4867,-1,-1,-1
426,44,1268.27,504.50,74.39,204.99,0.3308,-1,-1,-1
426,18,447.42,237.91,75.17,199.48,0.6280,-1,-1,-1
426,45,948.06,577.54,75.13,208.11,0.6230,-1,-1,-1
426,25,383.71,635.36,81.76,238.62,0.7310,-1,-1,-1
426,49,792.07,149.50,57.15,171.37,0.3390,-1,-1,-1
426,50,1577.09,636.95,90.14,218.93,0.3645,-1,-1,-1
426,2,740.95,559.90,77.13,237.86,0.6276,-1,-1,-1
426,52,1670.71,74.49,61.57,174.12,0.2534,-1,-1,-1
426,47,1763.27,128.44,50.10,175.19,0.3352,-1,-1,-1
427,3,980.62,931.02,91.52,147.68,0.7069,-1,-1,-1
427,4,1719.68,461.71,75.29,206.05,0.5427,-1,-1,-1
427,8,282.13,615.05,93.81,259.81,0.7049,-1,-1,-1
427,32,942.19,4.44,60.20,165.56,0.4089,-1,-1,-1
427,38,1007.95,21.86,52.79,158.47,0.4394,-1,-1,-1
427,27,869.36,557.15,74.67,217.12,0.5297,-1,-1,-1
427,44,1282.00,503.81,64.05,196.98,0.3013,-1,-1,-1
427,18,447.65,236.91,74.50,196.19,0.6154,-1,-1,-1
427,45,949.22,578.28,75.88,208.89,0.6078,-1,-1,-1
427,25,382.51,637.71,86.44,240.37,0.6817,-1,-1,-1
427,49,792.63,149.81,57.61,171.14,0.3956,-1,-1,-1
427,50,1576.15,633.18,89.37,222.50,0.3218,-1,-1,-1
427,2,742.76,560.18,77.90,241.27,0.5622,-1,-1,-1
427,52,1671.37,76.70,62.31,174.69,0.2606,-1,-1,-1
427,47,1763.54,129.18,49.58,175.91,0.3795,-1,-1,-1
428,3,981.81,930.35,91.73,148.43,0.7259,-1,-1,-1
428,4,1717.79,462.46,76.95,205.01,0.5276,-1,-1,-1
428,8,281.25,617.69,94.56,259.33,0.7028,-1,-1,-1
428,32,942.56,3.71,59.77,166.48,0.3714,-1,-1,-1
428,38,1008.02,21.63,52.97,158.63,0.4339,-1,-1,-1
428,27,870.44,560.03,75.97,226.59,0.6016,-1,-1,-1
428,44,1288.63,502.25,62.90,208.40,0.4026,-1,-1,-1
428,18,447.76,235.05,73.96,193.89,0.6399,-1,-1,-1
428,45,951.38,578.77,75.46,210.13,0.6471,-1,-1,-1
428,25,381.73,641.30,78.85,238.33,0.7221,-1,-1,-1
428,49,792.41,149.30,59.82,171.08,0.4032,-1,-1,-1
428,50,1576.46,633.07,88.52,222.84,0.3749,-1,-1,-1
428,2,744.87,561.26,81.09,242.67,0.6021,-1,-1,-1
428,52,1670.50,78.04,65.64,172.76,0.1988,-1,-1,-1
428,47,1763.27,129.75,49.74,176.52,0.3984,-1,-1,-1
429,3,983.08,930.38,91.15,148.39,0.7324,-1,-1,-1
429,4,1718.71,461.48,77.36,206.88,0.5473,-1,-1,-1
429,8,280.14,618.44,94.94,257.26,0.7234,-1,-1,-1
429,32,942.28,3.53,59.65,167.20,0.3718,-1,-1,-1
429,38,1007.82,20.96,53.39,161.84,0.4510,-1,-1,-1
429,27,871.30,562.87,76.18,226.08,0.6420,-1,-1,-1
429,44,1289.60,504.94,65.03,208.52,0.4008,-1,-1,-1
429,18,446.97,234.15,74.82,192.54,0.5979,-1,-1,-1
429,45,954.31,579.62,73.52,209.97,0.6494,-1,-1,-1
429,25,381.09,644.19,75.06,238.13,0.7132,-1,-1,-1
429,49,793.04,148.86,58.27,171.98,0.3994,-1,-1,-1
429,50,1576.23,635.28,87.99,221.31,0.4373,-1,-1,-1
429,2,747.56,562.13,84.01,246.36,0.6672,-1,-1,-1
429,52,1673.39,82.12,63.88,169.65,0.1801,-1,-1,-1
429,47,1763.14,136.09,47.20,169.58,0.3194,-1,-1,-1
430,3,986.46,929.74,88.45,148.94,0.7068,-1,-1,-1
430,4,1719.95,464.01,76.66,203.78,0.5226,-1,-1,-1
430,8,279.14,620.13,93.85,256.20,0.7246,-1,-1,-1
430,32,942.54,3.37,59.31,167.58,0.3150,-1,-1,-1
430,38,1008.12,21.06,53.28,161.00,0.4026,-1,-1,-1
430,27,872.20,564.48,75.87,226.44,0.5909,-1,-1,-1
430,44,1290.97,516.07,67.86,196.95,0.3799,-1,-1,-1
430,18,446.22,232.24,75.51,193.15,0.5616,-1,-1,-1
430,45,956.13,580.88,73.88,208.19,0.6315,-1,-1,-1
430,25,379.38,646.61,73.24,240.93,0.7086,-1,-1,-1
430,49,794.02,148.11,56.88,172.84,0.3808,-1,-1,-1
430,50,1575.63,634.87,88.39,221.81,0.4741,-1,-1,-1
430,2,749.89,563.03,86.14,245.66,0.6753,-1,-1,-1
430,52,1674.98,83.13,64.15,169.65,0.1592,-1,-1,-1
430,47,1762.22,139.76,48.70,164.23,0.1854,-1,-1,-1
431,3,988.72,929.02,86.71,149.60,0.6961,-1,-1,-1
431,4,1721.76,462.50,73.69,206.75,0.5390,-1,-1,-1
431,8,279.44,621.56,92.69,254.64,0.7545,-1,-1,-1
431,32,942.91,3.50,58.83,167.54,0.3743,-1,-1,-1
431,38,1008.52,20.58,53.24,159.38,0.3976,-1,-1,-1
431,27,872.46,566.55,77.05,226.41,0.6159,-1,-1,-1
431,18,445.46,230.57,75.48,194.00,0.5685,-1,-1,-1
431,45,958.89,582.01,72.23,207.08,0.6162,-1,-1,-1
431,25,377.46,648.76,73.21,240.49,0.7410,-1,-1,-1
431,49,790.46,148.96,62.31,171.59,0.3768,-1,-1,-1
431,50,1575.62,633.85,88.35,222.17,0.4195,-1,-1,-1
431,2,752.27,563.40,86.83,245.19,0.6974,-1,-1,-1
431,52,1677.66,86.67,62.69,167.19,0.1781,-1,-1,-1
431,47,1760.29,143.12,49.06,161.75,0.2125,-1,-1,-1
432,3,991.11,927.70,84.47,150.89,0.7004,-1,-1,-1
432,4,1721.72,462.38,72.80,206.18,0.5635,-1,-1,-1
432,8,278.81,623.21,92.35,252.00,0.7416,-1,-1,-1
432,32,943.13,4.02,59.26,168.47,0.3589,-1,-1,-1
432,38,1008.30,21.35,53.43,158.99,0.4155,-1,-1,-1
432,27,873.56,569.08,75.55,225.69,0.6111,-1,-1,-1
432,18,444.81,228.60,75.72,195.80,0.5825,-1,-1,-1
432,45,960.07,583.14,72.43,207.16,0.6279,-1,-1,-1
432,25,376.71,650.33,73.75,239.45,0.7334,-1,-1,-1
432,49,791.88,148.15,59.59,172.55,0.4033,-1,-1,-1
432,50,1574.42,629.37,89.63,226.97,0.4538,-1,-1,-1
432,2,754.06,564.18,87.07,246.15,0.7278,-1,-1,-1
432,52,1679.87,86.49,63.10,170.21,0.1520,-1,-1,-1
432,47,1758.54,140.49,50.13,164.52,0.2692,-1,-1,-1
433,3,992.81,927.73,83.66,150.66,0.6877,-1,-1,-1
433,4,1722.14,463.12,74.16,204.91,0.5233,-1,-1,-1
433,8,278.81,623.25,90.24,249.94,0.7521,-1,-1,-1
433,32,942.74,3.69,59.86,169.88,0.4326,-1,-1,-1
433,38,1007.93,20.92,54.08,159.59,0.4051,-1,-1,-1
433,27,875.38,570.51,75.05,223.12,0.6069,-1,-1,-1
433,18,444.44,227.33,76.14,196.93,0.6032,-1,-1,-1
433,45,962.50,583.95,71.38,209.41,0.5929,-1,-1,-1
433,25,375.69,652.01,73.90,238.51,0.7007,-1,-1,-1
433,49,793.18,147.82,58.07,173.12,0.3871,-1,-1,-1
433,50,1574.21,627.31,88.41,228.23,0.3975,-1,-1,-1
433,2,755.58,564.76,86.76,248.46,0.7082,-1,-1,-1
433,52,1680.73,88.21,63.26,169.42,0.1779,-1,-1,-1
433,47,1756.50,139.10,52.36,167.11,0.2877,-1,-1,-1
434,3,994.82,927.86,83.17,150.22,0.7312,-1,-1,-1
434,4,1723.45,464.37,72.87,203.24,0.4749,-1,-1,-1
434,8,278.63,624.11,89.49,248.65,0.7393,-1,-1,-1
434,32,942.76,3.55,58.94,169.91,0.4259,-1,-1,-1
434,38,1007.78,20.96,54.49,158.91,0.4218,-1,-1,-1
434,27,878.23,571.56,74.19,222.73,0.6037,-1,-1,-1
434,18,444.95,226.48,75.60,197.91,0.5984,-1,-1,-1
434,45,963.39,585.92,71.94,211.01,0.6031,-1,-1,-1
434,25,373.59,653.03,75.90,237.66,0.7261,-1,-1,-1
434,49,793.44,148.53,57.64,172.03,0.4266,-1,-1,-1
434,50,1574.10,629.82,87.75,225.14,0.3822,-1,-1,-1
434,2,757.12,566.05,85.60,249.16,0.7278,-1,-1,-1
434,52,1681.27,89.60,64.03,167.85,0.1857,-1,-1,-1
434,47,1754.09,135.76,53.98,173.75,0.1739,-1,-1,-1
435,3,996.96,926.88,82.55,151.14,0.7075,-1,-1,-1
435,4,1723.82,464.80,72.67,203.51,0.4897,-1,-1,-1
435,8,278.06,624.95,89.17,248.45,0.7553,-1,-1,-1
435,32,942.67,4.19,58.08,168.31,0.4247,-1,-1,-1
435,38,1007.01,20.35,55.58,159.06,0.3905,-1,-1,-1
435,27,879.12,572.48,75.46,220.80,0.6097,-1,-1,-1
435,18,444.79,225.71,75.52,198.84,0.5999,-1,-1,-1
435,45,965.15,587.21,70.66,215.82,0.6067,-1,-1,-1
435,25,371.12,653.44,77.02,238.49,0.7220,-1,-1,-1
435,49,793.89,148.06,56.51,172.04,0.4002,-1,-1,-1
435,50,1573.69,629.89,87.04,224.54,0.3791,-1,-1,-1
435,2,758.90,566.45,83.27,249.75,0.7066,-1,-1,-1
435,52,1681.20,88.95,66.17,168.88,0.2026,-1,-1,-1
435,47,1751.86,134.22,57.48,176.85,0.1573,-1,-1,-1
435,44,1312.34,521.04,83.54,186.32,0.3749,-1,-1,-1
436,3,998.74,926.47,83.18,151.27,0.6923,-1,-1,-1
436,4,1724.46,465.88,72.05,201.82,0.4647,-1,-1,-1
436,8,276.97,625.81,89.26,250.93,0.7629,-1,-1,-1
436,32,943.21,3.10,57.21,169.10,0.4333,-1,-1,-1
436,38,1006.55,19.42,56.09,157.83,0.3971,-1,-1,-1
436,27,880.01,573.68,75.08,213.02,0.6297,-1,-1,-1
436,18,444.69,225.02,75.42,199.92,0.6234,-1,-1,-1
436,45,967.36,588.06,69.97,221.62,0.6192,-1,-1,-1
436,25,368.96,654.16,76.90,237.81,0.7308,-1,-1,-1
436,49,793.09,148.69,57.30,171.33,0.4052,-1,-1,-1
436,50,1574.26,634.62,83.24,218.34,0.3282,-1,-1,-1
436,2,760.17,566.72,81.50,250.62,0.6872,-1,-1,-1
436,52,1682.56,88.70,67.55,171.10,0.1682,-1,-1,-1
436,44,1316.05,521.96,85.35,182.73,0.4842,-1,-1,-1
437,3,1000.58,925.47,83.65,152.43,0.7149,-1,-1,-1
437,4,1723.96,465.85,72.97,200.78,0.5042,-1,-1,-1
437,8,275.44,627.73,89.74,255.25,0.7764,-1,-1,-1
437,32,942.80,3.06,56.61,167.07,0.4455,-1,-1,-1
437,38,1006.00,18.33,56.61,157.75,0.4088,-1,-1,-1
437,27,880.99,574.61,74.95,216.02,0.6406,-1,-1,-1
437,18,445.61,223.90,73.88,199.94,0.6123,-1,-1,-1
437,45,967.91,589.80,69.34,223.74,0.6100,-1,-1,-1
437,25,367.77,655.32,76.61,236.49,0.7368,-1,-1,-1
437,49,793.44,148.68,56.66,171.21,0.3992,-1,-1,-1
437,50,1574.53,637.66,80.77,214.71,0.3291,-1,-1,-1
437,2,760.97,566.97,80.93,251.31,0.6861,-1,-1,-1
437,52,1685.81,86.20,68.53,176.40,0.1564,-1,-1,-1
437,44,1320.55,525.96,82.09,178.90,0.4395,-1,-1,-1
438,3,1003.48,925.56,83.24,152.41,0.7073,-1,-1,-1
438,4,1723.39,464.49,71.83,203.39,0.5337,-1,-1,-1
438,8,273.95,630.22,89.71,259.47,0.7685,-1,-1,-1
438,32,942.67,2.23,56.07,165.87,0.4117,-1,-1,-1
438,38,1005.90,16.61,56.47,157.74,0.3375,-1,-1,-1
438,27,881.46,575.31,75.46,222.09,0.6689,-1,-1,-1
438,18,446.54,224.27,73.04,198.75,0.6171,-1,-1,-1
438,45,967.70,591.74,71.11,225.41,0.5800,-1,-1,-1
438,25,367.14,656.59,75.08,236.09,0.7402,-1,-1,-1
438,49,792.95,148.65,57.58,170.78,0.4236,-1,-1,-1
438,50,1573.52,635.96,76.71,216.19,0.3571,-1,-1,-1
438,2,762.81,567.40,79.04,251.89,0.6779,-1,-1,-1
438,52,1688.32,86.41,69.81,179.08,0.1585,-1,-1,-1
438,44,1323.91,530.00,81.79,175.81,0.3239,-1,-1,-1
439,3,1005.71,925.54,83.95,152.68,0.6940,-1,-1,-1
439,4,1722.98,462.44,71.35,204.74,0.5583,-1,-1,-1
439,8,274.63,631.64,86.57,261.88,0.7554,-1,-1,-1
439,32,942.53,0.62,55.08,165.19,0.4092,-1,-1,-1
439,38,1006.21,15.03,56.26,156.99,0.3241,-1,-1,-1
439,27,882.37,576.07,76.31,225.32,0.6671,-1,-1,-1
439,18,447.74,223.98,72.08,199.55,0.6159,-1,-1,-1
439,45,967.48,594.67,71.98,225.36,0.5635,-1,-1,-1
439,25,365.60,657.33,75.45,236.15,0.7634,-1,-1,-1
439,49,792.95,147.76,57.89,171.97,0.4345,-1,-1,-1
439,50,1572.62,636.82,73.40,216.10,0.3073,-1,-1,-1
439,2,764.65,568.51,77.64,251.14,0.6472,-1,-1,-1
439,52,1688.72,86.44,71.07,179.66,0.1756,-1,-1,-1
439,44,1330.04,535.97,76.91,177.19,0.2934,-1,-1,-1
440,3,1007.39,925.36,84.96,152.89,0.6976,-1,-1,-1
440,4,1723.38,461.43,70.81,205.23,0.6070,-1,-1,-1
440,8,272.39,633.75,88.47,262.19,0.7624,-1,-1,-1
440,32,941.85,0.02,54.82,161.86,0.4347,-1,-1,-1
440,38,1006.08,13.47,56.29,156.20,0.3648,-1,-1,-1
440,27,883.16,576.75,76.93,225.72,0.6688,-1,-1,-1
440,18,447.43,223.07,72.64,199.40,0.6127,-1,-1,-1
440,45,967.28,596.67,73.69,224.87,0.5856,-1,-1,-1
440,25,366.38,657.52,73.34,240.22,0.7503,-1,-1,-1
440,49,793.89,147.30,56.75,172.27,0.4467,-1,-1,-1
440,50,1572.53,635.75,67.40,217.23,0.2871,-1,-1,-1
440,2,766.99,568.87,76.06,250.41,0.6696,-1,-1,-1
440,52,1688.79,85.27,69.35,182.64,0.1572,-1,-1,-1
440,44,1336.88,531.87,73.77,190.65,0.2749,-1,-1,-1
441,3,1009.67,924.44,84.93,154.09,0.7325,-1,-1,-1
441,4,1723.45,460.17,70.56,206.26,0.5942,-1,-1,-1
441,8,270.46,636.16,89.86,260.23,0.7677,-1,-1,-1
441,32,941.72,-0.14,54.72,159.47,0.4091,-1,-1,-1
441,38,1005.60,13.09,56.25,153.41,0.3684,-1,-1,-1
441,27,885.83,577.14,73.84,219.88,0.6602,-1,-1,-1
441,18,447.34,220.80,72.40,199.88,0.6137,-1,-1,-1
441,45,965.80,598.84,75.96,222.66,0.5207,-1,-1,-1
441,25,365.65,659.30,72.72,244.77,0.7756,-1,-1,-1
441,49,793.38,147.51,56.92,171.75,0.4631,-1,-1,-1
441,50,1572.15,635.06,63.01,218.33,0.2925,-1,-1,-1
441,2,770.60,569.80,71.49,250.64,0.6544,-1,-1,-1
441,44,1343.41,531.04,70.96,195.05,0.3902,-1,-1,-1
442,3,1011.53,924.30,85.30,154.19,0.7429,-1,-1,-1
442,4,1724.41,459.55,69.43,207.44,0.5853,-1,-1,-1
442,8,267.44,638.53,90.42,260.57,0.7722,-1,-1,-1
442,32,941.11,-0.22,55.40,156.78,0.4217,-1,-1,-1
442,38,1005.02,12.26,56.36,153.26,0.3804,-1,-1,-1
442,27,886.78,578.04,73.86,218.00,0.6409,-1,-1,-1
442,18,447.23,218.83,72.08,197.84,0.5454,-1,-1,-1
442,45,966.51,599.89,75.82,221.55,0.5368,-1,-1,-1
442,25,363.31,662.09,73.84,245.33,0.7717,-1,-1,-1
442,49,793.67,147.61,55.96,171.38,0.4318,-1,-1,-1
442,50,1572.57,631.01,58.23,223.27,0.2418,-1,-1,-1
442,2,774.03,570.61,68.37,251.19,0.6386,-1,-1,-1
442,44,1358.05,528.22,62.11,198.17,0.3801,-1,-1,-1
443,3,1013.11,924.31,86.00,154.55,0.7339,-1,-1,-1
443,4,1724.87,459.40,68.93,207.57,0.5816,-1,-1,-1
443,8,263.57,640.72,91.33,260.82,0.7558,-1,-1,-1
443,32,938.75,-0.18,56.62,156.41,0.4312,-1,-1,-1
443,38,1004.69,12.03,56.71,153.60,0.3925,-1,-1,-1
443,27,885.46,580.11,76.51,226.54,0.6016,-1,-1,-1
443,18,447.66,217.37,71.95,194.96,0.5327,-1,-1,-1
443,45,967.13,601.44,74.92,221.05,0.4744,-1,-1,-1
443,25,360.22,665.08,75.49,245.62,0.7663,-1,-1,-1
443,49,793.87,147.54,55.51,171.95,0.4223,-1,-1,-1
443,50,1571.60,631.30,57.39,223.01,0.2284,-1,-1,-1
443,2,776.37,570.78,68.00,250.27,0.6225,-1,-1,-1
443,44,1362.40,527.47,63.98,204.70,0.4464,-1,-1,-1
444,3,1015.32,924.79,85.34,154.44,0.7499,-1,-1,-1
444,4,1725.29,458.92,68.71,208.22,0.5783,-1,-1,-1
444,8,259.85,643.34,92.94,258.94,0.7692,-1,-1,-1
444,32,938.13,-0.24,56.39,157.16,0.4114,-1,-1,-1
444,38,1004.54,11.98,56.70,152.69,0.3936,-1,-1,-1
444,27,885.96,582.59,75.74,229.55,0.6195,-1,-1,-1
444,18,446.43,215.64,72.94,191.98,0.5122,-1,-1,-1
444,45,966.86,602.79,75.76,220.20,0.4648,-1,-1,-1
444,25,358.57,668.01,75.77,246.75,0.7727,-1,-1,-1
444,49,792.70,147.28,55.87,171.82,0.4178,-1,-1,-1
444,50,1570.32,633.47,57.56,219.66,0.2509,-1,-1,-1
444,2,778.85,570.97,67.33,252.05,0.6437,-1,-1,-1
444,44,1368.84,529.70,63.76,185.00,0.2525,-1,-1,-1
445,3,1016.48,923.93,85.18,155.50,0.7430,-1,-1,-1
445,4,1724.78,458.26,68.99,208.32,0.5716,-1,-1,-1
445,8,256.85,644.19,93.66,257.68,0.7529,-1,-1,-1
445,32,939.34,-0.22,55.81,156.52,0.4246,-1,-1,-1
445,38,1005.27,11.40,56.31,156.08,0.3947,-1,-1,-1
445,27,885.56,584.42,75.91,229.68,0.6495,-1,-1,-1
445,18,445.30,214.03,73.45,191.15,0.5382,-1,-1,-1
445,45,966.73,602.86,76.64,221.19,0.5783,-1,-1,-1
445,25,358.08,671.70,74.96,244.12,0.7518,-1,-1,-1
445,49,793.17,147.74,55.24,172.39,0.4053,-1,-1,-1
445,50,1570.84,634.33,55.80,218.10,0.2296,-1,-1,-1
445,2,780.16,571.44,69.35,251.90,0.6492,-1,-1,-1
446,3,1018.94,923.62,83.57,155.19,0.7475,-1,-1,-1
446,4,1724.90,457.86,68.61,208.99,0.5631,-1,-1,-1
446,8,253.53,645.53,95.31,256.37,0.7522,-1,-1,-1
446,32,941.05,-0.19,53.86,154.75,0.4131,-1,-1,-1
446,38,1004.75,11.51,56.48,155.21,0.3789,-1,-1,-1
446,27,884.85,586.26,76.97,234.81,0.6290,-1,-1,-1
446,18,444.53,212.28,73.46,191.87,0.5336,-1,-1,-1
446,45,965.33,603.64,77.95,219.52,0.5983,-1,-1,-1
446,25,356.64,674.46,74.52,245.00,0.7413,-1,-1,-1
446,49,793.59,147.67,54.36,172.61,0.3861,-1,-1,-1
446,50,1571.66,630.39,54.09,221.91,0.1637,-1,-1,-1
446,2,782.34,572.08,70.97,250.34,0.6335,-1,-1,-1
447,3,1020.29,922.19,82.85,157.07,0.7503,-1,-1,-1
447,4,1722.70,458.05,70.62,209.46,0.5631,-1,-1,-1
447,8,251.85,647.25,96.60,255.11,0.7631,-1,-1,-1
447,32,941.73,-0.15,52.31,154.00,0.3904,-1,-1,-1
447,38,1004.73,11.49,56.03,154.68,0.3495,-1,-1,-1
447,27,884.64,588.61,77.03,235.88,0.6183,-1,-1,-1
447,18,444.26,210.87,73.11,193.33,0.5187,-1,-1,-1
447,45,966.99,607.09,76.97,212.64,0.5591,-1,-1,-1
447,25,355.17,676.52,74.70,244.70,0.7556,-1,-1,-1
447,49,793.02,148.59,57.26,172.04,0.3552,-1,-1,-1
447,50,1572.00,629.58,52.74,222.07,0.1782,-1,-1,-1
447,2,784.69,572.38,72.04,249.16,0.6373,-1,-1,-1
448,3,1022.25,921.33,81.16,157.70,0.7501,-1,-1,-1
448,4,1720.83,458.00,72.46,209.72,0.5692,-1,-1,-1
448,8,250.68,647.90,96.56,253.92,0.7708,-1,-1,-1
448,32,941.06,-0.11,52.15,153.88,0.4614,-1,-1,-1
448,38,1004.71,11.77,55.74,154.58,0.4224,-1,-1,-1
448,27,883.26,590.59,79.17,241.23,0.6489,-1,-1,-1
448,18,443.17,210.02,73.27,193.41,0.5451,-1,-1,-1
448,45,967.55,608.21,76.64,212.08,0.6534,-1,-1,-1
448,25,353.92,678.35,74.15,243.74,0.7585,-1,-1,-1
448,49,793.86,148.87,56.76,171.52,0.3679,-1,-1,-1
448,50,1569.68,629.93,54.60,221.04,0.1995,-1,-1,-1
448,2,786.43,572.18,74.84,248.70,0.6540,-1,-1,-1
449,3,1023.39,921.71,80.66,157.33,0.7502,-1,-1,-1
449,4,1722.26,457.31,73.78,209.76,0.5465,-1,-1,-1
449,8,250.72,648.40,95.78,253.04,0.7614,-1,-1,-1
449,32,939.22,-0.12,52.49,154.17,0.4383,-1,-1,-1
449,38,1004.87,11.90,55.30,153.93,0.3974,-1,-1,-1
449,27,882.40,593.14,81.03,245.01,0.6600,-1,-1,-1
449,18,442.84,209.59,72.73,193.31,0.5246,-1,-1,-1
449,45,966.73,609.89,78.43,211.05,0.6531,-1,-1,-1
449,25,351.00,679.29,75.41,243.12,0.7633,-1,-1,-1
449,49,793.49,149.01,57.53,171.45,0.3746,-1,-1,-1
449,50,1566.57,631.66,57.59,218.96,0.2453,-1,-1,-1
449,2,787.44,572.77,76.39,247.93,0.6558,-1,-1,-1
450,3,1024.71,920.76,79.52,157.93,0.7473,-1,-1,-1
450,4,1722.88,457.25,73.67,209.88,0.5644,-1,-1,-1
450,8,249.22,650.00,96.27,250.06,0.7588,-1,-1,-1
450,32,938.77,-0.10,52.22,153.61,0.4798,-1,-1,-1
450,38,1004.91,11.75,55.38,153.25,0.3961,-1,-1,-1
450,27,881.95,594.36,82.46,246.04,0.6522,-1,-1,-1
450,18,442.66,209.13,72.01,194.12,0.5358,-1,-1,-1
450,45,968.46,611.29,77.08,211.28,0.6557,-1,-1,-1
450,25,348.35,679.44,77.31,243.12,0.7609,-1,-1,-1
450,49,793.94,148.86,56.85,171.58,0.3727,-1,-1,-1
450,50,1562.95,632.02,60.57,218.11,0.2083,-1,-1,-1
450,2,788.20,573.55,77.40,246.89,0.6383,-1,-1,-1
451,3,1026.15,921.66,78.36,157.90,0.7441,-1,-1,-1
451,4,1720.23,457.82,74.46,209.08,0.5202,-1,-1,-1
451,8,249.26,651.93,93.75,247.23,0.7252,-1,-1,-1
451,32,938.20,-0.11,52.61,153.91,0.4592,-1,-1,-1
451,38,1004.82,12.18,55.13,153.27,0.3777,-1,-1,-1
451,27,881.66,596.99,82.52,244.57,0.6083,-1,-1,-1
451,18,440.98,208.95,73.01,193.99,0.5083,-1,-1,-1
451,45,970.79,612.47,75.75,215.26,0.6077,-1,-1,-1
451,25,346.21,680.58,77.50,243.78,0.7556,-1,-1,-1
451,49,795.41,148.99,52.86,170.73,0.3657,-1,-1,-1
451,50,1559.94,629.05,63.60,221.90,0.2714,-1,-1,-1
451,2,789.59,575.08,76.32,244.74,0.6335,-1,-1,-1
452,3,1027.34,921.85,77.40,158.03,0.7643,-1,-1,-1
452,4,1719.15,458.22,74.95,208.78,0.5370,-1,-1,-1
452,8,249.22,653.52,92.24,249.35,0.7527,-1,-1,-1
452,32,937.97,-0.12,52.63,155.95,0.4924,-1,-1,-1
452,38,1004.64,12.26,55.02,152.65,0.3809,-1,-1,-1
452,27,883.92,598.25,80.62,244.71,0.6396,-1,-1,-1
452,18,440.20,208.13,73.85,194.94,0.4623,-1,-1,-1
452,45,972.18,613.99,76.40,219.15,0.6030,-1,-1,-1
452,25,343.44,680.85,79.20,242.37,0.7866,-1,-1,-1
452,49,796.22,148.52,51.30,170.20,0.3512,-1,-1,-1
452,50,1558.65,623.56,64.87,227.31,0.4189,-1,-1,-1
452,2,791.88,575.56,75.60,245.00,0.6455,-1,-1,-1
452,44,1413.10,542.28,70.70,155.58,0.3922,-1,-1,-1
453,3,1028.03,921.51,76.89,158.46,0.7543,-1,-1,-1
453,4,1718.30,458.68,75.57,208.51,0.5330,-1,-1,-1
453,8,249.00,655.94,90.99,251.82,0.7493,-1,-1,-1
453,32,937.68,-0.07,52.50,155.96,0.5077,-1,-1,-1
453,38,1004.75,11.92,54.93,152.62,0.4048,-1,-1,-1
453,27,887.70,599.78,77.42,242.81,0.6336,-1,-1,-1
453,18,440.48,208.10,72.54,195.52,0.4320,-1,-1,-1
453,45,972.81,616.63,76.90,220.61,0.6083,-1,-1,-1
453,25,341.57,681.03,80.25,241.64,0.7834,-1,-1,-1
453,49,795.64,148.03,51.00,171.91,0.3074,-1,-1,-1
453,50,1549.51,618.82,75.70,231.98,0.4654,-1,-1,-1
453,2,794.42,576.98,75.91,244.89,0.6389,-1,-1,-1
453,44,1421.87,544.00,70.07,154.74,0.3841,-1,-1,-1
454,3,1027.79,921.12,77.26,158.93,0.7554,-1,-1,-1
454,4,1716.62,458.02,76.99,208.54,0.5621,-1,-1,-1
454,8,247.92,657.40,91.55,254.73,0.7522,-1,-1,-1
454,32,937.15,-0.01,52.79,155.77,0.5307,-1,-1,-1
454,38,1005.29,11.33,54.20,153.33,0.4111,-1,-1,-1
454,27,885.03,600.78,80.96,241.55,0.6420,-1,-1,-1
454,18,443.43,207.81,68.76,196.65,0.4456,-1,-1,-1
454,45,976.10,618.74,74.37,220.39,0.6459,-1,-1,-1
454,25,339.88,681.76,82.12,240.91,0.7977,-1,-1,-1
454,49,795.30,148.12,53.07,171.48,0.3313,-1,-1,-1
454,50,1554.51,620.79,69.04,230.53,0.4472,-1,-1,-1
454,2,796.36,578.03,74.36,244.06,0.6218,-1,-1,-1
454,44,1426.40,544.15,69.65,156.39,0.3620,-1,-1,-1
454,53,1661.49,359.77,66.72,190.91,0.4123,-1,-1,-1
455,3,1028.52,921.61,77.07,158.37,0.7535,-1,-1,-1
455,4,1715.50,457.85,78.23,209.59,0.5582,-1,-1,-1
455,8,246.87,658.43,92.94,258.02,0.7570,-1,-1,-1
455,32,937.43,0.10,51.91,155.35,0.5350,-1,-1,-1
455,38,1005.74,10.87,53.80,152.91,0.4316,-1,-1,-1
455,27,885.75,601.57,80.75,237.58,0.6324,-1,-1,-1
455,18,442.19,204.98,70.43,197.63,0.4564,-1,-1,-1
455,45,977.13,621.50,75.73,217.40,0.6434,-1,-1,-1
455,25,339.34,683.00,80.82,242.05,0.7862,-1,-1,-1
455,49,794.20,148.03,55.01,171.26,0.3231,-1,-1,-1
455,50,1544.77,616.39,79.18,234.57,0.4996,-1,-1,-1
455,2,797.47,579.37,74.98,242.85,0.6465,-1,-1,-1
455,44,1429.38,544.48,70.69,156.85,0.2828,-1,-1,-1
455,53,1661.43,359.34,65.63,191.07,0.3733,-1,-1,-1
456,3,1028.90,921.71,77.49,158.25,0.7450,-1,-1,-1
456,4,1715.74,457.90,77.82,209.71,0.5720,-1,-1,-1
456,8,245.83,660.33,93.19,260.85,0.7582,-1,-1,-1
456,32,937.70,-0.02,51.36,154.51,0.5440,-1,-1,-1
456,38,1006.11,9.65,53.41,153.17,0.4679,-1,-1,-1
456,27,885.39,602.06,83.11,236.58,0.6560,-1,-1,-1
456,18,443.19,203.80,68.24,198.13,0.5169,-1,-1,-1
456,45,978.75,623.58,76.14,219.32,0.6816,-1,-1,-1
456,25,337.56,684.33,80.90,245.57,0.7768,-1,-1,-1
456,49,794.06,146.39,55.64,172.51,0.3079,-1,-1,-1
456,50,1547.84,614.90,76.12,236.33,0.4732,-1,-1,-1
456,2,798.65,580.79,74.47,241.53,0.6532,-1,-1,-1
456,44,1432.30,544.53,68.63,156.76,0.2770,-1,-1,-1
456,53,1659.44,359.30,65.88,191.97,0.3940,-1,-1,-1
457,3,1028.89,921.95,77.90,158.05,0.7306,-1,-1,-1
457,4,1715.13,458.00,78.54,209.40,0.6011,-1,-1,-1
457,8,244.38,662.49,94.38,261.85,0.7617,-1,-1,-1
457,32,937.71,-0.01,51.11,153.11,0.5350,-1,-1,-1
457,38,1006.21,9.24,53.32,151.03,0.4527,-1,-1,-1
457,27,886.40,602.82,83.76,237.23,0.6553,-1,-1,-1
457,18,444.30,201.81,66.49,198.31,0.5364,-1,-1,-1
457,45,980.09,625.01,75.48,221.26,0.6712,-1,-1,-1
457,25,335.99,687.52,79.84,248.15,0.7935,-1,-1,-1
457,49,792.53,145.54,57.58,174.24,0.3198,-1,-1,-1
457,50,1549.09,614.18,74.67,238.27,0.4568,-1,-1,-1
457,2,800.28,581.48,72.67,241.39,0.6695,-1,-1,-1
457,44,1434.80,545.06,68.50,152.93,0.1751,-1,-1,-1
457,53,1658.85,359.53,65.17,189.75,0.4068,-1,-1,-1
458,3,1028.69,921.69,79.03,158.35,0.7399,-1,-1,-1
458,4,1714.83,458.11,79.11,209.99,0.5700,-1,-1,-1
458,8,243.02,665.24,95.90,262.28,0.7642,-1,-1,-1
458,32,936.35,-0.01,52.24,151.96,0.4904,-1,-1,-1
458,38,1006.03,8.40,53.81,148.89,0.4156,-1,-1,-1
458,27,891.80,604.00,79.95,238.56,0.6844,-1,-1,-1
458,18,445.58,200.01,64.68,196.07,0.5316,-1,-1,-1
458,45,980.52,625.80,77.15,222.15,0.6743,-1,-1,-1
458,25,334.90,690.95,79.30,247.97,0.7935,-1,-1,-1
458,49,795.16,145.57,54.88,174.04,0.3026,-1,-1,-1
458,50,1549.88,613.61,73.57,238.70,0.4587,-1,-1,-1
458,2,801.94,583.25,73.83,240.77,0.6578,-1,-1,-1
458,53,1657.57,358.79,63.97,189.79,0.4434,-1,-1,-1
459,3,1028.19,921.41,80.08,158.62,0.7317,-1,-1,-1
459,4,1716.50,458.30,77.38,209.62,0.5409,-1,-1,-1
459,8,242.18,667.80,96.21,264.71,0.7721,-1,-1,-1
459,32,935.82,0.00,52.50,148.99,0.4689,-1,-1,-1
459,38,1007.21,7.40,52.51,146.51,0.3971,-1,-1,-1
459,27,895.04,605.58,78.06,238.42,0.6816,-1,-1,-1
459,18,445.69,197.47,64.45,194.11,0.5001,-1,-1,-1
459,45,981.05,627.66,78.86,221.82,0.6881,-1,-1,-1
459,25,334.02,694.76,77.79,246.72,0.8079,-1,-1,-1
459,49,794.02,145.28,55.93,174.76,0.2826,-1,-1,-1
459,50,1550.47,613.74,71.96,238.77,0.4916,-1,-1,-1
459,2,803.76,584.09,75.44,240.57,0.6424,-1,-1,-1
459,53,1655.69,357.47,63.81,189.57,0.3803,-1,-1,-1
459,54,1836.96,382.60,73.87,200.90,0.3717,-1,-1,-1
460,3,1028.13,921.38,80.61,158.64,0.7360,-1,-1,-1
460,4,1717.31,457.32,76.48,211.00,0.5459,-1,-1,-1
460,8,241.88,668.66,96.44,266.94,0.7746,-1,-1,-1
460,32,934.43,0.08,54.41,147.52,0.5078,-1,-1,-1
460,38,1008.03,5.95,51.43,146.51,0.4398,-1,-1,-1
460,27,897.34,607.03,78.10,239.92,0.7080,-1,-1,-1
460,18,445.23,195.57,65.48,191.27,0.5148,-1,-1,-1
460,45,982.26,628.58,78.68,221.16,0.6728,-1,-1,-1
460,25,333.87,698.21,77.45,243.75,0.8116,-1,-1,-1
460,49,795.21,145.71,54.81,174.02,0.3153,-1,-1,-1
460,50,1551.41,615.05,69.45,237.88,0.4469,-1,-1,-1
460,2,805.70,584.23,77.50,240.66,0.6628,-1,-1,-1
460,53,1652.87,353.65,65.00,195.15,0.1781,-1,-1,-1
460,54,1832.40,379.79,77.80,207.62,0.3337,-1,-1,-1
461,3,1027.98,921.65,81.19,158.39,0.7367,-1,-1,-1
461,4,1718.98,457.55,74.97,210.39,0.5475,-1,-1,-1
461,8,241.44,670.10,97.74,266.72,0.7842,-1,-1,-1
461,32,933.98,0.77,55.11,145.58,0.4428,-1,-1,-1
461,38,1007.86,5.35,51.88,147.71,0.4043,-1,-1,-1
461,27,898.62,609.43,78.63,240.21,0.7097,-1,-1,-1
461,18,444.97,193.55,65.59,190.30,0.5134,-1,-1,-1
461,45,983.10,629.58,78.82,221.07,0.6592,-1,-1,-1
461,25,333.93,701.63,77.20,244.57,0.8070,-1,-1,-1
461,49,796.33,145.35,54.02,173.90,0.3447,-1,-1,-1
461,50,1551.06,613.37,68.80,238.97,0.4318,-1,-1,-1
461,2,807.70,583.59,78.86,240.45,0.6708,-1,-1,-1
461,53,1652.06,351.75,64.52,192.14,0.1604,-1,-1,-1
461,54,1827.65,378.98,77.25,203.32,0.3264,-1,-1,-1
462,3,1027.82,921.57,81.06,158.37,0.7501,-1,-1,-1
462,4,1720.03,455.88,74.34,212.83,0.5329,-1,-1,-1
462,8,241.81,671.61,95.13,265.30,0.7664,-1,-1,-1
462,32,933.31,2.72,56.29,142.98,0.3578,-1,-1,-1
462,38,1007.84,4.72,52.21,148.79,0.3997,-1,-1,-1
462,27,899.49,611.29,79.02,239.79,0.7148,-1,-1,-1
462,18,444.18,192.54,66.31,189.53,0.5093,-1,-1,-1
462,45,984.01,630.81,79.42,219.71,0.6689,-1,-1,-1
462,25,332.60,703.67,78.55,247.15,0.8079,-1,-1,-1
462,49,797.73,145.34,52.51,173.96,0.3499,-1,-1,-1
462,50,1553.15,617.71,65.76,234.70,0.3267,-1,-1,-1
462,2,809.47,583.57,80.97,241.76,0.6681,-1,-1,-1
462,53,1651.43,350.74,63.71,187.96,0.1585,-1,-1,-1
462,54,1825.05,377.57,85.41,207.71,0.3079,-1,-1,-1
463,3,1027.62,921.33,81.12,158.62,0.7401,-1,-1,-1
463,4,1719.97,456.49,74.32,211.80,0.5608,-1,-1,-1
463,8,242.03,673.40,93.49,265.00,0.7678,-1,-1,-1
463,32,933.91,3.38,55.68,141.71,0.4154,-1,-1,-1
463,38,1007.14,4.28,53.52,149.83,0.4365,-1,-1,-1
463,27,900.99,613.43,78.75,236.93,0.7072,-1,-1,-1
463,18,444.14,193.26,67.18,188.41,0.4821,-1,-1,-1
463,45,986.19,631.43,78.49,216.57,0.6908,-1,-1,-1
463,25,331.95,704.53,79.05,248.96,0.8070,-1,-1,-1
463,49,797.27,144.67,53.28,174.35,0.3644,-1,-1,-1
463,50,1553.08,615.07,65.48,237.02,0.3087,-1,-1,-1
463,2,810.99,583.58,83.79,242.65,0.6875,-1,-1,-1
463,54,1821.12,376.20,79.45,203.81,0.3666,-1,-1,-1
464,3,1027.22,921.06,81.39,158.93,0.7489,-1,-1,-1
464,4,1719.45,455.86,74.80,212.23,0.5241,-1,-1,-1
464,8,241.11,675.32,95.35,264.61,0.7495,-1,-1,-1
464,32,934.15,2.64,55.42,142.54,0.3832,-1,-1,-1
464,38,1006.78,3.31,54.24,151.32,0.4629,-1,-1,-1
464,27,902.58,615.82,77.95,234.74,0.6807,-1,-1,-1
464,18,444.04,191.71,69.60,189.95,0.4863,-1,-1,-1
464,45,986.38,632.31,78.21,216.97,0.6620,-1,-1,-1
464,25,333.35,705.86,76.93,250.33,0.8034,-1,-1,-1
464,49,796.77,144.75,54.04,173.80,0.3762,-1,-1,-1
464,50,1551.96,620.50,66.33,231.82,0.2569,-1,-1,-1
464,2,812.08,584.44,87.46,244.06,0.6962,-1,-1,-1
464,54,1819.24,374.78,75.57,203.82,0.3433,-1,-1,-1
465,3,1026.71,921.72,81.36,158.29,0.7434,-1,-1,-1
465,4,1720.17,456.00,74.10,212.33,0.5302,-1,-1,-1
465,8,240.24,677.44,95.71,261.80,0.7564,-1,-1,-1
465,32,934.16,2.56,55.62,142.42,0.4016,-1,-1,-1
465,38,1006.64,3.76,54.65,150.62,0.4289,-1,-1,-1
465,27,903.63,618.07,78.45,232.00,0.6823,-1,-1,-1
465,18,443.25,191.19,71.71,190.99,0.5128,-1,-1,-1
465,45,988.05,634.65,77.24,215.80,0.6508,-1,-1,-1
465,25,334.51,706.99,73.81,250.64,0.7920,-1,-1,-1
465,49,798.01,144.84,52.94,174.26,0.3965,-1,-1,-1
465,50,1552.49,616.82,65.79,235.49,0.2338,-1,-1,-1
465,2,812.78,585.26,90.20,243.61,0.6835,-1,-1,-1
465,54,1815.62,372.84,76.24,202.82,0.3461,-1,-1,-1
466,3,1026.47,922.33,81.50,157.87,0.7229,-1,-1,-1
466,4,1721.31,455.99,72.57,211.69,0.5421,-1,-1,-1
466,8,239.69,679.59,90.56,257.92,0.7709,-1,-1,-1
466,32,935.76,2.12,53.97,142.34,0.4287,-1,-1,-1
466,38,1006.29,2.99,55.22,150.73,0.4545,-1,-1,-1
466,27,904.27,620.55,79.04,232.08,0.6909,-1,-1,-1
466,18,443.22,190.85,72.16,190.65,0.5269,-1,-1,-1
466,45,989.65,637.10,76.27,217.76,0.6283,-1,-1,-1
466,25,334.13,707.46,73.03,249.98,0.7795,-1,-1,-1
466,49,799.29,144.67,51.65,175.10,0.3824,-1,-1,-1
466,2,812.45,585.01,92.92,243.41,0.7231,-1,-1,-1
466,54,1813.03,371.75,78.37,204.86,0.4128,-1,-1,-1
467,3,1026.24,922.29,81.92,156.52,0.7230,-1,-1,-1
467,4,1721.31,454.71,72.71,213.58,0.5504,-1,-1,-1
467,8,238.71,680.88,89.36,252.85,0.7725,-1,-1,-1
467,32,937.06,2.83,52.69,142.34,0.4134,-1,-1,-1
467,38,1006.41,3.48,55.76,150.17,0.4452,-1,-1,-1
467,27,904.92,621.65,79.19,235.49,0.7209,-1,-1,-1
467,18,444.25,190.81,72.58,190.00,0.5823,-1,-1,-1
467,45,990.92,637.96,75.97,219.40,0.5960,-1,-1,-1
467,25,334.43,707.50,71.89,249.86,0.7877,-1,-1,-1
467,49,800.27,144.23,50.54,175.05,0.3321,-1,-1,-1
467,2,811.48,584.78,95.05,244.65,0.7365,-1,-1,-1
467,54,1811.52,369.75,77.96,207.89,0.3938,-1,-1,-1
468,3,1026.58,922.55,81.46,155.80,0.7187,-1,-1,-1
468,4,1721.07,455.58,72.66,212.33,0.5400,-1,-1,-1
468,8,237.08,681.65,89.34,251.98,0.7834,-1,-1,-1
468,32,937.53,3.75,52.60,141.34,0.4519,-1,-1,-1
468,38,1005.99,3.70,56.23,149.62,0.4186,-1,-1,-1
468,27,906.25,622.71,78.94,233.66,0.6934,-1,-1,-1
468,18,446.63,190.65,70.89,189.29,0.5443,-1,-1,-1
468,45,991.18,640.39,76.25,219.02,0.5694,-1,-1,-1
468,25,334.01,708.65,71.58,247.28,0.7652,-1,-1,-1
468,49,799.09,143.52,52.45,176.33,0.3714,-1,-1,-1
468,2,810.79,584.87,97.52,246.47,0.7381,-1,-1,-1
468,54,1808.22,368.31,79.10,210.08,0.4680,-1,-1,-1
469,3,1027.35,922.73,79.90,155.55,0.7271,-1,-1,-1
469,4,1721.24,454.50,72.41,212.59,0.5329,-1,-1,-1
469,8,234.75,683.46,91.19,252.19,0.7808,-1,-1,-1
469,32,937.04,3.67,53.89,140.82,0.4315,-1,-1,-1
469,38,1005.41,3.10,57.24,150.23,0.3837,-1,-1,-1
469,27,907.81,623.61,78.53,231.28,0.6874,-1,-1,-1
469,18,448.50,189.46,69.59,188.84,0.5634,-1,-1,-1
469,45,989.85,642.58,78.22,212.87,0.5486,-1,-1,-1
469,25,333.15,710.49,72.51,247.05,0.7775,-1,-1,-1
469,49,800.17,142.72,51.53,177.27,0.3493,-1,-1,-1
469,2,810.27,584.92,99.72,248.71,0.7289,-1,-1,-1
469,54,1805.29,366.56,79.78,211.47,0.4941,-1,-1,-1
470,3,1026.51,922.40,80.20,156.05,0.7226,-1,-1,-1
470,4,1721.51,455.20,72.25,211.76,0.5312,-1,-1,-1
470,8,233.48,685.72,91.65,254.28,0.7880,-1,-1,-1
470,32,936.69,3.00,54.30,141.42,0.3943,-1,-1,-1
470,38,1005.12,1.84,57.37,151.10,0.3839,-1,-1,-1
470,27,909.99,624.69,77.45,228.53,0.6454,-1,-1,-1
470,18,448.28,188.31,70.53,189.52,0.5753,-1,-1,-1
470,45,990.23,644.37,77.48,215.67,0.4774,-1,-1,-1
470,25,331.72,712.10,73.07,245.87,0.7977,-1,-1,-1
470,49,799.67,142.48,51.99,177.52,0.3896,-1,-1,-1
470,2,809.48,585.02,101.31,251.83,0.7263,-1,-1,-1
470,54,1803.98,365.01,79.46,210.20,0.4628,-1,-1,-1
471,3,1025.83,923.44,79.96,156.06,0.7276,-1,-1,-1
471,4,1721.20,455.23,72.74,212.84,0.5353,-1,-1,-1
471,8,231.53,687.84,93.59,258.49,0.7879,-1,-1,-1
471,32,937.26,3.10,53.59,140.65,0.4083,-1,-1,-1
471,38,1004.74,1.65,56.34,150.75,0.4060,-1,-1,-1
471,27,911.57,625.34,77.75,223.24,0.5925,-1,-1,-1
471,18,449.75,185.84,69.24,192.46,0.5810,-1,-1,-1
471,45,989.30,646.43,79.03,220.25,0.4891,-1,-1,-1
471,25,329.04,714.26,74.88,245.00,0.8037,-1,-1,-1
471,49,799.73,142.60,52.01,177.89,0.3670,-1,-1,-1
471,2,809.07,585.57,103.22,254.86,0.7081,-1,-1,-1
471,54,1801.84,364.81,80.59,209.01,0.5082,-1,-1,-1
472,3,1025.70,924.14,79.18,155.74,0.7047,-1,-1,-1
472,4,1720.38,455.36,73.71,213.37,0.5548,-1,-1,-1
472,8,230.02,690.08,94.18,262.86,0.7862,-1,-1,-1
472,32,936.53,3.09,54.25,140.30,0.3713,-1,-1,-1
472,38,1004.15,0.44,55.74,151.65,0.4111,-1,-1,-1
472,27,913.27,626.17,76.92,221.69,0.6329,-1,-1,-1
472,18,451.22,184.23,67.75,194.31,0.5981,-1,-1,-1
472,45,989.35,647.70,79.31,223.23,0.5038,-1,-1,-1
472,25,327.59,716.39,76.06,245.68,0.8164,-1,-1,-1
472,49,799.79,142.04,52.90,178.32,0.3951,-1,-1,-1
472,2,809.12,586.44,102.64,256.96,0.7267,-1,-1,-1
472,54,1801.05,364.60,79.95,207.20,0.4962,-1,-1,-1
473,3,1024.50,925.27,80.05,154.82,0.7220,-1,-1,-1
473,4,1719.46,454.65,75.08,215.41,0.5504,-1,-1,-1
473,8,228.11,693.19,95.02,264.53,0.7659,-1,-1,-1
473,32,936.49,3.33,54.09,139.76,0.3639,-1,-1,-1
473,38,1003.57,-0.07,56.58,152.42,0.3401,-1,-1,-1
473,27,914.08,627.34,77.55,225.56,0.6859,-1,-1,-1
473,18,451.39,181.86,68.13,192.17,0.5698,-1,-1,-1
473,45,989.93,648.97,78.65,223.88,0.5344,-1,-1,-1
473,25,325.37,720.16,77.48,247.22,0.8011,-1,-1,-1
473,49,801.06,144.13,51.08,176.15,0.3750,-1,-1,-1
473,2,808.76,587.11,101.12,257.81,0.7557,-1,-1,-1
473,54,1798.53,363.62,82.00,207.53,0.4847,-1,-1,-1
474,3,1024.69,925.13,79.39,154.63,0.7102,-1,-1,-1
474,4,1717.79,454.94,76.57,215.30,0.5394,-1,-1,-1
474,8,226.42,694.82,95.81,267.56,0.7614,-1,-1,-1
474,32,936.70,3.19,54.06,139.95,0.3694,-1,-1,-1
474,38,1002.86,-0.19,57.05,152.47,0.3795,-1,-1,-1
474,27,914.23,628.06,79.15,226.33,0.6434,-1,-1,-1
474,18,452.97,179.42,67.16,190.64,0.5179,-1,-1,-1
474,45,990.78,650.18,77.78,225.88,0.5521,-1,-1,-1
474,25,323.75,723.16,78.34,249.88,0.7889,-1,-1,-1
474,49,800.79,143.48,51.14,177.04,0.3936,-1,-1,-1
474,2,808.53,587.74,99.73,257.66,0.7584,-1,-1,-1
474,54,1794.63,363.04,84.70,206.93,0.4757,-1,-1,-1
475,3,1024.94,925.37,78.12,154.36,0.7103,-1,-1,-1
475,4,1715.99,455.38,79.97,214.86,0.5225,-1,-1,-1
475,8,224.86,697.05,95.69,269.82,0.7568,-1,-1,-1
475,32,936.65,3.11,53.79,140.94,0.3577,-1,-1,-1
475,38,1002.47,-0.26,56.02,151.13,0.3841,-1,-1,-1
475,27,915.86,629.62,78.02,231.25,0.6732,-1,-1,-1
475,18,453.91,179.89,65.27,186.80,0.5142,-1,-1,-1
475,45,991.93,652.29,77.41,225.23,0.5989,-1,-1,-1
475,25,322.27,726.13,78.84,251.18,0.7798,-1,-1,-1
475,49,801.75,143.58,50.28,177.03,0.3920,-1,-1,-1
475,2,808.49,588.52,97.67,256.78,0.7551,-1,-1,-1
475,54,1792.21,363.07,85.71,206.88,0.4801,-1,-1,-1
476,3,1024.36,926.17,78.35,153.54,0.7220,-1,-1,-1
476,4,1713.54,455.91,82.81,214.15,0.5004,-1,-1,-1
476,8,223.83,699.89,95.55,269.42,0.7450,-1,-1,-1
476,32,936.77,3.24,53.52,141.32,0.3197,-1,-1,-1
476,38,1001.87,-0.25,55.58,148.39,0.3119,-1,-1,-1
476,27,916.22,631.16,78.44,231.14,0.6064,-1,-1,-1
476,18,453.86,179.51,65.21,185.08,0.5310,-1,-1,-1
476,45,994.93,654.32,74.45,223.42,0.5622,-1,-1,-1
476,25,321.38,728.22,78.53,250.49,0.7717,-1,-1,-1
476,49,802.37,142.90,49.71,177.10,0.4347,-1,-1,-1
476,2,808.25,589.03,94.87,256.45,0.7435,-1,-1,-1
476,54,1787.68,362.46,87.63,207.88,0.4437,-1,-1,-1
477,3,1023.90,926.69,78.45,153.15,0.7136,-1,-1,-1
477,4,1712.97,456.85,83.74,212.72,0.5114,-1,-1,-1
477,8,222.73,701.80,95.05,267.65,0.7465,-1,-1,-1
477,32,936.84,3.15,52.98,140.79,0.2788,-1,-1,-1
477,38,1001.61,1.79,54.35,146.65,0.2703,-1,-1,-1
477,27,916.28,633.27,79.93,230.55,0.6564,-1,-1,-1
477,18,451.89,175.99,67.85,187.93,0.5388,-1,-1,-1
477,45,996.92,656.02,72.15,222.27,0.5801,-1,-1,-1
477,25,320.23,730.29,78.08,251.64,0.7649,-1,-1,-1
477,49,802.16,144.63,50.21,175.52,0.4647,-1,-1,-1
477,2,808.45,589.75,92.08,255.46,0.7754,-1,-1,-1
477,54,1786.98,361.82,86.59,207.47,0.5029,-1,-1,-1
478,3,1023.35,928.13,78.26,151.90,0.7247,-1,-1,-1
478,4,1710.54,457.01,86.45,212.07,0.4691,-1,-1,-1
478,8,220.58,703.49,95.69,266.50,0.7399,-1,-1,-1
478,32,937.51,4.24,52.03,139.69,0.3246,-1,-1,-1
478,38,1001.62,1.41,53.69,146.25,0.3083,-1,-1,-1
478,27,914.50,635.23,82.01,229.63,0.6715,-1,-1,-1
478,18,453.13,176.98,66.70,185.54,0.5335,-1,-1,-1
478,45,998.41,656.83,71.26,220.91,0.5612,-1,-1,-1
478,25,319.90,732.82,77.76,252.67,0.7588,-1,-1,-1
478,49,802.24,145.44,50.36,174.87,0.4710,-1,-1,-1
478,2,807.92,590.38,89.33,255.17,0.7848,-1,-1,-1
478,54,1789.18,360.34,82.51,206.62,0.4622,-1,-1,-1
479,3,1022.37,929.32,77.93,150.72,0.7200,-1,-1,-1
479,4,1710.79,457.39,86.64,211.08,0.4749,-1,-1,-1
479,8,220.02,704.45,96.62,265.25,0.7296,-1,-1,-1
479,32,937.43,4.35,50.99,139.09,0.3321,-1,-1,-1
479,38,1001.61,1.09,51.63,144.70,0.2898,-1,-1,-1
479,27,914.84,638.41,81.19,231.53,0.7042,-1,-1,-1
479,18,452.38,176.62,67.69,185.88,0.5665,-1,-1,-1
479,45,997.74,657.20,72.36,222.12,0.6307,-1,-1,-1
479,25,317.90,734.79,79.50,254.35,0.7566,-1,-1,-1
479,49,803.58,145.82,49.20,175.17,0.4562,-1,-1,-1
479,2,807.19,591.09,86.51,254.43,0.7852,-1,-1,-1
479,54,1787.07,360.07,82.89,206.36,0.5374,-1,-1,-1
480,3,1020.80,931.62,78.31,148.55,0.7371,-1,-1,-1
480,4,1700.10,456.98,98.40,210.46,0.3893,-1,-1,-1
480,8,219.21,705.00,94.83,263.83,0.7458,-1,-1,-1
480,32,936.21,2.56,51.29,139.12,0.3027,-1,-1,-1
480,38,1001.35,1.27,50.87,142.16,0.2771,-1,-1,-1
480,27,913.15,640.96,83.24,237.16,0.6706,-1,-1,-1
480,18,447.60,173.51,73.28,190.49,0.5277,-1,-1,-1
480,45,998.83,658.32,70.82,220.76,0.6110,-1,-1,-1
480,25,313.69,736.80,82.05,253.71,0.7507,-1,-1,-1
480,49,804.92,146.25,47.48,175.23,0.4213,-1,-1,-1
480,2,805.99,592.07,85.48,254.06,0.7777,-1,-1,-1
480,54,1787.00,359.43,78.72,206.69,0.5208,-1,-1,-1
480,47,1730.21,169.82,60.46,169.20,0.3445,-1,-1,-1
481,3,1019.75,931.36,78.63,148.71,0.7379,-1,-1,-1
481,4,1702.91,457.72,96.29,210.23,0.3963,-1,-1,-1
481,8,218.99,705.16,93.02,263.24,0.7620,-1,-1,-1
481,32,934.43,1.42,52.32,138.46,0.3848,-1,-1,-1
481,38,1000.66,0.47,52.39,142.84,0.3816,-1,-1,-1
481,27,910.74,643.79,85.18,236.75,0.6785,-1,-1,-1
481,18,446.26,171.57,75.04,192.52,0.5355,-1,-1,-1
481,45,995.03,660.07,74.18,220.84,0.5940,-1,-1,-1
481,25,307.44,737.79,86.45,254.77,0.7766,-1,-1,-1
481,49,804.56,144.60,47.88,176.19,0.4372,-1,-1,-1
481,2,805.41,593.21,83.90,253.54,0.7920,-1,-1,-1
481,54,1787.63,358.25,74.71,205.22,0.5713,-1,-1,-1
481,47,1729.82,169.99,61.85,170.08,0.4174,-1,-1,-1
482,3,1019.43,932.59,78.67,147.49,0.7317,-1,-1,-1
482,4,1705.64,458.54,92.82,210.02,0.4350,-1,-1,-1
482,8,219.12,706.51,91.42,261.70,0.7567,-1,-1,-1
482,32,933.66,1.22,52.37,135.92,0.3258,-1,-1,-1
482,38,999.81,0.52,52.42,142.66,0.3566,-1,-1,-1
482,27,908.43,645.94,87.85,244.42,0.6961,-1,-1,-1
482,18,449.00,174.35,72.44,188.16,0.5106,-1,-1,-1
482,45,995.64,662.40,73.78,221.63,0.6292,-1,-1,-1
482,25,305.94,738.80,86.54,255.75,0.7730,-1,-1,-1
482,49,805.25,144.31,47.45,177.01,0.4878,-1,-1,-1
482,2,804.47,594.18,83.29,253.35,0.7818,-1,-1,-1
482,54,1786.59,356.70,72.79,205.89,0.5456,-1,-1,-1
482,47,1729.27,171.61,63.27,169.98,0.4147,-1,-1,-1
483,3,1019.02,933.05,78.95,146.96,0.7344,-1,-1,-1
483,4,1698.58,458.20,100.50,209.88,0.3727,-1,-1,-1
483,8,218.74,707.55,91.37,259.83,0.7562,-1,-1,-1
483,32,933.44,1.39,52.06,134.59,0.3303,-1,-1,-1
483,38,999.25,0.11,52.99,144.18,0.3863,-1,-1,-1
483,27,908.74,648.44,87.22,246.19,0.7110,-1,-1,-1
483,18,452.25,173.36,69.37,188.49,0.5154,-1,-1,-1
483,45,997.84,664.33,72.35,221.86,0.6220,-1,-1,-1
483,25,303.35,739.74,86.71,255.85,0.7748,-1,-1,-1
483,49,805.64,143.61,47.23,176.78,0.4696,-1,-1,-1
483,2,802.59,595.18,83.70,252.49,0.7751,-1,-1,-1
483,54,1784.83,355.57,72.83,206.50,0.5070,-1,-1,-1
483,47,1729.10,170.68,62.59,171.36,0.4132,-1,-1,-1
484,3,1018.34,933.45,79.91,146.48,0.7214,-1,-1,-1
484,4,1695.02,458.39,104.08,210.36,0.3807,-1,-1,-1
484,8,218.52,708.97,90.64,257.65,0.7556,-1,-1,-1
484,32,933.15,2.29,51.98,131.40,0.3272,-1,-1,-1
484,38,999.64,-0.04,52.60,144.69,0.4216,-1,-1,-1
484,27,909.48,649.43,86.44,249.36,0.7007,-1,-1,-1
484,18,455.56,172.79,65.03,188.81,0.5113,-1,-1,-1
484,45,998.78,667.07,72.18,223.30,0.6057,-1,-1,-1
484,25,302.32,740.83,85.91,254.83,0.7663,-1,-1,-1
484,49,807.27,144.60,45.75,175.49,0.4646,-1,-1,-1
484,2,801.11,596.21,85.32,251.36,0.7705,-1,-1,-1
484,54,1785.75,354.05,68.23,205.49,0.5102,-1,-1,-1
484,47,1729.36,170.01,63.84,172.71,0.4068,-1,-1,-1
485,3,1018.01,933.91,80.71,146.07,0.7111,-1,-1,-1
485,4,1683.06,457.89,116.16,209.39,0.3766,-1,-1,-1
485,8,218.06,710.84,90.60,256.70,0.7632,-1,-1,-1
485,32,931.87,2.34,52.51,128.89,0.3158,-1,-1,-1
485,38,999.64,-0.09,52.05,143.85,0.4207,-1,-1,-1
485,27,910.96,650.43,84.11,248.18,0.7243,-1,-1,-1
485,18,456.40,171.04,63.85,190.23,0.5330,-1,-1,-1
485,45,999.16,668.78,72.82,225.66,0.6337,-1,-1,-1
485,25,300.63,742.21,85.89,253.16,0.7639,-1,-1,-1
485,49,808.16,144.89,44.93,175.71,0.4742,-1,-1,-1
485,2,799.75,597.07,86.84,250.73,0.7826,-1,-1,-1
485,54,1784.16,353.16,67.82,200.57,0.4363,-1,-1,-1
485,47,1729.09,170.09,65.46,174.66,0.3890,-1,-1,-1
486,3,1017.16,934.33,81.70,145.67,0.7147,-1,-1,-1
486,4,1677.16,456.96,118.57,211.14,0.2659,-1,-1,-1
486,8,216.99,712.69,90.77,258.53,0.7754,-1,-1,-1
486,32,931.98,2.47,51.83,128.28,0.3430,-1,-1,-1
486,38,999.50,-0.09,51.34,143.62,0.4085,-1,-1,-1
486,27,910.86,651.38,83.83,246.23,0.7328,-1,-1,-1
486,18,458.49,165.00,61.78,196.11,0.5536,-1,-1,-1
486,45,1000.82,671.04,71.42,223.10,0.6575,-1,-1,-1
486,25,299.77,742.89,85.41,252.02,0.7719,-1,-1,-1
486,49,808.50,145.43,45.28,175.14,0.4852,-1,-1,-1
486,2,799.02,597.57,88.36,251.13,0.7897,-1,-1,-1
486,54,1782.46,351.43,67.35,200.52,0.4608,-1,-1,-1
486,47,1729.00,175.52,66.10,171.56,0.3639,-1,-1,-1
487,3,1017.42,935.10,81.93,145.03,0.7062,-1,-1,-1
487,4,1681.60,456.62,113.14,210.70,0.3797,-1,-1,-1
487,8,216.80,713.92,91.12,262.32,0.7689,-1,-1,-1
487,32,932.35,2.36,51.12,128.16,0.2973,-1,-1,-1
487,38,999.58,-0.14,50.76,142.74,0.3559,-1,-1,-1
487,27,911.01,652.25,84.10,242.90,0.7373,-1,-1,-1
487,18,459.37,163.44,59.76,196.12,0.5262,-1,-1,-1
487,45,1003.88,673.21,69.09,223.63,0.6628,-1,-1,-1
487,25,300.73,744.49,83.11,250.71,0.7637,-1,-1,-1
487,49,808.09,145.72,46.59,175.63,0.4551,-1,-1,-1
487,2,798.09,598.32,91.40,251.13,0.7924,-1,-1,-1
487,54,1780.82,351.17,67.27,199.59,0.3961,-1,-1,-1
487,47,1729.91,175.78,65.22,174.97,0.3084,-1,-1,-1
487,53,1632.94,326.11,56.86,188.59,0.4472,-1,-1,-1
488,3,1017.68,936.11,82.04,143.98,0.7176,-1,-1,-1
488,4,1679.94,456.54,113.72,210.71,0.3562,-1,-1,-1
488,8,216.62,715.87,91.53,268.55,0.7677,-1,-1,-1
488,32,931.90,2.51,51.73,128.39,0.3153,-1,-1,-1
488,38,1000.07,-0.08,50.34,142.01,0.3834,-1,-1,-1
488,27,911.49,653.29,85.19,241.29,0.7080,-1,-1,-1
488,18,461.93,160.79,56.23,195.65,0.4921,-1,-1,-1
488,45,1006.17,675.47,68.44,224.04,0.6983,-1,-1,-1
488,25,299.74,747.77,82.54,247.74,0.7648,-1,-1,-1
488,49,808.22,146.26,47.41,175.49,0.4594,-1,-1,-1
488,2,797.28,599.76,93.16,249.94,0.7808,-1,-1,-1
488,54,1778.65,356.38,67.26,198.72,0.2399,-1,-1,-1
488,47,1730.24,176.27,65.24,176.06,0.3472,-1,-1,-1
488,53,1632.03,328.31,56.69,186.42,0.3777,-1,-1,-1
489,3,1017.35,936.54,82.85,143.48,0.7166,-1,-1,-1
489,4,1686.44,455.52,106.58,212.04,0.3652,-1,-1,-1
489,8,216.30,717.96,91.23,271.50,0.7680,-1,-1,-1
489,32,931.43,2.51,51.82,127.81,0.3420,-1,-1,-1
489,38,1001.04,1.99,49.07,139.85,0.3565,-1,-1,-1
489,27,911.92,654.29,86.47,239.21,0.6962,-1,-1,-1
489,18,463.19,159.85,53.92,192.39,0.4764,-1,-1,-1
489,45,1008.00,677.10,68.58,225.19,0.6845,-1,-1,-1
489,25,299.43,749.96,82.14,249.77,0.7604,-1,-1,-1
489,49,809.13,145.21,47.10,175.14,0.4405,-1,-1,-1
489,2,797.21,600.64,93.30,251.47,0.7881,-1,-1,-1
489,54,1776.28,361.39,66.74,195.59,0.2223,-1,-1,-1
489,47,1731.29,177.83,64.76,174.90,0.3644,-1,-1,-1
489,53,1633.29,332.53,54.00,182.09,0.3794,-1,-1,-1
490,3,1015.70,937.08,84.87,142.98,0.7001,-1,-1,-1
490,4,1694.29,455.07,97.89,212.91,0.3655,-1,-1,-1
490,8,215.09,720.54,92.81,274.81,0.7641,-1,-1,-1
490,32,930.93,2.53,51.96,127.14,0.3174,-1,-1,-1
490,38,1001.64,3.57,48.29,136.22,0.2833,-1,-1,-1
490,27,914.07,655.66,85.42,234.50,0.6990,-1,-1,-1
490,18,464.59,159.91,52.60,187.00,0.4473,-1,-1,-1
490,45,1009.77,678.28,68.89,226.54,0.7212,-1,-1,-1
490,25,299.45,751.86,80.63,251.60,0.7511,-1,-1,-1
490,49,810.55,144.74,46.31,175.68,0.3721,-1,-1,-1
490,2,796.99,601.23,94.18,254.65,0.7889,-1,-1,-1
490,54,1774.04,363.88,67.42,192.97,0.1575,-1,-1,-1
490,47,1731.97,179.95,63.58,171.62,0.4094,-1,-1,-1
490,53,1632.37,329.19,54.23,186.59,0.4462,-1,-1,-1
491,3,1016.45,937.73,84.43,142.29,0.6961,-1,-1,-1
491,4,1703.16,455.77,89.20,214.44,0.4163,-1,-1,-1
491,8,214.20,722.92,93.30,277.37,0.7585,-1,-1,-1
491,32,930.85,2.62,51.77,126.29,0.2641,-1,-1,-1
491,38,1001.99,5.79,47.85,133.00,0.3245,-1,-1,-1
491,27,918.58,659.59,81.88,238.26,0.7053,-1,-1,-1
491,18,463.35,159.70,55.13,184.89,0.4018,-1,-1,-1
491,45,1011.13,679.70,69.68,226.22,0.6905,-1,-1,-1
491,25,297.86,754.01,81.84,257.49,0.7472,-1,-1,-1
491,49,809.42,145.84,49.44,174.16,0.3813,-1,-1,-1
491,2,797.30,602.10,94.82,257.78,0.7815,-1,-1,-1
491,47,1732.83,181.40,62.55,170.18,0.3435,-1,-1,-1
491,53,1631.01,332.19,54.90,183.99,0.3461,-1,-1,-1
492,3,1016.81,938.10,84.16,141.91,0.7053,-1,-1,-1
492,4,1703.57,457.20,89.19,211.19,0.4299,-1,-1,-1
492,8,213.00,724.85,95.41,279.47,0.7728,-1,-1,-1
492,32,932.56,1.91,50.57,128.77,0.2302,-1,-1,-1
492,38,1002.31,6.40,46.75,129.54,0.2781,-1,-1,-1
492,27,920.24,661.47,80.64,239.63,0.7232,-1,-1,-1
492,18,465.03,158.45,54.10,185.49,0.3157,-1,-1,-1
492,45,1012.20,681.99,71.42,224.71,0.6822,-1,-1,-1
492,25,297.60,756.41,80.82,257.91,0.7413,-1,-1,-1
492,49,809.13,146.10,50.93,172.70,0.3528,-1,-1,-1
492,2,798.11,603.37,94.96,258.27,0.7872,-1,-1,-1
492,47,1733.63,182.18,61.66,168.32,0.4379,-1,-1,-1
492,53,1629.55,328.74,55.63,186.98,0.4029,-1,-1,-1
493,3,1016.82,938.26,84.47,141.74,0.6854,-1,-1,-1
493,4,1708.78,457.52,85.62,211.80,0.4887,-1,-1,-1
493,8,212.27,727.80,95.36,278.39,0.7796,-1,-1,-1
493,32,932.86,1.45,50.72,129.03,0.2270,-1,-1,-1
493,38,1002.47,6.40,46.31,129.23,0.2882,-1,-1,-1
493,27,920.60,663.42,81.07,241.71,0.7049,-1,-1,-1
493,18,467.20,158.81,52.67,184.69,0.2134,-1,-1,-1
493,45,1014.13,682.46,72.57,226.21,0.6376,-1,-1,-1
493,25,298.41,759.31,80.84,256.01,0.7379,-1,-1,-1
493,49,807.84,145.70,53.39,172.86,0.3330,-1,-1,-1
493,2,799.56,604.53,94.53,258.13,0.7696,-1,-1,-1
493,47,1734.14,184.23,61.35,167.16,0.4844,-1,-1,-1
493,53,1627.93,325.07,57.36,189.55,0.3520,-1,-1,-1
493,57,1812.31,169.89,72.61,183.34,0.3696,-1,-1,-1
494,3,1016.98,938.66,84.50,141.38,0.6788,-1,-1,-1
494,4,1715.31,454.56,79.52,215.85,0.5252,-1,-1,-1
494,8,212.48,730.10,95.10,278.43,0.7788,-1,-1,-1
494,38,1002.29,6.85,46.92,127.03,0.2618,-1,-1,-1
494,27,921.61,665.92,81.19,240.43,0.6700,-1,-1,-1
494,18,466.98,159.64,53.93,183.62,0.2069,-1,-1,-1
494,45,1015.45,684.43,74.60,222.24,0.6315,-1,-1,-1
494,25,298.78,762.76,79.56,255.39,0.7431,-1,-1,-1
494,49,806.63,145.63,55.66,172.05,0.3058,-1,-1,-1
494,2,800.68,605.84,94.36,256.80,0.7555,-1,-1,-1
494,47,1734.99,184.77,62.44,167.18,0.4624,-1,-1,-1
494,53,1626.88,323.15,58.11,191.00,0.4005,-1,-1,-1
494,57,1813.66,170.47,75.17,183.12,0.3295,-1,-1,-1
495,3,1017.59,938.10,84.48,141.90,0.6712,-1,-1,-1
495,4,1720.62,452.18,75.14,217.01,0.6059,-1,-1,-1
495,8,212.10,732.28,94.20,276.80,0.7753,-1,-1,-1
495,38,1002.47,7.14,47.08,126.17,0.2683,-1,-1,-1
495,27,921.77,667.87,81.54,243.62,0.6573,-1,-1,-1
495,18,468.22,163.63,54.51,178.81,0.1806,-1,-1,-1
495,45,1017.73,685.51,75.12,221.55,0.5854,-1,-1,-1
495,25,298.73,766.46,78.83,258.30,0.7372,-1,-1,-1
495,49,806.63,145.31,56.17,172.12,0.3363,-1,-1,-1
495,2,803.25,606.36,91.64,254.81,0.7533,-1,-1,-1
495,47,1734.55,186.17,63.83,170.89,0.4906,-1,-1,-1
495,53,1626.04,323.21,58.56,190.62,0.4033,-1,-1,-1
495,57,1814.99,172.92,77.49,182.36,0.3455,-1,-1,-1
496,3,1018.99,938.99,83.43,141.01,0.6835,-1,-1,-1
496,4,1724.20,451.93,72.59,217.27,0.5836,-1,-1,-1
496,8,211.50,735.33,94.27,274.13,0.7730,-1,-1,-1
496,38,1002.58,6.46,47.02,124.44,0.2780,-1,-1,-1
496,27,922.42,670.71,81.86,239.17,0.6910,-1,-1,-1
496,18,467.80,165.51,57.41,177.03,0.1946,-1,-1,-1
496,45,1018.72,686.87,75.10,221.01,0.5956,-1,-1,-1
496,25,297.25,768.70,80.08,259.12,0.7489,-1,-1,-1
496,49,805.78,144.77,56.79,171.94,0.3314,-1,-1,-1
496,2,807.55,606.39,86.98,251.14,0.7424,-1,-1,-1
496,47,1734.26,187.57,64.93,172.17,0.4691,-1,-1,-1
496,53,1624.86,322.18,58.27,189.53,0.4357,-1,-1,-1
496,57,1817.05,175.13,79.31,182.45,0.2576,-1,-1,-1
496,59,1630.15,584.34,104.56,227.70,0.5689,-1,-1,-1
496,50,1538.87,610.10,87.35,220.21,0.4061,-1,-1,-1
497,3,1020.49,939.07,81.95,140.87,0.6773,-1,-1,-1
497,4,1726.30,452.40,70.07,217.13,0.5623,-1,-1,-1
497,8,212.66,736.88,91.89,270.76,0.7468,-1,-1,-1
497,38,1002.94,6.04,46.96,125.49,0.3028,-1,-1,-1
497,27,923.26,673.43,81.55,237.80,0.6551,-1,-1,-1
497,18,467.61,162.84,59.44,180.36,0.2757,-1,-1,-1
497,45,1020.51,687.77,73.78,221.19,0.5570,-1,-1,-1
497,25,294.90,770.45,82.13,259.24,0.7611,-1,-1,-1
497,49,805.76,145.06,56.31,172.42,0.3693,-1,-1,-1
497,2,812.66,606.55,82.12,248.78,0.7183,-1,-1,-1
497,47,1734.17,188.27,65.69,172.15,0.4952,-1,-1,-1
497,53,1623.91,321.91,59.21,188.88,0.3749,-1,-1,-1
497,57,1818.27,175.63,81.18,183.82,0.3819,-1,-1,-1
497,59,1635.95,590.84,97.73,221.40,0.2918,-1,-1,-1
497,50,1538.83,609.66,87.59,220.47,0.4278,-1,-1,-1
498,3,1020.79,938.44,81.84,141.48,0.6604,-1,-1,-1
498,4,1728.11,453.23,69.04,215.87,0.5068,-1,-1,-1
498,8,212.89,738.54,90.84,267.60,0.7402,-1,-1,-1
498,38,1002.78,5.78,47.33,124.92,0.2655,-1,-1,-1
498,27,924.67,675.51,81.03,239.08,0.6439,-1,-1,-1
498,18,467.92,163.27,59.31,179.71,0.2870,-1,-1,-1
498,45,1020.19,689.31,76.93,221.00,0.5138,-1,-1,-1
498,25,294.61,772.18,82.21,258.01,0.7496,-1,-1,-1
498,49,804.52,145.45,56.73,172.48,0.3523,-1,-1,-1
498,2,815.45,606.66,80.12,247.27,0.7067,-1,-1,-1
498,47,1733.36,188.71,66.77,172.36,0.4552,-1,-1,-1
498,53,1623.54,321.38,58.42,189.75,0.3617,-1,-1,-1
498,57,1819.53,176.29,81.04,186.67,0.3468,-1,-1,-1
498,59,1640.95,593.45,94.82,220.61,0.4397,-1,-1,-1
498,50,1539.26,609.24,87.56,221.18,0.4624,-1,-1,-1
498,60,410.65,164.93,52.88,182.05,0.4129,-1,-1,-1
499,3,1022.45,937.82,80.13,142.11,0.6736,-1,-1,-1
499,4,1728.65,451.06,68.40,216.30,0.2577,-1,-1,-1
499,8,212.39,740.67,90.81,265.87,0.7519,-1,-1,-1
499,38,1002.70,5.45,47.35,125.28,0.2728,-1,-1,-1
499,27,925.36,677.78,81.11,238.36,0.6102,-1,-1,-1
499,18,468.91,163.34,59.28,176.36,0.3282,-1,-1,-1
499,45,1023.08,693.19,74.10,218.95,0.5120,-1,-1,-1
499,25,293.89,773.27,82.49,256.99,0.7414,-1,-1,-1
499,49,802.70,143.60,56.63,173.96,0.3383,-1,-1,-1
499,2,819.13,607.48,77.02,246.31,0.6844,-1,-1,-1
499,47,1732.54,188.81,67.96,170.36,0.4913,-1,-1,-1
499,53,1623.78,318.51,57.81,191.03,0.2794,-1,-1,-1
499,57,1820.52,177.57,81.43,186.67,0.3910,-1,-1,-1
499,59,1645.22,591.18,88.24,222.71,0.3684,-1,-1,-1
499,50,1539.08,609.80,87.66,220.20,0.4853,-1,-1,-1
499,60,408.87,165.27,56.14,182.16,0.4459,-1,-1,-1
500,3,1024.72,936.42,78.50,143.50,0.6736,-1,-1,-1
500,4,1728.91,450.49,67.16,217.54,0.4895,-1,-1,-1
500,8,209.89,742.10,92.81,266.63,0.7709,-1,-1,-1
500,38,1002.44,5.23,47.89,125.11,0.2600,-1,-1,-1
500,27,924.92,679.30,83.86,245.65,0.6174,-1,-1,-1
500,18,466.79,164.70,60.77,172.36,0.3289,-1,-1,-1
500,45,1024.22,696.86,72.25,213.15,0.4816,-1,-1,-1
500,25,293.45,774.09,81.80,255.89,0.7341,-1,-1,-1
500,49,802.42,142.46,55.91,175.76,0.3541,-1,-1,-1
500,2,821.10,607.85,75.79,245.05,0.6900,-1,-1,-1
500,47,1732.10,189.29,69.05,169.28,0.4942,-1,-1,-1
500,53,1623.26,315.30,58.86,180.21,0.3239,-1,-1,-1
500,57,1821.63,178.80,81.55,188.13,0.3860,-1,-1,-1
500,59,1654.62,594.43,78.48,219.64,0.4570,-1,-1,-1
500,50,1538.16,610.42,89.22,218.57,0.4120,-1,-1,-1
500,60,407.38,166.04,57.78,180.30,0.4761,-1,-1,-1
501,3,1027.52,935.55,76.65,144.39,0.6435,-1,-1,-1
501,4,1728.57,449.07,66.51,218.83,0.4566,-1,-1,-1
501,8,208.78,743.39,93.42,263.73,0.7791,-1,-1,-1
501,38,1002.39,4.86,48.00,124.39,0.2557,-1,-1,-1
501,27,927.49,680.03,82.67,250.55,0.6011,-1,-1,-1
501,18,465.72,162.49,62.78,174.39,0.3621,-1,-1,-1
501,45,1024.29,698.79,72.95,212.11,0.5126,-1,-1,-1
501,25,293.28,774.93,80.60,255.42,0.7207,-1,-1,-1
501,49,802.15,143.69,54.74,174.11,0.3578,-1,-1,-1
501,2,822.52,608.59,74.81,244.98,0.7021,-1,-1,-1
501,47,1731.70,189.32,70.01,169.77,0.4949,-1,-1,-1
501,53,1622.58,312.89,59.26,180.91,0.3601,-1,-1,-1
501,57,1823.04,179.87,81.25,191.05,0.3563,-1,-1,-1
501,59,1659.58,593.31,73.06,220.38,0.5216,-1,-1,-1
501,50,1538.46,611.03,87.92,214.97,0.3803,-1,-1,-1
501,60,407.18,167.82,58.28,178.92,0.5120,-1,-1,-1
502,3,1029.04,934.96,76.50,145.02,0.6759,-1,-1,-1
502,4,1729.56,449.26,64.49,219.44,0.4434,-1,-1,-1
502,8,208.23,745.00,93.73,262.67,0.7751,-1,-1,-1
502,38,1002.14,4.66,48.38,123.09,0.1983,-1,-1,-1
502,27,927.67,681.72,83.65,254.63,0.6322,-1,-1,-1
502,18,467.17,160.83,62.94,175.02,0.3316,-1,-1,-1
502,45,1025.40,701.18,73.34,208.73,0.5837,-1,-1,-1
502,25,292.58,775.63,80.80,254.35,0.7333,-1,-1,-1
502,49,800.70,144.21,54.50,174.51,0.3097,-1,-1,-1
502,2,822.94,609.11,74.51,245.99,0.7029,-1,-1,-1
502,47,1731.77,189.96,70.11,167.85,0.4919,-1,-1,-1
502,53,1621.44,310.89,58.70,179.67,0.2000,-1,-1,-1
502,57,1825.63,180.45,79.38,193.94,0.3013,-1,-1,-1
502,50,1538.61,610.07,87.05,215.14,0.3940,-1,-1,-1
502,60,406.52,169.37,58.60,177.18,0.4806,-1,-1,-1
502,44,1662.59,596.25,70.06,219.93,0.4946,-1,-1,-1
503,3,1030.42,934.21,76.35,145.75,0.6442,-1,-1,-1
503,4,1730.19,446.52,63.31,222.26,0.4018,-1,-1,-1
503,8,208.28,746.52,93.10,263.49,0.7602,-1,-1,-1
503,38,1001.86,4.33,49.16,123.20,0.2220,-1,-1,-1
503,27,928.61,683.13,84.24,253.72,0.6174,-1,-1,-1
503,18,469.76,159.86,60.86,173.69,0.3064,-1,-1,-1
503,45,1026.32,703.69,73.10,203.42,0.5892,-1,-1,-1
503,25,289.70,776.42,80.93,254.52,0.7499,-1,-1,-1
503,49,800.19,145.12,52.79,174.33,0.3192,-1,-1,-1
503,2,822.72,609.34,74.74,246.44,0.7180,-1,-1,-1
503,47,1732.46,190.46,69.68,168.33,0.4676,-1,-1,-1
503,53,1621.13,308.41,59.01,180.47,0.3402,-1,-1,-1
503,57,1827.90,180.16,78.04,197.75,0.3003,-1,-1,-1
503,50,1536.49,611.55,90.03,215.07,0.4747,-1,-1,-1
503,60,404.94,170.43,61.16,175.65,0.4873,-1,-1,-1
503,44,1667.82,600.07,66.60,215.77,0.4720,-1,-1,-1
504,3,1032.43,933.39,75.26,146.55,0.6369,-1,-1,-1
504,4,1730.02,446.67,63.20,223.45,0.3413,-1,-1,-1
504,8,209.58,747.89,91.34,268.01,0.7558,-1,-1,-1
504,38,1001.42,4.26,49.43,123.83,0.1998,-1,-1,-1
504,27,927.85,684.25,86.62,252.11,0.5850,-1,-1,-1
504,18,471.52,157.43,60.90,173.26,0.3168,-1,-1,-1
504,45,1028.65,705.01,70.78,211.40,0.5909,-1,-1,-1
504,25,286.87,777.45,81.30,253.51,0.7735,-1,-1,-1
504,49,800.58,146.07,50.81,173.87,0.2664,-1,-1,-1
504,2,822.70,609.67,74.37,247.36,0.6933,-1,-1,-1
504,47,1733.36,191.10,68.54,169.63,0.4798,-1,-1,-1
504,53,1620.33,306.23,59.50,183.47,0.2658,-1,-1,-1
504,57,1829.41,180.98,76.65,200.56,0.2858,-1,-1,-1
504,50,1534.92,611.67,91.95,214.76,0.3542,-1,-1,-1
504,60,403.75,170.78,64.20,174.15,0.4746,-1,-1,-1
504,44,1671.40,604.29,66.84,213.36,0.2584,-1,-1,-1
505,3,1033.39,933.72,74.89,146.27,0.6744,-1,-1,-1
505,4,1729.85,451.84,62.65,218.09,0.3936,-1,-1,-1
505,8,209.40,749.81,89.67,272.60,0.7348,-1,-1,-1
505,38,1001.02,3.81,50.69,124.10,0.2083,-1,-1,-1
505,27,928.26,684.81,86.66,251.83,0.5518,-1,-1,-1
505,18,470.22,152.97,62.38,176.12,0.4156,-1,-1,-1
505,45,1030.27,706.51,69.68,215.88,0.6076,-1,-1,-1
505,25,283.20,778.93,84.68,253.35,0.7731,-1,-1,-1
505,49,800.69,146.73,48.74,174.78,0.2529,-1,-1,-1
505,2,822.84,610.05,74.16,248.72,0.6719,-1,-1,-1
505,47,1736.60,190.78,65.25,170.54,0.4988,-1,-1,-1
505,53,1620.01,305.18,60.25,184.69,0.3247,-1,-1,-1
505,57,1830.95,181.68,78.31,202.19,0.2331,-1,-1,-1
505,50,1534.51,617.68,92.44,209.41,0.2789,-1,-1,-1
505,60,402.36,170.79,66.56,174.22,0.4759,-1,-1,-1
505,44,1672.82,610.41,70.21,210.37,0.1667,-1,-1,-1
506,3,1034.85,932.92,74.56,147.06,0.6661,-1,-1,-1
506,4,1729.53,456.85,62.60,212.47,0.4977,-1,-1,-1
506,8,209.26,751.47,87.93,277.38,0.7277,-1,-1,-1
506,38,1000.62,2.85,50.89,123.64,0.1739,-1,-1,-1
506,27,922.10,686.43,93.91,248.64,0.6134,-1,-1,-1
506,18,470.60,148.29,62.17,180.19,0.3821,-1,-1,-1
506,45,1030.98,707.60,70.25,219.45,0.6352,-1,-1,-1
506,25,279.95,780.41,87.61,254.93,0.7598,-1,-1,-1
506,49,800.14,147.30,47.83,175.60,0.3007,-1,-1,-1
506,2,822.63,610.19,74.93,250.23,0.6799,-1,-1,-1
506,47,1738.54,193.55,63.65,167.93,0.4973,-1,-1,-1
506,53,1619.84,304.67,59.77,185.63,0.4628,-1,-1,-1
506,57,1831.73,183.39,81.85,201.32,0.2667,-1,-1,-1
506,50,1534.24,621.36,92.77,202.59,0.2125,-1,-1,-1
506,60,401.14,170.93,67.72,175.48,0.4547,-1,-1,-1
507,3,1036.31,933.71,74.90,146.32,0.6485,-1,-1,-1
507,4,1728.69,458.02,63.08,211.48,0.3483,-1,-1,-1
507,8,208.80,753.48,87.03,278.95,0.7258,-1,-1,-1
507,38,999.03,2.71,52.22,123.12,0.1903,-1,-1,-1
507,27,927.05,687.49,90.59,246.24,0.6070,-1,-1,-1
507,18,469.91,151.43,60.64,174.73,0.3047,-1,-1,-1
507,45,1030.77,708.87,71.07,222.43,0.6140,-1,-1,-1
507,25,278.33,782.13,89.31,259.32,0.7622,-1,-1,-1
507,49,799.98,147.38,46.87,173.46,0.2693,-1,-1,-1
507,2,823.60,611.26,73.50,249.57,0.6979,-1,-1,-1
507,47,1739.49,194.27,62.51,166.27,0.4659,-1,-1,-1
507,53,1619.14,303.13,60.38,187.64,0.4308,-1,-1,-1
507,57,1831.99,184.27,82.95,201.03,0.2615,-1,-1,-1
507,50,1535.66,620.14,93.25,209.40,0.2471,-1,-1,-1
507,60,399.71,168.72,68.53,179.64,0.3866,-1,-1,-1
508,3,1037.38,933.49,75.48,146.52,0.6494,-1,-1,-1
508,4,1728.07,459.81,62.24,208.12,0.3731,-1,-1,-1
508,8,208.08,755.51,87.53,279.07,0.7430,-1,-1,-1
508,38,998.37,2.22,53.65,123.22,0.2130,-1,-1,-1
508,27,924.84,688.58,93.83,247.50,0.6070,-1,-1,-1
508,18,468.14,147.32,61.15,176.71,0.2804,-1,-1,-1
508,45,1030.74,710.27,71.88,223.72,0.6243,-1,-1,-1
508,25,277.02,784.01,91.26,263.14,0.7674,-1,-1,-1
508,49,799.93,147.73,45.75,173.65,0.2835,-1,-1,-1
508,2,825.02,611.59,72.21,249.22,0.7010,-1,-1,-1
508,47,1741.09,195.44,60.80,165.13,0.5248,-1,-1,-1
508,53,1618.83,303.43,60.95,187.18,0.4923,-1,-1,-1
508,57,1836.26,187.15,75.95,197.55,0.2735,-1,-1,-1
508,60,398.09,172.16,67.66,180.91,0.2450,-1,-1,-1
509,3,1038.77,933.25,75.52,146.78,0.6434,-1,-1,-1
509,4,1727.54,459.48,63.56,206.98,0.3609,-1,-1,-1
509,8,206.84,758.22,86.53,275.88,0.7323,-1,-1,-1
509,38,997.15,1.94,53.41,122.86,0.1934,-1,-1,-1
509,27,928.75,690.34,92.03,248.76,0.6222,-1,-1,-1
509,18,464.90,147.21,64.82,176.63,0.2819,-1,-1,-1
509,45,1031.15,710.73,74.19,228.11,0.6295,-1,-1,-1
509,25,278.24,787.49,88.31,261.14,0.7676,-1,-1,-1
509,49,798.63,146.68,46.65,173.93,0.2681,-1,-1,-1
509,2,825.88,611.75,71.64,249.63,0.7012,-1,-1,-1
509,47,1742.92,197.64,58.97,164.02,0.4762,-1,-1,-1
509,53,1618.91,301.26,58.84,188.02,0.4192,-1,-1,-1
509,57,1835.56,186.51,78.28,196.60,0.2576,-1,-1,-1
509,60,399.13,169.58,66.52,182.15,0.2534,-1,-1,-1
510,3,1039.88,934.13,76.18,145.93,0.6358,-1,-1,-1
510,4,1727.45,459.61,62.66,202.58,0.3779,-1,-1,-1
510,8,206.25,761.35,82.70,275.85,0.7397,-1,-1,-1
510,38,996.22,1.71,54.67,120.89,0.1971,-1,-1,-1
510,27,928.65,692.03,93.70,249.67,0.6190,-1,-1,-1
510,18,464.01,148.40,65.91,175.75,0.2369,-1,-1,-1
510,45,1029.73,711.88,78.85,228.22,0.5973,-1,-1,-1
510,25,278.96,791.07,86.85,257.66,0.7571,-1,-1,-1
510,49,796.14,146.20,47.78,175.21,0.2313,-1,-1,-1
510,2,826.49,611.85,70.88,249.91,0.7008,-1,-1,-1
510,47,1744.74,199.94,57.78,163.30,0.5353,-1,-1,-1
510,53,1618.60,300.71,57.96,189.10,0.4580,-1,-1,-1
510,57,1839.10,187.11,70.48,199.48,0.3132,-1,-1,-1
510,60,400.20,172.20,64.97,184.72,0.2662,-1,-1,-1
511,3,1041.41,932.52,75.53,147.54,0.6254,-1,-1,-1
511,4,1725.41,459.63,64.27,202.10,0.3956,-1,-1,-1
511,8,204.51,763.36,86.26,276.79,0.7623,-1,-1,-1
511,38,995.01,1.73,54.82,119.20,0.1958,-1,-1,-1
511,27,932.56,694.87,92.11,255.85,0.6372,-1,-1,-1
511,18,460.80,148.15,69.98,175.79,0.2723,-1,-1,-1
511,45,1030.64,713.70,78.87,220.40,0.5890,-1,-1,-1
511,25,280.01,795.98,83.83,255.29,0.7813,-1,-1,-1
511,49,792.73,146.97,51.17,173.70,0.2593,-1,-1,-1
511,2,826.94,612.14,70.86,249.75,0.6953,-1,-1,-1
511,47,1747.56,202.06,55.83,162.74,0.5117,-1,-1,-1
511,53,1617.66,298.81,57.03,191.12,0.3591,-1,-1,-1
511,57,1841.85,188.02,66.50,199.24,0.2782,-1,-1,-1
511,60,401.57,171.15,64.01,189.62,0.2562,-1,-1,-1
512,3,1042.03,931.84,75.39,148.18,0.6339,-1,-1,-1
512,4,1724.77,458.11,64.37,204.15,0.3428,-1,-1,-1
512,8,202.86,765.94,89.92,276.14,0.7601,-1,-1,-1
512,38,994.07,1.80,54.80,119.05,0.2017,-1,-1,-1
512,27,934.48,697.46,91.78,260.60,0.6313,-1,-1,-1
512,45,1031.97,715.45,77.64,215.59,0.5691,-1,-1,-1
512,25,280.14,798.55,82.19,258.45,0.7716,-1,-1,-1
512,49,788.81,144.87,53.60,176.12,0.2634,-1,-1,-1
512,2,827.30,612.29,70.44,249.42,0.6948,-1,-1,-1
512,47,1750.36,203.43,53.67,163.04,0.5359,-1,-1,-1
512,53,1616.53,299.44,56.63,190.13,0.3396,-1,-1,-1
512,57,1843.26,190.65,66.79,199.72,0.2200,-1,-1,-1
512,60,401.05,173.22,63.75,192.66,0.2319,-1,-1,-1
513,3,1042.04,932.66,76.02,146.89,0.6103,-1,-1,-1
513,4,1724.39,458.24,63.28,202.60,0.3496,-1,-1,-1
513,8,201.46,767.43,91.40,275.71,0.7578,-1,-1,-1
513,38,992.94,1.90,55.32,118.70,0.1722,-1,-1,-1
513,27,937.02,700.84,88.26,260.53,0.6131,-1,-1,-1
513,45,1034.55,717.35,75.94,222.87,0.5640,-1,-1,-1
513,25,280.04,800.64,80.59,262.37,0.7785,-1,-1,-1
513,49,786.44,141.71,55.13,178.61,0.2801,-1,-1,-1
513,2,827.61,611.97,69.75,250.22,0.6788,-1,-1,-1
513,47,1751.75,203.87,53.01,165.42,0.5087,-1,-1,-1
513,53,1615.69,299.98,55.92,189.72,0.3854,-1,-1,-1
513,57,1844.31,194.71,70.28,197.37,0.1551,-1,-1,-1
513,60,401.50,175.30,61.90,192.52,0.2790,-1,-1,-1
514,3,1042.62,932.23,75.38,147.04,0.6356,-1,-1,-1
514,4,1724.45,460.67,62.27,198.98,0.3393,-1,-1,-1
514,8,198.92,769.74,92.55,275.03,0.7547,-1,-1,-1
514,38,992.48,1.81,56.02,119.59,0.1834,-1,-1,-1
514,27,942.35,703.91,83.12,260.67,0.6253,-1,-1,-1
514,45,1035.87,718.80,74.93,225.30,0.5791,-1,-1,-1
514,25,278.90,801.44,79.30,263.65,0.7984,-1,-1,-1
514,49,786.20,140.04,54.46,179.87,0.2367,-1,-1,-1
514,2,827.43,611.82,69.89,250.45,0.6593,-1,-1,-1
514,47,1753.76,204.36,52.65,167.65,0.4573,-1,-1,-1
514,53,1615.55,300.80,54.30,189.43,0.3331,-1,-1,-1
514,60,401.73,173.80,60.99,194.54,0.2276,-1,-1,-1
515,3,1043.22,932.26,75.17,146.79,0.6432,-1,-1,-1
515,4,1724.35,460.00,61.22,198.76,0.3415,-1,-1,-1
515,8,197.09,771.17,94.32,273.17,0.7598,-1,-1,-1
515,38,992.15,1.81,57.14,117.64,0.1975,-1,-1,-1
515,27,938.74,706.21,87.96,257.39,0.5985,-1,-1,-1
515,45,1035.19,719.97,76.37,229.61,0.6188,-1,-1,-1
515,25,276.45,802.17,80.59,263.85,0.8022,-1,-1,-1
515,2,827.82,611.89,69.24,250.24,0.6522,-1,-1,-1
515,47,1755.25,205.59,52.71,167.73,0.4318,-1,-1,-1
515,53,1613.66,300.99,53.80,187.23,0.3138,-1,-1,-1
515,60,401.25,178.94,59.90,189.24,0.2594,-1,-1,-1
516,3,1044.16,932.33,74.50,146.86,0.6139,-1,-1,-1
516,4,1722.42,459.33,63.57,202.48,0.4059,-1,-1,-1
516,8,194.27,772.80,96.18,270.83,0.7641,-1,-1,-1
516,38,991.87,1.76,58.03,117.49,0.1511,-1,-1,-1
516,27,938.92,708.88,89.27,253.86,0.6536,-1,-1,-1
516,45,1036.48,721.51,75.16,237.86,0.6365,-1,-1,-1
516,25,274.15,802.67,81.27,263.06,0.8160,-1,-1,-1
516,2,828.44,612.26,68.17,249.85,0.6386,-1,-1,-1
516,47,1756.23,205.52,52.86,165.75,0.4433,-1,-1,-1
516,53,1612.68,299.28,52.78,188.47,0.2084,-1,-1,-1
516,60,399.96,181.80,59.43,185.88,0.2449,-1,-1,-1
517,3,1044.75,931.70,74.07,147.27,0.6182,-1,-1,-1
517,4,1723.22,457.43,63.55,206.05,0.3170,-1,-1,-1
517,8,193.00,775.07,94.56,266.17,0.7600,-1,-1,-1
517,38,991.27,1.81,58.48,117.20,0.1823,-1,-1,-1
517,27,938.68,711.15,90.71,253.87,0.6466,-1,-1,-1
517,45,1038.03,723.68,72.74,238.71,0.6406,-1,-1,-1
517,25,273.26,803.70,81.31,262.59,0.8188,-1,-1,-1
517,2,827.69,611.73,69.00,250.59,0.6503,-1,-1,-1
517,47,1758.41,204.94,52.68,159.48,0.4178,-1,-1,-1
517,53,1611.57,299.64,49.98,185.63,0.2644,-1,-1,-1
517,60,399.20,180.31,59.47,187.69,0.1939,-1,-1,-1
518,3,1044.96,930.13,73.14,148.65,0.6508,-1,-1,-1
518,4,1723.10,456.85,63.25,205.97,0.3668,-1,-1,-1
518,8,191.53,776.65,92.64,263.83,0.7943,-1,-1,-1
518,38,991.54,1.77,58.08,116.63,0.1545,-1,-1,-1
518,27,940.98,712.82,90.21,257.45,0.6356,-1,-1,-1
518,45,1039.71,726.20,70.88,233.33,0.6215,-1,-1,-1
518,25,271.60,804.14,82.25,261.58,0.8226,-1,-1,-1
518,2,827.81,611.15,68.30,251.07,0.6402,-1,-1,-1
518,47,1760.42,205.25,52.40,155.56,0.3893,-1,-1,-1
518,53,1610.69,297.69,49.01,185.88,0.2650,-1,-1,-1
518,60,397.63,174.11,60.66,194.41,0.2206,-1,-1,-1
519,3,1044.90,929.16,72.72,149.49,0.6273,-1,-1,-1
519,4,1722.69,458.89,65.84,206.35,0.3305,-1,-1,-1
519,8,190.10,778.41,92.31,262.12,0.7921,-1,-1,-1
519,38,992.06,1.72,57.36,116.10,0.1769,-1,-1,-1
519,27,943.03,714.16,88.60,259.02,0.6382,-1,-1,-1
519,45,1038.69,730.24,71.58,226.48,0.5533,-1,-1,-1
519,25,270.34,805.33,82.79,260.47,0.8198,-1,-1,-1
519,2,827.91,610.74,67.56,251.11,0.6216,-1,-1,-1
519,47,1759.84,204.95,56.00,164.41,0.3802,-1,-1,-1
519,53,1609.32,292.69,48.54,191.83,0.2037,-1,-1,-1
519,60,396.78,181.20,60.05,187.71,0.2829,-1,-1,-1
519,44,1728.10,629.46,82.08,218.24,0.3602,-1,-1,-1
519,18,463.52,137.14,62.75,178.00,0.3590,-1,-1,-1
520,3,1044.84,926.94,72.74,151.93,0.6480,-1,-1,-1
520,4,1720.99,458.98,67.65,209.35,0.3667,-1,-1,-1
520,8,189.07,779.96,92.34,261.73,0.7899,-1,-1,-1
520,38,992.75,1.84,56.45,116.48,0.2051,-1,-1,-1
520,27,943.97,715.12,87.17,259.55,0.6930,-1,-1,-1
520,45,1038.87,733.39,74.19,211.54,0.5967,-1,-1,-1
520,25,268.78,807.58,84.04,259.09,0.8219,-1,-1,-1
520,2,827.76,608.63,67.96,251.92,0.5878,-1,-1,-1
520,47,1760.12,205.43,58.49,167.35,0.3055,-1,-1,-1
520,53,1606.36,289.90,51.25,193.54,0.2034,-1,-1,-1
520,60,395.39,190.29,58.72,179.03,0.2751,-1,-1,-1
520,44,1732.24,629.94,81.85,222.05,0.4445,-1,-1,-1
520,18,466.03,136.64,59.47,174.49,0.3067,-1,-1,-1
521,3,1044.81,927.28,72.74,152.01,0.6577,-1,-1,-1
521,4,1718.32,460.10,69.78,209.76,0.3706,-1,-1,-1
521,8,188.33,780.70,94.14,266.37,0.7918,-1,-1,-1
521,38,992.43,1.93,55.54,114.95,0.1936,-1,-1,-1
521,27,947.41,717.63,84.92,257.89,0.6598,-1,-1,-1
521,45,1039.75,735.61,75.14,203.66,0.6016,-1,-1,-1
521,25,267.21,810.10,84.60,258.17,0.8145,-1,-1,-1
521,2,828.38,607.96,67.04,253.09,0.6098,-1,-1,-1
521,47,1761.34,206.67,59.59,170.65,0.2776,-1,-1,-1
521,60,394.26,196.71,57.38,173.54,0.2620,-1,-1,-1
521,44,1734.04,632.83,86.46,216.99,0.5703,-1,-1,-1
521,18,467.18,143.73,56.47,163.05,0.3296,-1,-1,-1
522,3,1044.69,928.44,72.51,151.15,0.6443,-1,-1,-1
522,4,1716.81,461.64,71.13,208.38,0.3263,-1,-1,-1
522,8,188.17,781.95,95.47,270.28,0.7774,-1,-1,-1
522,38,992.72,2.01,54.59,114.16,0.1991,-1,-1,-1
522,27,947.98,719.15,85.26,256.37,0.6861,-1,-1,-1
522,45,1040.69,738.68,76.09,202.83,0.6261,-1,-1,-1
522,25,267.48,812.89,83.94,256.52,0.7977,-1,-1,-1
522,2,828.39,607.05,66.60,254.09,0.6275,-1,-1,-1
522,47,1763.19,207.37,60.00,171.28,0.3366,-1,-1,-1
522,60,391.88,199.65,58.34,171.44,0.2046,-1,-1,-1
522,44,1737.38,635.21,89.56,214.90,0.5515,-1,-1,-1
522,18,468.05,143.71,54.91,161.20,0.3562,-1,-1,-1
523,3,1044.56,929.14,72.19,150.27,0.6097,-1,-1,-1
523,4,1717.62,461.31,69.59,207.09,0.3884,-1,-1,-1
523,8,187.64,783.51,96.58,273.63,0.7727,-1,-1,-1
523,38,993.17,2.23,53.10,113.81,0.2011,-1,-1,-1
523,27,949.74,720.05,85.39,256.12,0.6347,-1,-1,-1
523,45,1043.57,740.26,74.03,206.05,0.6186,-1,-1,-1
523,25,266.11,816.24,84.83,255.68,0.8009,-1,-1,-1
523,2,828.55,607.36,66.30,254.14,0.6332,-1,-1,-1
523,47,1764.96,209.22,59.86,168.32,0.3792,-1,-1,-1
523,60,391.36,201.77,58.18,171.56,0.1794,-1,-1,-1
523,44,1742.48,637.07,89.71,214.93,0.4906,-1,-1,-1
523,18,467.73,134.79,56.28,170.89,0.3463,-1,-1,-1
523,54,1711.91,313.07,76.32,180.83,0.3926,-1,-1,-1
524,3,1044.57,929.93,71.59,149.35,0.5856,-1,-1,-1
524,4,1719.55,461.74,68.07,206.12,0.3753,-1,-1,-1
524,8,188.39,785.11,93.27,275.49,0.7697,-1,-1,-1
524,38,993.24,2.21,52.30,113.40,0.2125,-1,-1,-1
524,27,952.55,720.68,83.57,251.17,0.5985,-1,-1,-1
524,45,1044.61,742.61,74.45,216.20,0.6173,-1,-1,-1
524,25,262.84,819.21,87.15,256.54,0.8097,-1,-1,-1
524,2,827.69,607.94,66.10,253.43,0.6295,-1,-1,-1
524,47,1766.95,210.83,59.84,171.24,0.3882,-1,-1,-1
524,60,390.15,204.01,58.68,171.40,0.1620,-1,-1,-1
524,44,1743.54,640.30,92.51,215.79,0.3416,-1,-1,-1
524,18,466.88,129.40,56.12,176.01,0.2145,-1,-1,-1
524,54,1710.93,309.48,74.54,189.87,0.4368,-1,-1,-1
525,3,1044.27,931.22,72.21,148.46,0.5428,-1,-1,-1
525,4,1717.26,461.49,70.60,205.84,0.4633,-1,-1,-1
525,8,188.13,786.16,94.31,280.03,0.7707,-1,-1,-1
525,38,993.12,2.36,51.63,112.13,0.1878,-1,-1,-1
525,27,957.26,721.34,80.37,240.41,0.5095,-1,-1,-1
525,45,1045.48,743.67,75.45,224.28,0.6218,-1,-1,-1
525,25,263.02,822.07,86.53,256.60,0.8100,-1,-1,-1
525,2,827.30,607.80,66.22,253.30,0.6575,-1,-1,-1
525,47,1767.62,212.22,60.21,170.31,0.4600,-1,-1,-1
525,60,390.63,205.07,57.09,171.58,0.1632,-1,-1,-1
525,44,1751.42,642.99,87.62,219.24,0.3494,-1,-1,-1
525,18,465.40,125.50,57.80,179.87,0.2525,-1,-1,-1
525,54,1709.72,307.48,73.35,190.45,0.4012,-1,-1,-1
526,3,1044.06,929.96,72.01,149.94,0.6023,-1,-1,-1
526,4,1715.12,460.68,73.36,206.10,0.4474,-1,-1,-1
526,8,188.41,788.12,92.97,281.00,0.7715,-1,-1,-1
526,38,993.34,2.26,51.38,111.70,0.1564,-1,-1,-1
526,27,959.68,719.63,76.53,245.35,0.4986,-1,-1,-1
526,45,1048.99,743.96,74.42,217.10,0.5212,-1,-1,-1
526,25,260.83,824.71,88.21,254.90,0.8046,-1,-1,-1
526,2,826.84,606.71,66.63,254.68,0.6683,-1,-1,-1
526,47,1767.87,211.97,61.93,177.41,0.4273,-1,-1,-1
526,60,389.00,202.10,58.72,176.05,0.2460,-1,-1,-1
526,44,1755.88,644.96,84.39,221.37,0.2078,-1,-1,-1
526,18,465.31,125.90,57.55,178.95,0.2725,-1,-1,-1
526,54,1707.31,305.93,73.53,188.95,0.3916,-1,-1,-1
527,3,1043.60,927.82,71.90,152.17,0.6513,-1,-1,-1
527,4,1714.72,460.56,74.48,206.06,0.4668,-1,-1,-1
527,8,188.59,789.12,92.79,283.04,0.7836,-1,-1,-1
527,38,994.28,2.54,50.60,110.80,0.1691,-1,-1,-1
527,27,959.82,722.72,76.79,244.00,0.4371,-1,-1,-1
527,45,1051.60,744.63,74.90,205.44,0.5257,-1,-1,-1
527,25,259.45,827.14,89.05,252.36,0.7871,-1,-1,-1
527,2,826.52,606.06,66.77,252.93,0.6684,-1,-1,-1
527,47,1767.40,213.61,64.26,176.86,0.4472,-1,-1,-1
527,60,386.71,200.11,61.34,180.67,0.3048,-1,-1,-1
527,44,1760.14,647.63,84.71,220.63,0.2684,-1,-1,-1
527,18,465.59,125.22,57.48,180.36,0.3050,-1,-1,-1
527,54,1703.86,305.24,75.60,187.66,0.4034,-1,-1,-1
527,49,778.06,140.40,56.17,179.74,0.3448,-1,-1,-1
528,3,1043.43,924.73,70.57,155.29,0.6971,-1,-1,-1
528,4,1714.54,460.22,76.43,206.56,0.5020,-1,-1,-1
528,8,189.05,790.63,90.42,282.98,0.7787,-1,-1,-1
528,27,961.96,725.71,75.62,184.15,0.4186,-1,-1,-1
528,45,1053.58,745.44,75.40,199.45,0.5261,-1,-1,-1
528,25,257.64,828.57,90.12,250.62,0.7951,-1,-1,-1
528,2,826.21,605.55,66.99,252.59,0.6930,-1,-1,-1
528,47,1768.21,214.73,65.54,170.98,0.5171,-1,-1,-1
528,60,387.02,203.01,61.21,180.63,0.3119,-1,-1,-1
528,18,466.90,125.31,56.39,181.38,0.3321,-1,-1,-1
528,54,1700.87,305.14,76.60,186.63,0.4192,-1,-1,-1
528,49,777.80,140.56,55.99,179.61,0.3180,-1,-1,-1
529,3,1042.12,924.79,70.93,155.21,0.7090,-1,-1,-1
529,4,1714.56,460.37,77.43,206.69,0.5143,-1,-1,-1
529,8,190.31,791.92,88.36,282.12,0.7742,-1,-1,-1
529,27,963.86,728.51,76.76,237.90,0.4731,-1,-1,-1
529,45,1055.75,746.17,75.40,201.34,0.5672,-1,-1,-1
529,25,256.90,829.62,89.61,248.55,0.7871,-1,-1,-1
529,2,825.65,605.49,67.29,252.13,0.7109,-1,-1,-1
529,47,1767.62,213.83,67.19,173.89,0.5200,-1,-1,-1
529,60,387.33,202.95,60.81,185.74,0.3335,-1,-1,-1
529,18,466.65,125.02,57.18,182.24,0.3415,-1,-1,-1
529,54,1697.46,305.01,78.52,186.58,0.3183,-1,-1,-1
529,49,774.81,141.87,60.06,178.85,0.3109,-1,-1,-1
530,3,1040.69,926.45,71.83,153.51,0.6412,-1,-1,-1
530,4,1714.51,459.57,77.61,208.09,0.5295,-1,-1,-1
530,8,190.96,793.05,87.50,281.59,0.7636,-1,-1,-1
530,27,965.08,731.50,77.40,248.09,0.6291,-1,-1,-1
530,45,1056.44,747.78,76.41,199.50,0.5645,-1,-1,-1
530,25,256.12,831.54,90.16,246.35,0.7870,-1,-1,-1
530,2,824.19,604.93,67.16,251.94,0.7132,-1,-1,-1
530,47,1766.55,214.01,69.33,174.44,0.5138,-1,-1,-1
530,60,387.13,202.13,60.84,188.57,0.3475,-1,-1,-1
530,18,464.96,124.78,58.98,178.46,0.2814,-1,-1,-1
530,54,1695.39,306.17,78.53,183.18,0.3627,-1,-1,-1
530,49,774.82,139.81,60.27,180.06,0.2864,-1,-1,-1
531,3,1039.68,928.81,72.02,151.13,0.6540,-1,-1,-1
531,4,1714.82,460.28,77.25,207.28,0.5393,-1,-1,-1
531,8,191.43,794.71,86.98,280.07,0.7521,-1,-1,-1
531,27,966.03,733.08,77.84,252.32,0.6371,-1,-1,-1
531,45,1058.23,749.23,75.78,204.50,0.5978,-1,-1,-1
531,25,256.21,832.90,89.66,245.25,0.7846,-1,-1,-1
531,2,821.98,604.13,68.06,252.73,0.7082,-1,-1,-1
531,47,1765.22,214.47,71.14,173.93,0.5197,-1,-1,-1
531,60,378.88,198.55,68.91,193.41,0.4185,-1,-1,-1
531,18,467.19,124.36,57.67,177.23,0.3106,-1,-1,-1
531,54,1694.65,305.52,77.58,183.06,0.3711,-1,-1,-1
531,49,775.16,137.93,59.74,181.09,0.2517,-1,-1,-1
532,3,1039.58,934.40,71.49,145.53,0.6098,-1,-1,-1
532,4,1714.32,459.89,76.32,210.24,0.6016,-1,-1,-1
532,8,191.64,796.50,86.89,277.28,0.7766,-1,-1,-1
532,27,966.95,735.80,81.35,254.37,0.6745,-1,-1,-1
532,45,1058.83,750.61,76.32,208.64,0.6408,-1,-1,-1
532,25,256.33,833.93,89.59,244.54,0.7901,-1,-1,-1
532,2,819.07,603.27,69.42,251.82,0.7101,-1,-1,-1
532,47,1764.65,215.35,73.00,174.60,0.5169,-1,-1,-1
532,60,376.88,195.90,71.19,195.35,0.4129,-1,-1,-1
532,18,468.22,122.57,57.43,179.91,0.3329,-1,-1,-1
532,54,1695.66,304.85,75.73,184.63,0.3393,-1,-1,-1
532,49,773.90,142.10,61.52,177.39,0.2505,-1,-1,-1
533,3,1039.22,942.32,71.39,137.62,0.5312,-1,-1,-1
533,4,1714.25,458.93,75.52,211.10,0.6048,-1,-1,-1
533,8,190.71,797.97,89.12,274.94,0.7658,-1,-1,-1
533,27,968.41,738.67,84.65,251.26,0.6907,-1,-1,-1
533,45,1060.30,752.97,76.78,210.16,0.6017,-1,-1,-1
533,25,256.23,835.22,89.48,243.74,0.7917,-1,-1,-1
533,2,814.85,602.62,69.84,253.61,0.7121,-1,-1,-1
533,47,1765.15,217.88,73.28,173.15,0.4862,-1,-1,-1
533,60,376.20,196.08,71.64,195.89,0.3682,-1,-1,-1
533,18,467.82,123.29,57.93,180.02,0.2686,-1,-1,-1
533,54,1697.02,304.67,72.66,184.43,0.3683,-1,-1,-1
533,49,772.34,143.33,63.00,175.82,0.2568,-1,-1,-1
534,3,1038.18,947.35,72.20,132.62,0.4487,-1,-1,-1
534,4,1713.38,458.83,76.37,210.87,0.5892,-1,-1,-1
534,8,190.01,799.46,91.17,271.69,0.7754,-1,-1,-1
534,27,968.00,740.63,87.67,249.78,0.6803,-1,-1,-1
534,45,1063.21,754.90,74.66,213.52,0.5561,-1,-1,-1
534,25,256.30,836.54,89.93,242.09,0.7831,-1,-1,-1
534,2,810.73,601.53,70.66,255.91,0.7301,-1,-1,-1
534,47,1765.73,219.60,74.20,171.49,0.5248,-1,-1,-1
534,60,379.77,197.67,69.11,193.83,0.3672,-1,-1,-1
534,18,467.56,122.91,57.10,176.47,0.3688,-1,-1,-1
534,54,1696.18,303.49,71.81,184.65,0.4175,-1,-1,-1
534,49,772.97,144.90,62.81,173.56,0.2544,-1,-1,-1
535,3,1037.39,953.26,72.84,126.69,0.2570,-1,-1,-1
535,4,1713.67,457.59,75.63,212.43,0.6177,-1,-1,-1
535,8,189.56,799.92,93.55,271.61,0.7961,-1,-1,-1
535,27,968.63,742.85,88.31,248.18,0.6600,-1,-1,-1
535,45,1062.02,757.29,77.10,222.98,0.4517,-1,-1,-1
535,25,256.47,837.59,90.27,240.48,0.7886,-1,-1,-1
535,2,806.07,600.19,72.52,255.15,0.7455,-1,-1,-1
535,47,1766.02,221.75,73.83,169.68,0.4707,-1,-1,-1
535,60,384.66,200.26,65.54,190.47,0.4041,-1,-1,-1
535,18,466.01,119.92,59.37,175.33,0.2765,-1,-1,-1
535,54,1694.58,300.67,72.66,186.71,0.3243,-1,-1,-1
535,49,773.91,149.02,61.98,170.09,0.2676,-1,-1,-1
536,3,1036.88,955.30,72.62,124.67,0.1572,-1,-1,-1
536,4,1714.16,458.43,75.31,211.13,0.6239,-1,-1,-1
536,8,189.79,800.66,94.05,273.97,0.8007,-1,-1,-1
536,27,971.78,743.49,87.33,251.01,0.6402,-1,-1,-1
536,45,1062.36,760.63,77.68,222.34,0.4686,-1,-1,-1
536,25,256.94,838.81,89.13,239.36,0.7891,-1,-1,-1
536,2,802.99,599.72,73.12,254.08,0.7304,-1,-1,-1
536,47,1765.87,222.95,73.88,168.39,0.5123,-1,-1,-1
536,60,388.02,199.59,63.31,191.25,0.3949,-1,-1,-1
536,18,466.04,123.27,59.02,169.71,0.2826,-1,-1,-1
536,54,1693.88,299.91,72.17,187.21,0.3125,-1,-1,-1
536,49,774.91,147.31,61.93,171.56,0.2403,-1,-1,-1
537,4,1715.27,459.71,74.49,210.35,0.6187,-1,-1,-1
537,8,190.97,801.59,93.31,276.94,0.7859,-1,-1,-1
537,27,972.66,745.76,89.32,249.39,0.6561,-1,-1,-1
537,45,1064.41,762.65,76.38,226.31,0.5260,-1,-1,-1
537,25,257.25,840.89,87.66,237.76,0.7762,-1,-1,-1
537,2,798.84,599.67,75.76,254.99,0.7274,-1,-1,-1
537,47,1767.26,223.65,73.38,167.85,0.5020,-1,-1,-1
537,60,388.97,200.02,62.72,190.41,0.4265,-1,-1,-1
537,18,466.31,121.31,58.03,169.50,0.2308,-1,-1,-1
537,54,1692.90,297.63,71.26,189.74,0.2931,-1,-1,-1
537,49,775.46,142.79,61.81,176.19,0.2523,-1,-1,-1
537,62,142.00,309.56,90.97,189.61,0.4446,-1,-1,-1
538,4,1716.47,460.50,73.06,209.33,0.6259,-1,-1,-1
538,8,192.27,802.97,92.45,277.06,0.7956,-1,-1,-1
538,27,974.53,747.65,90.18,247.01,0.6993,-1,-1,-1
538,45,1063.10,764.84,77.88,226.39,0.5725,-1,-1,-1
538,25,256.41,843.71,87.73,235.78,0.7830,-1,-1,-1
538,2,796.96,600.01,77.30,254.59,0.7363,-1,-1,-1
538,47,1770.29,223.91,69.59,167.42,0.5210,-1,-1,-1
538,60,389.74,197.02,61.89,193.92,0.3630,-1,-1,-1
538,18,465.22,120.34,58.47,167.37,0.2203,-1,-1,-1
538,54,1690.79,296.32,69.26,190.53,0.3838,-1,-1,-1
538,49,775.57,138.66,63.06,181.83,0.2247,-1,-1,-1
538,62,144.08,309.59,90.44,188.84,0.3820,-1,-1,-1
539,4,1716.23,460.38,73.44,209.14,0.6111,-1,-1,-1
539,8,193.01,804.68,92.06,275.84,0.7846,-1,-1,-1
539,27,975.77,748.96,89.85,245.26,0.7038,-1,-1,-1
539,45,1061.43,767.24,80.65,228.04,0.6099,-1,-1,-1
539,25,254.80,846.33,88.30,233.49,0.7834,-1,-1,-1
539,2,794.84,599.81,77.87,254.93,0.7297,-1,-1,-1
539,47,1773.67,224.72,66.12,166.56,0.4944,-1,-1,-1
539,60,389.91,192.68,61.30,198.95,0.4187,-1,-1,-1
539,18,464.81,123.16,58.14,160.92,0.1557,-1,-1,-1
539,54,1688.78,294.18,70.55,193.87,0.3625,-1,-1,-1
539,49,776.40,130.00,64.91,190.60,0.2545,-1,-1,-1
539,62,145.78,309.40,89.99,188.34,0.2833,-1,-1,-1
539,3,1030.14,942.97,79.81,137.37,0.5009,-1,-1,-1
540,4,1716.16,459.63,73.48,209.80,0.6307,-1,-1,-1
540,8,193.06,806.12,92.06,273.97,0.7671,-1,-1,-1
540,27,977.61,749.45,89.60,243.44,0.6749,-1,-1,-1
540,45,1061.95,769.30,81.33,223.26,0.5429,-1,-1,-1
540,25,254.11,848.70,87.42,230.10,0.7683,-1,-1,-1
540,2,792.54,599.66,79.09,254.39,0.7460,-1,-1,-1
540,47,1775.12,225.18,64.28,166.46,0.4512,-1,-1,-1
540,60,390.58,188.10,59.96,203.80,0.4428,-1,-1,-1
540,18,463.92,121.14,58.38,162.74,0.2351,-1,-1,-1
540,54,1685.19,291.51,71.49,196.13,0.4191,-1,-1,-1
540,49,776.21,108.99,67.40,211.78,0.2276,-1,-1,-1
540,62,145.94,308.49,90.43,188.96,0.2894,-1,-1,-1
540,3,1029.21,943.59,80.67,136.84,0.3973,-1,-1,-1
541,4,1716.32,458.95,73.33,209.89,0.6416,-1,-1,-1
541,8,195.63,808.80,90.47,271.43,0.7777,-1,-1,-1
541,27,981.16,751.03,86.65,239.80,0.6864,-1,-1,-1
541,45,1056.70,770.30,86.77,223.35,0.6332,-1,-1,-1
541,25,254.41,850.54,86.82,228.38,0.7680,-1,-1,-1
541,2,791.64,599.73,79.05,252.58,0.7227,-1,-1,-1
541,47,1776.40,225.75,63.39,166.32,0.4486,-1,-1,-1
541,60,390.24,187.17,60.02,206.46,0.4697,-1,-1,-1
541,18,462.24,116.81,60.13,165.87,0.2124,-1,-1,-1
541,54,1679.92,288.64,74.90,198.19,0.4106,-1,-1,-1
541,49,775.65,95.71,70.91,226.23,0.3063,-1,-1,-1
541,62,146.35,307.97,90.97,187.36,0.2089,-1,-1,-1
541,3,1027.69,940.46,82.16,139.99,0.5409,-1,-1,-1
542,4,1715.97,458.16,73.64,210.66,0.5988,-1,-1,-1
542,8,199.35,810.54,87.69,269.89,0.7558,-1,-1,-1
542,27,984.86,751.48,82.54,239.47,0.6710,-1,-1,-1
542,45,1064.89,771.62,79.78,223.99,0.5660,-1,-1,-1
542,25,255.69,852.67,84.75,226.73,0.7470,-1,-1,-1
542,2,790.20,599.20,78.79,252.09,0.7132,-1,-1,-1
542,47,1777.64,227.08,62.61,165.27,0.4333,-1,-1,-1
542,60,390.66,189.27,58.37,205.52,0.3991,-1,-1,-1
542,18,462.17,113.48,59.21,168.82,0.2735,-1,-1,-1
542,54,1676.44,285.31,78.30,201.41,0.4376,-1,-1,-1
542,49,775.35,91.67,73.41,230.25,0.3014,-1,-1,-1
542,62,146.44,307.51,92.12,189.77,0.2084,-1,-1,-1
542,3,1029.71,946.04,79.43,134.38,0.3612,-1,-1,-1
543,4,1715.12,457.09,74.83,211.65,0.5701,-1,-1,-1
543,8,202.38,811.87,86.01,268.61,0.7124,-1,-1,-1
543,27,988.20,753.16,81.47,233.65,0.6374,-1,-1,-1
543,45,1069.07,772.57,76.78,227.38,0.5954,-1,-1,-1
543,25,256.11,856.68,82.80,223.11,0.7137,-1,-1,-1
543,2,788.03,599.11,80.27,251.68,0.7080,-1,-1,-1
543,47,1779.44,227.59,61.62,165.73,0.4205,-1,-1,-1
543,60,390.74,202.73,56.34,193.59,0.3015,-1,-1,-1
543,18,461.94,111.42,59.42,169.68,0.2244,-1,-1,-1
543,54,1672.70,283.76,81.54,202.63,0.4393,-1,-1,-1
543,49,776.90,88.99,73.32,232.45,0.3148,-1,-1,-1
543,62,151.91,307.10,88.38,191.36,0.2115,-1,-1,-1
543,3,1029.66,945.47,79.20,134.94,0.4403,-1,-1,-1
544,4,1714.42,456.93,75.60,212.09,0.5619,-1,-1,-1
544,8,205.52,813.12,84.37,267.29,0.7176,-1,-1,-1
544,27,988.20,755.17,84.50,227.89,0.6525,-1,-1,-1
544,45,1070.88,773.13,76.85,227.39,0.5997,-1,-1,-1
544,25,256.11,861.45,82.36,217.70,0.6974,-1,-1,-1
544,2,784.68,598.83,82.36,252.14,0.7251,-1,-1,-1
544,47,1780.53,228.07,61.05,166.10,0.4222,-1,-1,-1
544,60,390.79,202.08,56.48,194.87,0.3190,-1,-1,-1
544,18,460.98,110.18,59.81,170.67,0.2308,-1,-1,-1
544,54,1669.73,283.14,84.33,202.89,0.4206,-1,-1,-1
544,49,778.23,86.18,72.81,234.59,0.3596,-1,-1,-1
544,62,162.96,303.91,80.32,194.49,0.1771,-1,-1,-1
544,3,1027.94,944.30,80.97,136.03,0.4529,-1,-1,-1
545,4,1713.68,457.88,75.98,209.86,0.6119,-1,-1,-1
545,8,207.98,814.72,82.81,265.70,0.6980,-1,-1,-1
545,27,990.97,756.93,83.39,225.47,0.6545,-1,-1,-1
545,45,1070.56,775.52,78.70,226.11,0.5955,-1,-1,-1
545,25,254.16,865.47,83.37,213.65,0.7240,-1,-1,-1
545,2,777.94,598.45,88.06,253.07,0.7367,-1,-1,-1
545,47,1783.43,227.95,59.35,169.15,0.4193,-1,-1,-1
545,60,390.85,209.44,56.37,189.91,0.3664,-1,-1,-1
545,18,460.93,110.70,59.01,170.41,0.1813,-1,-1,-1
545,54,1666.49,282.76,86.77,203.50,0.3905,-1,-1,-1
545,49,777.75,85.06,73.15,235.92,0.3538,-1,-1,-1
545,3,1021.08,942.87,87.26,137.45,0.5472,-1,-1,-1
546,4,1711.86,457.56,78.02,210.82,0.6234,-1,-1,-1
546,8,209.69,815.84,82.45,264.49,0.6790,-1,-1,-1
546,27,992.60,759.21,84.23,225.35,0.6305,-1,-1,-1
546,45,1072.48,776.91,78.65,227.61,0.6106,-1,-1,-1
546,25,252.49,868.55,83.46,210.98,0.7187,-1,-1,-1
546,2,772.43,598.31,92.06,253.06,0.7463,-1,-1,-1
546,47,1786.39,229.35,57.39,170.13,0.3934,-1,-1,-1
546,60,391.26,189.84,56.36,211.71,0.2925,-1,-1,-1
546,54,1665.64,283.26,87.29,202.22,0.3895,-1,-1,-1
546,49,778.79,83.79,72.20,236.48,0.4345,-1,-1,-1
546,3,1020.70,942.59,86.83,137.67,0.5615,-1,-1,-1
547,4,1711.67,457.14,81.76,211.19,0.5929,-1,-1,-1
547,8,211.15,817.32,82.52,262.98,0.6819,-1,-1,-1
547,27,994.85,761.53,85.23,220.63,0.6359,-1,-1,-1
547,45,1074.15,779.03,78.55,229.75,0.6291,-1,-1,-1
547,25,251.94,872.14,83.73,207.76,0.6905,-1,-1,-1
547,2,770.47,597.95,93.33,254.63,0.7607,-1,-1,-1
547,47,1788.25,231.34,57.91,171.37,0.3921,-1,-1,-1
547,60,389.56,207.86,57.08,195.73,0.2811,-1,-1,-1
547,54,1661.46,284.34,90.41,199.00,0.3397,-1,-1,-1
547,49,778.73,83.56,72.62,236.81,0.4519,-1,-1,-1
547,3,1024.82,943.89,82.52,136.36,0.5317,-1,-1,-1
548,4,1714.67,458.21,76.88,210.89,0.5887,-1,-1,-1
548,8,212.61,818.58,81.54,261.71,0.6489,-1,-1,-1
548,27,994.86,765.11,86.63,217.27,0.6600,-1,-1,-1
548,45,1069.66,781.33,85.28,235.72,0.6422,-1,-1,-1
548,25,251.82,875.24,81.65,204.83,0.6878,-1,-1,-1
548,2,768.87,598.00,94.21,255.63,0.7464,-1,-1,-1
548,47,1789.22,234.32,59.80,173.10,0.4260,-1,-1,-1
548,60,385.70,215.33,60.42,190.58,0.3726,-1,-1,-1
548,54,1659.92,284.77,91.97,197.28,0.3623,-1,-1,-1
548,49,779.11,82.67,72.49,238.95,0.4324,-1,-1,-1
548,3,1025.72,940.11,81.33,140.14,0.5494,-1,-1,-1
549,4,1719.20,458.88,71.25,209.34,0.6302,-1,-1,-1
549,8,213.78,819.99,81.62,260.25,0.5258,-1,-1,-1
549,27,996.82,768.16,84.35,212.61,0.5852,-1,-1,-1
549,45,1069.01,783.30,86.93,241.46,0.6421,-1,-1,-1
549,25,249.88,874.67,81.13,205.42,0.6310,-1,-1,-1
549,2,768.39,598.77,93.92,254.71,0.7488,-1,-1,-1
549,47,1790.40,236.32,61.11,174.26,0.3903,-1,-1,-1
549,60,386.31,223.07,57.90,184.75,0.4235,-1,-1,-1
549,54,1658.62,284.49,94.24,198.23,0.3839,-1,-1,-1
549,49,779.59,83.11,71.62,237.97,0.4420,-1,-1,-1
549,3,1024.59,936.14,82.46,144.06,0.5256,-1,-1,-1
550,4,1718.90,458.63,71.27,209.75,0.6133,-1,-1,-1
550,8,215.11,821.87,82.29,258.37,0.4104,-1,-1,-1
550,27,999.02,772.25,81.07,201.38,0.5129,-1,-1,-1
550,45,1068.48,786.32,88.92,244.22,0.5968,-1,-1,-1
550,25,247.62,874.73,81.17,205.38,0.5722,-1,-1,-1
550,2,766.85,599.57,94.70,253.45,0.7338,-1,-1,-1
550,47,1793.33,236.40,59.52,175.21,0.4179,-1,-1,-1
550,60,384.23,227.96,59.79,179.91,0.3816,-1,-1,-1
550,54,1658.07,283.83,94.33,197.60,0.4006,-1,-1,-1
550,49,781.49,83.59,70.70,237.77,0.4443,-1,-1,-1
550,3,1023.82,934.92,82.64,145.27,0.5165,-1,-1,-1
551,4,1720.53,459.06,69.40,209.29,0.6060,-1,-1,-1
551,8,217.34,823.43,84.49,256.71,0.3531,-1,-1,-1
551,27,1002.23,773.51,79.40,190.66,0.4894,-1,-1,-1
551,45,1073.74,789.48,86.85,242.93,0.5686,-1,-1,-1
551,25,241.65,874.93,86.58,205.12,0.5711,-1,-1,-1
551,2,766.16,598.83,93.76,254.66,0.7299,-1,-1,-1
551,47,1795.56,236.39,58.57,175.96,0.4390,-1,-1,-1
551,60,381.96,226.96,61.86,181.27,0.4700,-1,-1,-1
551,54,1659.02,282.32,93.41,201.38,0.4092,-1,-1,-1
551,49,781.96,83.63,70.77,237.91,0.4780,-1,-1,-1
551,3,1020.29,935.69,85.54,144.45,0.5715,-1,-1,-1
552,4,1723.41,458.58,66.13,208.77,0.6066,-1,-1,-1
552,27,1006.55,775.56,77.04,178.81,0.4709,-1,-1,-1
552,45,1073.63,792.58,90.13,241.84,0.5723,-1,-1,-1
552,25,235.92,875.38,91.64,204.62,0.6561,-1,-1,-1
552,2,765.78,598.14,92.93,254.31,0.7423,-1,-1,-1
552,47,1797.07,236.96,57.95,176.59,0.3950,-1,-1,-1
552,60,380.45,226.53,63.71,181.64,0.4162,-1,-1,-1
552,54,1660.38,281.07,90.28,207.88,0.3976,-1,-1,-1
552,49,783.83,82.82,70.61,238.62,0.4579,-1,-1,-1
552,3,1014.60,934.47,90.05,145.62,0.5271,-1,-1,-1
553,4,1722.87,458.75,66.50,208.25,0.5769,-1,-1,-1
553,27,1010.00,777.87,74.18,167.81,0.5098,-1,-1,-1
553,45,1073.31,794.92,94.18,243.42,0.5788,-1,-1,-1
553,25,234.30,876.06,91.98,203.96,0.6736,-1,-1,-1
553,2,765.51,596.47,92.46,254.41,0.7521,-1,-1,-1
553,47,1798.99,237.24,57.78,176.22,0.3757,-1,-1,-1
553,60,379.92,224.32,64.72,183.35,0.4124,-1,-1,-1
553,54,1660.71,279.17,89.81,216.63,0.3757,-1,-1,-1
553,49,785.69,83.60,71.00,236.45,0.4188,-1,-1,-1
553,3,1001.81,929.88,102.96,150.09,0.5368,-1,-1,-1
554,4,1722.87,458.98,66.50,207.87,0.5988,-1,-1,-1
554,27,1010.22,781.08,72.21,165.81,0.3101,-1,-1,-1
554,45,1079.35,797.15,92.20,243.00,0.5163,-1,-1,-1
554,25,232.28,847.63,94.32,232.41,0.6379,-1,-1,-1
554,2,765.67,595.83,89.75,252.45,0.7515,-1,-1,-1
554,47,1802.42,236.90,56.42,176.17,0.3026,-1,-1,-1
554,60,377.88,221.33,66.36,185.72,0.5281,-1,-1,-1
554,54,1662.47,277.06,85.55,210.52,0.4116,-1,-1,-1
554,49,787.81,84.27,71.42,234.91,0.4266,-1,-1,-1
555,4,1723.09,457.71,66.13,208.95,0.6005,-1,-1,-1
555,27,1013.25,782.36,71.96,160.69,0.3531,-1,-1,-1
555,45,1085.29,799.04,87.91,240.30,0.6162,-1,-1,-1
555,25,231.92,838.57,96.14,241.49,0.7010,-1,-1,-1
555,2,764.60,595.80,89.19,251.49,0.7344,-1,-1,-1
555,47,1804.48,236.90,57.74,176.63,0.2968,-1,-1,-1
555,60,376.84,219.24,66.37,187.98,0.5319,-1,-1,-1
555,54,1666.15,275.79,80.89,201.44,0.4650,-1,-1,-1
555,49,787.66,83.92,73.65,235.21,0.4006,-1,-1,-1
556,4,1723.47,456.47,65.16,208.23,0.6187,-1,-1,-1
556,27,1015.59,784.53,71.05,176.54,0.3032,-1,-1,-1
556,45,1092.89,799.76,83.66,239.51,0.5742,-1,-1,-1
556,25,234.79,862.40,93.79,217.47,0.6126,-1,-1,-1
556,2,762.98,594.29,88.17,250.56,0.7563,-1,-1,-1
556,47,1806.74,236.96,59.95,175.65,0.3257,-1,-1,-1
556,60,377.02,220.15,66.22,189.12,0.5021,-1,-1,-1
556,54,1666.79,274.02,77.50,196.39,0.4880,-1,-1,-1
556,49,788.00,84.87,74.55,233.76,0.4126,-1,-1,-1
556,3,1011.57,807.22,95.91,272.50,0.4636,-1,-1,-1
557,4,1724.32,457.37,66.48,207.24,0.6177,-1,-1,-1
557,27,1014.16,786.07,83.82,251.65,0.4506,-1,-1,-1
557,45,1099.43,800.99,80.00,236.93,0.5544,-1,-1,-1
557,25,237.13,845.33,94.76,234.67,0.7366,-1,-1,-1
557,2,760.89,593.78,87.37,248.00,0.7161,-1,-1,-1
557,47,1806.99,237.31,61.34,174.41,0.3457,-1,-1,-1
557,60,375.78,222.18,67.42,187.24,0.5120,-1,-1,-1
557,54,1667.95,273.43,77.89,194.94,0.5158,-1,-1,-1
557,49,789.41,84.44,73.15,233.77,0.4479,-1,-1,-1
558,4,1722.18,456.30,66.86,209.05,0.6835,-1,-1,-1
558,45,1102.02,801.11,80.14,235.06,0.6044,-1,-1,-1
558,25,238.29,839.85,97.77,240.12,0.7202,-1,-1,-1
558,2,757.90,593.83,87.17,245.07,0.7109,-1,-1,-1
558,47,1810.38,237.27,61.81,174.97,0.3605,-1,-1,-1
558,60,375.48,223.02,67.65,187.63,0.5434,-1,-1,-1
558,54,1668.72,271.73,76.12,193.89,0.5498,-1,-1,-1
558,49,791.16,83.85,71.68,235.04,0.4343,-1,-1,-1
559,4,1724.31,457.58,65.62,206.50,0.6572,-1,-1,-1
559,45,1102.51,801.92,83.11,234.04,0.6068,-1,-1,-1
559,25,238.93,871.04,96.86,208.96,0.7282,-1,-1,-1
559,2,755.21,593.40,84.02,243.20,0.6848,-1,-1,-1
559,47,1813.75,237.28,61.00,174.73,0.3663,-1,-1,-1
559,60,375.00,225.00,67.82,187.21,0.5574,-1,-1,-1
559,54,1669.35,271.47,75.01,193.81,0.5368,-1,-1,-1
559,49,792.04,82.86,70.19,236.76,0.3933,-1,-1,-1
559,3,1017.51,785.04,77.99,216.48,0.4997,-1,-1,-1
560,4,1725.52,458.47,64.88,203.65,0.6607,-1,-1,-1
560,45,1103.42,802.40,84.15,232.97,0.5579,-1,-1,-1
560,25,239.67,885.11,94.94,194.91,0.7415,-1,-1,-1
560,2,752.61,591.46,80.94,243.91,0.6906,-1,-1,-1
560,47,1816.88,237.37,59.38,175.65,0.3582,-1,-1,-1
560,60,373.84,225.74,67.53,188.65,0.5483,-1,-1,-1
560,54,1668.45,270.89,74.70,192.94,0.5487,-1,-1,-1
560,49,793.81,89.99,67.45,229.08,0.4049,-1,-1,-1
560,3,1018.37,784.38,79.06,202.42,0.5249,-1,-1,-1
561,4,1724.81,458.25,63.87,203.30,0.6693,-1,-1,-1
561,45,1104.99,803.26,83.17,232.47,0.5989,-1,-1,-1
561,25,241.80,892.69,92.65,187.25,0.6749,-1,-1,-1
561,2,749.91,590.93,76.03,242.39,0.6932,-1,-1,-1
561,47,1818.63,237.74,60.51,176.79,0.3350,-1,-1,-1
561,60,373.52,227.62,67.26,188.13,0.5733,-1,-1,-1
561,54,1667.16,270.78,75.11,192.72,0.5639,-1,-1,-1
561,49,794.78,83.93,66.46,234.83,0.4370,-1,-1,-1
561,3,1018.51,784.90,78.50,198.80,0.4828,-1,-1,-1
561,18,462.32,92.81,56.98,174.51,0.3459,-1,-1,-1
562,4,1723.62,457.29,63.75,205.36,0.6453,-1,-1,-1
562,45,1105.86,805.17,85.26,234.13,0.6010,-1,-1,-1
562,25,243.49,897.67,92.20,181.91,0.6626,-1,-1,-1
562,2,747.38,592.31,72.42,237.68,0.6954,-1,-1,-1
562,47,1820.35,238.08,61.74,179.25,0.3342,-1,-1,-1
562,60,373.22,230.32,67.71,186.87,0.5962,-1,-1,-1
562,54,1664.75,270.44,76.42,192.11,0.5677,-1,-1,-1
562,49,794.47,80.29,67.07,237.87,0.4267,-1,-1,-1
562,3,1017.92,787.47,80.00,196.41,0.6260,-1,-1,-1
562,18,463.96,92.68,55.41,170.29,0.2764,-1,-1,-1
563,4,1721.70,456.60,69.54,206.79,0.6369,-1,-1,-1
563,45,1106.69,808.52,87.60,235.94,0.5831,-1,-1,-1
563,25,244.65,901.94,85.56,177.78,0.6878,-1,-1,-1
563,2,742.16,591.15,74.07,239.95,0.7025,-1,-1,-1
563,47,1820.74,241.03,62.48,177.88,0.3141,-1,-1,-1
563,60,374.46,233.49,67.01,185.40,0.5622,-1,-1,-1
563,54,1663.58,270.21,75.89,189.86,0.5080,-1,-1,-1
563,49,795.38,79.02,66.51,239.44,0.3972,-1,-1,-1
563,3,1017.42,790.11,83.39,213.97,0.5460,-1,-1,-1
563,18,465.65,90.88,53.79,169.93,0.2633,-1,-1,-1
563,63,989.54,936.59,106.07,142.35,0.5187,-1,-1,-1
563,8,266.54,841.22,84.14,230.94,0.5092,-1,-1,-1
564,4,1720.78,454.66,69.33,208.15,0.6454,-1,-1,-1
564,45,1106.89,811.32,87.42,240.41,0.5650,-1,-1,-1
564,25,245.88,905.54,81.44,174.36,0.7043,-1,-1,-1
564,2,736.67,590.01,76.85,241.67,0.6929,-1,-1,-1
564,47,1822.07,242.35,65.21,178.85,0.3455,-1,-1,-1
564,60,374.79,234.49,66.50,188.26,0.6128,-1,-1,-1
564,54,1663.29,269.52,74.90,189.06,0.5100,-1,-1,-1
564,49,796.13,77.37,67.07,241.55,0.4449,-1,-1,-1
564,3,1019.32,793.10,82.42,238.82,0.5988,-1,-1,-1
564,18,466.68,90.36,53.32,168.68,0.2922,-1,-1,-1
564,63,986.91,936.08,109.10,142.69,0.5764,-1,-1,-1
564,8,268.98,842.71,85.98,229.94,0.5923,-1,-1,-1
565,4,1719.55,455.93,73.39,207.73,0.6394,-1,-1,-1
565,45,1106.94,813.88,89.00,242.37,0.6166,-1,-1,-1
565,25,247.63,907.30,79.85,172.46,0.7138,-1,-1,-1
565,2,733.51,589.38,78.34,242.11,0.6090,-1,-1,-1
565,47,1823.55,244.64,66.56,177.12,0.3832,-1,-1,-1
565,60,375.13,235.77,65.11,190.32,0.6525,-1,-1,-1
565,54,1664.06,268.78,73.47,189.58,0.4920,-1,-1,-1
565,49,796.79,75.96,67.72,243.60,0.4432,-1,-1,-1
565,3,1019.56,795.31,85.45,257.58,0.6421,-1,-1,-1
565,18,469.77,89.94,50.96,168.62,0.2759,-1,-1,-1
565,63,985.11,936.59,107.97,141.73,0.4410,-1,-1,-1
565,8,270.09,844.02,90.17,230.71,0.5830,-1,-1,-1
566,4,1718.33,456.02,75.37,208.22,0.6355,-1,-1,-1
566,45,1103.63,816.76,93.41,243.66,0.6228,-1,-1,-1
566,25,248.49,909.27,79.36,170.63,0.7456,-1,-1,-1
566,2,732.78,590.10,76.97,240.89,0.6122,-1,-1,-1
566,47,1824.96,246.42,67.52,173.49,0.4076,-1,-1,-1
566,60,375.30,235.75,64.25,191.39,0.6637,-1,-1,-1
566,54,1666.33,269.29,69.73,184.46,0.5110,-1,-1,-1
566,49,797.35,75.79,68.03,243.47,0.4448,-1,-1,-1
566,3,1020.97,798.24,85.74,264.57,0.5945,-1,-1,-1
566,18,472.27,89.57,49.25,168.16,0.2925,-1,-1,-1
566,63,984.40,933.69,105.31,145.26,0.5266,-1,-1,-1
566,8,271.22,846.03,96.10,231.35,0.6398,-1,-1,-1
567,4,1717.00,456.60,78.40,209.46,0.6470,-1,-1,-1
567,45,1110.26,819.62,87.84,241.63,0.4851,-1,-1,-1
567,25,249.01,911.39,78.87,168.56,0.7540,-1,-1,-1
567,2,730.21,590.33,77.85,242.02,0.5700,-1,-1,-1
567,47,1825.79,248.71,67.79,171.42,0.4126,-1,-1,-1
567,60,374.96,236.52,63.83,191.58,0.6656,-1,-1,-1
567,54,1667.86,269.74,66.17,181.90,0.5397,-1,-1,-1
567,49,796.71,76.36,69.62,242.83,0.4449,-1,-1,-1
567,3,1024.85,802.27,83.17,261.62,0.4897,-1,-1,-1
567,18,473.73,89.59,48.82,167.85,0.3046,-1,-1,-1
567,63,984.73,931.89,101.93,146.71,0.6042,-1,-1,-1
567,8,271.53,847.84,101.98,231.31,0.6445,-1,-1,-1
568,4,1716.60,456.57,78.18,210.17,0.6969,-1,-1,-1
568,45,1112.84,821.97,85.88,240.74,0.4964,-1,-1,-1
568,25,249.00,913.29,80.00,166.68,0.7604,-1,-1,-1
568,2,729.52,589.34,76.92,243.69,0.6220,-1,-1,-1
568,47,1825.90,251.32,67.78,171.23,0.3847,-1,-1,-1
568,60,375.25,237.74,63.69,190.82,0.6410,-1,-1,-1
568,54,1668.92,270.13,63.00,181.65,0.5739,-1,-1,-1
568,49,795.63,75.65,72.01,243.66,0.4731,-1,-1,-1
568,3,1026.59,806.14,83.51,261.39,0.4820,-1,-1,-1
568,18,474.69,91.97,48.70,165.65,0.2420,-1,-1,-1
568,63,984.97,932.72,100.00,144.92,0.3815,-1,-1,-1
568,8,272.46,849.26,105.71,230.27,0.6577,-1,-1,-1
568,64,1566.92,587.98,110.09,237.00,0.4065,-1,-1,-1
569,4,1715.73,457.15,78.83,209.92,0.6941,-1,-1,-1
569,45,1115.19,824.89,84.02,240.10,0.4761,-1,-1,-1
569,25,249.06,914.84,80.56,165.17,0.7552,-1,-1,-1
569,2,726.42,588.26,78.85,245.29,0.6258,-1,-1,-1
569,47,1826.76,252.92,67.66,172.33,0.3845,-1,-1,-1
569,60,374.98,237.37,65.19,192.32,0.6382,-1,-1,-1
569,54,1668.16,267.84,61.90,183.38,0.5482,-1,-1,-1
569,49,795.99,74.67,72.58,244.81,0.4437,-1,-1,-1
569,3,1030.86,808.43,82.79,263.70,0.5723,-1,-1,-1
569,18,475.32,89.98,49.86,163.14,0.2705,-1,-1,-1
569,63,987.17,933.63,93.73,144.06,0.2892,-1,-1,-1
569,8,276.77,851.13,106.97,228.71,0.6481,-1,-1,-1
569,64,1569.31,593.96,109.45,231.95,0.4377,-1,-1,-1
570,4,1714.93,457.05,79.26,209.57,0.6845,-1,-1,-1
570,45,1118.46,826.60,83.87,241.37,0.5844,-1,-1,-1
570,25,248.99,916.25,80.50,163.77,0.7441,-1,-1,-1
570,2,724.22,586.84,80.17,248.20,0.6125,-1,-1,-1
570,47,1827.14,254.18,68.69,173.51,0.3344,-1,-1,-1
570,60,375.15,237.51,65.74,192.68,0.6359,-1,-1,-1
570,54,1667.22,266.37,61.51,182.20,0.5399,-1,-1,-1
570,49,795.52,73.06,73.94,246.86,0.4926,-1,-1,-1
570,3,1033.51,810.57,81.94,265.01,0.6017,-1,-1,-1
570,18,477.05,89.87,48.31,160.84,0.2150,-1,-1,-1
570,63,989.63,932.74,88.22,145.33,0.3436,-1,-1,-1
570,8,280.06,852.64,108.50,227.49,0.6637,-1,-1,-1
570,64,1569.91,594.10,108.08,231.66,0.5580,-1,-1,-1
571,4,1714.68,456.06,80.54,209.49,0.6718,-1,-1,-1
571,45,1125.81,828.65,78.05,242.35,0.6650,-1,-1,-1
571,25,247.98,918.88,80.99,161.17,0.7474,-1,-1,-1
571,2,720.06,587.25,83.81,247.40,0.5532,-1,-1,-1
571,47,1828.55,254.73,68.77,175.15,0.2816,-1,-1,-1
571,60,374.97,236.98,66.48,192.21,0.6210,-1,-1,-1
571,54,1665.01,263.80,61.50,180.31,0.5543,-1,-1,-1
571,49,794.70,71.46,76.36,247.94,0.4730,-1,-1,-1
571,3,1038.57,812.64,78.90,264.49,0.6701,-1,-1,-1
571,63,993.22,931.49,81.87,146.63,0.4009,-1,-1,-1
571,8,282.91,855.11,107.67,225.13,0.6723,-1,-1,-1
571,64,1563.12,589.48,114.71,235.79,0.5836,-1,-1,-1
572,4,1714.71,457.18,80.66,208.61,0.6374,-1,-1,-1
572,45,1124.85,830.00,79.34,241.83,0.6074,-1,-1,-1
572,25,248.83,919.60,81.51,160.28,0.7486,-1,-1,-1
572,2,715.56,586.86,87.43,249.17,0.5188,-1,-1,-1
572,47,1829.98,253.23,69.96,178.40,0.2193,-1,-1,-1
572,60,376.48,238.40,65.09,189.26,0.6144,-1,-1,-1
572,54,1663.67,261.03,62.98,180.22,0.5113,-1,-1,-1
572,49,793.37,71.49,78.53,247.59,0.4480,-1,-1,-1
572,3,1041.66,815.54,78.36,260.95,0.6381,-1,-1,-1
572,63,992.60,929.89,81.44,148.79,0.5681,-1,-1,-1
572,8,291.26,857.07,102.12,223.16,0.6897,-1,-1,-1
572,64,1565.01,590.02,113.04,235.76,0.5153,-1,-1,-1
573,4,1714.68,457.03,81.70,209.86,0.6219,-1,-1,-1
573,45,1125.34,831.67,78.96,244.27,0.6402,-1,-1,-1
573,25,247.71,924.24,82.47,155.76,0.7367,-1,-1,-1
573,2,712.80,586.93,88.18,249.61,0.6437,-1,-1,-1
573,47,1831.06,253.97,68.88,179.10,0.2511,-1,-1,-1
573,60,377.06,240.03,64.34,185.90,0.6203,-1,-1,-1
573,54,1661.10,258.79,63.80,182.26,0.5211,-1,-1,-1
573,49,792.93,70.36,80.26,248.88,0.4699,-1,-1,-1
573,3,1044.31,817.93,79.25,256.66,0.6228,-1,-1,-1
573,63,993.46,929.55,80.08,149.31,0.6002,-1,-1,-1
573,8,293.15,859.12,97.44,220.70,0.6914,-1,-1,-1
573,64,1563.21,588.16,115.73,237.32,0.4869,-1,-1,-1
574,4,1715.47,457.51,81.02,208.56,0.6431,-1,-1,-1
574,45,1125.49,832.61,80.08,244.89,0.6197,-1,-1,-1
574,25,247.90,927.73,82.58,152.28,0.7363,-1,-1,-1
574,2,709.52,585.78,89.50,249.62,0.6974,-1,-1,-1
574,47,1832.80,254.83,67.98,176.34,0.2439,-1,-1,-1
574,60,377.67,241.07,63.65,184.69,0.6426,-1,-1,-1
574,54,1660.07,257.10,65.74,183.76,0.5343,-1,-1,-1
574,49,791.92,69.43,81.86,250.81,0.4653,-1,-1,-1
574,3,1046.37,819.09,80.47,253.50,0.6011,-1,-1,-1
574,63,995.69,928.89,77.28,149.74,0.6002,-1,-1,-1
574,8,296.22,860.84,97.39,219.20,0.6986,-1,-1,-1
574,64,1565.02,594.32,115.61,232.25,0.4322,-1,-1,-1
575,4,1715.58,456.76,80.83,208.66,0.6430,-1,-1,-1
575,45,1123.23,834.38,86.03,244.32,0.6432,-1,-1,-1
575,25,248.87,926.83,81.32,153.18,0.7337,-1,-1,-1
575,2,707.94,584.57,89.76,249.52,0.6846,-1,-1,-1
575,47,1834.31,254.96,67.07,176.11,0.2563,-1,-1,-1
575,60,377.79,240.93,64.10,186.48,0.6441,-1,-1,-1
575,54,1658.73,255.55,67.23,185.50,0.5482,-1,-1,-1
575,49,797.50,69.68,76.90,249.71,0.4361,-1,-1,-1
575,3,1047.10,820.05,82.35,253.35,0.6198,-1,-1,-1
575,63,999.00,928.38,73.54,149.75,0.5778,-1,-1,-1
575,8,298.10,862.93,95.79,217.18,0.6977,-1,-1,-1
575,64,1564.95,598.75,114.12,228.19,0.5422,-1,-1,-1
576,4,1715.87,456.71,81.26,209.53,0.6143,-1,-1,-1
576,45,1124.21,835.45,88.42,242.77,0.5982,-1,-1,-1
576,25,249.02,929.57,81.51,150.38,0.7419,-1,-1,-1
576,2,706.39,583.19,90.00,250.86,0.7062,-1,-1,-1
576,47,1835.64,254.89,67.70,176.38,0.2583,-1,-1,-1
576,60,377.77,243.45,64.37,187.10,0.6621,-1,-1,-1
576,54,1657.21,254.06,68.90,185.79,0.5612,-1,-1,-1
576,49,802.30,69.63,72.33,249.12,0.4036,-1,-1,-1
576,3,1048.04,820.80,81.94,252.67,0.5831,-1,-1,-1
576,63,1003.92,927.81,66.84,149.72,0.4798,-1,-1,-1
576,8,298.49,865.44,94.41,214.52,0.6980,-1,-1,-1
576,64,1566.38,598.84,111.00,226.83,0.6102,-1,-1,-1
577,4,1716.31,457.47,81.08,208.85,0.5884,-1,-1,-1
577,45,1122.33,837.68,94.06,240.15,0.5129,-1,-1,-1
577,25,248.80,934.35,82.55,145.60,0.7433,-1,-1,-1
577,2,704.51,581.28,89.80,249.64,0.7008,-1,-1,-1
577,47,1837.59,255.28,66.40,177.04,0.2855,-1,-1,-1
577,60,378.37,246.56,63.80,187.34,0.6273,-1,-1,-1
577,54,1655.44,252.00,70.84,187.16,0.5229,-1,-1,-1
577,49,804.73,69.95,70.55,248.19,0.4471,-1,-1,-1
577,3,1049.67,822.51,80.87,249.86,0.5021,-1,-1,-1
577,63,1005.08,927.09,66.15,150.22,0.5719,-1,-1,-1
577,8,298.76,869.37,96.63,210.44,0.6997,-1,-1,-1
577,64,1564.53,600.15,112.67,226.32,0.5666,-1,-1,-1
578,4,1716.46,458.23,80.90,209.27,0.5579,-1,-1,-1
578,45,1125.25,839.67,86.03,238.59,0.4754,-1,-1,-1
578,25,248.92,939.57,82.43,140.43,0.7390,-1,-1,-1
578,2,702.93,578.01,89.06,247.36,0.6780,-1,-1,-1
578,47,1839.70,254.97,64.36,175.06,0.2692,-1,-1,-1
578,60,377.95,249.05,63.78,188.09,0.6458,-1,-1,-1
578,54,1654.38,250.41,72.42,188.82,0.5595,-1,-1,-1
578,49,807.38,70.04,68.41,247.40,0.4342,-1,-1,-1
578,3,1052.67,823.72,78.89,246.90,0.4858,-1,-1,-1
578,63,1005.72,926.54,67.85,150.77,0.5384,-1,-1,-1
578,8,298.63,871.87,96.28,207.62,0.6970,-1,-1,-1
578,64,1562.90,601.35,112.87,225.90,0.5778,-1,-1,-1
579,4,1716.79,458.87,80.54,209.13,0.5641,-1,-1,-1
579,45,1127.33,840.14,89.62,237.96,0.5754,-1,-1,-1
579,25,248.80,943.64,82.18,136.35,0.7281,-1,-1,-1
579,2,702.45,575.79,84.94,236.80,0.5915,-1,-1,-1
579,47,1841.73,255.68,63.15,174.17,0.3458,-1,-1,-1
579,60,377.88,250.46,63.65,187.97,0.6683,-1,-1,-1
579,54,1651.12,248.69,76.47,191.63,0.5493,-1,-1,-1
579,49,808.56,69.33,67.18,248.12,0.4628,-1,-1,-1
579,3,1053.43,825.63,81.26,247.75,0.5005,-1,-1,-1
579,63,1007.14,925.62,70.00,151.23,0.5376,-1,-1,-1
579,8,298.50,873.85,96.04,205.11,0.6987,-1,-1,-1
579,64,1562.89,602.02,113.03,225.28,0.6083,-1,-1,-1
580,4,1716.92,459.01,80.10,210.82,0.5832,-1,-1,-1
580,45,1128.91,841.54,85.34,237.99,0.5568,-1,-1,-1
580,25,247.48,946.13,82.80,133.48,0.7220,-1,-1,-1
580,2,702.82,575.10,80.78,245.24,0.5801,-1,-1,-1
580,47,1844.03,256.00,64.52,175.42,0.3614,-1,-1,-1
580,60,377.70,252.43,63.34,187.36,0.6869,-1,-1,-1
580,54,1649.14,248.10,78.33,191.19,0.5546,-1,-1,-1
580,49,807.79,67.80,67.68,250.05,0.4911,-1,-1,-1
580,3,1055.14,827.87,80.69,246.71,0.4892,-1,-1,-1
580,63,1006.64,925.54,74.36,151.03,0.5672,-1,-1,-1
580,8,296.76,874.95,96.35,204.72,0.7239,-1,-1,-1
580,64,1561.66,602.24,114.86,225.35,0.6068,-1,-1,-1
581,4,1717.68,458.30,78.22,210.76,0.5736,-1,-1,-1
581,45,1130.70,841.95,92.77,238.22,0.5229,-1,-1,-1
581,25,248.08,948.08,82.04,131.60,0.7275,-1,-1,-1
581,2,702.94,573.89,76.14,248.33,0.6001,-1,-1,-1
581,47,1847.33,255.66,62.68,178.92,0.3799,-1,-1,-1
581,60,377.20,254.64,63.63,185.53,0.6497,-1,-1,-1
581,54,1647.73,246.77,78.84,191.46,0.4980,-1,-1,-1
581,49,807.78,68.00,67.19,249.51,0.4387,-1,-1,-1
581,3,1057.90,830.65,80.72,243.16,0.5540,-1,-1,-1
581,63,1006.52,925.26,76.95,151.23,0.5918,-1,-1,-1
581,8,295.39,876.22,98.67,203.65,0.7251,-1,-1,-1
581,64,1561.86,601.65,114.88,225.69,0.5768,-1,-1,-1
582,4,1719.22,458.10,77.24,208.67,0.5338,-1,-1,-1
582,45,1130.27,844.62,96.58,235.92,0.5300,-1,-1,-1
582,25,247.65,949.15,82.00,130.60,0.7116,-1,-1,-1
582,2,702.78,571.78,73.52,242.70,0.4726,-1,-1,-1
582,47,1850.12,255.50,61.95,181.64,0.2853,-1,-1,-1
582,60,376.36,255.82,64.25,186.08,0.6422,-1,-1,-1
582,54,1646.57,246.50,79.29,191.74,0.4703,-1,-1,-1
582,49,808.03,67.22,66.79,250.20,0.4480,-1,-1,-1
582,3,1060.40,834.08,79.94,237.25,0.5550,-1,-1,-1
582,63,1005.32,925.39,81.84,152.13,0.6065,-1,-1,-1
582,8,296.29,877.81,100.05,202.24,0.7380,-1,-1,-1
582,64,1562.86,602.91,113.98,224.01,0.5274,-1,-1,-1
583,4,1719.78,457.81,76.49,208.65,0.5860,-1,-1,-1
583,45,1138.00,845.85,91.91,234.75,0.6569,-1,-1,-1
583,25,246.76,949.69,82.24,130.20,0.7090,-1,-1,-1
583,2,702.21,570.34,69.69,234.09,0.4290,-1,-1,-1
583,47,1851.48,256.86,63.22,182.49,0.3634,-1,-1,-1
583,60,375.12,256.88,65.56,187.94,0.6738,-1,-1,-1
583,54,1645.75,246.39,80.22,190.86,0.4972,-1,-1,-1
583,49,808.11,65.82,66.70,251.56,0.4601,-1,-1,-1
583,3,1063.49,837.66,78.92,237.54,0.6573,-1,-1,-1
583,63,1005.30,925.96,80.58,152.17,0.5772,-1,-1,-1
583,8,297.72,879.68,98.63,200.39,0.7513,-1,-1,-1
583,64,1560.34,605.31,112.70,223.87,0.4249,-1,-1,-1
584,4,1718.88,455.14,78.29,211.58,0.6189,-1,-1,-1
584,45,1139.52,847.98,91.35,232.61,0.6703,-1,-1,-1
584,25,246.00,950.46,81.71,129.50,0.7007,-1,-1,-1
584,2,701.56,568.93,64.80,233.67,0.2696,-1,-1,-1
584,47,1853.52,256.13,64.88,184.42,0.2581,-1,-1,-1
584,60,373.44,257.63,66.41,189.46,0.6974,-1,-1,-1
584,54,1645.25,246.72,80.44,189.42,0.5114,-1,-1,-1
584,49,809.80,66.24,64.99,250.93,0.4437,-1,-1,-1
584,3,1062.36,841.15,81.45,237.49,0.6879,-1,-1,-1
584,63,1004.59,926.17,69.68,152.32,0.5637,-1,-1,-1
584,8,299.29,881.37,96.95,198.69,0.7555,-1,-1,-1
584,64,1560.96,603.55,112.39,224.44,0.5080,-1,-1,-1
585,4,1719.76,456.05,76.61,209.07,0.6334,-1,-1,-1
585,45,1140.82,851.13,90.58,229.43,0.7216,-1,-1,-1
585,25,245.80,951.57,81.44,128.30,0.7089,-1,-1,-1
585,2,700.03,568.34,62.31,238.88,0.2962,-1,-1,-1
585,47,1853.06,257.35,65.70,185.51,0.2872,-1,-1,-1
585,60,372.49,258.27,66.49,189.27,0.7123,-1,-1,-1
585,54,1644.15,246.89,82.27,188.42,0.5324,-1,-1,-1
585,49,809.29,67.58,65.34,249.89,0.4732,-1,-1,-1
585,3,1062.39,843.66,80.05,235.91,0.7315,-1,-1,-1
585,63,1003.80,926.99,65.52,151.18,0.5902,-1,-1,-1
585,8,299.83,883.36,95.93,196.76,0.7538,-1,-1,-1
585,64,1559.83,605.61,112.18,223.96,0.4346,-1,-1,-1
586,4,1719.79,456.53,74.90,207.01,0.6226,-1,-1,-1
586,45,1144.53,854.21,89.17,226.28,0.6965,-1,-1,-1
586,25,244.41,952.96,82.58,126.91,0.7045,-1,-1,-1
586,47,1854.34,257.13,64.66,186.36,0.2876,-1,-1,-1
586,60,372.16,258.51,65.80,189.63,0.7199,-1,-1,-1
586,54,1645.11,247.25,81.46,187.24,0.5346,-1,-1,-1
586,49,809.28,68.43,64.88,249.62,0.4840,-1,-1,-1
586,3,1062.83,845.95,80.30,232.98,0.7110,-1,-1,-1
586,63,1004.42,927.83,61.54,150.38,0.6018,-1,-1,-1
586,8,300.96,885.97,94.81,194.14,0.7595,-1,-1,-1
586,64,1562.25,604.14,113.25,223.97,0.5347,-1,-1,-1
587,4,1721.13,455.43,73.71,209.07,0.6416,-1,-1,-1
587,45,1148.26,857.66,88.83,222.77,0.6705,-1,-1,-1
587,25,245.78,954.98,81.74,124.99,0.7238,-1,-1,-1
587,47,1854.91,257.36,64.59,186.29,0.3108,-1,-1,-1
587,60,371.38,258.86,65.69,189.51,0.7015,-1,-1,-1
587,54,1645.52,247.09,81.09,186.25,0.5093,-1,-1,-1
587,49,808.62,69.95,64.94,248.90,0.4750,-1,-1,-1
587,3,1065.21,847.72,79.15,230.57,0.7136,-1,-1,-1
587,63,1003.43,928.86,61.84,149.36,0.6300,-1,-1,-1
587,8,302.28,888.37,94.39,191.60,0.7585,-1,-1,-1
587,64,1561.18,603.39,112.69,226.44,0.5411,-1,-1,-1
588,4,1721.65,453.63,69.48,212.35,0.6284,-1,-1,-1
588,45,1149.77,858.43,91.64,221.94,0.6640,-1,-1,-1
588,25,246.30,957.47,81.71,122.54,0.7205,-1,-1,-1
588,47,1856.91,257.05,62.85,186.26,0.3227,-1,-1,-1
588,60,371.18,259.02,65.67,189.57,0.7078,-1,-1,-1
588,54,1647.06,245.68,79.47,186.71,0.5003,-1,-1,-1
588,49,808.61,70.01,64.57,248.72,0.4548,-1,-1,-1
588,3,1067.20,849.86,77.80,226.36,0.7057,-1,-1,-1
588,63,1002.18,929.83,62.49,149.51,0.6199,-1,-1,-1
588,8,302.85,890.93,93.97,189.09,0.7553,-1,-1,-1
588,64,1562.44,603.01,112.64,225.13,0.5310,-1,-1,-1
589,4,1723.26,455.10,69.62,209.45,0.6439,-1,-1,-1
589,45,1153.60,858.71,91.36,221.59,0.6851,-1,-1,-1
589,25,246.65,960.60,82.13,119.42,0.7214,-1,-1,-1
589,47,1858.35,255.52,61.25,187.49,0.2401,-1,-1,-1
589,60,370.56,260.01,65.53,187.88,0.7048,-1,-1,-1
589,54,1649.58,243.44,77.18,183.73,0.5038,-1,-1,-1
589,49,809.24,74.49,63.36,243.33,0.4087,-1,-1,-1
589,3,1067.52,851.01,78.40,226.29,0.7152,-1,-1,-1
589,63,1002.36,930.51,61.32,149.31,0.6251,-1,-1,-1
589,8,302.90,894.34,93.86,185.70,0.7669,-1,-1,-1
589,64,1560.40,603.46,112.59,226.17,0.5506,-1,-1,-1
590,4,1722.99,455.55,71.35,209.16,0.6052,-1,-1,-1
590,45,1156.69,861.38,90.33,218.86,0.6951,-1,-1,-1
590,25,246.41,963.10,82.13,116.92,0.6999,-1,-1,-1
590,47,1857.35,253.79,62.49,190.10,0.2625,-1,-1,-1
590,60,370.05,261.41,65.26,186.45,0.7152,-1,-1,-1
590,54,1652.62,241.15,74.62,183.61,0.5253,-1,-1,-1
590,49,809.06,73.28,62.72,244.64,0.3707,-1,-1,-1
590,3,1068.02,852.42,80.21,225.68,0.7315,-1,-1,-1
590,63,1001.79,930.97,61.16,149.01,0.6389,-1,-1,-1
590,8,304.73,895.99,92.76,183.65,0.7617,-1,-1,-1
590,64,1559.68,603.83,112.34,226.06,0.5485,-1,-1,-1
590,65,284.89,118.77,58.96,176.49,0.3604,-1,-1,-1
591,4,1723.25,457.04,71.37,207.32,0.6266,-1,-1,-1
591,45,1158.73,863.04,90.42,217.13,0.6914,-1,-1,-1
591,25,246.18,966.17,82.19,113.76,0.7019,-1,-1,-1
591,47,1858.66,254.30,61.22,191.63,0.2879,-1,-1,-1
591,60,369.08,262.60,66.00,185.33,0.7217,-1,-1,-1
591,54,1654.63,239.81,73.34,182.99,0.5822,-1,-1,-1
591,49,808.71,76.26,60.98,241.31,0.3321,-1,-1,-1
591,3,1068.95,853.39,81.77,225.16,0.7238,-1,-1,-1
591,63,1001.41,931.85,59.66,148.15,0.6285,-1,-1,-1
591,8,306.15,897.98,91.88,180.33,0.7611,-1,-1,-1
591,64,1559.99,603.80,112.22,225.80,0.5711,-1,-1,-1
591,65,284.29,120.28,58.87,175.58,0.3586,-1,-1,-1
592,4,1722.79,457.25,71.40,206.86,0.6258,-1,-1,-1
592,45,1158.24,865.59,92.69,214.57,0.6864,-1,-1,-1
592,25,247.64,968.82,82.24,111.17,0.7214,-1,-1,-1
592,47,1860.84,252.74,59.05,194.63,0.2189,-1,-1,-1
592,60,368.35,264.26,65.92,182.85,0.7178,-1,-1,-1
592,54,1655.93,237.92,73.60,185.35,0.6350,-1,-1,-1
592,49,808.99,81.62,59.06,235.46,0.3070,-1,-1,-1
592,3,1070.03,854.66,81.40,222.93,0.7158,-1,-1,-1
592,63,1000.73,932.70,59.40,147.35,0.5842,-1,-1,-1
592,8,307.77,901.41,90.72,177.00,0.7389,-1,-1,-1
592,64,1560.20,603.30,112.35,226.50,0.5072,-1,-1,-1
592,65,284.66,118.81,57.82,176.39,0.3565,-1,-1,-1
593,4,1721.34,455.38,70.44,211.19,0.6503,-1,-1,-1
593,45,1161.25,868.12,91.08,212.02,0.6765,-1,-1,-1
593,25,248.91,971.41,82.27,108.62,0.7291,-1,-1,-1
593,47,1864.73,255.58,55.16,191.51,0.2380,-1,-1,-1
593,60,367.63,265.25,66.23,183.62,0.7252,-1,-1,-1
593,54,1656.13,235.76,73.20,185.46,0.6659,-1,-1,-1
593,49,809.46,83.31,58.37,233.79,0.3160,-1,-1,-1
593,3,1071.57,855.68,80.65,221.36,0.7244,-1,-1,-1
593,63,1000.74,933.30,58.99,146.47,0.5826,-1,-1,-1
593,8,308.36,906.71,91.12,172.76,0.7732,-1,-1,-1
593,64,1560.62,603.34,111.49,226.37,0.4754,-1,-1,-1
593,65,283.91,118.04,58.45,177.60,0.3424,-1,-1,-1
594,4,1720.82,455.03,69.98,212.47,0.6487,-1,-1,-1
594,45,1163.13,870.36,90.08,209.79,0.6687,-1,-1,-1
594,25,249.75,974.84,84.54,105.20,0.7217,-1,-1,-1
594,47,1866.81,254.20,52.90,191.14,0.2194,-1,-1,-1
594,60,367.24,266.71,65.65,185.42,0.7208,-1,-1,-1
594,54,1657.09,233.37,71.90,186.43,0.6365,-1,-1,-1
594,49,809.34,88.63,57.79,228.43,0.2786,-1,-1,-1
594,3,1072.89,856.84,79.72,221.56,0.7191,-1,-1,-1
594,63,1000.98,934.67,58.16,145.30,0.5755,-1,-1,-1
594,8,309.31,909.99,92.67,169.86,0.7754,-1,-1,-1
594,64,1561.41,605.07,110.13,224.27,0.4862,-1,-1,-1
594,65,283.47,117.07,58.76,179.15,0.3429,-1,-1,-1
595,4,1720.84,454.02,70.32,213.30,0.6796,-1,-1,-1
595,45,1165.27,872.11,88.86,208.03,0.6599,-1,-1,-1
595,25,250.30,978.26,83.43,101.75,0.7020,-1,-1,-1
595,47,1869.78,255.43,49.82,188.81,0.1727,-1,-1,-1
595,60,366.34,269.07,65.93,187.65,0.7235,-1,-1,-1
595,54,1657.88,231.25,71.04,188.00,0.6287,-1,-1,-1
595,49,809.89,91.64,56.60,225.59,0.2656,-1,-1,-1
595,3,1074.09,858.68,80.19,220.90,0.7200,-1,-1,-1
595,63,1000.64,935.41,57.37,144.62,0.5939,-1,-1,-1
595,8,310.26,911.89,94.42,168.07,0.7616,-1,-1,-1
595,64,1562.07,605.34,109.55,223.93,0.4459,-1,-1,-1
595,65,282.98,115.17,59.25,180.49,0.3430,-1,-1,-1
596,4,1719.32,453.34,72.27,214.52,0.7020,-1,-1,-1
596,45,1169.16,873.94,85.26,206.20,0.6873,-1,-1,-1
596,25,251.02,981.12,83.45,98.90,0.7026,-1,-1,-1
596,60,365.46,269.99,66.10,190.70,0.7261,-1,-1,-1
596,54,1657.81,229.73,70.67,187.80,0.6110,-1,-1,-1
596,49,810.00,120.52,54.73,196.87,0.2140,-1,-1,-1
596,3,1074.53,860.84,81.27,219.18,0.7213,-1,-1,-1
596,63,1000.02,935.34,57.60,143.37,0.5739,-1,-1,-1
596,8,311.80,913.17,94.73,166.86,0.7692,-1,-1,-1
596,64,1562.31,606.07,109.26,223.78,0.4587,-1,-1,-1
596,65,283.02,116.77,59.28,178.90,0.3263,-1,-1,-1
597,4,1717.99,454.01,73.89,213.66,0.6876,-1,-1,-1
597,45,1171.78,875.75,83.47,204.36,0.6500,-1,-1,-1
597,25,251.31,982.75,83.92,97.27,0.6962,-1,-1,-1
597,60,364.52,271.68,66.48,191.17,0.7105,-1,-1,-1
597,54,1658.38,227.73,70.22,188.62,0.5946,-1,-1,-1
597,49,808.53,104.92,56.13,212.78,0.2376,-1,-1,-1
597,3,1076.11,863.19,79.13,216.96,0.6758,-1,-1,-1
597,63,999.42,935.81,58.39,142.12,0.6181,-1,-1,-1
597,8,313.73,913.75,94.53,166.29,0.7389,-1,-1,-1
597,64,1561.31,608.15,110.21,221.94,0.4121,-1,-1,-1
597,65,281.97,116.54,60.15,179.40,0.2908,-1,-1,-1
598,4,1716.23,453.86,75.84,213.48,0.7063,-1,-1,-1
598,45,1170.28,877.66,86.49,202.41,0.6631,-1,-1,-1
598,25,251.90,984.32,83.95,95.66,0.6774,-1,-1,-1
598,60,363.99,272.68,66.65,190.91,0.7065,-1,-1,-1
598,54,1657.65,226.63,69.81,189.21,0.5920,-1,-1,-1
598,49,808.69,127.52,55.50,189.75,0.2295,-1,-1,-1
598,3,1077.32,864.97,79.50,215.19,0.6630,-1,-1,-1
598,63,999.42,936.40,60.61,141.27,0.6252,-1,-1,-1
598,8,314.20,914.24,97.18,165.10,0.7353,-1,-1,-1
598,64,1560.26,610.61,111.15,219.67,0.3855,-1,-1,-1
598,65,281.05,115.68,60.78,180.83,0.2905,-1,-1,-1
599,4,1714.52,453.82,78.24,213.17,0.7032,-1,-1,-1
599,45,1171.62,880.40,86.37,199.65,0.6589,-1,-1,-1
599,25,253.11,985.46,81.19,94.51,0.6596,-1,-1,-1
599,60,364.38,273.13,66.15,191.64,0.6717,-1,-1,-1
599,54,1655.13,226.93,70.31,188.59,0.5514,-1,-1,-1
599,49,807.29,116.80,57.05,200.54,0.2483,-1,-1,-1
599,3,1078.44,867.17,81.18,212.98,0.6203,-1,-1,-1
599,63,998.76,936.80,60.62,140.79,0.6466,-1,-1,-1
599,8,314.06,915.99,100.12,162.85,0.7266,-1,-1,-1
599,64,1559.86,609.38,112.04,221.21,0.3646,-1,-1,-1
599,65,280.97,114.93,60.89,181.65,0.3118,-1,-1,-1
600,4,1714.10,453.90,79.01,212.04,0.7202,-1,-1,-1
600,45,1176.35,883.93,82.29,196.15,0.6593,-1,-1,-1
600,25,253.32,986.53,82.67,93.50,0.6490,-1,-1,-1
600,60,364.80,274.78,65.80,192.03,0.6766,-1,-1,-1
600,54,1652.61,226.65,70.95,186.09,0.5440,-1,-1,-1
600,49,808.06,136.25,55.89,180.97,0.2053,-1,-1,-1
600,3,1079.87,869.35,81.65,210.84,0.6534,-1,-1,-1
600,63,998.58,938.27,60.44,139.47,0.6410,-1,-1,-1
600,8,314.58,918.03,103.30,160.09,0.7043,-1,-1,-1
600,64,1560.32,608.08,112.32,221.26,0.3521,-1,-1,-1
600,65,281.48,114.18,59.92,182.49,0.2713,-1,-1,-1
600,66,429.57,74.27,53.98,160.68,0.3711,-1,-1,-1
601,4,1713.94,453.94,80.04,212.89,0.7015,-1,-1,-1
601,45,1176.12,886.42,83.18,193.64,0.6560,-1,-1,-1
601,25,253.45,986.86,84.09,93.15,0.6266,-1,-1,-1
601,60,364.22,274.95,65.53,195.72,0.7021,-1,-1,-1
601,54,1649.12,226.41,72.37,186.35,0.5773,-1,-1,-1
601,49,807.82,145.59,56.28,171.80,0.2304,-1,-1,-1
601,3,1081.01,871.89,84.18,208.25,0.6062,-1,-1,-1
601,63,998.55,939.54,59.06,138.17,0.6214,-1,-1,-1
601,8,314.88,919.74,103.84,158.36,0.7212,-1,-1,-1
601,64,1561.46,603.90,111.34,224.16,0.3936,-1,-1,-1
601,65,281.50,114.02,59.03,183.19,0.2342,-1,-1,-1
601,66,430.94,71.71,52.92,163.89,0.2832,-1,-1,-1
602,4,1712.39,454.94,82.00,212.21,0.6952,-1,-1,-1
602,45,1175.75,888.52,84.46,191.51,0.6501,-1,-1,-1
602,25,253.61,988.52,84.71,91.42,0.6103,-1,-1,-1
602,60,364.89,274.79,64.30,196.60,0.6820,-1,-1,-1
602,54,1648.00,226.88,72.04,184.11,0.5901,-1,-1,-1
602,49,807.72,147.53,56.17,169.97,0.2868,-1,-1,-1
602,3,1080.27,874.83,86.93,205.27,0.6727,-1,-1,-1
602,63,996.75,940.28,59.79,137.53,0.6519,-1,-1,-1
602,8,315.96,921.42,104.57,156.11,0.7223,-1,-1,-1
602,64,1562.14,600.55,113.91,225.92,0.5925,-1,-1,-1
602,65,280.38,114.19,60.20,183.28,0.2533,-1,-1,-1
602,66,431.93,69.30,52.89,168.72,0.2638,-1,-1,-1
603,4,1711.16,455.18,83.72,213.66,0.7155,-1,-1,-1
603,45,1176.47,890.85,83.52,189.18,0.6055,-1,-1,-1
603,25,254.09,990.97,84.68,89.01,0.6236,-1,-1,-1
603,60,364.00,276.28,65.43,195.69,0.6958,-1,-1,-1
603,54,1647.29,227.56,70.36,183.15,0.6224,-1,-1,-1
603,49,807.74,145.65,56.23,171.49,0.2886,-1,-1,-1
603,3,1080.84,877.72,87.67,202.38,0.6606,-1,-1,-1
603,63,996.08,940.91,59.38,136.93,0.6632,-1,-1,-1
603,8,316.66,924.20,104.64,153.80,0.7363,-1,-1,-1
603,64,1562.87,600.07,112.90,226.73,0.4901,-1,-1,-1
603,65,279.22,113.68,61.14,183.25,0.2620,-1,-1,-1
603,66,432.28,68.10,53.61,172.60,0.1931,-1,-1,-1
604,4,1709.73,454.80,85.24,212.31,0.7136,-1,-1,-1
604,45,1178.52,893.15,80.86,186.86,0.5320,-1,-1,-1
604,25,254.60,992.81,84.89,87.19,0.6277,-1,-1,-1
604,60,364.68,276.86,64.76,196.28,0.6818,-1,-1,-1
604,54,1648.54,227.44,67.00,182.24,0.6064,-1,-1,-1
604,49,807.65,145.13,56.59,171.99,0.2743,-1,-1,-1
604,3,1080.60,880.62,90.43,199.45,0.6016,-1,-1,-1
604,63,996.33,942.15,59.27,136.03,0.6401,-1,-1,-1
604,8,317.78,926.92,104.63,151.31,0.7546,-1,-1,-1
604,64,1563.20,599.06,112.69,227.81,0.4359,-1,-1,-1
604,65,278.42,111.80,62.18,184.49,0.2292,-1,-1,-1
605,4,1710.22,454.32,85.19,213.22,0.7031,-1,-1,-1
605,45,1182.03,895.89,75.36,184.13,0.5170,-1,-1,-1
605,25,254.67,994.67,85.43,85.33,0.6279,-1,-1,-1
605,60,363.65,277.00,66.26,196.04,0.6854,-1,-1,-1
605,54,1648.23,227.92,66.19,179.61,0.5556,-1,-1,-1
605,49,807.09,146.81,56.80,170.62,0.2433,-1,-1,-1
605,3,1083.93,883.06,89.84,197.02,0.5591,-1,-1,-1
605,63,996.43,943.34,59.11,135.32,0.6221,-1,-1,-1
605,8,319.72,929.76,102.29,148.69,0.7469,-1,-1,-1
605,64,1563.99,601.41,109.65,225.57,0.3550,-1,-1,-1
605,65,278.17,111.57,62.41,185.06,0.2462,-1,-1,-1
606,4,1711.00,454.71,84.96,213.03,0.6997,-1,-1,-1
606,45,1181.69,898.16,75.73,181.86,0.5181,-1,-1,-1
606,25,254.34,997.33,85.30,82.66,0.6129,-1,-1,-1
606,60,363.07,277.46,66.76,195.48,0.6934,-1,-1,-1
606,54,1647.16,228.05,66.16,178.12,0.5479,-1,-1,-1
606,49,807.01,146.01,57.47,170.52,0.2845,-1,-1,-1
606,3,1088.49,885.80,86.71,194.26,0.5630,-1,-1,-1
606,63,996.09,944.53,58.69,134.77,0.5919,-1,-1,-1
606,8,321.72,932.87,99.70,146.47,0.7542,-1,-1,-1
606,64,1562.16,605.48,109.82,223.51,0.5027,-1,-1,-1
606,65,278.00,111.09,62.72,185.79,0.2703,-1,-1,-1
607,4,1710.12,455.06,86.30,212.59,0.7108,-1,-1,-1
607,45,1182.11,898.36,75.94,181.65,0.4726,-1,-1,-1
607,25,254.12,1000.04,84.16,79.94,0.6118,-1,-1,-1
607,60,363.35,278.18,66.41,194.49,0.6975,-1,-1,-1
607,54,1646.44,227.39,65.60,177.68,0.5494,-1,-1,-1
607,49,806.70,144.77,57.74,172.36,0.2861,-1,-1,-1
607,3,1093.45,887.40,84.63,192.65,0.5639,-1,-1,-1
607,63,995.52,945.32,58.81,134.22,0.5981,-1,-1,-1
607,8,322.96,935.68,97.42,144.12,0.7347,-1,-1,-1
607,64,1562.97,608.78,108.80,220.81,0.4502,-1,-1,-1
607,65,276.73,109.10,63.99,187.87,0.2858,-1,-1,-1
607,66,433.66,71.74,51.61,172.83,0.4021,-1,-1,-1
608,4,1709.94,454.62,86.71,213.15,0.7104,-1,-1,-1
608,45,1183.72,899.34,74.04,180.68,0.5007,-1,-1,-1
608,25,253.52,1002.28,84.58,77.74,0.6198,-1,-1,-1
608,60,362.45,278.15,66.63,193.74,0.6766,-1,-1,-1
608,54,1645.84,226.35,64.10,180.11,0.5327,-1,-1,-1
608,49,806.41,143.26,58.48,173.69,0.3175,-1,-1,-1
608,3,1097.97,889.36,81.87,190.69,0.5831,-1,-1,-1
608,63,995.17,945.76,59.30,134.13,0.5936,-1,-1,-1
608,8,323.24,939.95,97.28,140.05,0.7447,-1,-1,-1
608,64,1562.72,610.26,108.60,219.15,0.4524,-1,-1,-1
608,65,275.45,109.03,64.93,187.97,0.2688,-1,-1,-1
608,66,434.50,71.90,51.17,173.79,0.3622,-1,-1,-1
609,4,1711.02,454.49,85.25,212.57,0.7438,-1,-1,-1
609,45,1183.34,900.32,78.84,179.70,0.5191,-1,-1,-1
609,25,253.58,1005.08,84.06,74.75,0.6139,-1,-1,-1
609,60,362.43,277.73,66.34,193.96,0.6860,-1,-1,-1
609,54,1642.99,223.81,66.15,185.04,0.5489,-1,-1,-1
609,49,806.80,139.31,58.37,177.31,0.2571,-1,-1,-1
609,3,1100.51,890.30,80.97,189.75,0.5877,-1,-1,-1
609,63,994.03,946.57,60.37,133.44,0.6188,-1,-1,-1
609,8,320.55,943.47,99.47,136.28,0.7329,-1,-1,-1
609,64,1562.54,608.53,108.21,221.41,0.4503,-1,-1,-1
609,65,274.79,110.65,66.21,186.29,0.2700,-1,-1,-1
609,66,435.23,71.13,51.10,175.28,0.3798,-1,-1,-1
610,4,1711.40,454.33,84.83,212.24,0.7385,-1,-1,-1
610,45,1183.43,900.71,79.64,179.28,0.5104,-1,-1,-1
610,25,253.63,1008.19,81.47,71.18,0.5552,-1,-1,-1
610,60,361.83,278.33,66.47,193.80,0.6980,-1,-1,-1
610,54,1640.88,221.95,66.76,183.77,0.5345,-1,-1,-1
610,49,807.83,138.21,57.51,177.71,0.2597,-1,-1,-1
610,3,1101.80,890.61,80.73,189.41,0.5698,-1,-1,-1
610,63,992.70,946.54,61.10,133.49,0.6248,-1,-1,-1
610,8,321.06,945.67,97.97,132.12,0.7273,-1,-1,-1
610,64,1563.83,600.95,110.58,226.26,0.3990,-1,-1,-1
610,65,275.99,111.52,65.11,185.17,0.2399,-1,-1,-1
610,66,435.46,72.53,51.43,173.92,0.3625,-1,-1,-1
610,67,592.44,552.93,85.49,228.51,0.5019,-1,-1,-1
611,4,1710.93,454.53,85.34,212.93,0.7416,-1,-1,-1
611,45,1183.34,902.05,81.03,177.92,0.5087,-1,-1,-1
611,25,254.10,1011.46,77.44,67.65,0.5008,-1,-1,-1
611,60,360.93,279.92,67.40,193.02,0.7043,-1,-1,-1
611,54,1639.70,219.15,66.50,184.06,0.5442,-1,-1,-1
611,49,805.63,131.44,58.74,186.35,0.2651,-1,-1,-1
611,3,1102.93,891.27,82.14,188.72,0.5775,-1,-1,-1
611,63,991.55,946.34,61.75,133.67,0.6318,-1,-1,-1
611,8,320.09,948.19,96.94,130.96,0.7307,-1,-1,-1
611,64,1564.84,596.54,111.57,228.99,0.5360,-1,-1,-1
611,65,274.03,105.73,67.09,190.89,0.2922,-1,-1,-1
611,66,436.20,74.86,51.64,171.71,0.3355,-1,-1,-1
611,67,586.64,549.45,91.30,232.75,0.5643,-1,-1,-1
612,4,1709.91,453.91,86.46,213.11,0.7545,-1,-1,-1
612,45,1181.78,903.98,82.95,176.00,0.5085,-1,-1,-1
612,25,253.45,1014.55,76.79,65.05,0.4781,-1,-1,-1
612,60,359.84,282.21,67.84,192.30,0.6712,-1,-1,-1
612,54,1637.95,216.51,67.10,185.42,0.5592,-1,-1,-1
612,49,804.70,130.31,59.50,187.78,0.3182,-1,-1,-1
612,3,1105.74,892.44,80.20,187.56,0.5754,-1,-1,-1
612,63,990.75,946.26,62.31,133.76,0.6087,-1,-1,-1
612,8,319.65,949.46,96.86,130.26,0.7591,-1,-1,-1
612,64,1565.89,600.15,109.76,225.83,0.4846,-1,-1,-1
612,65,273.26,108.74,67.67,187.94,0.2583,-1,-1,-1
612,66,437.24,76.13,50.69,171.02,0.2594,-1,-1,-1
612,67,580.71,548.19,97.35,234.69,0.6293,-1,-1,-1
613,4,1710.90,453.49,85.03,213.43,0.7484,-1,-1,-1
613,45,1183.19,906.60,83.22,173.35,0.3378,-1,-1,-1
613,25,253.51,1017.10,75.93,62.64,0.3960,-1,-1,-1
613,60,359.83,285.18,66.88,192.96,0.6756,-1,-1,-1
613,54,1636.51,213.77,67.49,187.98,0.5710,-1,-1,-1
613,49,804.57,134.22,59.83,184.28,0.3796,-1,-1,-1
613,3,1106.79,893.54,80.05,186.43,0.5132,-1,-1,-1
613,63,989.59,946.97,63.03,133.02,0.6227,-1,-1,-1
613,8,319.78,951.67,95.83,128.16,0.7304,-1,-1,-1
613,64,1564.50,604.58,108.58,223.52,0.5295,-1,-1,-1
613,65,271.44,98.70,69.63,197.59,0.2085,-1,-1,-1
613,66,438.69,77.48,49.86,170.48,0.2059,-1,-1,-1
613,67,578.92,547.83,99.81,235.45,0.6570,-1,-1,-1
614,4,1711.71,453.13,83.92,213.40,0.7399,-1,-1,-1
614,45,1185.64,909.97,81.37,170.03,0.4913,-1,-1,-1
614,25,254.00,1020.06,74.82,59.87,0.3787,-1,-1,-1
614,60,358.81,285.80,67.19,196.09,0.6762,-1,-1,-1
614,54,1634.65,212.14,68.18,185.96,0.5781,-1,-1,-1
614,49,806.06,137.20,58.49,181.10,0.3850,-1,-1,-1
614,3,1107.65,896.23,82.00,183.78,0.5918,-1,-1,-1
614,63,988.07,946.49,64.09,133.54,0.6457,-1,-1,-1
614,8,319.76,953.09,95.93,126.90,0.7287,-1,-1,-1
614,64,1563.34,607.73,108.60,221.70,0.4844,-1,-1,-1
614,67,576.46,548.19,101.70,236.09,0.6427,-1,-1,-1
615,4,1712.13,452.52,83.29,214.73,0.7523,-1,-1,-1
615,45,1189.11,913.49,80.00,166.53,0.4078,-1,-1,-1
615,25,252.22,1023.68,72.29,56.32,0.3560,-1,-1,-1
615,60,357.53,286.65,67.60,197.42,0.6711,-1,-1,-1
615,54,1632.41,210.39,69.14,185.12,0.5850,-1,-1,-1
615,49,806.06,140.74,58.28,178.48,0.3917,-1,-1,-1
615,3,1107.69,898.31,81.89,181.73,0.5792,-1,-1,-1
615,63,987.20,946.24,64.05,133.81,0.6480,-1,-1,-1
615,8,319.91,955.67,94.81,124.37,0.7234,-1,-1,-1
615,64,1562.52,607.16,109.23,222.52,0.4944,-1,-1,-1
615,67,575.86,548.11,100.89,235.87,0.6244,-1,-1,-1
616,4,1712.89,452.25,82.50,215.76,0.7285,-1,-1,-1
616,45,1194.37,915.61,77.90,164.14,0.4823,-1,-1,-1
616,25,254.71,1023.84,70.03,56.08,0.3792,-1,-1,-1
616,60,356.17,287.14,68.93,197.47,0.6789,-1,-1,-1
616,54,1630.76,209.70,70.04,183.92,0.5467,-1,-1,-1
616,49,805.78,142.72,58.60,177.00,0.3828,-1,-1,-1
616,3,1109.03,900.92,83.15,179.06,0.6108,-1,-1,-1
616,63,985.42,946.94,64.22,133.06,0.6758,-1,-1,-1
616,8,320.19,958.37,93.95,121.58,0.7311,-1,-1,-1
616,64,1561.63,606.12,110.41,223.69,0.5201,-1,-1,-1
616,67,576.43,547.21,97.40,233.31,0.5557,-1,-1,-1
617,4,1713.20,452.63,82.36,214.99,0.7014,-1,-1,-1
617,45,1194.50,918.17,78.76,161.77,0.3875,-1,-1,-1
617,25,254.09,1025.98,67.92,54.02,0.3570,-1,-1,-1
617,60,355.28,289.87,68.21,196.38,0.6577,-1,-1,-1
617,54,1629.30,208.95,71.14,185.31,0.5326,-1,-1,-1
617,49,806.17,144.22,58.39,176.30,0.3673,-1,-1,-1
617,3,1110.00,902.94,81.82,177.08,0.6097,-1,-1,-1
617,63,983.09,946.12,65.31,133.92,0.6921,-1,-1,-1
617,8,320.74,960.67,94.03,119.36,0.7203,-1,-1,-1
617,64,1560.80,602.70,112.07,226.88,0.5697,-1,-1,-1
617,67,577.29,545.49,81.14,232.64,0.4820,-1,-1,-1
618,4,1714.21,453.23,80.88,212.88,0.6880,-1,-1,-1
618,45,1193.84,920.36,79.80,159.64,0.4318,-1,-1,-1
618,25,254.46,1027.35,65.27,52.69,0.3312,-1,-1,-1
618,60,354.47,291.57,67.89,195.98,0.6654,-1,-1,-1
618,54,1627.44,208.60,72.68,185.73,0.4847,-1,-1,-1
618,49,807.35,144.83,58.25,174.62,0.3663,-1,-1,-1
618,3,1111.69,906.48,79.47,173.55,0.6349,-1,-1,-1
618,63,981.45,945.42,65.71,134.63,0.6972,-1,-1,-1
618,8,320.47,963.27,94.73,116.80,0.7008,-1,-1,-1
618,64,1561.81,603.17,110.45,226.11,0.4446,-1,-1,-1
618,67,574.97,542.20,73.88,234.54,0.5773,-1,-1,-1
619,4,1714.85,452.80,80.08,213.54,0.6918,-1,-1,-1
619,45,1193.86,922.09,82.08,157.62,0.5312,-1,-1,-1
619,25,255.10,1028.59,60.89,51.44,0.3197,-1,-1,-1
619,60,353.25,294.12,67.60,195.70,0.6109,-1,-1,-1
619,54,1624.84,208.00,75.22,188.78,0.4463,-1,-1,-1
619,49,807.32,146.02,57.41,172.99,0.3628,-1,-1,-1
619,3,1112.42,910.35,79.19,169.67,0.6639,-1,-1,-1
619,63,978.77,944.21,66.08,135.82,0.7038,-1,-1,-1
619,8,320.61,965.88,95.24,114.18,0.6982,-1,-1,-1
619,64,1560.97,607.63,110.46,222.17,0.3760,-1,-1,-1
619,67,572.58,540.93,70.85,236.61,0.6155,-1,-1,-1
620,4,1715.22,453.09,79.76,212.59,0.6930,-1,-1,-1
620,45,1192.79,922.77,84.60,157.01,0.5658,-1,-1,-1
620,25,257.32,1028.51,55.29,51.01,0.3046,-1,-1,-1
620,60,353.33,294.79,66.38,196.90,0.5673,-1,-1,-1
620,54,1623.03,208.15,77.12,187.94,0.4157,-1,-1,-1
620,49,807.13,145.93,59.07,172.26,0.3254,-1,-1,-1
620,3,1113.33,913.64,77.76,166.33,0.6600,-1,-1,-1
620,63,976.08,943.67,66.44,136.32,0.6943,-1,-1,-1
620,8,321.23,968.60,95.88,110.95,0.6981,-1,-1,-1
620,64,1562.69,606.49,108.51,223.40,0.4067,-1,-1,-1
620,67,570.92,539.50,71.74,237.47,0.6443,-1,-1,-1
621,4,1715.42,452.38,79.50,213.05,0.7087,-1,-1,-1
621,45,1192.58,924.12,85.59,155.38,0.4725,-1,-1,-1
621,25,258.57,1030.21,53.20,49.52,0.3100,-1,-1,-1
621,60,352.08,294.56,66.81,197.61,0.6339,-1,-1,-1
621,54,1621.56,209.00,77.81,185.07,0.4498,-1,-1,-1
621,49,807.08,145.23,59.56,172.87,0.3379,-1,-1,-1
621,3,1113.67,915.99,75.97,164.00,0.6782,-1,-1,-1
621,63,973.87,943.26,66.38,136.76,0.6659,-1,-1,-1
621,8,320.37,971.54,97.97,108.33,0.6485,-1,-1,-1
621,64,1562.62,607.51,108.60,221.95,0.4361,-1,-1,-1
621,67,569.41,538.28,69.36,237.91,0.6570,-1,-1,-1
622,4,1716.55,452.23,78.13,212.61,0.6980,-1,-1,-1
622,45,1193.57,925.05,85.02,153.96,0.3597,-1,-1,-1
622,25,259.28,1035.75,52.73,44.19,0.3251,-1,-1,-1
622,60,351.16,294.75,66.84,197.67,0.5805,-1,-1,-1
622,54,1621.13,209.48,78.11,183.25,0.4799,-1,-1,-1
622,49,806.92,144.67,59.78,174.16,0.3440,-1,-1,-1
622,3,1114.30,917.70,73.93,162.08,0.6792,-1,-1,-1
622,63,971.60,943.03,65.27,136.99,0.6663,-1,-1,-1
622,8,320.98,974.86,97.58,104.95,0.6335,-1,-1,-1
622,64,1562.71,609.83,108.39,219.26,0.3878,-1,-1,-1
622,67,566.68,537.24,63.88,238.42,0.7019,-1,-1,-1
623,4,1717.60,452.34,77.27,212.62,0.6939,-1,-1,-1
623,45,1194.07,926.27,88.00,152.40,0.3900,-1,-1,-1
623,25,260.37,1039.81,49.79,40.07,0.3112,-1,-1,-1
623,60,348.50,294.16,67.38,197.77,0.5882,-1,-1,-1
623,54,1621.04,209.83,77.24,182.10,0.4725,-1,-1,-1
623,49,806.65,145.89,58.59,173.57,0.3246,-1,-1,-1
623,3,1114.84,919.10,75.31,160.45,0.6547,-1,-1,-1
623,63,969.46,943.52,64.48,136.58,0.6763,-1,-1,-1
623,8,321.67,978.79,96.16,101.26,0.6843,-1,-1,-1
623,64,1562.08,612.13,108.69,217.29,0.3158,-1,-1,-1
623,67,562.92,537.55,61.23,241.73,0.6769,-1,-1,-1
624,4,1718.02,452.12,76.98,212.97,0.6897,-1,-1,-1
624,45,1195.13,927.59,88.76,150.55,0.4414,-1,-1,-1
624,25,260.92,1043.01,47.79,36.23,0.2832,-1,-1,-1
624,60,346.16,294.48,68.81,196.98,0.5790,-1,-1,-1
624,54,1621.54,208.69,76.45,182.26,0.4558,-1,-1,-1
624,49,806.61,144.64,59.15,174.87,0.3649,-1,-1,-1
624,3,1114.92,920.44,75.90,159.40,0.6741,-1,-1,-1
624,63,965.25,942.61,65.33,137.45,0.6753,-1,-1,-1
624,8,323.04,981.94,94.36,98.10,0.6982,-1,-1,-1
624,64,1561.75,610.66,109.57,218.81,0.4433,-1,-1,-1
624,67,559.95,537.15,61.27,242.41,0.6925,-1,-1,-1
625,4,1718.29,452.20,77.41,214.13,0.6919,-1,-1,-1
625,45,1196.51,930.86,87.75,147.18,0.5399,-1,-1,-1
625,25,261.23,1046.41,46.65,32.85,0.2132,-1,-1,-1
625,60,345.52,294.38,68.43,196.77,0.5621,-1,-1,-1
625,54,1622.10,207.96,74.86,184.26,0.4254,-1,-1,-1
625,49,807.00,143.91,58.87,175.22,0.3864,-1,-1,-1
625,3,1115.54,922.15,76.14,157.83,0.6686,-1,-1,-1
625,63,962.48,939.92,65.17,140.13,0.6797,-1,-1,-1
625,8,323.54,984.88,93.37,95.16,0.6975,-1,-1,-1
625,64,1562.08,608.61,109.10,220.91,0.3758,-1,-1,-1
625,67,555.10,537.32,62.62,242.42,0.7066,-1,-1,-1
626,4,1718.59,451.95,77.32,214.00,0.6844,-1,-1,-1
626,45,1196.47,932.31,88.25,146.09,0.4689,-1,-1,-1
626,25,261.26,1049.80,46.27,30.00,0.1687,-1,-1,-1
626,60,343.83,294.70,68.74,196.72,0.6192,-1,-1,-1
626,54,1622.76,206.05,73.99,181.90,0.4387,-1,-1,-1
626,49,806.13,143.07,59.76,176.40,0.3895,-1,-1,-1
626,3,1115.27,922.21,77.93,157.79,0.6547,-1,-1,-1
626,63,959.01,938.65,65.72,141.38,0.6711,-1,-1,-1
626,8,323.67,987.88,93.51,92.16,0.6836,-1,-1,-1
626,64,1562.28,606.69,108.70,222.88,0.4672,-1,-1,-1
626,67,547.94,537.96,66.75,241.26,0.6984,-1,-1,-1
627,4,1718.61,452.78,77.63,213.59,0.6835,-1,-1,-1
627,45,1194.30,933.74,91.53,144.73,0.6074,-1,-1,-1
627,60,342.99,295.35,69.03,196.02,0.6247,-1,-1,-1
627,54,1625.15,205.77,70.72,181.94,0.4336,-1,-1,-1
627,49,806.27,142.60,59.46,176.11,0.3769,-1,-1,-1
627,3,1115.85,923.31,77.76,156.67,0.6883,-1,-1,-1
627,63,957.91,937.51,64.20,142.47,0.6846,-1,-1,-1
627,8,324.74,990.78,93.35,89.17,0.6587,-1,-1,-1
627,64,1562.07,605.17,108.11,224.28,0.3564,-1,-1,-1
627,67,531.16,538.57,83.73,241.81,0.6551,-1,-1,-1
628,4,1718.68,451.89,77.40,214.63,0.6622,-1,-1,-1
628,45,1195.37,934.88,91.28,144.09,0.5783,-1,-1,-1
628,60,342.42,295.59,69.02,195.93,0.6484,-1,-1,-1
628,54,1625.91,202.32,69.59,186.94,0.3921,-1,-1,-1
628,49,806.70,142.64,59.19,175.31,0.3740,-1,-1,-1
628,3,1115.40,924.37,79.89,155.63,0.6673,-1,-1,-1
628,63,956.13,936.29,62.59,143.71,0.6827,-1,-1,-1
628,8,325.02,992.35,93.99,87.63,0.6306,-1,-1,-1
628,64,1563.21,604.07,106.86,225.16,0.3666,-1,-1,-1
628,67,516.53,538.50,98.09,241.37,0.7211,-1,-1,-1
629,4,1718.80,451.62,77.04,215.51,0.6915,-1,-1,-1
629,45,1194.58,936.33,94.70,143.21,0.6306,-1,-1,-1
629,60,342.34,296.46,68.56,195.56,0.6600,-1,-1,-1
629,54,1625.98,202.25,70.06,187.13,0.4388,-1,-1,-1
629,49,806.62,142.71,58.36,175.62,0.3712,-1,-1,-1
629,3,1115.25,924.92,81.60,155.08,0.7076,-1,-1,-1
629,63,954.06,934.97,61.95,145.05,0.6796,-1,-1,-1
629,8,324.72,994.84,94.64,85.18,0.6707,-1,-1,-1
629,64,1563.93,601.67,106.47,227.64,0.4909,-1,-1,-1
629,67,506.10,538.05,108.75,240.65,0.7399,-1,-1,-1
630,4,1717.99,450.91,78.41,215.65,0.6909,-1,-1,-1
630,45,1195.00,939.76,95.60,139.55,0.5786,-1,-1,-1
630,60,341.15,296.72,69.04,196.91,0.6680,-1,-1,-1
630,54,1626.16,201.02,69.26,186.71,0.5136,-1,-1,-1
630,49,808.12,143.01,56.33,174.83,0.4159,-1,-1,-1
630,3,1115.09,926.24,83.73,153.74,0.7039,-1,-1,-1
630,63,952.59,933.56,60.27,146.42,0.6849,-1,-1,-1
630,8,324.28,997.68,95.72,82.28,0.6848,-1,-1,-1
630,64,1564.11,603.72,106.08,225.11,0.4076,-1,-1,-1
630,67,499.62,537.75,114.37,239.32,0.7698,-1,-1,-1
631,4,1717.55,450.88,78.69,216.62,0.6827,-1,-1,-1
631,45,1196.77,942.52,93.56,135.75,0.5440,-1,-1,-1
631,60,340.34,297.72,69.52,199.84,0.6774,-1,-1,-1
631,54,1626.60,199.70,68.70,184.05,0.5343,-1,-1,-1
631,49,808.32,142.72,56.13,173.62,0.3789,-1,-1,-1
631,3,1115.28,927.72,86.18,152.27,0.6891,-1,-1,-1
631,63,950.56,932.16,59.67,147.56,0.6880,-1,-1,-1
631,8,324.39,998.93,96.14,81.05,0.6660,-1,-1,-1
631,64,1563.50,603.36,106.98,224.96,0.4554,-1,-1,-1
631,67,497.12,538.93,116.72,237.39,0.7584,-1,-1,-1
631,68,1440.75,1001.69,76.29,77.03,0.3642,-1,-1,-1
632,4,1717.17,451.34,79.78,216.34,0.7068,-1,-1,-1
632,45,1197.89,944.44,91.39,133.01,0.5047,-1,-1,-1
632,60,339.61,298.16,69.56,202.97,0.6922,-1,-1,-1
632,54,1627.03,197.06,67.97,182.16,0.5559,-1,-1,-1
632,49,807.20,143.69,57.23,173.21,0.4195,-1,-1,-1
632,3,1115.10,930.28,91.54,149.37,0.7013,-1,-1,-1
632,63,948.65,930.76,59.56,149.12,0.7070,-1,-1,-1
632,8,323.92,1001.29,97.19,78.69,0.6482,-1,-1,-1
632,64,1563.50,606.33,106.65,222.16,0.3847,-1,-1,-1
632,67,492.73,539.74,121.58,237.28,0.7763,-1,-1,-1
632,68,1438.19,995.84,76.38,82.83,0.3552,-1,-1,-1
632,69,1512.44,979.31,94.68,97.93,0.3807,-1,-1,-1
633,4,1717.51,451.17,79.70,216.15,0.7136,-1,-1,-1
633,45,1201.01,947.82,87.00,128.81,0.3326,-1,-1,-1
633,60,339.37,299.07,68.86,204.30,0.6829,-1,-1,-1
633,54,1627.68,194.69,66.19,182.25,0.5702,-1,-1,-1
633,49,805.95,144.46,58.40,173.35,0.3770,-1,-1,-1
633,3,1115.36,933.54,95.84,145.78,0.6816,-1,-1,-1
633,63,947.02,929.68,59.36,150.32,0.6644,-1,-1,-1
633,8,324.87,1002.29,96.26,77.41,0.6304,-1,-1,-1
633,64,1564.66,603.57,107.21,223.73,0.4580,-1,-1,-1
633,67,490.99,540.02,121.92,236.99,0.7858,-1,-1,-1
633,68,1436.55,989.58,75.57,90.07,0.3083,-1,-1,-1
633,69,1508.35,976.08,96.76,101.80,0.4565,-1,-1,-1
634,4,1717.05,450.39,80.34,215.99,0.7254,-1,-1,-1
634,45,1203.88,950.93,82.41,125.95,0.3170,-1,-1,-1
634,60,339.01,299.96,68.63,205.18,0.7080,-1,-1,-1
634,54,1627.94,192.70,65.38,182.83,0.5687,-1,-1,-1
634,49,806.62,144.95,57.73,173.24,0.3945,-1,-1,-1
634,3,1114.75,937.53,98.81,141.72,0.7035,-1,-1,-1
634,63,945.54,928.65,58.95,151.31,0.6845,-1,-1,-1
634,8,324.95,1004.51,96.30,74.76,0.6333,-1,-1,-1
634,64,1563.39,601.69,107.82,226.89,0.4654,-1,-1,-1
634,67,490.54,540.06,122.40,236.88,0.7748,-1,-1,-1
634,68,1434.17,988.19,75.13,91.83,0.2587,-1,-1,-1
634,69,1503.17,972.14,98.35,106.59,0.3793,-1,-1,-1
635,4,1716.70,450.57,80.64,215.42,0.7384,-1,-1,-1
635,45,1203.16,954.37,81.76,123.32,0.3278,-1,-1,-1
635,60,339.14,302.03,67.54,205.39,0.7040,-1,-1,-1
635,54,1626.99,191.91,65.36,182.65,0.5663,-1,-1,-1
635,49,806.59,145.04,57.89,173.18,0.4195,-1,-1,-1
635,3,1114.05,940.17,101.34,139.45,0.6977,-1,-1,-1
635,63,941.74,928.32,61.13,151.72,0.6757,-1,-1,-1
635,8,325.27,1007.30,95.70,71.72,0.6347,-1,-1,-1
635,64,1563.01,603.72,107.37,225.57,0.3784,-1,-1,-1
635,67,490.17,538.86,122.60,238.32,0.7707,-1,-1,-1
635,68,1431.03,984.91,76.97,95.24,0.2534,-1,-1,-1
635,69,1500.71,968.25,96.42,110.83,0.4735,-1,-1,-1
636,4,1716.37,450.91,81.22,215.62,0.7293,-1,-1,-1
636,45,1201.90,956.88,81.55,121.55,0.4322,-1,-1,-1
636,60,338.59,305.24,68.08,204.70,0.7116,-1,-1,-1
636,54,1626.27,190.66,65.08,183.30,0.5492,-1,-1,-1
636,49,806.87,145.54,57.35,173.73,0.3971,-1,-1,-1
636,3,1113.70,943.10,102.77,136.83,0.6898,-1,-1,-1
636,63,940.40,928.52,60.06,151.23,0.6554,-1,-1,-1
636,8,326.45,1010.45,93.32,68.79,0.6312,-1,-1,-1
636,64,1562.41,604.94,108.13,224.63,0.3694,-1,-1,-1
636,67,491.70,538.86,118.45,237.84,0.7661,-1,-1,-1
636,68,1427.32,980.00,78.49,100.18,0.4349,-1,-1,-1
636,69,1497.37,963.89,97.33,115.99,0.5060,-1,-1,-1
637,4,1716.45,450.76,81.21,216.31,0.7389,-1,-1,-1
637,45,1202.28,957.83,79.77,120.57,0.4514,-1,-1,-1
637,60,338.85,307.37,67.92,204.30,0.7040,-1,-1,-1
637,54,1625.48,189.61,64.74,184.21,0.5960,-1,-1,-1
637,49,806.81,145.37,57.58,174.80,0.4149,-1,-1,-1
637,3,1113.62,946.59,105.23,133.48,0.6875,-1,-1,-1
637,63,937.83,928.67,61.01,150.38,0.6502,-1,-1,-1
637,8,327.73,1014.16,91.07,65.66,0.6051,-1,-1,-1
637,64,1562.61,606.88,107.30,222.03,0.2850,-1,-1,-1
637,67,493.72,538.87,115.34,237.00,0.7364,-1,-1,-1
637,68,1425.37,977.98,78.21,102.22,0.3244,-1,-1,-1
637,69,1495.45,959.31,94.70,119.91,0.5610,-1,-1,-1
638,4,1716.71,450.99,80.30,215.69,0.7219,-1,-1,-1
638,45,1201.84,960.00,76.82,119.15,0.3877,-1,-1,-1
638,60,338.69,308.79,68.08,205.44,0.7075,-1,-1,-1
638,54,1625.14,190.29,63.74,182.97,0.5912,-1,-1,-1
638,49,806.74,145.28,57.83,174.76,0.4119,-1,-1,-1
638,3,1114.01,949.47,107.91,130.61,0.6374,-1,-1,-1
638,63,936.56,928.85,60.46,150.42,0.6524,-1,-1,-1
638,8,328.81,1019.01,88.20,60.97,0.5722,-1,-1,-1
638,64,1562.30,606.14,108.81,221.86,0.2711,-1,-1,-1
638,67,495.07,539.22,107.04,236.48,0.7298,-1,-1,-1
638,68,1422.25,977.24,76.76,102.94,0.5282,-1,-1,-1
638,69,1494.66,956.26,93.86,122.51,0.5613,-1,-1,-1
639,4,1716.95,451.65,79.88,215.94,0.7482,-1,-1,-1
639,45,1201.30,961.71,74.53,118.08,0.3343,-1,-1,-1
639,60,338.64,309.91,67.79,205.88,0.7232,-1,-1,-1
639,54,1624.84,190.57,63.15,182.38,0.6117,-1,-1,-1
639,49,806.31,144.23,58.20,176.19,0.4022,-1,-1,-1
639,3,1115.08,951.62,112.79,128.44,0.5282,-1,-1,-1
639,63,934.29,928.45,60.46,151.09,0.6443,-1,-1,-1
639,8,330.60,1023.76,83.67,56.27,0.5288,-1,-1,-1
639,64,1563.11,611.73,105.42,215.27,0.2095,-1,-1,-1
639,67,497.24,539.79,98.53,235.84,0.7105,-1,-1,-1
639,68,1418.30,977.35,77.28,102.79,0.5721,-1,-1,-1
639,69,1492.48,952.47,94.78,126.40,0.4897,-1,-1,-1
640,4,1716.55,451.88,80.29,215.27,0.7390,-1,-1,-1
640,45,1199.05,963.11,75.10,116.87,0.3438,-1,-1,-1
640,60,338.46,310.51,68.44,206.58,0.7181,-1,-1,-1
640,54,1625.25,190.82,61.54,182.11,0.6055,-1,-1,-1
640,49,806.48,144.56,58.23,176.05,0.4129,-1,-1,-1
640,3,1116.57,954.09,109.62,125.93,0.5277,-1,-1,-1
640,63,931.91,928.13,61.25,151.70,0.6265,-1,-1,-1
640,8,333.24,1027.72,74.66,52.29,0.4236,-1,-1,-1
640,64,1564.11,608.73,106.87,218.29,0.3087,-1,-1,-1
640,67,498.59,539.80,90.02,236.06,0.7165,-1,-1,-1
640,68,1414.75,976.47,77.85,103.61,0.5616,-1,-1,-1
640,69,1490.64,950.09,95.45,128.88,0.4889,-1,-1,-1
641,4,1716.33,452.14,80.80,214.44,0.7381,-1,-1,-1
641,45,1197.44,962.96,75.71,116.74,0.4452,-1,-1,-1
641,60,338.05,311.40,68.60,205.37,0.7136,-1,-1,-1
641,54,1624.80,189.32,61.24,182.19,0.5620,-1,-1,-1
641,49,806.36,144.09,58.60,176.35,0.4099,-1,-1,-1
641,3,1118.61,956.30,101.59,123.71,0.6080,-1,-1,-1
641,63,930.09,927.77,61.79,152.07,0.6151,-1,-1,-1
641,8,338.42,1031.85,56.22,48.12,0.2845,-1,-1,-1
641,64,1564.59,605.54,107.80,221.60,0.3209,-1,-1,-1
641,67,498.83,539.51,83.52,236.15,0.7126,-1,-1,-1
641,68,1412.24,974.71,77.76,105.36,0.5783,-1,-1,-1
641,69,1486.21,948.00,98.16,130.68,0.5458,-1,-1,-1
641,71,209.97,249.25,61.26,175.55,0.3865,-1,-1,-1
642,4,1716.25,452.51,80.52,214.42,0.7299,-1,-1,-1
642,45,1194.52,964.32,78.08,115.61,0.5287,-1,-1,-1
642,60,337.96,311.63,68.98,204.97,0.7164,-1,-1,-1
642,54,1625.20,189.84,59.40,180.38,0.5609,-1,-1,-1
642,49,806.02,144.77,59.06,175.58,0.4089,-1,-1,-1
642,3,1121.53,957.85,92.20,122.15,0.6293,-1,-1,-1
642,63,927.21,927.55,62.30,152.39,0.6156,-1,-1,-1
642,8,343.78,1034.54,44.00,45.44,0.3240,-1,-1,-1
642,64,1562.77,609.05,109.00,218.27,0.2919,-1,-1,-1
642,67,496.15,539.00,77.72,237.36,0.7326,-1,-1,-1
642,68,1410.25,972.33,76.52,107.72,0.6042,-1,-1,-1
642,69,1484.65,945.89,96.13,132.77,0.5388,-1,-1,-1
642,71,211.54,243.40,58.54,180.89,0.3443,-1,-1,-1
643,4,1715.66,453.62,80.89,213.47,0.7248,-1,-1,-1
643,45,1194.06,966.31,77.85,113.42,0.3814,-1,-1,-1
643,60,337.89,312.56,69.18,203.88,0.6933,-1,-1,-1
643,54,1624.45,189.60,58.80,182.30,0.5625,-1,-1,-1
643,49,805.93,145.33,59.11,175.16,0.4264,-1,-1,-1
643,3,1123.52,958.99,86.26,120.99,0.5933,-1,-1,-1
643,63,925.49,927.36,62.06,151.90,0.6343,-1,-1,-1
643,8,345.20,1037.50,39.63,42.46,0.2227,-1,-1,-1
643,64,1563.17,616.76,106.24,210.76,0.2655,-1,-1,-1
643,67,492.05,539.02,71.36,236.54,0.7055,-1,-1,-1
643,68,1407.13,969.72,78.01,110.29,0.6172,-1,-1,-1
643,69,1482.34,943.92,94.58,134.25,0.6204,-1,-1,-1
643,71,212.58,251.28,55.92,170.64,0.2096,-1,-1,-1
644,4,1715.36,452.82,81.23,213.83,0.7203,-1,-1,-1
644,45,1196.60,966.80,75.08,113.14,0.3696,-1,-1,-1
644,60,337.19,313.38,70.05,202.68,0.7102,-1,-1,-1
644,54,1624.04,188.77,57.74,180.59,0.6121,-1,-1,-1
644,49,805.89,145.61,59.00,175.71,0.4295,-1,-1,-1
644,3,1123.34,960.16,85.84,119.83,0.5941,-1,-1,-1
644,63,923.58,927.91,61.64,151.52,0.6794,-1,-1,-1
644,8,344.86,1040.18,37.56,39.57,0.1812,-1,-1,-1
644,64,1563.09,617.73,106.25,211.03,0.2640,-1,-1,-1
644,67,485.83,539.24,66.76,237.25,0.7516,-1,-1,-1
644,68,1403.48,966.31,79.54,113.70,0.6079,-1,-1,-1
644,69,1479.76,943.14,94.38,135.13,0.5815,-1,-1,-1
644,71,214.37,253.27,54.59,169.39,0.2796,-1,-1,-1
645,4,1715.66,452.86,81.10,213.85,0.7231,-1,-1,-1
645,45,1197.35,965.94,73.91,114.01,0.2515,-1,-1,-1
645,60,337.14,314.55,70.16,200.75,0.6926,-1,-1,-1
645,54,1623.45,188.13,57.11,179.23,0.6217,-1,-1,-1
645,49,805.83,145.54,58.97,175.53,0.4713,-1,-1,-1
645,3,1122.39,961.05,89.40,118.88,0.4910,-1,-1,-1
645,63,921.49,928.34,62.10,150.85,0.6906,-1,-1,-1
645,64,1563.59,619.30,105.73,208.60,0.2451,-1,-1,-1
645,67,477.90,539.59,68.17,238.12,0.7677,-1,-1,-1
645,68,1400.33,963.36,79.52,116.61,0.6032,-1,-1,-1
645,69,1475.24,942.59,95.83,136.03,0.5270,-1,-1,-1
645,71,215.25,251.90,52.78,170.77,0.2896,-1,-1,-1
646,4,1715.45,453.76,81.64,213.36,0.7331,-1,-1,-1
646,45,1196.40,968.71,74.69,111.29,0.4401,-1,-1,-1
646,60,336.62,316.83,70.38,198.68,0.7011,-1,-1,-1
646,54,1622.66,186.51,57.65,178.53,0.6409,-1,-1,-1
646,49,806.26,145.69,58.52,174.68,0.4737,-1,-1,-1
646,3,1124.10,962.47,82.26,117.50,0.5778,-1,-1,-1
646,63,919.40,928.28,62.60,150.82,0.6765,-1,-1,-1
646,64,1562.71,610.46,106.84,218.90,0.3780,-1,-1,-1
646,67,470.71,538.95,72.55,239.06,0.7730,-1,-1,-1
646,68,1395.30,959.56,82.33,120.43,0.6706,-1,-1,-1
646,69,1470.17,941.30,97.38,137.51,0.4551,-1,-1,-1
646,71,214.79,247.16,53.14,176.95,0.1842,-1,-1,-1
647,4,1715.41,453.29,82.04,213.88,0.7304,-1,-1,-1
647,45,1197.54,971.58,73.38,108.43,0.3719,-1,-1,-1
647,60,336.02,319.59,69.92,197.29,0.7119,-1,-1,-1
647,54,1622.09,184.43,58.31,180.62,0.6474,-1,-1,-1
647,49,806.47,145.77,58.23,174.10,0.4337,-1,-1,-1
647,3,1125.51,963.70,76.17,116.27,0.5150,-1,-1,-1
647,63,915.07,928.46,64.96,150.23,0.6716,-1,-1,-1
647,64,1562.26,612.15,107.65,218.03,0.3851,-1,-1,-1
647,67,466.52,538.51,74.53,239.45,0.7621,-1,-1,-1
647,68,1389.98,955.43,86.61,124.32,0.7059,-1,-1,-1
647,69,1467.98,939.51,94.78,140.06,0.5780,-1,-1,-1
647,71,216.51,251.43,50.19,170.99,0.1901,-1,-1,-1
648,4,1716.00,453.09,81.23,213.05,0.7300,-1,-1,-1
648,45,1198.17,975.21,72.22,104.76,0.4527,-1,-1,-1
648,60,335.99,320.49,68.96,197.79,0.7191,-1,-1,-1
648,54,1620.83,182.70,59.14,177.68,0.6565,-1,-1,-1
648,49,806.50,145.70,58.01,173.85,0.4482,-1,-1,-1
648,3,1125.46,965.63,76.18,114.30,0.5526,-1,-1,-1
648,63,911.38,929.04,67.89,149.51,0.6895,-1,-1,-1
648,64,1562.81,608.44,107.03,221.38,0.3647,-1,-1,-1
648,67,461.99,537.94,77.26,239.61,0.7501,-1,-1,-1
648,68,1386.69,951.99,88.42,127.36,0.7037,-1,-1,-1
648,69,1466.53,937.42,92.40,141.56,0.6301,-1,-1,-1
648,71,217.48,253.15,49.55,167.70,0.2362,-1,-1,-1
649,4,1716.53,453.51,82.32,213.21,0.7301,-1,-1,-1
649,45,1196.72,977.65,73.03,102.33,0.4528,-1,-1,-1
649,60,335.26,321.38,68.49,199.55,0.7240,-1,-1,-1
649,54,1619.49,181.39,60.31,178.14,0.6599,-1,-1,-1
649,49,806.49,145.42,58.24,174.00,0.4678,-1,-1,-1
649,3,1124.97,967.90,78.57,112.04,0.5289,-1,-1,-1
649,63,907.36,929.39,69.88,149.18,0.7046,-1,-1,-1
649,64,1562.89,605.53,107.43,222.97,0.2822,-1,-1,-1
649,67,458.97,538.44,78.69,238.31,0.7666,-1,-1,-1
649,68,1383.28,950.22,88.89,128.58,0.6951,-1,-1,-1
649,69,1462.25,933.71,94.07,144.32,0.6275,-1,-1,-1
649,71,218.37,252.67,48.43,168.56,0.2635,-1,-1,-1
650,4,1717.20,453.39,80.74,212.92,0.7360,-1,-1,-1
650,45,1194.56,981.35,74.69,98.67,0.4109,-1,-1,-1
650,60,334.90,322.54,67.42,202.98,0.7117,-1,-1,-1
650,54,1618.46,180.06,61.53,178.95,0.6243,-1,-1,-1
650,49,806.29,144.62,58.27,175.56,0.4636,-1,-1,-1
650,3,1125.68,970.77,74.80,108.85,0.4847,-1,-1,-1
650,63,904.42,931.03,70.80,147.55,0.7193,-1,-1,-1
650,64,1562.74,605.27,109.40,223.02,0.3269,-1,-1,-1
650,67,455.14,537.36,80.97,238.81,0.7779,-1,-1,-1
650,68,1379.00,947.42,88.30,131.14,0.7016,-1,-1,-1
650,69,1456.91,929.91,95.72,148.14,0.6492,-1,-1,-1
650,71,218.73,251.02,50.12,171.91,0.1692,-1,-1,-1
651,4,1717.39,453.69,80.40,212.54,0.7264,-1,-1,-1
651,45,1193.52,983.24,75.01,96.80,0.4307,-1,-1,-1
651,60,334.05,323.30,67.35,204.64,0.7221,-1,-1,-1
651,54,1617.14,177.90,63.22,178.31,0.6214,-1,-1,-1
651,49,805.62,143.81,59.02,176.84,0.4505,-1,-1,-1
651,3,1125.23,972.68,77.31,107.19,0.5221,-1,-1,-1
651,63,902.10,931.24,71.42,147.65,0.7266,-1,-1,-1
651,64,1561.59,603.27,111.51,224.91,0.3177,-1,-1,-1
651,67,453.19,537.18,81.93,238.67,0.7805,-1,-1,-1
651,68,1372.66,945.56,89.91,133.12,0.6956,-1,-1,-1
651,69,1455.59,927.25,94.23,151.75,0.6640,-1,-1,-1
651,71,219.39,248.91,50.00,174.32,0.1582,-1,-1,-1
652,4,1717.46,453.74,79.48,212.42,0.7174,-1,-1,-1
652,45,1188.27,987.01,78.68,93.03,0.4594,-1,-1,-1
652,60,333.44,325.24,66.82,205.27,0.7093,-1,-1,-1
652,54,1616.40,175.34,63.89,178.58,0.6510,-1,-1,-1
652,49,806.91,143.98,58.06,176.14,0.4757,-1,-1,-1
652,3,1125.82,975.58,69.62,104.39,0.4879,-1,-1,-1
652,63,900.10,931.03,71.30,147.25,0.6999,-1,-1,-1
652,64,1561.01,601.98,109.97,227.14,0.3302,-1,-1,-1
652,67,451.42,536.77,83.21,238.64,0.7728,-1,-1,-1
652,68,1368.46,943.56,91.49,135.14,0.6666,-1,-1,-1
652,69,1454.43,923.89,92.37,154.81,0.6130,-1,-1,-1
653,4,1718.16,453.18,79.12,212.96,0.7318,-1,-1,-1
653,45,1189.69,989.15,77.20,90.15,0.5711,-1,-1,-1
653,60,333.49,326.96,65.69,205.53,0.7244,-1,-1,-1
653,54,1615.76,174.55,65.02,176.21,0.6821,-1,-1,-1
653,49,806.48,144.78,58.21,175.42,0.5208,-1,-1,-1
653,3,1124.69,979.52,71.35,100.27,0.5600,-1,-1,-1
653,63,898.56,931.54,69.71,146.25,0.6972,-1,-1,-1
653,64,1560.94,598.84,111.09,229.47,0.3983,-1,-1,-1
653,67,449.79,536.56,85.01,238.36,0.7784,-1,-1,-1
653,68,1365.00,941.52,92.36,136.81,0.7058,-1,-1,-1
653,69,1451.09,918.46,92.24,160.67,0.6487,-1,-1,-1
654,4,1718.74,452.78,78.88,212.84,0.7318,-1,-1,-1
654,45,1194.03,991.44,73.01,86.98,0.5473,-1,-1,-1
654,60,333.83,328.55,64.13,206.13,0.7105,-1,-1,-1
654,54,1614.98,173.58,66.41,176.88,0.6423,-1,-1,-1
654,49,806.63,144.55,58.20,174.69,0.5029,-1,-1,-1
654,3,1124.00,982.71,69.12,96.73,0.5160,-1,-1,-1
654,63,898.04,932.16,66.46,145.50,0.6883,-1,-1,-1
654,64,1560.97,597.96,111.27,229.82,0.4415,-1,-1,-1
654,67,450.59,536.24,84.69,238.52,0.7814,-1,-1,-1
654,68,1361.22,939.77,92.28,137.52,0.6925,-1,-1,-1
654,69,1448.97,914.89,91.53,164.43,0.6314,-1,-1,-1
655,4,1718.57,452.58,78.95,213.23,0.7276,-1,-1,-1
655,45,1198.40,993.72,70.02,84.32,0.5787,-1,-1,-1
655,60,333.29,330.20,63.67,205.29,0.6949,-1,-1,-1
655,54,1614.33,169.36,67.92,180.82,0.5927,-1,-1,-1
655,49,806.39,144.86,58.34,174.65,0.4859,-1,-1,-1
655,3,1123.05,985.84,74.75,93.50,0.5834,-1,-1,-1
655,63,895.30,932.19,66.05,145.29,0.6859,-1,-1,-1
655,64,1562.15,598.35,110.57,229.95,0.4135,-1,-1,-1
655,67,451.33,536.07,83.25,238.62,0.7839,-1,-1,-1
655,68,1359.12,938.03,92.08,139.27,0.6736,-1,-1,-1
655,69,1445.76,914.15,91.63,165.59,0.6461,-1,-1,-1
656,4,1718.78,452.18,78.53,213.89,0.7411,-1,-1,-1
656,45,1199.87,995.31,70.19,82.90,0.5799,-1,-1,-1
656,60,332.08,331.52,64.51,206.03,0.6911,-1,-1,-1
656,54,1613.70,167.04,69.04,181.31,0.5936,-1,-1,-1
656,49,807.21,144.82,57.41,174.94,0.4742,-1,-1,-1
656,3,1122.79,988.26,72.84,90.35,0.5595,-1,-1,-1
656,63,892.00,932.36,66.65,144.94,0.7030,-1,-1,-1
656,64,1561.29,595.85,110.52,231.98,0.3193,-1,-1,-1
656,67,453.00,535.05,81.08,239.42,0.7882,-1,-1,-1
656,68,1357.91,935.78,91.69,141.51,0.6801,-1,-1,-1
656,69,1441.07,911.15,93.93,168.61,0.6138,-1,-1,-1
657,4,1718.67,452.10,79.03,213.92,0.7389,-1,-1,-1
657,45,1198.01,996.75,73.17,81.68,0.5638,-1,-1,-1
657,60,330.50,332.89,64.95,206.01,0.6785,-1,-1,-1
657,54,1612.62,167.72,70.82,178.77,0.6013,-1,-1,-1
657,49,805.64,145.25,59.10,175.49,0.4416,-1,-1,-1
657,3,1122.13,990.07,68.70,88.23,0.5349,-1,-1,-1
657,63,888.30,932.05,67.86,145.61,0.6987,-1,-1,-1
657,64,1562.22,593.71,110.31,233.73,0.3877,-1,-1,-1
657,67,453.95,534.99,79.44,239.62,0.7762,-1,-1,-1
657,68,1357.86,933.07,90.69,144.58,0.6725,-1,-1,-1
657,69,1435.58,907.90,96.45,171.38,0.6419,-1,-1,-1
658,4,1719.04,451.93,78.21,214.70,0.7168,-1,-1,-1
658,45,1196.03,998.23,76.91,80.49,0.5990,-1,-1,-1
658,60,328.83,333.68,65.23,205.80,0.6809,-1,-1,-1
658,54,1611.44,167.42,72.65,177.04,0.5992,-1,-1,-1
658,49,805.96,144.38,59.11,175.25,0.4292,-1,-1,-1
658,3,1119.54,990.68,70.54,87.47,0.5450,-1,-1,-1
658,63,885.43,932.36,68.78,145.72,0.7058,-1,-1,-1
658,64,1561.68,594.89,110.58,232.71,0.3068,-1,-1,-1
658,67,453.10,533.98,78.91,240.57,0.7580,-1,-1,-1
658,68,1355.09,929.61,90.90,147.68,0.6754,-1,-1,-1
658,69,1432.21,905.70,96.26,173.19,0.6659,-1,-1,-1
659,4,1718.44,452.10,79.34,214.69,0.7406,-1,-1,-1
659,45,1195.25,999.57,80.03,79.98,0.6218,-1,-1,-1
659,60,325.71,333.10,67.64,206.42,0.7249,-1,-1,-1
659,54,1611.09,167.06,74.11,176.50,0.6062,-1,-1,-1
659,49,806.16,143.87,58.97,176.61,0.4360,-1,-1,-1
659,3,1117.95,991.84,75.44,86.57,0.6020,-1,-1,-1
659,63,882.78,932.59,68.46,145.25,0.7049,-1,-1,-1
659,64,1563.87,597.87,105.29,229.43,0.2884,-1,-1,-1
659,67,451.89,531.70,79.17,241.76,0.7663,-1,-1,-1
659,68,1352.40,926.76,91.20,150.62,0.6727,-1,-1,-1
659,69,1429.38,904.61,95.99,173.64,0.6159,-1,-1,-1
660,4,1718.21,451.80,79.05,214.60,0.7282,-1,-1,-1
660,45,1194.22,1001.83,82.90,77.99,0.6208,-1,-1,-1
660,60,323.33,333.37,68.90,205.89,0.7231,-1,-1,-1
660,54,1612.04,166.44,74.10,177.89,0.6507,-1,-1,-1
660,49,805.72,144.44,59.13,176.04,0.4487,-1,-1,-1
660,3,1116.00,993.52,77.31,84.95,0.6368,-1,-1,-1
660,63,880.57,932.21,67.77,145.30,0.6979,-1,-1,-1
660,64,1562.46,598.56,108.01,228.70,0.2810,-1,-1,-1
660,67,449.85,530.53,77.57,240.59,0.7580,-1,-1,-1
660,68,1350.12,923.51,91.61,153.02,0.6754,-1,-1,-1
660,69,1426.80,902.55,98.09,175.41,0.6234,-1,-1,-1
661,4,1718.26,451.86,79.51,213.63,0.7524,-1,-1,-1
661,45,1192.70,1004.82,85.84,75.19,0.5828,-1,-1,-1
661,60,321.81,333.80,69.26,204.83,0.6932,-1,-1,-1
661,54,1613.38,166.43,74.33,175.88,0.6522,-1,-1,-1
661,49,806.37,144.36,58.66,175.48,0.4403,-1,-1,-1
661,3,1113.38,994.24,75.47,84.49,0.6001,-1,-1,-1
661,63,878.76,931.44,66.27,146.99,0.6725,-1,-1,-1
661,64,1560.07,601.59,112.38,225.34,0.3094,-1,-1,-1
661,67,447.97,530.47,71.78,239.71,0.7662,-1,-1,-1
661,68,1348.31,920.78,90.38,155.41,0.6761,-1,-1,-1
661,69,1425.06,900.82,98.93,176.84,0.6334,-1,-1,-1
662,4,1717.99,451.75,79.87,213.68,0.7499,-1,-1,-1
662,45,1192.69,1005.82,86.78,73.87,0.5341,-1,-1,-1
662,60,320.72,333.95,69.30,204.63,0.7007,-1,-1,-1
662,54,1613.49,165.84,75.18,175.71,0.6393,-1,-1,-1
662,49,806.21,143.37,58.63,175.55,0.4636,-1,-1,-1
662,3,1111.80,996.15,74.95,82.62,0.6013,-1,-1,-1
662,63,876.23,930.30,65.35,148.72,0.6625,-1,-1,-1
662,64,1560.37,597.23,114.10,230.41,0.3856,-1,-1,-1
662,67,443.82,530.18,70.37,240.03,0.7831,-1,-1,-1
662,68,1345.84,916.33,87.95,159.95,0.6171,-1,-1,-1
662,69,1423.13,898.48,100.21,179.52,0.4921,-1,-1,-1
663,4,1717.89,452.25,81.26,212.99,0.7379,-1,-1,-1
663,45,1192.92,1007.81,85.88,71.43,0.5119,-1,-1,-1
663,60,320.49,334.24,68.71,204.16,0.7132,-1,-1,-1
663,54,1615.21,164.87,74.24,175.15,0.6154,-1,-1,-1
663,49,806.79,143.27,58.03,175.16,0.4403,-1,-1,-1
663,3,1110.65,997.77,70.18,80.92,0.5351,-1,-1,-1
663,63,874.53,929.64,63.77,149.22,0.6633,-1,-1,-1
663,64,1562.20,599.63,112.82,227.25,0.3766,-1,-1,-1
663,67,439.55,529.27,68.91,239.62,0.8056,-1,-1,-1
663,68,1342.55,911.61,87.23,165.72,0.6734,-1,-1,-1
663,69,1421.82,895.96,98.63,183.30,0.6286,-1,-1,-1
664,4,1717.77,452.54,82.09,213.36,0.7253,-1,-1,-1
664,45,1193.41,1009.68,84.57,69.80,0.4593,-1,-1,-1
664,60,320.14,335.08,68.21,203.19,0.7018,-1,-1,-1
664,54,1616.23,163.90,74.03,178.02,0.6265,-1,-1,-1
664,49,805.88,143.10,58.50,175.31,0.4362,-1,-1,-1
664,3,1109.19,1000.25,66.44,78.60,0.5257,-1,-1,-1
664,63,872.09,929.52,64.05,148.67,0.6801,-1,-1,-1
664,64,1559.98,600.00,114.28,226.38,0.3215,-1,-1,-1
664,67,435.17,528.18,67.61,240.71,0.7957,-1,-1,-1
664,68,1340.46,907.76,86.00,170.43,0.6325,-1,-1,-1
664,69,1420.89,892.91,95.77,186.83,0.6075,-1,-1,-1
665,4,1718.05,452.44,82.08,213.26,0.7288,-1,-1,-1
665,45,1194.85,1012.41,76.57,67.47,0.4698,-1,-1,-1
665,60,317.92,335.04,69.43,203.15,0.6933,-1,-1,-1
665,54,1617.60,162.51,73.18,182.12,0.5979,-1,-1,-1
665,49,806.79,143.19,57.64,175.17,0.4679,-1,-1,-1
665,3,1106.50,1001.98,73.59,77.51,0.5657,-1,-1,-1
665,63,869.12,930.28,64.98,148.48,0.6745,-1,-1,-1
665,64,1560.41,598.66,113.69,227.74,0.3465,-1,-1,-1
665,67,431.74,526.79,63.99,243.12,0.7424,-1,-1,-1
665,68,1338.31,904.38,83.49,173.95,0.6504,-1,-1,-1
665,69,1417.57,886.97,97.44,193.02,0.6329,-1,-1,-1
666,4,1717.93,452.19,81.86,213.97,0.7039,-1,-1,-1
666,45,1194.84,1014.72,72.41,65.29,0.4934,-1,-1,-1
666,60,314.19,335.67,72.33,203.67,0.6716,-1,-1,-1
666,54,1618.61,161.15,72.66,182.98,0.6062,-1,-1,-1
666,49,807.40,143.13,56.79,173.86,0.4450,-1,-1,-1
666,3,1104.61,1004.56,76.97,74.74,0.5718,-1,-1,-1
666,63,866.98,930.20,65.56,148.29,0.6919,-1,-1,-1
666,64,1559.88,599.44,114.86,227.71,0.3518,-1,-1,-1
666,67,428.57,526.52,62.91,246.17,0.7490,-1,-1,-1
666,68,1334.65,902.44,82.37,175.80,0.6550,-1,-1,-1
666,69,1413.85,883.01,100.48,197.05,0.6425,-1,-1,-1
667,4,1717.24,452.65,82.61,214.11,0.6938,-1,-1,-1
667,45,1195.70,1017.24,68.17,62.83,0.5359,-1,-1,-1
667,60,309.46,337.84,77.25,203.51,0.7026,-1,-1,-1
667,54,1619.80,159.70,72.15,183.94,0.6139,-1,-1,-1
667,49,807.09,144.19,57.09,173.48,0.4431,-1,-1,-1
667,3,1103.49,1007.08,72.75,71.60,0.5467,-1,-1,-1
667,63,864.47,930.02,66.06,148.42,0.6827,-1,-1,-1
667,64,1559.70,598.92,114.33,227.76,0.4158,-1,-1,-1
667,67,425.86,526.25,62.62,247.70,0.7496,-1,-1,-1
667,68,1331.80,899.77,81.67,179.09,0.6585,-1,-1,-1
667,69,1409.37,880.25,99.74,199.86,0.6888,-1,-1,-1
668,4,1717.07,452.69,83.47,214.08,0.7214,-1,-1,-1
668,45,1195.80,1020.00,64.08,59.81,0.5499,-1,-1,-1
668,60,309.30,340.69,77.10,204.04,0.6966,-1,-1,-1
668,54,1621.43,157.32,72.15,183.27,0.5987,-1,-1,-1
668,49,807.89,143.29,56.17,173.66,0.4513,-1,-1,-1
668,3,1103.32,1009.74,70.82,68.16,0.5578,-1,-1,-1
668,63,862.27,929.71,66.38,148.57,0.6843,-1,-1,-1
668,64,1559.75,600.73,114.40,226.54,0.3891,-1,-1,-1
668,67,422.93,526.61,63.30,246.27,0.7645,-1,-1,-1
668,68,1330.09,898.41,81.83,180.46,0.6544,-1,-1,-1
668,69,1406.51,876.84,99.25,203.26,0.6794,-1,-1,-1
668,66,479.07,122.38,51.90,166.12,0.3394,-1,-1,-1
669,4,1717.60,452.04,83.10,215.37,0.6934,-1,-1,-1
669,45,1196.06,1024.44,60.87,55.32,0.4727,-1,-1,-1
669,60,310.22,344.39,76.17,203.99,0.7223,-1,-1,-1
669,54,1622.34,154.26,72.43,184.26,0.6094,-1,-1,-1
669,49,807.51,144.34,56.67,173.23,0.4307,-1,-1,-1
669,3,1104.11,1012.79,63.13,64.22,0.4827,-1,-1,-1
669,63,859.56,930.06,67.10,148.43,0.6620,-1,-1,-1
669,64,1560.00,601.38,114.56,226.01,0.3868,-1,-1,-1
669,67,417.95,526.97,67.32,246.50,0.7526,-1,-1,-1
669,68,1328.90,897.38,80.74,181.35,0.6977,-1,-1,-1
669,69,1404.27,874.43,98.87,205.64,0.7230,-1,-1,-1
669,66,479.42,124.24,53.25,164.22,0.3489,-1,-1,-1
670,4,1717.00,452.19,84.11,214.98,0.7124,-1,-1,-1
670,45,1196.54,1028.10,57.88,51.09,0.4301,-1,-1,-1
670,60,310.93,346.30,74.57,205.19,0.7318,-1,-1,-1
670,54,1623.73,153.17,71.99,184.14,0.6212,-1,-1,-1
670,49,806.41,144.72,57.80,173.96,0.4427,-1,-1,-1
670,3,1104.39,1016.01,62.74,60.75,0.4966,-1,-1,-1
670,63,857.39,929.65,67.72,149.04,0.6725,-1,-1,-1
670,64,1561.55,599.78,112.37,226.82,0.3977,-1,-1,-1
670,67,411.38,527.42,72.84,245.73,0.7738,-1,-1,-1
670,68,1326.72,896.00,80.21,182.86,0.7184,-1,-1,-1
670,69,1401.46,871.09,101.36,208.97,0.6869,-1,-1,-1
670,66,479.41,118.21,54.41,170.15,0.3426,-1,-1,-1
671,4,1716.71,452.58,84.96,214.54,0.7190,-1,-1,-1
671,45,1197.31,1031.77,52.97,47.74,0.3962,-1,-1,-1
671,60,310.93,347.73,73.96,207.61,0.7610,-1,-1,-1
671,54,1625.12,152.11,70.91,182.70,0.6196,-1,-1,-1
671,49,806.64,144.62,57.44,174.02,0.4937,-1,-1,-1
671,3,1103.80,1019.81,55.68,57.42,0.5069,-1,-1,-1
671,63,855.43,929.98,68.12,148.68,0.6830,-1,-1,-1
671,64,1561.80,601.07,113.11,226.26,0.3995,-1,-1,-1
671,67,406.29,527.43,76.67,245.69,0.7844,-1,-1,-1
671,68,1324.83,894.98,78.63,184.00,0.7098,-1,-1,-1
671,69,1400.04,866.86,101.40,213.05,0.6961,-1,-1,-1
671,66,478.88,117.65,55.78,171.07,0.3793,-1,-1,-1
672,4,1716.66,452.03,84.88,214.76,0.7043,-1,-1,-1
672,45,1197.42,1034.46,49.43,45.30,0.3786,-1,-1,-1
672,60,311.29,348.96,72.86,207.71,0.7650,-1,-1,-1
672,54,1626.78,154.81,69.03,177.14,0.5871,-1,-1,-1
672,49,806.28,143.98,57.66,175.46,0.4741,-1,-1,-1
672,3,1105.53,1024.34,49.48,54.03,0.4843,-1,-1,-1
672,63,854.19,929.39,67.61,149.11,0.6777,-1,-1,-1
672,64,1560.78,599.95,113.77,227.53,0.3591,-1,-1,-1
672,67,402.80,528.41,79.46,244.47,0.7848,-1,-1,-1
672,68,1320.09,894.10,80.93,185.44,0.7341,-1,-1,-1
672,69,1399.88,862.43,100.70,217.60,0.7250,-1,-1,-1
672,66,480.09,123.25,53.62,166.51,0.3252,-1,-1,-1
673,4,1716.42,452.59,85.83,214.79,0.7263,-1,-1,-1
673,45,1197.24,1036.17,44.85,43.67,0.3755,-1,-1,-1
673,60,311.56,350.85,71.96,207.91,0.7739,-1,-1,-1
673,54,1627.50,155.69,68.16,175.90,0.5827,-1,-1,-1
673,49,807.21,144.12,56.70,175.62,0.4708,-1,-1,-1
673,3,1107.34,1028.97,45.56,50.37,0.4311,-1,-1,-1
673,63,853.30,929.63,66.69,149.41,0.6824,-1,-1,-1
673,64,1560.27,600.31,112.95,226.88,0.3478,-1,-1,-1
673,67,400.25,529.95,81.64,243.51,0.7857,-1,-1,-1
673,68,1316.79,892.05,81.67,187.89,0.7125,-1,-1,-1
673,69,1400.97,860.73,96.69,219.34,0.6946,-1,-1,-1
673,66,480.67,126.84,53.05,164.69,0.3666,-1,-1,-1
673,72,428.72,134.73,45.42,153.36,0.3560,-1,-1,-1
673,71,228.23,233.75,59.77,173.58,0.3535,-1,-1,-1
674,4,1715.87,452.63,87.35,215.03,0.7274,-1,-1,-1
674,45,1196.80,1037.39,42.84,42.62,0.3224,-1,-1,-1
674,60,311.12,351.85,72.26,208.80,0.7631,-1,-1,-1
674,54,1628.04,156.14,67.49,173.99,0.5283,-1,-1,-1
674,49,807.20,144.48,56.76,175.10,0.4514,-1,-1,-1
674,3,1108.68,1031.62,42.76,48.29,0.4071,-1,-1,-1
674,63,851.32,929.26,65.89,150.32,0.6867,-1,-1,-1
674,64,1563.20,599.56,106.61,227.48,0.4024,-1,-1,-1
674,67,397.46,530.37,83.88,243.58,0.7803,-1,-1,-1
674,68,1313.10,889.22,82.20,190.83,0.7253,-1,-1,-1
674,69,1399.81,858.91,93.80,221.20,0.5807,-1,-1,-1
674,66,480.12,128.58,52.85,166.00,0.4241,-1,-1,-1
674,72,428.98,134.43,45.57,154.99,0.3384,-1,-1,-1
674,71,228.64,232.28,61.95,173.66,0.2760,-1,-1,-1
675,4,1715.68,452.60,87.79,214.03,0.7090,-1,-1,-1
675,45,1196.37,1041.05,42.48,39.04,0.3342,-1,-1,-1
675,60,311.57,353.18,72.01,209.89,0.7551,-1,-1,-1
675,54,1627.94,156.10,67.13,174.08,0.5499,-1,-1,-1
675,49,806.61,144.54,57.50,175.38,0.4836,-1,-1,-1
675,3,1109.14,1035.59,41.31,44.52,0.3529,-1,-1,-1
675,63,850.76,930.16,63.83,149.82,0.6794,-1,-1,-1
675,64,1561.26,609.55,109.81,218.98,0.4200,-1,-1,-1
675,67,393.97,529.40,87.27,244.92,0.7812,-1,-1,-1
675,68,1307.12,886.45,84.32,193.33,0.7487,-1,-1,-1
675,69,1394.67,860.64,102.85,219.49,0.5475,-1,-1,-1
675,66,479.62,127.65,53.66,170.24,0.4514,-1,-1,-1
675,72,429.61,134.45,45.61,158.07,0.3504,-1,-1,-1
675,71,229.97,231.23,63.23,176.37,0.3062,-1,-1,-1
676,4,1716.27,453.16,87.03,213.10,0.7212,-1,-1,-1
676,45,1196.03,1043.32,43.48,36.81,0.3286,-1,-1,-1
676,60,311.78,355.18,71.20,209.39,0.7454,-1,-1,-1
676,54,1627.95,155.25,66.51,178.52,0.5770,-1,-1,-1
676,49,807.16,144.88,56.94,174.88,0.4153,-1,-1,-1
676,3,1109.43,1038.89,40.33,41.30,0.2579,-1,-1,-1
676,63,849.40,930.65,62.28,149.52,0.6680,-1,-1,-1
676,64,1561.06,623.70,108.31,205.14,0.2864,-1,-1,-1
676,67,390.26,530.49,90.74,244.41,0.7890,-1,-1,-1
676,68,1302.80,883.52,84.41,196.55,0.7680,-1,-1,-1
676,69,1385.01,860.96,105.67,219.22,0.6200,-1,-1,-1
676,66,480.23,128.84,54.72,171.46,0.4888,-1,-1,-1
676,72,428.30,139.41,47.66,154.34,0.3070,-1,-1,-1
676,71,232.14,232.66,65.56,172.82,0.2951,-1,-1,-1
677,4,1716.07,453.22,87.29,213.20,0.7147,-1,-1,-1
677,45,1195.83,1045.31,45.61,34.74,0.3255,-1,-1,-1
677,60,311.53,355.68,71.89,209.40,0.7469,-1,-1,-1
677,54,1627.25,156.03,65.93,175.81,0.5575,-1,-1,-1
677,49,806.56,145.39,57.14,173.46,0.4295,-1,-1,-1
677,3,1109.21,1041.78,40.07,38.19,0.2351,-1,-1,-1
677,63,847.95,930.50,62.18,149.49,0.6736,-1,-1,-1
677,64,1561.24,608.98,109.00,218.94,0.2922,-1,-1,-1
677,67,384.74,530.82,95.56,244.37,0.7919,-1,-1,-1
677,68,1299.68,879.79,84.72,199.41,0.7790,-1,-1,-1
677,69,1376.31,859.37,106.39,220.72,0.6729,-1,-1,-1
677,66,479.59,129.62,55.87,173.50,0.4869,-1,-1,-1
677,72,426.59,141.49,48.38,153.99,0.3171,-1,-1,-1
677,71,232.92,230.30,65.66,175.39,0.3573,-1,-1,-1
678,4,1716.14,453.31,87.34,213.40,0.6948,-1,-1,-1
678,45,1194.92,1047.75,48.21,32.28,0.3038,-1,-1,-1
678,60,311.51,356.73,71.75,209.23,0.7369,-1,-1,-1
678,54,1625.85,156.35,66.60,174.04,0.5404,-1,-1,-1
678,49,806.59,144.98,57.08,173.32,0.4275,-1,-1,-1
678,3,1108.32,1043.46,40.47,36.21,0.2318,-1,-1,-1
678,63,846.47,929.62,62.64,150.15,0.6765,-1,-1,-1
678,64,1560.99,607.49,109.30,219.91,0.3382,-1,-1,-1
678,67,379.15,531.38,101.03,243.83,0.7889,-1,-1,-1
678,68,1293.62,876.77,86.37,202.98,0.7792,-1,-1,-1
678,69,1371.05,859.03,107.37,221.04,0.6419,-1,-1,-1
678,66,479.95,130.59,56.34,173.71,0.4899,-1,-1,-1
678,72,425.87,143.29,48.94,152.22,0.2847,-1,-1,-1
678,71,234.70,232.29,61.05,172.71,0.3682,-1,-1,-1
679,4,1715.94,452.72,86.60,212.96,0.6950,-1,-1,-1
679,45,1194.95,1049.35,50.38,30.67,0.2801,-1,-1,-1
679,60,311.98,356.45,70.10,209.72,0.7151,-1,-1,-1
679,54,1625.27,156.57,66.60,173.58,0.5725,-1,-1,-1
679,49,806.20,145.18,57.23,173.22,0.4359,-1,-1,-1
679,3,1107.16,1045.23,41.07,34.22,0.2602,-1,-1,-1
679,63,844.60,927.82,64.64,152.15,0.6986,-1,-1,-1
679,64,1561.39,602.05,110.77,225.33,0.4556,-1,-1,-1
679,67,373.29,531.42,106.14,243.90,0.7830,-1,-1,-1
679,68,1288.32,873.98,88.75,205.98,0.7928,-1,-1,-1
679,69,1369.79,857.85,105.32,222.20,0.6364,-1,-1,-1
679,66,480.67,131.63,55.58,173.79,0.5019,-1,-1,-1
679,72,425.30,145.30,49.55,150.16,0.2633,-1,-1,-1
679,71,236.41,233.52,58.26,169.43,0.3748,-1,-1,-1
680,4,1715.92,453.03,87.47,213.37,0.7328,-1,-1,-1
680,45,1194.90,1050.86,50.37,29.16,0.2331,-1,-1,-1
680,60,311.04,356.94,71.17,208.56,0.7217,-1,-1,-1
680,54,1624.79,155.51,66.51,172.88,0.5880,-1,-1,-1
680,49,805.99,145.29,56.60,173.47,0.4524,-1,-1,-1
680,3,1105.91,1046.72,40.84,33.14,0.2699,-1,-1,-1
680,63,843.72,927.49,64.14,152.56,0.7241,-1,-1,-1
680,64,1560.49,613.66,109.56,214.92,0.3477,-1,-1,-1
680,67,368.17,530.80,109.96,244.61,0.7845,-1,-1,-1
680,68,1284.97,871.11,88.87,208.94,0.7657,-1,-1,-1
680,69,1367.56,856.92,102.50,223.13,0.6469,-1,-1,-1
680,66,479.77,132.83,57.17,173.57,0.4887,-1,-1,-1
680,72,425.60,144.41,47.97,151.49,0.1912,-1,-1,-1
680,71,238.09,233.17,56.12,167.85,0.3294,-1,-1,-1
681,4,1716.63,453.23,86.85,213.29,0.7223,-1,-1,-1
681,45,1195.09,1052.91,49.19,27.08,0.1531,-1,-1,-1
681,60,311.38,357.13,70.91,207.57,0.7007,-1,-1,-1
681,54,1623.92,156.33,66.10,171.97,0.6195,-1,-1,-1
681,49,807.71,145.20,54.60,172.41,0.4534,-1,-1,-1
681,3,1104.70,1047.77,40.88,32.20,0.2723,-1,-1,-1
681,63,841.75,926.17,66.90,153.47,0.7212,-1,-1,-1
681,64,1559.83,620.97,110.00,207.85,0.3393,-1,-1,-1
681,67,360.99,530.65,116.20,244.80,0.8076,-1,-1,-1
681,68,1280.14,868.34,89.75,211.23,0.7401,-1,-1,-1
681,69,1367.80,854.43,97.79,225.58,0.6772,-1,-1,-1
681,66,479.32,132.69,57.37,174.33,0.4735,-1,-1,-1
681,72,425.16,143.53,47.62,151.66,0.1910,-1,-1,-1
681,71,239.23,233.45,55.52,165.59,0.4019,-1,-1,-1
682,4,1716.45,453.29,86.71,213.52,0.7356,-1,-1,-1
682,60,310.47,357.93,71.94,207.15,0.7166,-1,-1,-1
682,54,1623.54,155.52,66.30,173.37,0.5937,-1,-1,-1
682,49,807.28,144.83,54.53,173.10,0.4274,-1,-1,-1
682,3,1103.40,1048.84,40.61,31.12,0.2519,-1,-1,-1
682,63,839.16,924.64,69.73,154.86,0.7307,-1,-1,-1
682,64,1561.25,609.86,108.92,217.99,0.3477,-1,-1,-1
682,67,357.52,530.57,119.42,244.34,0.8014,-1,-1,-1
682,68,1276.92,865.46,90.39,214.10,0.7594,-1,-1,-1
682,69,1369.26,851.05,92.72,228.93,0.7175,-1,-1,-1
682,66,479.31,132.28,57.85,174.60,0.4575,-1,-1,-1
682,72,426.05,144.89,46.57,150.47,0.2176,-1,-1,-1
682,71,238.84,231.93,59.28,168.77,0.3068,-1,-1,-1
683,4,1716.72,453.71,86.54,213.18,0.7299,-1,-1,-1
683,60,310.44,357.57,71.20,207.28,0.7244,-1,-1,-1
683,54,1622.21,155.25,65.87,175.70,0.5771,-1,-1,-1
683,49,808.47,145.06,53.36,171.97,0.4262,-1,-1,-1
683,3,1101.94,1050.53,39.46,29.42,0.2114,-1,-1,-1
683,63,836.67,924.07,72.19,155.35,0.7290,-1,-1,-1
683,64,1562.03,605.38,109.98,222.36,0.3795,-1,-1,-1
683,67,353.52,530.37,122.51,244.80,0.7994,-1,-1,-1
683,68,1272.20,863.46,92.89,215.98,0.7654,-1,-1,-1
683,69,1366.96,846.08,91.50,233.84,0.7206,-1,-1,-1
683,66,480.19,131.55,56.76,175.63,0.4436,-1,-1,-1
683,72,426.80,145.28,45.82,150.02,0.2641,-1,-1,-1
683,71,240.03,230.06,59.32,171.50,0.2757,-1,-1,-1
684,4,1716.26,453.39,86.15,213.82,0.7208,-1,-1,-1
684,60,310.08,357.90,70.50,207.01,0.7257,-1,-1,-1
684,54,1620.99,155.22,65.00,177.32,0.5948,-1,-1,-1
684,49,807.26,145.11,54.11,172.99,0.4355,-1,-1,-1
684,3,1099.93,1052.48,38.84,27.53,0.1709,-1,-1,-1
684,63,834.28,923.45,74.36,156.09,0.7272,-1,-1,-1
684,64,1560.87,613.61,109.02,215.27,0.3498,-1,-1,-1
684,67,351.73,528.58,122.28,246.66,0.7920,-1,-1,-1
684,68,1267.52,861.50,94.96,216.81,0.7918,-1,-1,-1
684,69,1361.37,841.28,93.11,238.69,0.7311,-1,-1,-1
684,66,481.16,134.42,56.28,172.54,0.4280,-1,-1,-1
684,72,426.31,143.78,46.34,151.96,0.3504,-1,-1,-1
684,71,241.54,224.86,57.68,176.16,0.2192,-1,-1,-1
685,4,1715.90,452.74,85.53,214.22,0.7324,-1,-1,-1
685,60,310.01,359.18,69.92,206.70,0.7167,-1,-1,-1
685,54,1620.42,154.12,64.05,180.64,0.5787,-1,-1,-1
685,49,807.67,145.10,53.34,172.37,0.3855,-1,-1,-1
685,63,830.58,923.29,77.87,156.11,0.7384,-1,-1,-1
685,64,1561.93,605.97,108.71,222.20,0.4141,-1,-1,-1
685,67,350.68,527.75,121.46,248.10,0.7987,-1,-1,-1
685,68,1265.65,859.62,93.57,217.77,0.7937,-1,-1,-1
685,69,1358.66,838.13,92.09,241.77,0.7489,-1,-1,-1
685,66,480.34,135.33,57.62,171.52,0.4336,-1,-1,-1
685,72,426.09,146.82,46.77,149.21,0.2714,-1,-1,-1
685,71,243.21,223.65,56.74,177.10,0.2312,-1,-1,-1
686,4,1715.62,451.87,85.98,214.80,0.7439,-1,-1,-1
686,60,309.53,362.00,68.73,206.66,0.7140,-1,-1,-1
686,54,1619.28,152.26,64.46,181.59,0.5285,-1,-1,-1
686,49,807.49,145.03,52.87,171.90,0.3852,-1,-1,-1
686,63,828.54,922.36,80.01,156.43,0.7462,-1,-1,-1
686,64,1560.97,612.01,109.05,217.26,0.3931,-1,-1,-1
686,67,350.52,528.26,118.69,248.00,0.8009,-1,-1,-1
686,68,1263.58,857.47,94.04,220.31,0.7992,-1,-1,-1
686,69,1356.35,834.30,91.59,245.33,0.7471,-1,-1,-1
686,66,480.23,136.18,57.25,170.49,0.4756,-1,-1,-1
686,72,424.88,144.77,48.43,153.45,0.3443,-1,-1,-1
686,71,244.63,223.69,56.99,176.58,0.2046,-1,-1,-1
687,4,1715.68,451.79,86.29,214.33,0.7525,-1,-1,-1
687,60,309.85,365.27,67.20,206.83,0.7049,-1,-1,-1
687,54,1618.04,150.41,63.96,182.16,0.5445,-1,-1,-1
687,49,808.07,144.75,51.76,171.22,0.3755,-1,-1,-1
687,63,827.14,922.45,81.05,156.38,0.7348,-1,-1,-1
687,64,1560.37,604.39,110.88,223.77,0.4144,-1,-1,-1
687,67,351.04,528.83,112.93,248.32,0.7981,-1,-1,-1
687,68,1261.62,855.78,92.20,223.32,0.7732,-1,-1,-1
687,69,1353.05,830.57,91.38,248.89,0.7659,-1,-1,-1
687,66,479.58,135.15,58.55,170.91,0.5019,-1,-1,-1
687,72,425.28,147.41,47.82,151.44,0.3643,-1,-1,-1
687,71,244.76,222.80,57.80,176.55,0.2373,-1,-1,-1
688,4,1715.49,452.47,87.49,214.29,0.7614,-1,-1,-1
688,60,310.17,368.05,66.00,206.99,0.7051,-1,-1,-1
688,54,1615.56,147.96,64.24,177.99,0.5620,-1,-1,-1
688,49,807.54,143.83,51.97,171.61,0.3825,-1,-1,-1
688,63,824.83,922.82,83.04,155.94,0.7343,-1,-1,-1
688,64,1560.36,610.03,110.21,218.84,0.4336,-1,-1,-1
688,67,352.01,528.72,108.02,249.07,0.8145,-1,-1,-1
688,68,1260.73,853.44,89.50,226.17,0.7829,-1,-1,-1
688,69,1348.93,829.51,91.32,250.20,0.7935,-1,-1,-1
688,66,480.52,135.18,57.77,170.99,0.4926,-1,-1,-1
688,72,426.89,148.15,46.33,151.54,0.2486,-1,-1,-1
688,71,245.82,224.90,59.32,173.17,0.1717,-1,-1,-1
689,4,1715.29,451.96,86.57,214.87,0.7513,-1,-1,-1
689,60,310.53,369.45,64.35,206.48,0.7068,-1,-1,-1
689,54,1614.46,145.47,64.73,177.83,0.5714,-1,-1,-1
689,49,807.56,143.30,51.21,171.79,0.3372,-1,-1,-1
689,63,822.71,923.46,84.51,155.33,0.7299,-1,-1,-1
689,64,1559.34,601.80,112.69,226.19,0.4657,-1,-1,-1
689,67,354.30,529.24,103.59,248.80,0.8144,-1,-1,-1
689,68,1259.16,850.99,87.36,228.83,0.7727,-1,-1,-1
689,69,1345.23,827.20,93.23,252.63,0.7898,-1,-1,-1
689,66,481.26,133.95,57.39,172.26,0.5104,-1,-1,-1
689,72,426.59,146.78,47.14,154.81,0.3169,-1,-1,-1
689,71,246.71,225.09,58.67,172.70,0.1977,-1,-1,-1
690,4,1715.59,451.26,87.07,216.38,0.7246,-1,-1,-1
690,60,310.37,371.98,63.14,207.25,0.6981,-1,-1,-1
690,54,1612.93,143.74,65.34,178.25,0.5982,-1,-1,-1
690,49,806.31,141.46,50.50,171.42,0.3103,-1,-1,-1
690,63,821.67,924.88,85.86,153.54,0.7443,-1,-1,-1
690,64,1560.77,598.40,112.69,228.87,0.4768,-1,-1,-1
690,67,357.08,529.18,98.47,249.88,0.8187,-1,-1,-1
690,68,1257.71,848.29,86.88,231.66,0.7242,-1,-1,-1
690,69,1341.17,824.33,92.86,255.59,0.7715,-1,-1,-1
690,66,480.99,133.60,57.75,173.49,0.4955,-1,-1,-1
690,72,426.56,148.61,47.30,154.92,0.3628,-1,-1,-1
690,71,247.18,223.63,57.18,175.12,0.1638,-1,-1,-1
691,4,1715.69,451.14,86.58,216.63,0.7420,-1,-1,-1
691,60,309.80,374.62,63.23,207.63,0.7125,-1,-1,-1
691,54,1611.05,141.89,65.27,178.76,0.6325,-1,-1,-1
691,49,804.75,140.74,51.05,171.11,0.3558,-1,-1,-1
691,63,821.96,925.71,85.38,152.28,0.7387,-1,-1,-1
691,64,1563.33,597.87,111.03,229.72,0.5047,-1,-1,-1
691,67,362.25,530.74,91.52,249.43,0.8252,-1,-1,-1
691,68,1256.54,845.46,85.72,233.68,0.7876,-1,-1,-1
691,69,1335.98,823.08,95.89,256.89,0.7797,-1,-1,-1
691,66,479.74,134.01,59.26,175.91,0.4976,-1,-1,-1
691,72,426.38,148.14,47.59,157.66,0.4157,-1,-1,-1
691,71,247.59,219.46,59.64,179.46,0.1646,-1,-1,-1
692,4,1716.09,452.20,86.98,215.52,0.7370,-1,-1,-1
692,60,308.93,374.99,63.59,210.30,0.7246,-1,-1,-1
692,54,1609.37,140.63,65.81,179.22,0.6497,-1,-1,-1
692,49,805.09,141.21,51.06,172.78,0.3662,-1,-1,-1
692,63,822.13,927.43,84.56,149.63,0.7438,-1,-1,-1
692,64,1562.65,599.90,112.06,227.68,0.4443,-1,-1,-1
692,67,367.25,532.85,85.90,249.24,0.8118,-1,-1,-1
692,68,1255.71,842.17,83.78,236.11,0.7951,-1,-1,-1
692,69,1332.37,822.31,95.98,257.68,0.7624,-1,-1,-1
692,66,480.50,135.10,58.77,178.65,0.5234,-1,-1,-1
692,72,427.06,150.38,47.01,157.46,0.4646,-1,-1,-1
692,71,249.75,219.48,57.50,177.20,0.1806,-1,-1,-1
693,4,1716.17,451.53,86.62,216.21,0.7276,-1,-1,-1
693,60,307.72,374.81,63.81,213.41,0.7137,-1,-1,-1
693,54,1608.34,138.78,65.73,178.90,0.6570,-1,-1,-1
693,49,804.97,141.33,50.84,173.00,0.3677,-1,-1,-1
693,63,822.65,927.97,83.85,148.90,0.7418,-1,-1,-1
693,64,1562.43,600.71,112.33,226.77,0.4969,-1,-1,-1
693,67,372.02,534.04,80.27,250.24,0.8113,-1,-1,-1
693,68,1253.88,838.74,82.44,240.52,0.8202,-1,-1,-1
693,69,1329.63,820.58,94.57,259.41,0.7656,-1,-1,-1
693,66,481.08,137.60,57.60,178.85,0.4967,-1,-1,-1
693,72,427.47,153.85,46.60,155.67,0.4490,-1,-1,-1
693,71,251.32,218.73,57.14,177.46,0.2062,-1,-1,-1
694,4,1715.93,451.56,87.07,216.93,0.7422,-1,-1,-1
694,60,306.30,375.05,64.60,215.14,0.7029,-1,-1,-1
694,54,1606.78,136.35,66.10,179.19,0.6390,-1,-1,-1
694,49,805.08,140.78,50.09,173.42,0.3448,-1,-1,-1
694,63,822.43,928.48,84.92,148.30,0.7644,-1,-1,-1
694,64,1562.53,600.45,111.92,227.06,0.5110,-1,-1,-1
694,67,376.41,534.77,75.91,249.82,0.8165,-1,-1,-1
694,68,1252.24,835.21,81.18,243.78,0.8165,-1,-1,-1
694,69,1327.30,818.97,94.19,261.03,0.7712,-1,-1,-1
694,66,481.09,139.79,57.27,178.40,0.5081,-1,-1,-1
694,72,427.39,154.81,46.96,155.83,0.4793,-1,-1,-1
694,71,252.63,217.15,57.06,179.79,0.1781,-1,-1,-1
695,4,1716.70,452.15,86.46,215.92,0.7255,-1,-1,-1
695,60,305.57,375.05,64.99,215.45,0.6674,-1,-1,-1
695,54,1606.28,135.41,65.70,178.94,0.6304,-1,-1,-1
695,49,805.04,138.61,49.07,174.84,0.3664,-1,-1,-1
695,63,822.27,930.06,85.59,147.11,0.7505,-1,-1,-1
695,64,1562.28,599.90,111.67,227.81,0.4234,-1,-1,-1
695,67,379.42,535.16,72.56,250.00,0.8111,-1,-1,-1
695,68,1249.79,831.71,80.85,246.70,0.7898,-1,-1,-1
695,69,1326.56,817.59,93.12,262.33,0.7505,-1,-1,-1
695,66,480.52,142.26,58.63,177.26,0.5264,-1,-1,-1
695,72,428.11,155.60,46.23,154.99,0.4003,-1,-1,-1
695,71,254.25,216.32,52.83,179.04,0.1828,-1,-1,-1
696,4,1717.03,452.17,86.41,215.15,0.7150,-1,-1,-1
696,60,303.59,375.29,66.89,215.06,0.6335,-1,-1,-1
696,54,1605.28,134.61,65.76,179.67,0.6069,-1,-1,-1
696,49,804.97,137.72,48.32,174.97,0.3304,-1,-1,-1
696,63,822.81,931.20,85.32,146.61,0.7369,-1,-1,-1
696,64,1561.70,600.74,112.42,226.40,0.4142,-1,-1,-1
696,67,381.53,535.43,69.53,250.70,0.8031,-1,-1,-1
696,68,1245.58,829.64,81.27,248.35,0.7860,-1,-1,-1
696,69,1325.11,815.50,92.63,264.49,0.7585,-1,-1,-1
696,66,481.20,146.30,58.10,173.84,0.5448,-1,-1,-1
696,72,427.74,157.51,46.73,152.42,0.4003,-1,-1,-1
696,71,254.86,216.20,52.05,178.76,0.2044,-1,-1,-1
697,4,1716.64,452.44,87.03,214.92,0.7077,-1,-1,-1
697,60,300.64,375.83,69.64,214.99,0.6343,-1,-1,-1
697,54,1602.90,134.71,67.28,178.67,0.5441,-1,-1,-1
697,49,804.25,138.31,47.70,176.44,0.3470,-1,-1,-1
697,63,824.00,932.47,84.46,145.67,0.7474,-1,-1,-1
697,64,1561.68,601.20,111.99,225.34,0.4150,-1,-1,-1
697,67,382.68,536.36,68.02,250.31,0.7924,-1,-1,-1
697,68,1242.33,828.08,81.74,250.06,0.7672,-1,-1,-1
697,69,1321.90,812.68,94.16,267.36,0.7816,-1,-1,-1
697,66,480.54,148.81,58.62,172.51,0.5389,-1,-1,-1
697,72,428.05,157.72,47.10,152.51,0.4383,-1,-1,-1
697,71,255.35,215.40,51.53,180.11,0.2066,-1,-1,-1
698,4,1717.25,452.50,86.19,214.66,0.7372,-1,-1,-1
698,60,299.34,376.34,71.04,214.53,0.6222,-1,-1,-1
698,54,1602.41,134.47,67.40,178.33,0.5203,-1,-1,-1
698,49,804.24,138.73,46.88,176.40,0.3736,-1,-1,-1
698,63,825.59,932.09,83.31,146.34,0.7644,-1,-1,-1
698,64,1560.35,606.67,112.85,221.06,0.4409,-1,-1,-1
698,67,383.86,537.21,67.06,249.29,0.7956,-1,-1,-1
698,68,1238.76,826.98,82.24,250.98,0.7713,-1,-1,-1
698,69,1318.55,809.84,95.34,270.17,0.7907,-1,-1,-1
698,66,480.19,150.41,58.20,171.29,0.5217,-1,-1,-1
698,72,427.52,156.10,47.91,154.24,0.4170,-1,-1,-1
698,71,256.27,219.13,51.62,174.30,0.2599,-1,-1,-1
699,4,1717.83,452.34,85.05,215.08,0.7189,-1,-1,-1
699,60,298.34,376.47,72.02,213.58,0.6506,-1,-1,-1
699,54,1600.43,133.77,68.94,180.52,0.4060,-1,-1,-1
699,49,804.58,138.02,46.06,177.70,0.3273,-1,-1,-1
699,63,826.53,932.47,83.13,146.03,0.7653,-1,-1,-1
699,64,1563.33,602.19,111.49,224.57,0.4249,-1,-1,-1
699,67,384.63,537.68,65.14,248.48,0.7808,-1,-1,-1
699,68,1233.94,824.95,84.96,252.71,0.7674,-1,-1,-1
699,69,1316.78,805.87,92.76,273.08,0.8007,-1,-1,-1
699,66,479.58,151.17,59.40,170.76,0.5522,-1,-1,-1
699,72,426.10,154.59,49.71,156.02,0.4544,-1,-1,-1
699,71,257.04,219.29,51.62,172.82,0.2473,-1,-1,-1
700,4,1717.91,452.57,84.74,214.19,0.7239,-1,-1,-1
700,60,297.01,376.40,72.51,213.20,0.6564,-1,-1,-1
700,54,1598.64,133.54,70.56,180.77,0.3639,-1,-1,-1
700,49,803.51,135.51,47.04,179.50,0.3099,-1,-1,-1
700,63,828.24,932.76,82.51,145.92,0.7653,-1,-1,-1
700,64,1561.95,609.40,110.76,217.97,0.4455,-1,-1,-1
700,67,385.15,538.73,64.20,247.67,0.7897,-1,-1,-1
700,68,1230.80,823.06,86.45,253.13,0.7668,-1,-1,-1
700,69,1314.52,802.55,91.35,274.60,0.7930,-1,-1,-1
700,66,479.42,150.61,59.69,171.55,0.5271,-1,-1,-1
700,72,427.06,153.92,49.02,156.61,0.3927,-1,-1,-1
700,71,257.54,214.96,51.06,175.83,0.1941,-1,-1,-1
701,4,1717.41,452.43,85.80,215.27,0.7203,-1,-1,-1
701,60,295.92,377.28,73.71,211.41,0.6500,-1,-1,-1
701,54,1597.40,134.38,71.91,180.48,0.3546,-1,-1,-1
701,49,803.01,136.21,47.41,177.71,0.3472,-1,-1,-1
701,63,829.34,932.40,84.24,146.07,0.7712,-1,-1,-1
701,64,1561.61,603.57,112.70,223.44,0.3876,-1,-1,-1
701,67,385.49,539.21,62.87,246.53,0.7571,-1,-1,-1
701,68,1227.37,820.10,88.85,256.03,0.8025,-1,-1,-1
701,69,1312.70,798.84,92.27,274.43,0.7868,-1,-1,-1
701,66,479.73,150.82,59.49,171.16,0.5430,-1,-1,-1
701,72,428.19,153.74,47.36,156.86,0.3802,-1,-1,-1
701,71,257.42,210.53,51.76,181.58,0.2619,-1,-1,-1
702,4,1717.25,451.71,86.34,215.66,0.7404,-1,-1,-1
702,60,295.59,376.83,74.07,211.96,0.6840,-1,-1,-1
702,54,1597.57,134.67,71.24,180.20,0.3894,-1,-1,-1
702,49,800.15,137.15,50.61,176.89,0.3634,-1,-1,-1
702,63,831.70,933.15,83.38,145.44,0.7709,-1,-1,-1
702,64,1560.86,618.52,111.66,208.90,0.3461,-1,-1,-1
702,67,386.13,539.86,60.82,245.44,0.7414,-1,-1,-1
702,68,1222.27,817.47,92.75,257.68,0.7634,-1,-1,-1
702,69,1310.49,794.04,92.88,266.85,0.7727,-1,-1,-1
702,66,480.36,149.95,58.51,171.43,0.5422,-1,-1,-1
702,72,429.52,152.25,47.10,159.05,0.3213,-1,-1,-1
702,71,258.03,207.78,51.05,183.42,0.2492,-1,-1,-1
703,4,1717.26,451.65,86.36,216.48,0.7374,-1,-1,-1
703,60,295.06,377.16,74.61,213.11,0.6906,-1,-1,-1
703,54,1599.50,131.65,69.21,184.29,0.4388,-1,-1,-1
703,49,799.52,137.74,51.19,175.94,0.3599,-1,-1,-1
703,63,833.77,933.70,83.17,144.69,0.7772,-1,-1,-1
703,64,1560.50,608.09,112.79,219.23,0.3822,-1,-1,-1
703,67,387.06,540.39,58.98,244.84,0.7364,-1,-1,-1
703,68,1220.49,815.67,91.57,258.48,0.7739,-1,-1,-1
703,69,1308.80,789.67,93.14,263.07,0.7815,-1,-1,-1
703,66,479.85,149.45,58.90,170.42,0.5235,-1,-1,-1
703,72,428.32,155.53,47.39,154.14,0.3396,-1,-1,-1
703,71,258.57,206.72,51.07,185.72,0.2736,-1,-1,-1
704,4,1716.97,451.47,87.16,215.23,0.7353,-1,-1,-1
704,60,294.34,378.54,75.15,214.29,0.6918,-1,-1,-1
704,54,1599.21,132.76,68.65,183.13,0.5397,-1,-1,-1
704,49,799.02,137.98,52.13,174.15,0.3669,-1,-1,-1
704,63,835.71,933.95,83.92,144.40,0.7789,-1,-1,-1
704,64,1560.58,604.09,114.08,223.32,0.3549,-1,-1,-1
704,67,387.67,540.70,58.72,245.71,0.7337,-1,-1,-1
704,68,1219.44,814.12,89.69,259.78,0.7761,-1,-1,-1
704,69,1308.70,786.33,91.68,263.66,0.7790,-1,-1,-1
704,66,479.21,149.60,59.57,169.43,0.5283,-1,-1,-1
704,72,427.54,156.99,48.02,155.41,0.3922,-1,-1,-1
704,71,259.24,206.67,51.12,186.60,0.3154,-1,-1,-1
705,4,1717.52,452.13,86.46,213.62,0.7270,-1,-1,-1
705,60,295.19,379.14,75.31,218.21,0.7033,-1,-1,-1
705,54,1600.85,131.80,67.57,184.25,0.5509,-1,-1,-1
705,49,797.78,137.83,53.19,173.99,0.3710,-1,-1,-1
705,63,838.04,934.12,83.79,144.35,0.7727,-1,-1,-1
705,64,1561.84,598.21,113.98,227.00,0.6043,-1,-1,-1
705,67,388.83,540.63,58.32,246.48,0.7421,-1,-1,-1
705,68,1218.52,812.19,87.64,262.23,0.7862,-1,-1,-1
705,69,1309.81,784.30,88.79,265.15,0.7674,-1,-1,-1
705,66,478.53,149.99,61.13,170.01,0.5467,-1,-1,-1
705,72,428.14,156.99,50.02,156.74,0.3688,-1,-1,-1
705,71,259.67,207.30,50.67,184.77,0.2883,-1,-1,-1
706,4,1717.34,452.29,86.45,213.88,0.7149,-1,-1,-1
706,60,293.94,382.42,77.26,219.28,0.7104,-1,-1,-1
706,54,1602.01,130.59,66.15,184.72,0.5993,-1,-1,-1
706,49,796.95,138.70,53.53,173.30,0.3664,-1,-1,-1
706,63,839.71,933.70,83.72,145.16,0.7781,-1,-1,-1
706,64,1562.87,595.94,113.94,228.84,0.4993,-1,-1,-1
706,67,389.37,540.88,58.76,245.61,0.7465,-1,-1,-1
706,68,1216.03,808.87,87.59,266.33,0.7791,-1,-1,-1
706,69,1308.87,782.72,86.49,266.10,0.7690,-1,-1,-1
706,66,478.80,151.53,60.06,168.35,0.5288,-1,-1,-1
706,72,427.26,158.99,50.19,157.60,0.3898,-1,-1,-1
706,71,259.46,207.25,51.55,185.08,0.2888,-1,-1,-1
707,4,1717.86,452.80,85.78,213.42,0.7272,-1,-1,-1
707,60,294.10,386.95,76.32,216.75,0.7156,-1,-1,-1
707,54,1602.50,129.34,65.35,182.41,0.6221,-1,-1,-1
707,49,795.85,138.55,53.69,173.41,0.4008,-1,-1,-1
707,63,841.64,934.12,84.22,145.53,0.7789,-1,-1,-1
707,64,1564.39,596.85,112.78,228.58,0.4606,-1,-1,-1
707,67,389.48,541.29,58.86,245.55,0.7635,-1,-1,-1
707,68,1214.07,806.31,86.41,264.29,0.7618,-1,-1,-1
707,69,1306.58,781.76,85.92,266.51,0.7674,-1,-1,-1
707,66,479.32,151.92,58.37,168.48,0.5198,-1,-1,-1
707,72,425.92,157.89,51.18,161.84,0.4244,-1,-1,-1
707,71,259.54,205.91,52.98,186.67,0.3239,-1,-1,-1
708,4,1717.59,452.73,85.90,213.74,0.7246,-1,-1,-1
708,60,294.53,389.87,74.86,215.35,0.7164,-1,-1,-1
708,54,1602.51,128.62,64.80,177.64,0.6101,-1,-1,-1
708,49,795.09,139.13,54.12,173.23,0.3949,-1,-1,-1
708,63,842.85,934.28,85.07,145.66,0.7765,-1,-1,-1
708,64,1564.62,595.87,112.26,228.71,0.5033,-1,-1,-1
708,67,390.49,541.71,57.84,246.04,0.7498,-1,-1,-1
708,68,1211.83,803.06,86.11,264.17,0.7519,-1,-1,-1
708,69,1303.31,780.45,86.91,265.96,0.7724,-1,-1,-1
708,66,479.34,153.23,57.57,167.78,0.4924,-1,-1,-1
708,72,425.38,156.63,51.12,165.40,0.4016,-1,-1,-1
708,71,260.29,204.14,50.84,183.49,0.3308,-1,-1,-1
709,4,1717.75,451.90,85.94,214.10,0.7201,-1,-1,-1
709,60,294.69,392.25,73.50,214.54,0.7234,-1,-1,-1
709,54,1602.44,127.05,64.96,174.43,0.6340,-1,-1,-1
709,49,795.01,139.30,53.78,173.42,0.4195,-1,-1,-1
709,63,843.91,934.45,85.85,145.65,0.7833,-1,-1,-1
709,64,1564.13,595.30,112.16,230.27,0.4495,-1,-1,-1
709,67,391.26,542.30,58.21,245.04,0.7568,-1,-1,-1
709,68,1209.07,799.93,84.84,261.98,0.7685,-1,-1,-1
709,69,1297.99,780.52,90.87,263.96,0.7591,-1,-1,-1
709,66,479.19,154.99,58.73,167.31,0.4913,-1,-1,-1
709,72,425.24,154.35,52.20,168.91,0.4152,-1,-1,-1
709,71,260.39,202.92,50.18,183.62,0.3036,-1,-1,-1
710,4,1718.28,452.06,85.74,213.94,0.7335,-1,-1,-1
710,60,295.29,393.97,72.33,215.11,0.7364,-1,-1,-1
710,54,1602.53,125.81,64.51,173.90,0.6534,-1,-1,-1
710,49,794.11,139.45,52.94,172.58,0.3815,-1,-1,-1
710,63,845.01,935.36,85.53,144.78,0.7716,-1,-1,-1
710,64,1565.15,593.60,111.77,231.30,0.5043,-1,-1,-1
710,67,391.38,542.72,59.96,243.32,0.7452,-1,-1,-1
710,68,1206.76,796.15,83.29,261.23,0.7846,-1,-1,-1
710,69,1290.15,780.32,96.23,264.14,0.7589,-1,-1,-1
710,66,479.26,158.09,58.48,167.13,0.5066,-1,-1,-1
710,72,425.09,155.16,50.49,169.21,0.3800,-1,-1,-1
710,71,260.86,205.43,51.37,182.34,0.3294,-1,-1,-1
711,4,1718.29,452.39,85.95,213.74,0.7146,-1,-1,-1
711,60,295.51,394.51,71.35,218.36,0.7366,-1,-1,-1
711,54,1602.44,123.43,64.41,173.87,0.6319,-1,-1,-1
711,49,793.85,140.16,50.51,172.77,0.3782,-1,-1,-1
711,63,845.83,934.69,85.46,145.39,0.7833,-1,-1,-1
711,64,1565.28,598.50,109.46,227.31,0.3697,-1,-1,-1
711,67,391.19,543.53,62.92,241.95,0.7452,-1,-1,-1
711,68,1203.44,793.63,83.92,259.98,0.7884,-1,-1,-1
711,69,1279.99,780.05,103.08,265.35,0.7516,-1,-1,-1
711,66,478.80,158.23,58.88,169.30,0.5225,-1,-1,-1
711,72,425.06,163.47,50.28,162.52,0.2809,-1,-1,-1
711,71,261.42,205.57,50.07,183.24,0.2992,-1,-1,-1
712,4,1717.76,451.73,86.94,215.79,0.7092,-1,-1,-1
712,60,296.47,395.73,71.09,219.29,0.7130,-1,-1,-1
712,54,1602.86,122.43,63.87,174.36,0.6191,-1,-1,-1
712,49,793.63,140.26,49.48,171.07,0.3159,-1,-1,-1
712,63,847.26,934.59,85.03,145.52,0.7794,-1,-1,-1
712,64,1565.30,598.87,109.62,226.94,0.4533,-1,-1,-1
712,67,391.48,544.13,65.04,241.14,0.7236,-1,-1,-1
712,68,1200.21,791.47,83.42,257.98,0.7994,-1,-1,-1
712,69,1276.18,779.37,103.22,265.93,0.7514,-1,-1,-1
712,66,478.71,159.27,59.25,170.15,0.5250,-1,-1,-1
712,72,423.88,170.06,50.49,156.97,0.2733,-1,-1,-1
712,71,261.51,206.32,49.26,182.33,0.2604,-1,-1,-1
713,4,1718.03,451.77,86.21,214.84,0.6982,-1,-1,-1
713,60,297.01,398.92,70.38,221.42,0.6891,-1,-1,-1
713,54,1602.84,121.52,63.05,174.71,0.6738,-1,-1,-1
713,49,792.54,139.59,48.89,172.09,0.3765,-1,-1,-1
713,63,848.84,934.39,84.52,145.75,0.7792,-1,-1,-1
713,64,1568.13,598.23,108.06,226.51,0.6172,-1,-1,-1
713,67,392.11,544.58,68.84,239.75,0.6747,-1,-1,-1
713,68,1195.06,790.06,85.60,259.07,0.7920,-1,-1,-1
713,69,1275.23,778.49,100.14,263.77,0.7625,-1,-1,-1
713,66,478.23,161.26,59.65,170.15,0.5196,-1,-1,-1
713,72,423.50,168.41,49.13,158.14,0.3024,-1,-1,-1
713,71,261.22,206.98,52.45,181.04,0.2738,-1,-1,-1
714,4,1718.09,451.68,86.35,214.69,0.6928,-1,-1,-1
714,60,297.07,400.91,71.11,221.60,0.6890,-1,-1,-1
714,54,1602.48,120.51,62.72,175.49,0.6533,-1,-1,-1
714,49,791.91,139.72,48.48,173.17,0.3280,-1,-1,-1
714,63,851.28,934.45,83.17,145.63,0.7792,-1,-1,-1
714,64,1570.88,597.35,105.06,226.93,0.6245,-1,-1,-1
714,67,391.69,544.94,73.33,239.19,0.6888,-1,-1,-1
714,68,1191.13,788.02,87.28,261.73,0.7902,-1,-1,-1
714,69,1273.65,776.58,97.81,259.89,0.7393,-1,-1,-1
714,66,477.82,162.47,59.21,171.42,0.5312,-1,-1,-1
714,72,423.09,166.97,49.64,159.32,0.2875,-1,-1,-1
714,71,261.95,207.56,52.17,181.60,0.3216,-1,-1,-1
715,4,1717.90,452.00,85.92,214.78,0.6748,-1,-1,-1
715,60,297.72,401.82,70.72,221.44,0.6823,-1,-1,-1
715,54,1601.67,119.89,63.23,177.24,0.6154,-1,-1,-1
715,49,791.30,139.58,48.17,173.74,0.3433,-1,-1,-1
715,63,852.55,934.82,82.00,145.25,0.7794,-1,-1,-1
715,64,1572.48,597.71,103.71,226.83,0.6125,-1,-1,-1
715,67,392.11,544.73,77.52,239.57,0.6996,-1,-1,-1
715,68,1189.79,786.56,83.48,262.91,0.7982,-1,-1,-1
715,69,1273.02,772.63,93.89,256.88,0.7949,-1,-1,-1
715,66,478.01,163.94,58.74,172.15,0.5137,-1,-1,-1
715,72,423.10,173.57,49.50,153.07,0.2621,-1,-1,-1
715,71,261.75,206.74,53.16,179.87,0.3237,-1,-1,-1
716,4,1717.25,452.26,86.40,214.06,0.6655,-1,-1,-1
716,60,297.88,402.28,70.98,221.08,0.6748,-1,-1,-1
716,54,1601.30,119.42,62.53,179.11,0.6094,-1,-1,-1
716,49,790.34,139.86,48.55,172.58,0.3869,-1,-1,-1
716,63,853.39,935.31,81.50,144.77,0.7729,-1,-1,-1
716,64,1572.36,598.17,103.26,226.23,0.5775,-1,-1,-1
716,67,392.23,545.71,81.83,239.29,0.7125,-1,-1,-1
716,68,1188.19,785.69,82.03,264.24,0.7997,-1,-1,-1
716,69,1272.03,769.20,91.27,255.80,0.8013,-1,-1,-1
716,66,477.17,164.56,59.58,172.40,0.4763,-1,-1,-1
716,72,423.11,174.87,47.72,153.60,0.2730,-1,-1,-1
716,71,262.38,206.11,52.92,180.74,0.3204,-1,-1,-1
717,4,1718.11,451.73,85.94,214.25,0.6950,-1,-1,-1
717,60,298.34,403.09,71.80,220.06,0.6753,-1,-1,-1
717,54,1600.70,119.10,61.87,179.49,0.5445,-1,-1,-1
717,49,789.63,140.04,48.73,171.55,0.4004,-1,-1,-1
717,63,854.47,935.52,80.32,144.54,0.7799,-1,-1,-1
717,64,1571.51,598.61,105.17,226.09,0.5814,-1,-1,-1
717,67,391.79,546.02,85.51,239.17,0.7084,-1,-1,-1
717,68,1185.97,784.58,82.66,264.59,0.8037,-1,-1,-1
717,69,1270.34,764.12,90.33,257.84,0.7826,-1,-1,-1
717,66,475.36,161.94,61.82,176.95,0.4705,-1,-1,-1
717,72,423.44,172.26,47.36,158.56,0.2801,-1,-1,-1
717,71,262.71,205.64,53.52,179.18,0.2914,-1,-1,-1
718,4,1718.49,450.82,85.75,214.87,0.6956,-1,-1,-1
718,60,298.44,403.56,72.35,219.42,0.6786,-1,-1,-1
718,54,1600.43,118.75,61.07,180.78,0.5508,-1,-1,-1
718,49,789.56,140.61,47.95,169.16,0.4081,-1,-1,-1
718,63,854.31,935.69,80.56,144.34,0.7748,-1,-1,-1
718,64,1571.28,599.40,105.42,224.94,0.5939,-1,-1,-1
718,67,391.77,546.45,87.15,239.42,0.7151,-1,-1,-1
718,68,1184.08,783.35,82.89,265.66,0.7979,-1,-1,-1
718,69,1267.60,759.96,88.27,255.90,0.7456,-1,-1,-1
718,66,474.08,161.58,62.84,178.60,0.5019,-1,-1,-1
718,72,422.76,167.26,48.43,161.14,0.2855,-1,-1,-1
718,71,262.77,203.66,53.99,181.78,0.2912,-1,-1,-1
719,4,1718.06,451.41,85.94,214.56,0.7022,-1,-1,-1
719,60,299.13,403.89,71.99,214.54,0.6653,-1,-1,-1
719,54,1600.55,118.00,59.45,180.88,0.4597,-1,-1,-1
719,49,790.22,140.82,46.68,168.90,0.3421,-1,-1,-1
719,63,853.87,936.10,80.77,143.93,0.7830,-1,-1,-1
719,64,1569.42,596.86,107.20,227.68,0.5252,-1,-1,-1
719,67,391.83,547.00,89.15,240.68,0.6984,-1,-1,-1
719,68,1182.65,782.62,82.53,264.97,0.7966,-1,-1,-1
719,69,1265.39,755.99,87.01,257.38,0.7408,-1,-1,-1
719,66,474.90,162.58,61.57,178.41,0.4777,-1,-1,-1
719,72,421.42,162.45,50.05,165.65,0.3046,-1,-1,-1
719,71,263.83,205.61,52.45,180.72,0.2957,-1,-1,-1
720,4,1718.30,451.61,85.53,214.45,0.7064,-1,-1,-1
720,60,299.40,405.69,72.25,210.69,0.7030,-1,-1,-1
720,54,1600.35,118.12,58.87,179.69,0.4607,-1,-1,-1
720,49,788.00,139.84,48.83,169.52,0.3394,-1,-1,-1
720,63,853.08,937.47,81.23,142.58,0.7854,-1,-1,-1
720,64,1576.54,600.03,97.57,226.26,0.5020,-1,-1,-1
720,67,392.21,547.84,89.68,240.67,0.6963,-1,-1,-1
720,68,1180.99,781.26,82.76,265.62,0.7845,-1,-1,-1
720,69,1263.68,751.45,85.38,260.54,0.7353,-1,-1,-1
720,66,475.35,165.04,60.19,174.35,0.4782,-1,-1,-1
720,72,420.58,160.84,51.09,169.78,0.3331,-1,-1,-1
720,71,264.94,204.82,50.37,179.59,0.2786,-1,-1,-1
721,4,1718.67,451.25,85.94,215.34,0.6965,-1,-1,-1
721,60,299.52,407.64,72.79,210.58,0.7201,-1,-1,-1
721,54,1600.18,118.89,58.28,177.27,0.5479,-1,-1,-1
721,49,788.77,140.21,47.56,169.33,0.3117,-1,-1,-1
721,63,852.50,938.03,81.68,142.03,0.7845,-1,-1,-1
721,64,1571.34,598.54,103.13,226.67,0.5822,-1,-1,-1
721,67,393.31,548.78,92.35,241.47,0.6841,-1,-1,-1
721,68,1179.42,779.38,81.57,265.90,0.7744,-1,-1,-1
721,69,1261.99,748.60,84.65,264.19,0.7341,-1,-1,-1
721,66,475.52,166.03,60.33,172.48,0.5109,-1,-1,-1
721,72,419.41,157.29,52.71,174.60,0.4126,-1,-1,-1
721,71,264.97,211.32,49.92,172.41,0.2948,-1,-1,-1
722,4,1718.36,451.95,86.46,214.23,0.7178,-1,-1,-1
722,60,299.37,409.13,72.88,212.53,0.7362,-1,-1,-1
722,54,1600.32,119.30,57.25,175.49,0.5207,-1,-1,-1
722,49,788.29,138.53,47.72,170.05,0.2896,-1,-1,-1
722,63,851.58,938.49,82.32,141.52,0.7860,-1,-1,-1
722,64,1569.53,596.10,105.75,228.98,0.5770,-1,-1,-1
722,67,394.53,549.97,93.85,241.25,0.7130,-1,-1,-1
722,68,1177.64,774.85,79.61,267.85,0.7862,-1,-1,-1
722,69,1257.31,747.19,86.77,262.31,0.7686,-1,-1,-1
722,66,474.73,164.94,60.72,172.11,0.5146,-1,-1,-1
722,72,419.55,157.07,53.66,175.52,0.4084,-1,-1,-1
722,71,265.18,214.78,49.59,169.33,0.2223,-1,-1,-1
722,74,551.01,114.28,61.50,172.91,0.4478,-1,-1,-1
723,4,1718.52,451.40,85.72,215.38,0.7182,-1,-1,-1
723,60,299.20,410.26,73.18,215.38,0.7560,-1,-1,-1
723,54,1600.24,118.25,56.52,176.27,0.3252,-1,-1,-1
723,49,788.60,138.80,47.57,171.42,0.3042,-1,-1,-1
723,63,851.33,938.59,81.67,141.41,0.7833,-1,-1,-1
723,64,1567.17,594.76,107.74,230.45,0.5554,-1,-1,-1
723,67,395.40,551.00,94.93,242.02,0.7219,-1,-1,-1
723,68,1175.70,771.31,78.66,262.88,0.7741,-1,-1,-1
723,69,1253.87,745.61,87.60,266.47,0.7719,-1,-1,-1
723,66,474.58,165.80,61.21,170.90,0.5329,-1,-1,-1
723,72,419.01,159.83,53.87,173.93,0.4883,-1,-1,-1
723,71,265.15,210.37,50.46,173.95,0.3314,-1,-1,-1
723,74,550.84,111.58,60.68,176.50,0.4180,-1,-1,-1
724,4,1718.94,451.69,85.66,215.39,0.6995,-1,-1,-1
724,60,299.06,411.84,72.97,217.44,0.7638,-1,-1,-1
724,54,1599.63,117.05,56.27,177.78,0.3464,-1,-1,-1
724,49,789.51,140.81,46.39,170.02,0.2148,-1,-1,-1
724,63,849.96,938.98,82.17,141.02,0.7878,-1,-1,-1
724,64,1566.29,593.17,108.64,231.81,0.5178,-1,-1,-1
724,67,396.95,551.58,93.83,242.92,0.7247,-1,-1,-1
724,68,1173.88,768.17,76.61,251.50,0.7739,-1,-1,-1
724,69,1249.63,744.31,86.84,267.29,0.7718,-1,-1,-1
724,66,473.42,165.50,61.65,171.25,0.5621,-1,-1,-1
724,72,418.09,162.43,54.00,174.74,0.4976,-1,-1,-1
724,71,265.15,211.43,50.21,173.32,0.2010,-1,-1,-1
724,74,550.43,116.32,59.47,171.45,0.4561,-1,-1,-1
725,4,1718.54,451.93,85.97,215.01,0.6962,-1,-1,-1
725,60,299.32,414.09,73.00,217.48,0.7558,-1,-1,-1
725,54,1598.95,116.34,56.45,177.08,0.3822,-1,-1,-1
725,63,848.69,940.68,82.47,139.34,0.7785,-1,-1,-1
725,64,1565.80,594.69,108.86,230.00,0.5293,-1,-1,-1
725,67,400.26,551.57,92.85,242.59,0.7180,-1,-1,-1
725,68,1171.75,764.57,76.20,249.07,0.7731,-1,-1,-1
725,69,1244.67,744.10,88.80,267.96,0.7703,-1,-1,-1
725,66,472.35,167.22,63.02,171.10,0.5596,-1,-1,-1
725,72,418.16,164.34,52.70,174.47,0.4810,-1,-1,-1
725,71,264.65,212.08,48.49,173.11,0.2202,-1,-1,-1
725,74,550.23,116.23,59.12,171.16,0.4511,-1,-1,-1
726,4,1717.92,452.20,86.00,214.33,0.6999,-1,-1,-1
726,60,299.34,415.81,72.56,217.59,0.7592,-1,-1,-1
726,54,1598.50,115.56,55.90,176.56,0.4358,-1,-1,-1
726,63,846.85,941.98,83.47,138.03,0.7847,-1,-1,-1
726,64,1564.92,593.73,110.05,230.73,0.5170,-1,-1,-1
726,67,402.81,552.37,93.45,242.71,0.7405,-1,-1,-1
726,68,1170.16,760.56,76.60,247.59,0.7818,-1,-1,-1
726,69,1241.70,743.35,88.83,269.42,0.7936,-1,-1,-1
726,66,472.58,168.92,62.30,172.88,0.5715,-1,-1,-1
726,72,418.24,166.60,52.84,174.11,0.5192,-1,-1,-1
726,71,264.36,213.85,48.62,171.39,0.3036,-1,-1,-1
726,74,549.66,118.83,58.70,169.01,0.4488,-1,-1,-1
727,4,1718.93,451.91,84.89,214.39,0.7044,-1,-1,-1
727,60,299.64,418.30,72.29,216.82,0.7689,-1,-1,-1
727,54,1598.25,113.71,55.24,177.24,0.4519,-1,-1,-1
727,63,845.42,942.85,83.81,137.14,0.7866,-1,-1,-1
727,64,1564.19,596.42,110.55,229.14,0.4532,-1,-1,-1
727,67,403.43,552.73,94.58,244.17,0.7691,-1,-1,-1
727,68,1167.67,756.69,77.62,244.40,0.7975,-1,-1,-1
727,69,1239.14,742.10,90.45,269.20,0.8174,-1,-1,-1
727,66,473.30,170.94,60.89,173.99,0.5433,-1,-1,-1
727,72,417.02,171.76,53.75,169.22,0.5386,-1,-1,-1
727,71,264.05,213.43,49.68,171.44,0.2768,-1,-1,-1
727,74,549.78,119.31,58.27,168.74,0.3399,-1,-1,-1
728,4,1718.83,452.21,85.09,213.53,0.7060,-1,-1,-1
728,60,298.96,419.25,72.98,219.71,0.7557,-1,-1,-1
728,54,1597.86,112.35,55.58,178.81,0.5466,-1,-1,-1
728,63,843.77,942.66,84.44,137.31,0.7851,-1,-1,-1
728,64,1574.71,600.16,99.06,225.58,0.4385,-1,-1,-1
728,67,404.38,552.32,94.29,245.04,0.7881,-1,-1,-1
728,68,1164.41,753.87,78.96,247.16,0.8116,-1,-1,-1
728,69,1237.39,741.70,90.69,268.82,0.8206,-1,-1,-1
728,66,473.57,171.27,59.61,176.15,0.5215,-1,-1,-1
728,72,418.28,173.89,54.30,170.44,0.4945,-1,-1,-1
728,71,263.58,214.56,49.45,170.13,0.3159,-1,-1,-1
728,74,549.30,116.23,58.73,171.50,0.3396,-1,-1,-1
729,4,1718.54,451.50,85.60,214.52,0.7095,-1,-1,-1
729,60,298.83,420.41,72.22,221.29,0.7512,-1,-1,-1
729,54,1597.56,110.34,55.56,178.54,0.5601,-1,-1,-1
729,63,842.03,943.85,85.47,136.15,0.7927,-1,-1,-1
729,64,1568.61,598.20,106.82,227.68,0.4972,-1,-1,-1
729,67,404.40,552.64,93.81,244.08,0.7759,-1,-1,-1
729,68,1162.38,750.91,78.28,251.02,0.8184,-1,-1,-1
729,69,1235.21,740.72,91.20,267.47,0.8277,-1,-1,-1
729,66,473.59,171.55,59.23,178.96,0.5280,-1,-1,-1
729,72,419.63,177.72,52.77,167.48,0.4528,-1,-1,-1
729,71,262.79,216.09,49.95,169.08,0.2359,-1,-1,-1
729,74,549.20,115.84,58.44,171.83,0.3831,-1,-1,-1
730,4,1718.58,451.77,86.20,214.47,0.7114,-1,-1,-1
730,60,298.60,421.34,71.83,222.50,0.7343,-1,-1,-1
730,54,1597.51,108.63,55.31,177.33,0.4593,-1,-1,-1
730,63,840.38,944.09,86.32,135.71,0.7833,-1,-1,-1
730,64,1577.18,598.01,97.06,228.08,0.4966,-1,-1,-1
730,67,405.91,552.83,92.35,243.78,0.7976,-1,-1,-1
730,68,1158.78,749.28,78.99,255.31,0.8188,-1,-1,-1
730,69,1232.48,739.36,92.03,268.68,0.8113,-1,-1,-1
730,66,471.24,169.11,60.86,182.66,0.4247,-1,-1,-1
730,72,418.49,180.64,53.92,165.63,0.4713,-1,-1,-1
730,71,262.31,214.48,51.15,172.82,0.3766,-1,-1,-1
730,74,549.16,116.54,58.58,170.77,0.4118,-1,-1,-1
731,4,1718.81,452.14,85.84,214.17,0.7044,-1,-1,-1
731,60,298.08,421.79,71.67,222.02,0.7155,-1,-1,-1
731,54,1597.94,107.02,54.95,176.97,0.4633,-1,-1,-1
731,63,838.78,944.10,86.77,135.74,0.7830,-1,-1,-1
731,64,1570.39,596.94,105.02,228.03,0.5683,-1,-1,-1
731,67,407.48,553.22,91.04,243.14,0.8103,-1,-1,-1
731,68,1155.83,747.74,78.84,257.49,0.8072,-1,-1,-1
731,69,1230.31,737.21,90.22,269.93,0.7996,-1,-1,-1
731,66,470.35,168.83,61.54,184.13,0.4302,-1,-1,-1
731,72,417.58,182.74,53.89,163.95,0.4707,-1,-1,-1
731,71,262.08,213.00,50.91,173.75,0.3875,-1,-1,-1
731,74,549.16,118.71,58.93,167.77,0.3684,-1,-1,-1
732,4,1717.89,452.02,86.93,214.61,0.6972,-1,-1,-1
732,60,297.55,422.12,72.28,221.76,0.6784,-1,-1,-1
732,54,1599.14,105.51,54.02,176.74,0.5164,-1,-1,-1
732,63,838.25,944.64,85.95,135.23,0.7824,-1,-1,-1
732,64,1567.73,595.66,107.74,229.37,0.5140,-1,-1,-1
732,67,411.37,553.29,88.65,243.35,0.8056,-1,-1,-1
732,68,1153.00,746.25,79.36,259.70,0.8077,-1,-1,-1
732,69,1228.89,734.82,89.44,269.19,0.8154,-1,-1,-1
732,66,470.12,172.06,62.16,182.27,0.4671,-1,-1,-1
732,72,417.22,182.25,53.39,165.01,0.4671,-1,-1,-1
732,71,262.50,213.60,50.04,172.46,0.3590,-1,-1,-1
732,74,549.00,115.29,59.83,171.26,0.4493,-1,-1,-1
732,75,321.69,208.67,58.78,164.17,0.3865,-1,-1,-1
733,4,1717.32,451.94,87.54,215.09,0.6987,-1,-1,-1
733,60,296.75,422.71,72.86,220.92,0.6553,-1,-1,-1
733,54,1600.27,104.67,53.34,175.47,0.4982,-1,-1,-1
733,63,836.94,944.81,86.16,134.86,0.7719,-1,-1,-1
733,64,1566.46,593.60,109.56,231.26,0.5166,-1,-1,-1
733,67,414.44,552.93,86.21,243.75,0.7861,-1,-1,-1
733,68,1150.29,745.35,79.61,262.26,0.7684,-1,-1,-1
733,69,1227.40,730.88,87.26,261.05,0.7856,-1,-1,-1
733,66,471.22,172.78,61.10,182.85,0.4831,-1,-1,-1
733,72,417.10,185.03,51.73,158.93,0.4653,-1,-1,-1
733,71,263.72,213.51,47.94,170.70,0.2896,-1,-1,-1
733,74,549.08,114.07,59.59,172.74,0.3823,-1,-1,-1
733,75,322.43,209.85,57.54,162.11,0.3589,-1,-1,-1
734,4,1717.23,452.05,87.46,216.93,0.7049,-1,-1,-1
734,60,296.21,423.31,73.25,219.77,0.6436,-1,-1,-1
734,54,1600.87,103.90,53.65,175.42,0.3563,-1,-1,-1
734,63,836.15,944.91,86.15,134.61,0.7785,-1,-1,-1
734,64,1575.50,597.37,98.28,228.96,0.4549,-1,-1,-1
734,67,419.22,552.98,82.31,245.11,0.7892,-1,-1,-1
734,68,1147.82,746.08,80.35,261.51,0.7761,-1,-1,-1
734,69,1226.88,727.92,84.50,252.24,0.7813,-1,-1,-1
734,66,471.78,173.22,60.53,182.61,0.4482,-1,-1,-1
734,72,418.97,183.92,49.46,159.27,0.4035,-1,-1,-1
734,71,264.03,213.88,47.29,167.92,0.3282,-1,-1,-1
734,74,549.19,113.13,58.95,174.16,0.4291,-1,-1,-1
734,75,324.02,208.68,57.92,163.74,0.4055,-1,-1,-1
735,4,1718.17,452.33,86.66,215.00,0.6874,-1,-1,-1
735,60,295.27,424.39,73.59,217.67,0.6152,-1,-1,-1
735,54,1600.98,103.15,54.08,174.79,0.2921,-1,-1,-1
735,63,834.88,945.24,86.95,134.31,0.7784,-1,-1,-1
735,64,1583.57,597.80,89.41,229.18,0.5273,-1,-1,-1
735,67,423.86,553.57,79.31,245.24,0.7804,-1,-1,-1
735,68,1144.06,744.65,82.66,262.82,0.7573,-1,-1,-1
735,69,1223.47,722.52,85.03,248.43,0.7750,-1,-1,-1
735,66,471.13,174.50,61.47,181.71,0.4437,-1,-1,-1
735,72,419.24,185.08,48.45,157.02,0.4332,-1,-1,-1
735,71,263.63,213.63,47.00,168.93,0.3007,-1,-1,-1
735,74,549.13,114.26,59.36,172.41,0.3822,-1,-1,-1
735,75,325.14,206.78,57.88,165.11,0.4048,-1,-1,-1
736,4,1718.32,451.71,86.34,214.02,0.6988,-1,-1,-1
736,60,294.69,425.28,73.91,216.50,0.6423,-1,-1,-1
736,54,1600.95,103.43,54.19,173.71,0.2867,-1,-1,-1
736,63,834.03,945.26,87.46,134.55,0.7756,-1,-1,-1
736,64,1573.66,596.66,101.22,228.72,0.5910,-1,-1,-1
736,67,430.54,553.63,74.58,245.83,0.8009,-1,-1,-1
736,68,1141.99,741.91,84.31,261.41,0.7665,-1,-1,-1
736,69,1220.66,717.50,84.86,247.27,0.7764,-1,-1,-1
736,66,472.25,173.70,60.76,183.28,0.4607,-1,-1,-1
736,72,419.09,185.89,48.47,156.28,0.4225,-1,-1,-1
736,71,264.04,212.53,46.85,168.82,0.2746,-1,-1,-1
736,74,548.57,112.99,60.80,174.59,0.4187,-1,-1,-1
736,75,325.80,207.12,57.55,165.94,0.4049,-1,-1,-1
737,4,1718.50,451.56,86.28,214.03,0.7117,-1,-1,-1
737,60,294.67,426.40,73.42,214.56,0.6179,-1,-1,-1
737,54,1600.73,103.17,54.59,173.53,0.2984,-1,-1,-1
737,63,834.16,946.26,87.04,133.51,0.7826,-1,-1,-1
737,64,1580.75,596.17,93.93,230.20,0.5007,-1,-1,-1
737,67,435.49,554.18,71.95,246.09,0.7951,-1,-1,-1
737,68,1139.19,739.62,85.75,260.84,0.7513,-1,-1,-1
737,69,1220.13,712.53,83.37,250.59,0.7644,-1,-1,-1
737,66,472.47,174.57,60.69,181.66,0.4148,-1,-1,-1
737,72,418.59,186.47,48.90,155.95,0.4042,-1,-1,-1
737,71,265.35,214.13,45.12,164.63,0.2270,-1,-1,-1
737,74,548.35,112.62,61.59,175.47,0.4126,-1,-1,-1
737,75,327.03,208.83,57.06,165.48,0.4227,-1,-1,-1
738,4,1718.39,451.42,86.13,213.78,0.7167,-1,-1,-1
738,60,294.36,427.20,73.89,214.29,0.6741,-1,-1,-1
738,54,1600.47,103.24,55.08,171.88,0.2650,-1,-1,-1
738,63,834.30,946.27,86.92,133.33,0.7771,-1,-1,-1
738,64,1573.21,595.37,101.99,229.93,0.5407,-1,-1,-1
738,67,439.54,554.64,69.74,247.46,0.8004,-1,-1,-1
738,68,1136.70,737.32,84.68,263.32,0.7497,-1,-1,-1
738,69,1220.00,709.61,80.88,254.59,0.7670,-1,-1,-1
738,66,471.94,170.56,59.82,185.43,0.3637,-1,-1,-1
738,72,416.87,186.53,49.92,156.96,0.3808,-1,-1,-1
738,71,264.76,216.93,45.14,161.16,0.2200,-1,-1,-1
738,74,548.53,110.60,62.84,178.00,0.4257,-1,-1,-1
738,75,327.82,211.32,57.57,162.75,0.4164,-1,-1,-1
739,4,1719.32,450.75,85.46,214.09,0.7208,-1,-1,-1
739,60,294.35,427.98,74.08,215.06,0.6559,-1,-1,-1
739,54,1600.48,103.51,54.87,170.42,0.2877,-1,-1,-1
739,63,834.20,946.21,87.30,133.61,0.7799,-1,-1,-1
739,64,1572.04,590.87,103.72,233.86,0.6000,-1,-1,-1
739,67,443.17,555.11,68.40,249.42,0.7880,-1,-1,-1
739,68,1135.04,735.43,83.08,260.33,0.7799,-1,-1,-1
739,69,1219.19,707.46,79.88,258.25,0.7538,-1,-1,-1
739,66,471.16,172.13,60.84,183.87,0.4525,-1,-1,-1
739,72,414.86,186.03,50.70,157.86,0.4272,-1,-1,-1
739,71,264.77,219.04,45.45,159.19,0.2407,-1,-1,-1
739,74,548.50,113.60,63.39,175.14,0.4708,-1,-1,-1
739,75,328.10,210.99,58.34,163.25,0.4295,-1,-1,-1
740,4,1718.56,452.04,86.25,213.02,0.7353,-1,-1,-1
740,60,294.18,429.81,75.39,217.19,0.6929,-1,-1,-1
740,54,1600.62,103.07,55.43,170.81,0.2614,-1,-1,-1
740,63,834.40,946.14,87.31,133.71,0.7757,-1,-1,-1
740,64,1571.03,593.37,104.14,230.96,0.6090,-1,-1,-1
740,67,445.76,555.05,68.28,250.29,0.7676,-1,-1,-1
740,68,1132.88,733.14,83.63,255.07,0.7809,-1,-1,-1
740,69,1217.94,706.01,79.03,261.61,0.7535,-1,-1,-1
740,66,470.43,170.23,61.58,185.62,0.4465,-1,-1,-1
740,72,413.27,186.86,52.13,159.41,0.4267,-1,-1,-1
740,71,265.02,217.26,45.62,160.02,0.2154,-1,-1,-1
740,74,548.83,112.38,63.57,176.19,0.5204,-1,-1,-1
740,75,328.69,208.18,58.77,165.91,0.3752,-1,-1,-1
741,4,1718.42,451.96,86.40,213.02,0.7295,-1,-1,-1
741,60,294.20,431.71,75.71,220.01,0.6892,-1,-1,-1
741,54,1600.82,102.72,55.35,170.74,0.2682,-1,-1,-1
741,63,834.94,946.36,87.28,133.67,0.7821,-1,-1,-1
741,64,1572.03,593.52,102.71,230.89,0.6253,-1,-1,-1
741,67,447.93,556.42,67.51,251.21,0.7567,-1,-1,-1
741,68,1130.79,730.71,81.86,250.41,0.7660,-1,-1,-1
741,69,1216.36,705.35,78.86,261.50,0.7452,-1,-1,-1
741,66,469.90,171.01,61.34,185.04,0.4812,-1,-1,-1
741,72,411.63,189.51,53.10,160.96,0.4196,-1,-1,-1
741,71,264.97,218.44,46.49,157.29,0.2093,-1,-1,-1
741,74,549.93,111.71,63.33,176.90,0.4602,-1,-1,-1
741,75,329.99,208.22,57.80,164.01,0.3607,-1,-1,-1
742,4,1718.71,452.38,85.56,213.25,0.7061,-1,-1,-1
742,60,294.88,434.00,73.96,220.11,0.6952,-1,-1,-1
742,54,1600.90,102.89,55.03,169.24,0.2677,-1,-1,-1
742,63,835.55,946.43,87.47,133.64,0.7762,-1,-1,-1
742,64,1572.61,593.43,102.45,231.25,0.6464,-1,-1,-1
742,67,450.06,556.49,67.60,252.11,0.7699,-1,-1,-1
742,68,1127.67,727.55,80.53,248.82,0.7713,-1,-1,-1
742,69,1210.39,704.94,83.47,261.68,0.7563,-1,-1,-1
742,66,469.02,171.53,61.83,184.42,0.4608,-1,-1,-1
742,72,409.71,194.30,55.32,158.61,0.5110,-1,-1,-1
742,71,264.92,218.81,48.29,157.93,0.2156,-1,-1,-1
742,74,551.47,111.58,61.92,177.07,0.3323,-1,-1,-1
742,75,332.13,209.06,55.94,161.04,0.3223,-1,-1,-1
743,4,1719.33,452.18,83.84,213.48,0.7187,-1,-1,-1
743,60,295.30,436.84,73.66,219.95,0.7123,-1,-1,-1
743,54,1600.15,102.12,55.79,169.97,0.1983,-1,-1,-1
743,63,836.48,946.66,87.15,133.36,0.7722,-1,-1,-1
743,64,1571.78,591.95,103.49,232.52,0.5911,-1,-1,-1
743,67,452.87,557.20,71.95,251.39,0.7577,-1,-1,-1
743,68,1124.47,723.68,80.33,249.07,0.7670,-1,-1,-1
743,69,1204.95,704.87,86.19,261.13,0.7493,-1,-1,-1
743,66,468.44,169.46,59.83,187.71,0.3451,-1,-1,-1
743,72,409.69,198.71,55.01,156.13,0.5355,-1,-1,-1
743,71,266.14,217.30,48.44,159.38,0.1579,-1,-1,-1
743,74,552.05,106.82,61.66,181.66,0.3088,-1,-1,-1
743,75,333.58,209.98,55.27,158.54,0.2964,-1,-1,-1
744,4,1719.58,453.08,83.84,213.27,0.7287,-1,-1,-1
744,60,296.02,439.77,72.80,219.40,0.7051,-1,-1,-1
744,54,1600.35,101.51,55.43,167.66,0.1631,-1,-1,-1
744,63,837.49,947.37,86.73,132.62,0.7752,-1,-1,-1
744,64,1571.67,592.92,102.83,231.50,0.6372,-1,-1,-1
744,67,454.58,558.95,78.97,248.82,0.7517,-1,-1,-1
744,68,1122.73,721.18,79.50,248.82,0.7698,-1,-1,-1
744,69,1201.03,704.43,86.31,260.66,0.7383,-1,-1,-1
744,66,466.90,173.94,59.75,185.30,0.3917,-1,-1,-1
744,72,409.75,200.77,54.58,156.07,0.5225,-1,-1,-1
744,71,266.21,216.45,49.71,161.63,0.1603,-1,-1,-1
744,74,552.44,110.10,61.62,178.95,0.3507,-1,-1,-1
744,75,334.01,209.85,54.97,159.08,0.3416,-1,-1,-1
745,4,1719.02,452.87,84.75,213.34,0.7264,-1,-1,-1
745,60,296.85,442.05,72.11,220.13,0.6984,-1,-1,-1
745,63,838.58,947.86,86.90,132.23,0.7740,-1,-1,-1
745,64,1572.27,592.88,102.56,231.68,0.6416,-1,-1,-1
745,67,455.99,560.46,85.99,245.89,0.7884,-1,-1,-1
745,68,1121.67,719.11,79.07,251.52,0.7688,-1,-1,-1
745,69,1198.51,704.73,86.33,258.44,0.7431,-1,-1,-1
745,66,465.20,175.55,60.47,187.60,0.4133,-1,-1,-1
745,72,409.79,202.76,53.63,157.44,0.5485,-1,-1,-1
745,71,267.28,217.82,51.68,157.80,0.1573,-1,-1,-1
745,74,552.69,110.45,61.31,178.84,0.3840,-1,-1,-1
745,75,334.63,211.52,53.98,157.75,0.3422,-1,-1,-1
746,4,1719.13,453.36,85.59,212.51,0.7108,-1,-1,-1
746,60,297.78,443.99,71.41,221.67,0.6976,-1,-1,-1
746,63,840.03,948.14,86.58,131.84,0.7822,-1,-1,-1
746,64,1573.54,595.10,101.44,229.53,0.6684,-1,-1,-1
746,67,456.90,561.45,92.86,244.75,0.8045,-1,-1,-1
746,68,1119.41,717.82,80.02,253.30,0.7649,-1,-1,-1
746,69,1195.44,702.94,86.92,259.01,0.7508,-1,-1,-1
746,66,463.73,179.62,63.66,185.16,0.5116,-1,-1,-1
746,72,409.42,202.30,51.67,159.93,0.5127,-1,-1,-1
746,71,265.93,219.46,50.31,157.65,0.2062,-1,-1,-1
746,74,553.12,109.98,60.65,178.73,0.2566,-1,-1,-1
746,75,334.87,213.91,54.60,154.23,0.3258,-1,-1,-1
747,4,1719.33,453.03,85.12,212.71,0.7110,-1,-1,-1
747,60,298.84,445.12,70.76,223.55,0.7236,-1,-1,-1
747,63,841.91,948.29,86.02,131.68,0.7863,-1,-1,-1
747,64,1571.64,592.35,103.99,232.34,0.5982,-1,-1,-1
747,67,457.65,562.00,97.14,245.47,0.8202,-1,-1,-1
747,68,1117.56,715.78,78.86,255.21,0.7762,-1,-1,-1
747,69,1190.60,700.90,88.08,262.42,0.7581,-1,-1,-1
747,66,464.26,183.12,62.49,182.83,0.5621,-1,-1,-1
747,72,409.30,203.64,51.71,157.93,0.5431,-1,-1,-1
747,71,265.82,221.70,49.38,155.48,0.2124,-1,-1,-1
747,74,553.55,109.50,61.20,179.20,0.2655,-1,-1,-1
747,75,334.88,213.92,55.14,154.23,0.3567,-1,-1,-1
748,4,1718.96,453.75,84.49,212.39,0.7000,-1,-1,-1
748,60,299.04,445.85,71.29,223.16,0.7088,-1,-1,-1
748,63,843.62,948.67,85.38,131.36,0.7900,-1,-1,-1
748,64,1567.61,595.18,105.70,231.17,0.5222,-1,-1,-1
748,67,457.72,563.36,101.45,245.49,0.8212,-1,-1,-1
748,68,1115.86,714.42,77.81,255.73,0.8041,-1,-1,-1
748,69,1187.64,698.73,86.85,260.02,0.8100,-1,-1,-1
748,66,463.65,186.22,62.73,180.71,0.5506,-1,-1,-1
748,72,409.15,203.54,50.73,159.05,0.5541,-1,-1,-1
748,71,264.55,217.52,52.20,158.34,0.2372,-1,-1,-1
748,74,554.11,108.16,60.14,180.26,0.1807,-1,-1,-1
748,75,334.54,209.91,56.71,158.41,0.4272,-1,-1,-1
749,4,1719.30,454.21,83.55,213.27,0.6839,-1,-1,-1
749,60,300.07,446.17,71.42,223.85,0.6985,-1,-1,-1
749,63,845.69,949.71,84.73,130.31,0.7890,-1,-1,-1
749,64,1569.84,590.53,105.07,234.49,0.5870,-1,-1,-1
749,67,458.49,564.66,104.54,246.20,0.8097,-1,-1,-1
749,68,1114.56,712.38,76.35,255.87,0.8260,-1,-1,-1
749,69,1184.72,696.64,86.43,252.09,0.8110,-1,-1,-1
749,66,463.91,187.90,60.43,181.16,0.5757,-1,-1,-1
749,72,409.01,204.51,49.30,158.01,0.5303,-1,-1,-1
749,71,265.54,216.43,50.66,158.98,0.2457,-1,-1,-1
749,74,553.65,109.66,60.97,179.00,0.2188,-1,-1,-1
749,75,334.20,210.01,56.57,159.16,0.3673,-1,-1,-1
750,4,1718.73,453.79,84.59,213.80,0.7085,-1,-1,-1
750,60,300.60,446.86,71.83,223.07,0.6983,-1,-1,-1
750,63,848.32,951.22,83.31,128.80,0.7690,-1,-1,-1
750,64,1571.55,591.51,103.28,233.13,0.6228,-1,-1,-1
750,67,459.20,565.12,106.20,247.12,0.8153,-1,-1,-1
750,68,1112.95,711.43,75.87,257.17,0.8173,-1,-1,-1
750,69,1182.48,693.70,86.19,255.46,0.7880,-1,-1,-1
750,66,463.51,187.24,60.11,184.21,0.5022,-1,-1,-1
750,72,408.39,203.75,50.97,159.68,0.5514,-1,-1,-1
750,71,267.27,214.49,52.59,159.33,0.2948,-1,-1,-1
750,74,552.41,101.51,63.28,187.23,0.1856,-1,-1,-1
750,75,334.26,208.28,55.83,160.59,0.3703,-1,-1,-1
751,4,1717.11,454.65,85.60,212.09,0.6833,-1,-1,-1
751,60,301.17,447.15,73.47,221.95,0.7021,-1,-1,-1
751,63,850.83,952.19,82.87,127.80,0.7663,-1,-1,-1
751,64,1571.67,592.04,103.71,232.36,0.6181,-1,-1,-1
751,67,459.84,565.68,106.88,246.85,0.8109,-1,-1,-1
751,68,1110.51,709.42,73.43,255.19,0.8050,-1,-1,-1
751,69,1180.73,689.37,83.89,248.06,0.7994,-1,-1,-1
751,66,462.73,193.19,60.29,180.95,0.4752,-1,-1,-1
751,72,408.94,203.90,49.68,158.24,0.5034,-1,-1,-1
751,71,266.93,209.32,56.17,163.08,0.4227,-1,-1,-1
751,74,552.78,106.00,62.07,182.68,0.2281,-1,-1,-1
751,75,334.07,206.50,55.73,161.09,0.3882,-1,-1,-1
752,4,1716.83,454.07,85.44,213.06,0.6903,-1,-1,-1
752,60,301.40,447.72,74.85,221.76,0.7228,-1,-1,-1
752,63,852.69,952.25,83.00,127.66,0.7693,-1,-1,-1
752,64,1569.19,594.28,103.92,231.49,0.5353,-1,-1,-1
752,67,463.15,565.83,105.11,246.38,0.7864,-1,-1,-1
752,68,1107.53,709.41,73.86,254.84,0.7865,-1,-1,-1
752,69,1179.17,685.34,82.13,244.05,0.7707,-1,-1,-1
752,66,461.85,194.76,61.33,180.99,0.4696,-1,-1,-1
752,72,408.89,204.48,48.99,158.05,0.4700,-1,-1,-1
752,71,267.10,208.02,56.69,164.15,0.4076,-1,-1,-1
752,75,334.31,204.88,55.25,162.19,0.3606,-1,-1,-1
753,4,1716.45,453.19,85.10,214.13,0.6775,-1,-1,-1
753,60,301.27,448.61,76.44,220.40,0.7256,-1,-1,-1
753,63,854.57,952.56,82.90,127.42,0.7732,-1,-1,-1
753,64,1570.42,592.40,104.54,232.21,0.5778,-1,-1,-1
753,67,466.93,566.27,102.19,246.10,0.7560,-1,-1,-1
753,68,1106.01,707.84,72.56,255.64,0.7785,-1,-1,-1
753,69,1175.28,680.66,82.77,248.29,0.7473,-1,-1,-1
753,66,460.77,194.63,61.10,182.11,0.4560,-1,-1,-1
753,72,408.43,205.69,48.40,155.43,0.5117,-1,-1,-1
753,71,268.08,206.19,55.89,165.86,0.3665,-1,-1,-1
753,75,333.30,202.00,56.28,165.14,0.3526,-1,-1,-1
754,4,1715.96,453.75,85.48,212.87,0.6709,-1,-1,-1
754,60,300.97,449.89,77.97,217.68,0.7193,-1,-1,-1
754,63,856.25,952.50,83.30,127.26,0.7783,-1,-1,-1
754,64,1570.09,591.72,104.64,232.92,0.5080,-1,-1,-1
754,67,473.12,566.46,95.82,246.22,0.7269,-1,-1,-1
754,68,1103.94,704.87,72.74,259.67,0.7822,-1,-1,-1
754,69,1172.73,676.89,83.16,250.98,0.7508,-1,-1,-1
754,66,460.77,193.58,60.76,183.66,0.4168,-1,-1,-1
754,72,407.48,205.07,48.19,156.53,0.4998,-1,-1,-1
754,71,268.08,204.62,52.26,169.17,0.3811,-1,-1,-1
754,75,332.59,201.83,56.71,165.48,0.3119,-1,-1,-1
755,4,1716.47,452.67,83.49,213.76,0.6758,-1,-1,-1
755,60,300.97,451.12,78.92,215.98,0.7356,-1,-1,-1
755,63,858.31,952.41,83.11,127.52,0.7787,-1,-1,-1
755,64,1571.45,590.96,103.55,233.94,0.5952,-1,-1,-1
755,67,479.16,567.40,88.02,246.51,0.7219,-1,-1,-1
755,68,1101.59,702.28,72.85,259.69,0.7651,-1,-1,-1
755,69,1170.20,673.26,83.04,255.41,0.7575,-1,-1,-1
755,66,458.04,192.17,62.86,186.73,0.4008,-1,-1,-1
755,72,406.14,207.15,49.97,154.36,0.4300,-1,-1,-1
755,71,268.49,203.50,55.08,169.25,0.3184,-1,-1,-1
755,75,332.19,201.37,56.98,165.70,0.2705,-1,-1,-1
756,4,1716.72,453.44,82.48,214.22,0.6732,-1,-1,-1
756,60,301.02,452.48,80.84,215.02,0.7346,-1,-1,-1
756,63,859.07,952.18,84.47,127.57,0.7796,-1,-1,-1
756,64,1571.17,589.89,103.51,235.00,0.5746,-1,-1,-1
756,67,487.62,567.42,78.86,247.25,0.6994,-1,-1,-1
756,68,1099.85,698.26,72.71,252.69,0.7610,-1,-1,-1
756,69,1168.37,671.58,83.07,257.94,0.7702,-1,-1,-1
756,66,457.36,192.65,62.96,185.06,0.4603,-1,-1,-1
756,72,404.66,207.12,50.80,154.49,0.4658,-1,-1,-1
756,71,269.02,202.35,55.90,169.23,0.3264,-1,-1,-1
756,75,331.82,200.43,56.98,166.18,0.2881,-1,-1,-1
757,4,1717.50,453.41,80.92,213.65,0.6814,-1,-1,-1
757,60,300.97,454.79,81.45,216.56,0.7446,-1,-1,-1
757,63,859.91,953.15,85.56,126.78,0.7813,-1,-1,-1
757,64,1570.69,593.28,103.58,232.38,0.4618,-1,-1,-1
757,67,496.92,567.28,72.08,246.05,0.7101,-1,-1,-1
757,68,1097.62,694.50,74.07,248.57,0.7603,-1,-1,-1
757,69,1167.50,670.59,82.76,258.80,0.7719,-1,-1,-1
757,66,454.44,190.82,65.80,186.62,0.5042,-1,-1,-1
757,72,403.99,205.38,50.90,157.85,0.4475,-1,-1,-1
757,71,270.04,204.92,55.52,166.74,0.2706,-1,-1,-1
757,75,330.82,200.21,54.94,165.35,0.2909,-1,-1,-1
758,4,1717.96,453.04,79.69,213.33,0.7096,-1,-1,-1
758,60,300.70,457.71,81.55,218.83,0.7486,-1,-1,-1
758,63,860.91,953.52,86.25,126.47,0.7723,-1,-1,-1
758,64,1569.72,591.31,105.97,233.37,0.4389,-1,-1,-1
758,67,502.52,566.06,70.02,247.53,0.7183,-1,-1,-1
758,68,1095.19,691.03,76.08,240.35,0.7667,-1,-1,-1
758,69,1165.69,670.41,84.37,258.94,0.7699,-1,-1,-1
758,66,453.86,189.34,65.85,189.43,0.4781,-1,-1,-1
758,72,404.08,205.08,49.89,161.20,0.4707,-1,-1,-1
758,71,271.19,202.07,54.50,169.31,0.3174,-1,-1,-1
758,75,331.72,200.48,55.17,165.37,0.2268,-1,-1,-1
759,4,1718.35,452.91,78.60,213.25,0.6915,-1,-1,-1
759,60,300.73,459.03,81.40,221.96,0.7501,-1,-1,-1
759,63,862.51,954.34,87.15,125.63,0.7556,-1,-1,-1
759,64,1569.52,593.13,106.24,231.12,0.5490,-1,-1,-1
759,67,507.61,565.47,68.25,248.79,0.7154,-1,-1,-1
759,68,1093.48,688.10,76.23,240.20,0.7504,-1,-1,-1
759,69,1162.62,670.16,87.68,259.80,0.7584,-1,-1,-1
759,66,452.77,188.82,66.87,189.37,0.4770,-1,-1,-1
759,72,404.31,205.63,49.39,162.55,0.5150,-1,-1,-1
759,71,272.99,205.24,52.40,165.71,0.2910,-1,-1,-1
759,75,332.16,201.28,54.70,164.05,0.2241,-1,-1,-1
760,4,1718.51,452.96,77.88,212.97,0.6995,-1,-1,-1
760,60,300.93,461.87,81.22,223.51,0.7342,-1,-1,-1
760,63,864.03,954.68,88.82,125.32,0.7562,-1,-1,-1
760,64,1570.69,593.84,104.96,230.28,0.6339,-1,-1,-1
760,67,511.82,565.15,68.77,249.52,0.7249,-1,-1,-1
760,68,1091.58,686.48,76.83,242.87,0.7466,-1,-1,-1
760,69,1160.59,669.13,88.86,259.61,0.7648,-1,-1,-1
760,66,451.26,187.27,68.22,189.26,0.4786,-1,-1,-1
760,72,404.48,206.87,50.57,165.72,0.4918,-1,-1,-1
760,71,274.44,205.21,50.86,165.96,0.3741,-1,-1,-1
760,75,333.40,207.71,53.77,158.23,0.2356,-1,-1,-1
761,4,1717.03,453.12,78.72,212.13,0.7151,-1,-1,-1
761,60,300.88,464.39,81.07,223.20,0.7134,-1,-1,-1
761,63,865.37,954.76,90.27,125.24,0.7727,-1,-1,-1
761,64,1570.25,594.48,105.15,229.58,0.6089,-1,-1,-1
761,67,515.23,565.36,70.13,248.89,0.7489,-1,-1,-1
761,68,1089.51,685.11,76.83,243.42,0.7419,-1,-1,-1
761,69,1158.09,667.87,89.67,260.96,0.7654,-1,-1,-1
761,66,450.04,189.21,69.65,186.55,0.4994,-1,-1,-1
761,72,404.30,207.85,51.54,167.56,0.4129,-1,-1,-1
761,71,275.38,203.28,49.85,167.73,0.2961,-1,-1,-1
761,75,333.59,212.83,52.68,153.69,0.2166,-1,-1,-1
762,4,1717.22,453.67,78.50,210.88,0.7046,-1,-1,-1
762,60,301.13,466.82,80.37,223.06,0.7277,-1,-1,-1
762,63,866.90,955.22,89.65,124.81,0.7773,-1,-1,-1
762,64,1570.78,594.26,104.71,230.27,0.6267,-1,-1,-1
762,67,518.07,566.86,72.50,247.36,0.7714,-1,-1,-1
762,68,1087.97,683.21,75.86,244.95,0.7448,-1,-1,-1
762,69,1156.11,666.83,89.55,261.89,0.7526,-1,-1,-1
762,66,450.64,191.48,69.18,185.86,0.5034,-1,-1,-1
762,72,404.60,208.91,52.75,169.41,0.5095,-1,-1,-1
762,71,276.09,203.84,48.71,166.49,0.3849,-1,-1,-1
762,75,333.15,213.01,53.52,154.10,0.2611,-1,-1,-1
763,4,1718.14,454.44,78.57,211.53,0.7112,-1,-1,-1
763,60,301.13,468.84,78.79,224.05,0.7422,-1,-1,-1
763,63,867.73,955.75,89.52,124.34,0.7777,-1,-1,-1
763,64,1570.47,594.34,104.58,230.20,0.6035,-1,-1,-1
763,67,520.47,567.75,74.17,246.26,0.7641,-1,-1,-1
763,68,1083.08,682.26,78.89,246.67,0.7475,-1,-1,-1
763,69,1154.60,664.75,87.23,261.04,0.7503,-1,-1,-1
763,66,452.66,199.18,65.12,179.97,0.4845,-1,-1,-1
763,72,405.02,209.57,52.47,170.29,0.5248,-1,-1,-1
763,71,276.97,201.12,48.43,168.75,0.4190,-1,-1,-1
763,75,331.78,206.40,55.11,160.96,0.3036,-1,-1,-1
764,4,1718.30,453.99,78.79,211.94,0.7214,-1,-1,-1
764,60,299.97,469.36,77.97,226.64,0.7413,-1,-1,-1
764,63,868.35,956.29,89.13,123.73,0.7733,-1,-1,-1
764,64,1570.58,593.39,104.29,231.08,0.5372,-1,-1,-1
764,67,522.01,568.27,76.01,245.50,0.7566,-1,-1,-1
764,68,1081.37,680.02,77.92,250.79,0.7460,-1,-1,-1
764,69,1152.22,661.02,87.00,261.66,0.7567,-1,-1,-1
764,66,453.79,202.89,62.74,178.90,0.5303,-1,-1,-1
764,72,404.43,208.97,52.83,172.57,0.5255,-1,-1,-1
764,71,277.71,197.22,47.52,172.47,0.3956,-1,-1,-1
764,75,331.62,204.46,55.25,161.80,0.2973,-1,-1,-1
765,4,1718.77,453.48,78.12,213.03,0.7133,-1,-1,-1
765,60,299.37,469.97,76.58,228.92,0.7125,-1,-1,-1
765,63,868.82,956.91,88.46,123.10,0.7692,-1,-1,-1
765,64,1570.85,593.02,104.29,231.22,0.5525,-1,-1,-1
765,67,522.63,568.48,81.68,245.70,0.7479,-1,-1,-1
765,68,1079.17,678.20,77.44,253.15,0.7339,-1,-1,-1
765,69,1149.98,659.84,86.58,259.86,0.7424,-1,-1,-1
765,66,454.44,204.97,61.54,179.31,0.5457,-1,-1,-1
765,72,402.29,209.25,54.59,173.64,0.5027,-1,-1,-1
765,71,278.55,191.39,47.63,178.36,0.3453,-1,-1,-1
765,75,331.72,199.09,55.11,166.94,0.2654,-1,-1,-1
765,74,540.47,107.80,72.70,181.87,0.3536,-1,-1,-1
766,4,1718.70,454.83,77.62,210.73,0.7410,-1,-1,-1
766,60,298.06,470.74,74.86,228.87,0.6355,-1,-1,-1
766,63,869.57,957.02,87.72,123.00,0.7583,-1,-1,-1
766,64,1570.62,591.66,104.36,232.79,0.6037,-1,-1,-1
766,67,524.02,569.42,88.68,245.54,0.7486,-1,-1,-1
766,68,1076.27,677.27,79.64,255.09,0.7216,-1,-1,-1
766,69,1146.83,657.15,88.35,257.55,0.7226,-1,-1,-1
766,66,454.26,204.15,60.68,183.47,0.4858,-1,-1,-1
766,72,400.82,210.61,55.28,172.40,0.4879,-1,-1,-1
766,71,279.00,196.39,48.86,173.22,0.3805,-1,-1,-1
766,75,328.19,195.13,56.01,170.62,0.3617,-1,-1,-1
766,74,541.28,106.19,70.99,183.36,0.2257,-1,-1,-1
767,4,1718.65,455.23,77.61,211.18,0.7281,-1,-1,-1
767,60,296.59,471.96,74.38,228.00,0.5971,-1,-1,-1
767,63,869.46,957.40,87.96,122.63,0.7594,-1,-1,-1
767,64,1578.75,596.00,94.34,229.78,0.5043,-1,-1,-1
767,67,525.25,569.77,89.67,246.35,0.7564,-1,-1,-1
767,68,1074.25,675.52,80.18,255.50,0.7360,-1,-1,-1
767,69,1144.95,653.93,86.88,253.94,0.7163,-1,-1,-1
767,66,454.03,203.61,60.11,185.69,0.4784,-1,-1,-1
767,72,400.47,211.10,55.50,172.52,0.4535,-1,-1,-1
767,71,279.10,196.99,49.99,171.05,0.3817,-1,-1,-1
767,75,328.36,193.60,56.18,171.85,0.3798,-1,-1,-1
767,74,541.89,104.51,69.83,186.68,0.2708,-1,-1,-1
768,4,1719.70,453.69,76.68,212.76,0.7129,-1,-1,-1
768,60,295.09,472.80,74.22,226.98,0.6011,-1,-1,-1
768,63,869.71,957.47,87.99,122.48,0.7704,-1,-1,-1
768,64,1573.44,592.30,101.04,232.64,0.5487,-1,-1,-1
768,67,525.56,569.84,90.39,246.85,0.7621,-1,-1,-1
768,68,1073.44,673.68,79.64,255.74,0.7419,-1,-1,-1
768,69,1142.52,650.80,85.73,249.05,0.7493,-1,-1,-1
768,66,452.81,200.27,61.13,191.53,0.5078,-1,-1,-1
768,72,401.59,209.76,54.12,174.04,0.3984,-1,-1,-1
768,71,279.59,193.89,50.75,173.34,0.3631,-1,-1,-1
768,75,327.03,192.88,56.85,170.01,0.3653,-1,-1,-1
768,74,542.07,108.21,68.23,182.49,0.2512,-1,-1,-1
769,4,1720.02,453.99,76.20,211.14,0.7266,-1,-1,-1
769,60,294.19,473.28,75.01,226.77,0.6544,-1,-1,-1
769,63,869.55,958.10,88.91,121.87,0.7755,-1,-1,-1
769,64,1574.31,593.88,95.55,232.27,0.3888,-1,-1,-1
769,67,525.67,571.46,91.56,245.08,0.7593,-1,-1,-1
769,68,1070.49,670.93,80.04,254.42,0.7826,-1,-1,-1
769,69,1141.03,648.01,82.92,244.99,0.7915,-1,-1,-1
769,66,452.76,196.68,60.89,195.77,0.4054,-1,-1,-1
769,72,402.24,206.43,54.25,177.53,0.3592,-1,-1,-1
769,71,280.25,195.89,49.93,170.48,0.3353,-1,-1,-1
769,75,328.55,193.01,55.80,168.34,0.3348,-1,-1,-1
769,74,541.09,110.39,69.62,181.37,0.2408,-1,-1,-1
770,4,1720.56,454.83,75.90,209.96,0.7270,-1,-1,-1
770,60,293.78,474.29,75.35,225.30,0.6363,-1,-1,-1
770,63,869.86,957.72,89.77,122.33,0.7877,-1,-1,-1
770,64,1577.36,594.86,93.96,231.36,0.4254,-1,-1,-1
770,67,525.74,571.96,92.85,244.79,0.7697,-1,-1,-1
770,68,1066.84,669.36,80.38,251.74,0.7980,-1,-1,-1
770,69,1139.76,646.10,80.49,241.55,0.8172,-1,-1,-1
770,66,452.27,197.49,61.06,195.02,0.3884,-1,-1,-1
770,72,403.33,207.65,52.74,177.71,0.3617,-1,-1,-1
770,71,280.23,198.43,50.01,167.42,0.3316,-1,-1,-1
770,75,327.97,192.76,55.60,167.13,0.3100,-1,-1,-1
770,74,542.17,113.27,68.27,178.48,0.2964,-1,-1,-1
771,4,1721.96,453.36,75.14,212.51,0.7258,-1,-1,-1
771,60,292.81,474.49,74.95,224.58,0.6694,-1,-1,-1
771,63,870.08,957.71,90.11,122.26,0.7911,-1,-1,-1
771,64,1567.79,598.37,103.74,228.54,0.4355,-1,-1,-1
771,67,526.32,572.15,92.56,244.09,0.7607,-1,-1,-1
771,68,1063.87,667.15,81.01,244.71,0.8050,-1,-1,-1
771,69,1138.07,644.27,79.41,241.90,0.8069,-1,-1,-1
771,66,452.25,199.62,60.10,194.20,0.5152,-1,-1,-1
771,72,403.62,207.53,51.98,178.04,0.3454,-1,-1,-1
771,71,280.80,200.34,49.26,164.17,0.3338,-1,-1,-1
771,75,329.84,194.54,58.21,166.64,0.3072,-1,-1,-1
771,74,543.32,113.56,67.14,178.02,0.2780,-1,-1,-1
772,4,1722.61,453.34,74.88,212.24,0.7256,-1,-1,-1
772,60,292.51,475.60,74.38,223.40,0.6668,-1,-1,-1
772,63,870.37,957.95,91.05,122.02,0.7937,-1,-1,-1
772,64,1568.30,590.51,105.87,234.71,0.5412,-1,-1,-1
772,67,528.03,571.60,91.49,243.54,0.7494,-1,-1,-1
772,68,1061.71,664.68,82.07,241.81,0.8003,-1,-1,-1
772,69,1136.36,642.03,79.36,244.60,0.7854,-1,-1,-1
772,66,452.37,201.73,59.81,192.02,0.5193,-1,-1,-1
772,72,403.65,211.20,51.22,174.49,0.4029,-1,-1,-1
772,71,281.39,199.94,48.48,163.10,0.2699,-1,-1,-1
772,75,326.49,193.64,58.50,165.91,0.2939,-1,-1,-1
772,74,543.98,115.35,65.05,174.76,0.2502,-1,-1,-1
773,4,1722.44,452.29,73.95,212.02,0.7318,-1,-1,-1
773,60,292.22,476.40,74.84,222.77,0.6814,-1,-1,-1
773,63,870.83,957.99,90.77,121.95,0.8029,-1,-1,-1
773,64,1570.69,597.33,101.77,228.65,0.4885,-1,-1,-1
773,67,532.60,570.55,88.43,243.61,0.7283,-1,-1,-1
773,68,1060.52,661.45,79.44,239.12,0.8113,-1,-1,-1
773,69,1134.96,640.62,78.58,245.60,0.7659,-1,-1,-1
773,66,451.99,205.15,60.04,188.04,0.4461,-1,-1,-1
773,72,403.56,212.92,50.64,170.58,0.4176,-1,-1,-1
773,71,281.79,198.55,47.79,165.18,0.2839,-1,-1,-1
773,75,324.93,193.10,59.08,166.57,0.2768,-1,-1,-1
773,74,544.58,112.86,65.09,177.70,0.1910,-1,-1,-1
774,4,1723.35,452.13,72.77,212.02,0.7191,-1,-1,-1
774,60,291.41,477.47,76.56,222.14,0.7174,-1,-1,-1
774,63,871.04,957.94,91.15,122.00,0.7987,-1,-1,-1
774,64,1571.98,599.19,100.06,227.22,0.5108,-1,-1,-1
774,67,536.78,569.85,84.61,244.10,0.7212,-1,-1,-1
774,68,1059.03,660.12,76.54,237.56,0.7759,-1,-1,-1
774,69,1132.65,639.52,79.91,245.95,0.7610,-1,-1,-1
774,66,452.13,204.45,59.52,187.77,0.3816,-1,-1,-1
774,72,402.74,213.09,50.36,171.47,0.3981,-1,-1,-1
774,71,282.61,198.14,48.27,165.35,0.2907,-1,-1,-1
774,75,329.71,192.86,59.35,167.90,0.2393,-1,-1,-1
774,74,544.97,110.58,64.70,180.20,0.2313,-1,-1,-1
775,4,1723.51,452.82,72.35,210.44,0.7302,-1,-1,-1
775,60,290.73,478.62,76.96,222.21,0.7414,-1,-1,-1
775,63,871.31,957.91,91.36,122.08,0.8051,-1,-1,-1
775,64,1568.35,597.46,103.12,229.20,0.4850,-1,-1,-1
775,67,541.83,570.11,80.86,243.75,0.7006,-1,-1,-1
775,68,1056.66,658.13,75.14,237.97,0.7551,-1,-1,-1
775,69,1127.91,638.65,83.55,249.01,0.7755,-1,-1,-1
775,66,451.53,203.63,59.49,187.99,0.4352,-1,-1,-1
775,72,401.76,217.46,51.41,168.80,0.4485,-1,-1,-1
775,71,283.01,195.82,47.71,167.96,0.2517,-1,-1,-1
775,75,325.72,192.35,58.26,168.99,0.2145,-1,-1,-1
775,74,545.05,112.14,63.03,178.22,0.2649,-1,-1,-1
776,4,1723.36,452.52,72.21,210.87,0.7380,-1,-1,-1
776,60,289.99,479.92,77.02,222.69,0.7495,-1,-1,-1
776,63,871.45,958.59,91.03,121.41,0.7918,-1,-1,-1
776,64,1569.24,597.87,102.34,228.65,0.5507,-1,-1,-1
776,67,547.36,570.95,75.85,242.97,0.6932,-1,-1,-1
776,68,1054.53,654.92,73.53,239.86,0.7633,-1,-1,-1
776,69,1127.32,636.97,82.13,251.68,0.7788,-1,-1,-1
776,66,450.75,201.91,60.09,189.46,0.3956,-1,-1,-1
776,72,401.44,216.44,50.45,170.76,0.4295,-1,-1,-1
776,71,282.63,195.85,47.27,166.48,0.2711,-1,-1,-1
776,75,330.82,191.71,58.41,170.06,0.1595,-1,-1,-1
776,74,546.02,117.12,61.03,172.59,0.2199,-1,-1,-1
777,4,1723.84,452.41,71.80,210.40,0.7363,-1,-1,-1
777,60,289.37,480.81,76.97,225.36,0.7680,-1,-1,-1
777,63,872.18,959.16,90.45,120.80,0.7870,-1,-1,-1
777,64,1569.25,595.97,103.11,229.98,0.4949,-1,-1,-1
777,67,552.14,571.31,72.25,243.91,0.7099,-1,-1,-1
777,68,1051.90,652.08,74.31,243.64,0.7517,-1,-1,-1
777,69,1125.65,635.43,81.36,253.59,0.7138,-1,-1,-1
777,66,449.43,202.79,60.58,188.49,0.2718,-1,-1,-1
777,72,401.95,217.96,49.82,169.60,0.3461,-1,-1,-1
777,71,283.04,192.06,48.53,170.84,0.2336,-1,-1,-1
777,74,546.40,119.01,61.93,170.48,0.2218,-1,-1,-1
778,4,1723.69,452.50,72.09,210.39,0.7492,-1,-1,-1
778,60,289.56,483.45,76.19,225.07,0.7582,-1,-1,-1
778,63,872.60,959.27,90.59,120.75,0.7888,-1,-1,-1
778,64,1569.39,592.68,104.63,232.23,0.5983,-1,-1,-1
778,67,559.04,571.74,66.73,244.93,0.7170,-1,-1,-1
778,68,1050.54,649.74,74.12,246.50,0.7583,-1,-1,-1
778,69,1125.32,633.88,80.02,253.45,0.7313,-1,-1,-1
778,66,448.45,203.29,61.23,187.55,0.3158,-1,-1,-1
778,72,401.00,217.82,50.17,170.86,0.2923,-1,-1,-1
778,71,282.94,192.73,47.15,170.23,0.2395,-1,-1,-1
778,74,546.17,119.60,62.39,169.95,0.3347,-1,-1,-1
779,4,1722.96,452.22,72.87,210.88,0.7452,-1,-1,-1
779,60,289.29,486.34,75.43,224.58,0.7577,-1,-1,-1
779,63,873.19,959.24,90.38,120.79,0.7903,-1,-1,-1
779,64,1570.87,589.41,104.00,234.98,0.6010,-1,-1,-1
779,67,564.68,571.98,64.40,248.23,0.7202,-1,-1,-1
779,68,1049.05,646.92,73.92,249.63,0.7558,-1,-1,-1
779,69,1120.05,632.03,83.07,254.23,0.7266,-1,-1,-1
779,66,447.98,209.02,60.55,184.32,0.2516,-1,-1,-1
779,72,399.29,221.43,52.05,171.04,0.3514,-1,-1,-1
779,71,283.05,197.63,46.75,166.55,0.2379,-1,-1,-1
779,74,546.64,121.73,61.03,167.06,0.2140,-1,-1,-1
780,4,1723.12,452.14,72.99,211.39,0.7452,-1,-1,-1
780,60,289.42,489.13,74.72,225.00,0.7533,-1,-1,-1
780,63,873.24,959.35,90.19,120.66,0.7825,-1,-1,-1
780,64,1570.49,588.17,104.48,235.81,0.6150,-1,-1,-1
780,67,568.64,572.52,62.77,247.32,0.7035,-1,-1,-1
780,68,1047.46,645.62,74.27,250.85,0.7534,-1,-1,-1
780,69,1117.54,629.65,83.47,255.52,0.7428,-1,-1,-1
780,66,448.32,216.19,57.34,179.46,0.2790,-1,-1,-1
780,72,399.15,224.32,52.17,170.42,0.3890,-1,-1,-1
780,71,283.29,200.11,46.53,165.32,0.2220,-1,-1,-1
780,74,546.60,118.68,60.09,170.01,0.2340,-1,-1,-1
781,4,1723.60,451.73,72.31,211.39,0.7392,-1,-1,-1
781,60,289.29,490.90,74.40,226.29,0.7641,-1,-1,-1
781,63,873.76,959.12,89.40,120.87,0.7805,-1,-1,-1
781,64,1571.58,589.97,103.27,233.71,0.6608,-1,-1,-1
781,67,571.11,571.21,62.71,252.17,0.6856,-1,-1,-1
781,68,1045.03,647.29,76.25,245.37,0.7501,-1,-1,-1
781,69,1113.84,627.30,83.91,255.54,0.7637,-1,-1,-1
781,66,449.48,216.60,55.53,182.20,0.3356,-1,-1,-1
781,72,399.91,224.47,52.13,171.13,0.3663,-1,-1,-1
781,71,283.24,200.07,47.00,165.68,0.2047,-1,-1,-1
781,74,546.37,121.09,60.73,167.49,0.2021,-1,-1,-1
782,4,1722.95,451.33,73.00,211.17,0.7388,-1,-1,-1
782,60,289.61,492.56,74.07,229.55,0.7719,-1,-1,-1
782,63,874.43,958.80,88.40,121.21,0.7725,-1,-1,-1
782,64,1570.69,591.38,103.74,232.42,0.5866,-1,-1,-1
782,67,571.48,572.03,64.93,256.03,0.6348,-1,-1,-1
782,68,1043.98,645.51,74.86,247.51,0.7435,-1,-1,-1
782,69,1111.12,624.98,82.61,249.07,0.7757,-1,-1,-1
782,66,448.03,216.20,56.98,184.92,0.3243,-1,-1,-1
782,72,399.86,226.48,52.88,169.13,0.3825,-1,-1,-1
782,71,283.14,199.43,47.13,166.13,0.2258,-1,-1,-1
782,74,545.44,123.81,61.80,165.15,0.1807,-1,-1,-1
783,4,1722.94,451.93,74.02,210.98,0.7193,-1,-1,-1
783,60,289.89,493.85,73.76,232.84,0.7749,-1,-1,-1
783,63,875.29,958.40,87.27,121.64,0.7678,-1,-1,-1
783,64,1571.43,592.56,103.54,231.32,0.6513,-1,-1,-1
783,67,573.08,572.61,66.37,258.43,0.6390,-1,-1,-1
783,68,1043.33,644.58,73.91,248.19,0.7384,-1,-1,-1
783,69,1109.82,622.41,80.53,243.99,0.7566,-1,-1,-1
783,66,446.23,216.78,58.56,187.71,0.3802,-1,-1,-1
783,72,398.79,224.53,52.49,169.97,0.3815,-1,-1,-1
783,71,282.92,199.39,47.39,166.60,0.2286,-1,-1,-1
783,74,545.81,123.90,61.51,164.67,0.1765,-1,-1,-1
784,4,1722.74,451.90,74.26,211.95,0.7111,-1,-1,-1
784,60,289.90,495.00,73.99,234.13,0.7650,-1,-1,-1
784,63,876.15,958.30,85.87,121.78,0.7528,-1,-1,-1
784,64,1572.49,595.83,101.87,228.13,0.6970,-1,-1,-1
784,67,575.45,573.13,66.55,249.35,0.5589,-1,-1,-1
784,68,1042.85,643.45,71.47,246.09,0.7440,-1,-1,-1
784,69,1107.08,619.31,79.93,239.59,0.7695,-1,-1,-1
784,66,445.73,217.71,61.14,188.70,0.3649,-1,-1,-1
784,72,399.59,227.05,51.45,168.95,0.4661,-1,-1,-1
784,71,283.55,194.55,46.89,169.57,0.2317,-1,-1,-1
784,74,545.99,123.72,61.20,165.36,0.1808,-1,-1,-1
785,4,1722.62,451.99,74.62,211.65,0.7248,-1,-1,-1
785,60,290.31,495.93,73.81,234.09,0.7664,-1,-1,-1
785,63,877.55,957.13,83.87,122.92,0.7630,-1,-1,-1
785,64,1572.07,594.33,102.17,229.76,0.6280,-1,-1,-1
785,67,579.72,573.52,64.63,245.30,0.5798,-1,-1,-1
785,68,1041.79,642.08,71.18,246.05,0.7486,-1,-1,-1
785,69,1104.78,616.24,79.75,239.30,0.7506,-1,-1,-1
785,66,444.91,218.43,62.71,190.08,0.4171,-1,-1,-1
785,72,399.48,227.47,50.93,169.00,0.4635,-1,-1,-1
785,71,283.88,191.18,47.39,172.46,0.2363,-1,-1,-1
785,74,545.22,120.25,62.65,169.06,0.2089,-1,-1,-1
786,4,1722.82,451.45,73.53,211.78,0.7275,-1,-1,-1
786,60,290.15,496.99,74.27,233.30,0.7663,-1,-1,-1
786,63,878.39,956.51,82.03,123.52,0.7567,-1,-1,-1
786,64,1571.46,594.09,102.10,230.22,0.6492,-1,-1,-1
786,67,582.85,575.16,65.11,241.39,0.5835,-1,-1,-1
786,68,1040.39,639.99,70.84,245.08,0.7317,-1,-1,-1
786,69,1102.70,614.93,77.42,238.25,0.7506,-1,-1,-1
786,66,444.63,220.18,62.58,189.76,0.4389,-1,-1,-1
786,72,399.22,229.15,50.75,167.03,0.4728,-1,-1,-1
786,71,283.89,191.66,46.43,171.20,0.2249,-1,-1,-1
786,74,545.28,120.18,62.13,169.31,0.2270,-1,-1,-1
787,4,1723.02,452.34,74.14,211.31,0.7241,-1,-1,-1
787,60,290.06,498.06,75.45,231.85,0.7492,-1,-1,-1
787,63,879.38,955.91,80.12,124.19,0.7695,-1,-1,-1
787,64,1571.47,594.96,102.61,229.45,0.6598,-1,-1,-1
787,67,584.97,577.16,72.14,238.61,0.5939,-1,-1,-1
787,68,1038.25,637.05,70.76,244.36,0.7428,-1,-1,-1
787,69,1101.82,612.18,75.41,241.89,0.7828,-1,-1,-1
787,66,442.94,221.39,64.53,187.38,0.4269,-1,-1,-1
787,72,398.73,231.88,50.69,164.54,0.4854,-1,-1,-1
787,71,283.45,191.04,46.27,173.46,0.3080,-1,-1,-1
787,74,545.64,115.55,61.95,174.19,0.2911,-1,-1,-1
787,76,468.94,71.97,63.87,178.15,0.4260,-1,-1,-1
788,4,1723.03,452.58,73.91,211.60,0.7083,-1,-1,-1
788,60,289.36,499.38,76.98,230.26,0.7404,-1,-1,-1
788,63,879.19,955.55,79.73,124.60,0.7729,-1,-1,-1
788,64,1572.97,594.56,101.99,229.65,0.6777,-1,-1,-1
788,67,587.61,578.97,73.97,238.01,0.5403,-1,-1,-1
788,68,1035.74,634.33,71.05,239.86,0.7380,-1,-1,-1
788,69,1099.93,610.64,75.16,244.60,0.7647,-1,-1,-1
788,66,443.08,222.52,62.98,187.19,0.4995,-1,-1,-1
788,72,396.56,226.74,52.04,169.02,0.4634,-1,-1,-1
788,71,283.29,189.98,46.20,173.62,0.2715,-1,-1,-1
788,74,545.51,113.19,62.54,177.66,0.3172,-1,-1,-1
788,76,469.18,73.04,63.38,179.30,0.4461,-1,-1,-1
789,4,1723.55,452.88,73.68,212.74,0.7224,-1,-1,-1
789,60,288.45,500.70,78.48,228.38,0.7458,-1,-1,-1
789,63,879.00,955.59,79.38,124.52,0.7688,-1,-1,-1
789,64,1571.38,594.50,103.19,229.98,0.6659,-1,-1,-1
789,67,589.66,580.69,75.71,236.42,0.5919,-1,-1,-1
789,68,1032.36,631.33,72.99,235.87,0.7265,-1,-1,-1
789,69,1096.73,608.87,76.77,248.67,0.7917,-1,-1,-1
789,66,443.61,223.11,60.30,186.53,0.4826,-1,-1,-1
789,72,396.14,228.23,54.01,168.63,0.4561,-1,-1,-1
789,71,283.33,185.75,46.43,177.85,0.2312,-1,-1,-1
789,74,545.50,114.61,61.87,177.64,0.3208,-1,-1,-1
789,76,468.79,73.95,64.46,183.76,0.4625,-1,-1,-1
790,4,1723.58,452.35,72.45,212.53,0.7282,-1,-1,-1
790,60,288.50,501.79,78.80,225.63,0.7443,-1,-1,-1
790,63,878.86,954.24,79.56,125.82,0.7739,-1,-1,-1
790,64,1571.23,594.15,103.17,229.96,0.6714,-1,-1,-1
790,67,591.96,582.14,75.62,235.49,0.5952,-1,-1,-1
790,68,1030.44,629.29,73.50,225.09,0.7182,-1,-1,-1
790,69,1094.89,607.35,77.96,250.70,0.7809,-1,-1,-1
790,66,444.15,224.69,59.14,185.40,0.4169,-1,-1,-1
790,72,397.49,230.86,53.93,168.49,0.4161,-1,-1,-1
790,71,283.65,186.88,45.85,177.40,0.2590,-1,-1,-1
790,74,545.96,114.40,61.91,177.59,0.3038,-1,-1,-1
790,76,470.77,73.77,63.13,183.68,0.4615,-1,-1,-1
791,4,1722.95,452.78,73.64,212.91,0.7329,-1,-1,-1
791,60,288.28,502.66,79.06,225.07,0.7395,-1,-1,-1
791,63,880.02,953.93,77.60,126.14,0.7572,-1,-1,-1
791,64,1570.60,593.60,103.03,230.67,0.7027,-1,-1,-1
791,67,594.62,583.30,75.93,234.06,0.6074,-1,-1,-1
791,68,1028.67,626.91,74.32,224.92,0.7302,-1,-1,-1
791,69,1092.77,606.53,80.42,252.74,0.7686,-1,-1,-1
791,66,442.73,223.76,60.61,185.62,0.4586,-1,-1,-1
791,72,396.86,231.63,54.15,168.99,0.4132,-1,-1,-1
791,71,283.63,186.26,46.46,178.04,0.2696,-1,-1,-1
791,74,546.19,112.83,62.02,178.79,0.3368,-1,-1,-1
791,76,471.45,72.92,62.49,182.99,0.4289,-1,-1,-1
792,4,1722.57,452.56,73.74,212.60,0.7489,-1,-1,-1
792,60,288.01,503.68,79.20,224.54,0.7440,-1,-1,-1
792,63,881.30,953.36,74.88,126.66,0.7580,-1,-1,-1
792,64,1569.59,591.06,103.86,233.22,0.6779,-1,-1,-1
792,67,596.28,584.15,76.36,233.10,0.5916,-1,-1,-1
792,68,1026.94,624.13,74.58,231.45,0.7443,-1,-1,-1
792,69,1091.47,606.10,82.41,254.87,0.7664,-1,-1,-1
792,66,442.19,224.92,60.88,185.32,0.4489,-1,-1,-1
792,72,395.66,233.03,55.59,170.14,0.4276,-1,-1,-1
792,71,283.74,183.66,47.14,180.34,0.2990,-1,-1,-1
792,74,547.18,112.74,60.83,179.09,0.3225,-1,-1,-1
792,76,471.32,72.39,62.71,186.36,0.3991,-1,-1,-1
793,4,1722.90,452.49,73.01,212.23,0.7373,-1,-1,-1
793,60,288.14,506.12,79.11,225.35,0.7207,-1,-1,-1
793,63,881.74,952.62,73.40,127.42,0.7587,-1,-1,-1
793,64,1569.61,591.72,103.73,232.36,0.7006,-1,-1,-1
793,67,598.94,585.32,75.09,229.93,0.5972,-1,-1,-1
793,68,1024.94,620.85,75.00,237.82,0.7596,-1,-1,-1
793,69,1090.43,605.46,83.24,255.74,0.7805,-1,-1,-1
793,66,441.91,225.87,60.11,184.65,0.4410,-1,-1,-1
793,72,394.85,235.43,55.37,169.98,0.4424,-1,-1,-1
793,71,284.04,182.45,46.62,181.96,0.4080,-1,-1,-1
793,74,547.39,113.44,60.03,177.74,0.3216,-1,-1,-1
793,76,470.72,72.34,63.84,191.24,0.3897,-1,-1,-1
794,4,1722.54,452.60,74.34,212.59,0.7554,-1,-1,-1
794,60,288.27,508.87,79.21,227.74,0.7038,-1,-1,-1
794,63,882.13,951.25,70.49,128.77,0.7508,-1,-1,-1
794,64,1569.66,590.28,103.67,233.71,0.6842,-1,-1,-1
794,67,601.58,585.10,73.74,235.71,0.5292,-1,-1,-1
794,68,1023.47,618.70,75.67,241.73,0.7604,-1,-1,-1
794,69,1088.94,605.55,85.24,255.61,0.7446,-1,-1,-1
794,66,440.66,226.92,61.16,184.62,0.4773,-1,-1,-1
794,72,395.51,239.06,53.72,167.31,0.4553,-1,-1,-1
794,71,284.09,183.40,46.73,181.19,0.3823,-1,-1,-1
794,74,548.10,114.51,59.55,176.84,0.2521,-1,-1,-1
794,76,469.64,72.99,65.56,191.98,0.4190,-1,-1,-1
795,4,1722.22,452.69,73.95,211.50,0.7576,-1,-1,-1
795,60,288.38,510.76,78.11,230.76,0.7141,-1,-1,-1
795,63,882.67,949.86,67.48,130.05,0.7328,-1,-1,-1
795,64,1569.31,589.74,104.36,234.57,0.6860,-1,-1,-1
795,67,603.98,584.19,72.82,252.87,0.4704,-1,-1,-1
795,68,1021.19,616.14,76.37,244.28,0.7830,-1,-1,-1
795,69,1087.08,604.13,86.62,256.27,0.7674,-1,-1,-1
795,66,439.27,225.57,62.50,186.45,0.4588,-1,-1,-1
795,72,394.91,235.73,55.27,172.89,0.4299,-1,-1,-1
795,71,284.31,182.88,47.03,181.94,0.3829,-1,-1,-1
795,76,470.12,73.47,65.67,192.49,0.4337,-1,-1,-1
796,4,1722.93,452.22,73.44,211.77,0.7579,-1,-1,-1
796,60,288.24,513.11,77.89,233.25,0.7402,-1,-1,-1
796,63,882.68,949.25,65.61,130.71,0.7516,-1,-1,-1
796,64,1570.10,588.52,103.73,236.21,0.6233,-1,-1,-1
796,67,607.03,584.78,72.20,271.97,0.4868,-1,-1,-1
796,68,1019.21,615.48,75.62,245.06,0.8025,-1,-1,-1
796,69,1085.85,602.80,85.32,254.96,0.7897,-1,-1,-1
796,66,440.00,226.85,61.60,186.22,0.4976,-1,-1,-1
796,72,394.47,238.50,53.96,171.77,0.4844,-1,-1,-1
796,71,284.28,184.06,47.48,181.18,0.3459,-1,-1,-1
796,76,469.41,74.76,67.39,189.77,0.3838,-1,-1,-1
796,75,342.26,186.10,48.52,172.06,0.3592,-1,-1,-1
797,4,1723.40,451.60,73.09,213.27,0.7451,-1,-1,-1
797,60,288.00,515.36,76.78,233.34,0.7356,-1,-1,-1
797,63,882.26,948.22,64.81,131.75,0.7463,-1,-1,-1
797,64,1569.62,590.23,102.52,236.04,0.5979,-1,-1,-1
797,67,609.80,584.73,70.67,278.61,0.4513,-1,-1,-1
797,68,1017.30,614.50,74.98,246.84,0.8128,-1,-1,-1
797,69,1084.99,600.69,83.51,255.44,0.8017,-1,-1,-1
797,66,442.86,232.90,55.93,181.94,0.5164,-1,-1,-1
797,72,395.07,240.55,52.80,170.46,0.4832,-1,-1,-1
797,71,284.08,185.42,47.55,177.05,0.3085,-1,-1,-1
797,76,470.17,75.82,67.03,183.51,0.3107,-1,-1,-1
797,75,342.78,186.85,47.56,171.17,0.3616,-1,-1,-1
798,4,1723.37,451.73,72.92,212.82,0.7495,-1,-1,-1
798,60,287.38,516.48,76.79,235.52,0.7572,-1,-1,-1
798,63,882.18,946.83,63.39,133.13,0.7297,-1,-1,-1
798,64,1571.10,590.51,102.31,234.84,0.6816,-1,-1,-1
798,67,611.90,585.47,68.42,275.70,0.4426,-1,-1,-1
798,68,1016.04,613.57,74.82,247.14,0.8079,-1,-1,-1
798,69,1083.45,598.67,83.27,254.98,0.8044,-1,-1,-1
798,66,443.76,234.82,54.54,182.99,0.5093,-1,-1,-1
798,72,395.17,238.80,54.01,173.81,0.4815,-1,-1,-1
798,71,284.17,184.90,47.37,178.10,0.3236,-1,-1,-1
798,76,471.66,76.77,64.84,179.09,0.2669,-1,-1,-1
798,75,342.61,186.87,47.89,171.02,0.3552,-1,-1,-1
799,4,1723.92,451.85,71.90,212.39,0.7435,-1,-1,-1
799,60,286.67,518.98,76.65,234.43,0.7687,-1,-1,-1
799,63,882.21,945.49,61.94,134.43,0.7112,-1,-1,-1
799,64,1570.69,586.84,103.03,238.02,0.6102,-1,-1,-1
799,67,612.60,586.28,67.29,280.79,0.1587,-1,-1,-1
799,68,1014.32,614.96,73.49,245.85,0.7765,-1,-1,-1
799,69,1082.16,595.24,82.43,253.22,0.7763,-1,-1,-1
799,66,443.87,236.87,55.29,183.75,0.5638,-1,-1,-1
799,72,395.00,239.65,54.06,173.77,0.5207,-1,-1,-1
799,71,283.69,185.64,48.00,177.48,0.3129,-1,-1,-1
799,76,473.22,77.69,62.43,173.50,0.2885,-1,-1,-1
799,75,343.21,187.29,47.41,166.82,0.2716,-1,-1,-1
800,4,1723.44,452.04,72.30,211.59,0.7389,-1,-1,-1
800,60,285.40,521.90,76.84,236.23,0.7765,-1,-1,-1
800,63,882.46,944.39,60.95,135.59,0.6974,-1,-1,-1
800,64,1570.95,587.40,103.00,237.66,0.6167,-1,-1,-1
800,68,1012.20,614.90,73.90,245.09,0.7837,-1,-1,-1
800,69,1081.46,591.66,82.33,245.16,0.7349,-1,-1,-1
800,66,442.29,236.19,56.58,186.86,0.5498,-1,-1,-1
800,72,395.10,239.23,54.16,174.45,0.5139,-1,-1,-1
800,71,283.45,186.08,48.15,175.12,0.2998,-1,-1,-1
800,76,473.96,79.30,62.36,173.23,0.3132,-1,-1,-1
800,75,344.00,187.95,47.41,166.46,0.3345,-1,-1,-1
801,4,1722.84,452.37,72.78,212.14,0.7341,-1,-1,-1
801,60,283.90,523.22,77.07,236.70,0.8036,-1,-1,-1
801,63,881.89,943.06,61.03,136.94,0.6648,-1,-1,-1
801,64,1570.51,592.62,102.28,234.65,0.5834,-1,-1,-1
801,68,1009.20,613.27,74.60,244.37,0.7725,-1,-1,-1
801,69,1078.98,588.49,82.30,238.26,0.7594,-1,-1,-1
801,66,442.02,236.83,57.08,188.30,0.5207,-1,-1,-1
801,72,396.33,240.68,52.67,171.83,0.5209,-1,-1,-1
801,71,283.29,185.72,48.46,177.27,0.2864,-1,-1,-1
801,76,475.49,81.13,60.88,175.30,0.3017,-1,-1,-1
801,75,345.19,188.76,47.25,164.55,0.2845,-1,-1,-1
802,4,1722.74,452.02,72.83,211.78,0.7444,-1,-1,-1
802,60,282.65,524.34,76.52,235.65,0.8038,-1,-1,-1
802,63,882.04,941.82,59.76,138.13,0.6460,-1,-1,-1
802,64,1568.75,594.26,103.38,233.99,0.5787,-1,-1,-1
802,68,1008.56,611.68,73.24,245.25,0.7647,-1,-1,-1
802,69,1077.18,585.23,80.56,233.10,0.7485,-1,-1,-1
802,66,442.19,236.88,56.95,189.70,0.5694,-1,-1,-1
802,72,395.83,239.76,54.10,173.21,0.4898,-1,-1,-1
802,71,283.23,186.86,48.87,174.61,0.2525,-1,-1,-1
802,76,476.57,82.73,59.33,171.06,0.2244,-1,-1,-1
802,75,346.18,189.14,46.58,164.34,0.2897,-1,-1,-1
803,4,1722.61,452.56,72.84,211.98,0.7407,-1,-1,-1
803,60,281.63,525.42,76.75,235.00,0.7998,-1,-1,-1
803,63,881.38,942.12,59.10,137.87,0.6704,-1,-1,-1
803,64,1567.96,596.35,103.94,231.47,0.5046,-1,-1,-1
803,68,1006.62,609.24,73.89,246.64,0.7589,-1,-1,-1
803,69,1076.56,582.72,77.85,234.27,0.7598,-1,-1,-1
803,66,442.25,238.26,56.41,189.42,0.5481,-1,-1,-1
803,72,395.73,239.07,53.84,174.13,0.4962,-1,-1,-1
803,71,283.33,187.94,48.69,174.22,0.2560,-1,-1,-1
803,76,475.69,83.83,60.13,179.77,0.3123,-1,-1,-1
803,75,347.01,190.51,45.61,161.56,0.2446,-1,-1,-1
804,4,1722.42,452.56,73.01,212.21,0.7467,-1,-1,-1
804,60,280.81,526.78,75.75,233.45,0.7956,-1,-1,-1
804,63,880.71,941.33,59.63,138.68,0.6740,-1,-1,-1
804,64,1567.25,596.27,104.75,231.41,0.5809,-1,-1,-1
804,68,1004.32,606.27,74.07,245.84,0.7367,-1,-1,-1
804,69,1076.11,579.77,75.56,236.81,0.7574,-1,-1,-1
804,66,442.43,239.29,56.13,189.34,0.5599,-1,-1,-1
804,72,395.76,239.69,53.34,173.32,0.5353,-1,-1,-1
804,71,283.12,187.58,48.79,173.66,0.2701,-1,-1,-1
804,76,475.98,84.31,59.21,183.69,0.4084,-1,-1,-1
804,75,347.66,192.25,44.86,158.25,0.2695,-1,-1,-1
805,4,1721.72,452.99,73.91,212.35,0.7363,-1,-1,-1
805,60,279.26,527.63,76.36,232.69,0.8018,-1,-1,-1
805,63,880.58,939.76,59.98,140.28,0.6638,-1,-1,-1
805,64,1567.16,595.29,105.19,232.16,0.6023,-1,-1,-1
805,68,1002.31,602.90,72.76,241.71,0.7570,-1,-1,-1
805,69,1075.49,577.44,74.18,240.77,0.7711,-1,-1,-1
805,66,442.69,240.34,56.77,188.29,0.6113,-1,-1,-1
805,72,395.48,241.67,52.33,171.57,0.5298,-1,-1,-1
805,71,282.83,181.24,48.96,180.66,0.2594,-1,-1,-1
805,76,475.38,83.80,59.49,185.62,0.3928,-1,-1,-1
805,75,347.49,193.11,44.32,155.95,0.2775,-1,-1,-1
806,4,1721.63,452.70,74.17,212.35,0.7466,-1,-1,-1
806,60,277.91,528.60,77.06,231.81,0.8029,-1,-1,-1
806,63,880.41,938.64,60.34,141.45,0.6659,-1,-1,-1
806,64,1568.91,595.72,103.34,232.13,0.6061,-1,-1,-1
806,68,1000.18,600.04,72.08,238.95,0.7664,-1,-1,-1
806,69,1075.66,575.20,72.43,244.03,0.7757,-1,-1,-1
806,66,443.64,239.83,56.02,188.51,0.4946,-1,-1,-1
806,72,394.76,238.46,53.38,175.86,0.4833,-1,-1,-1
806,71,283.14,177.04,49.57,185.70,0.2648,-1,-1,-1
806,76,474.55,83.70,60.34,187.02,0.4026,-1,-1,-1
806,75,347.81,193.09,44.11,156.87,0.3202,-1,-1,-1
807,4,1721.71,453.73,75.04,212.78,0.7262,-1,-1,-1
807,60,277.22,529.34,77.37,230.53,0.7920,-1,-1,-1
807,63,880.30,937.55,59.84,142.48,0.6363,-1,-1,-1
807,64,1569.38,597.49,102.60,230.32,0.6053,-1,-1,-1
807,68,998.03,597.44,71.78,235.98,0.7669,-1,-1,-1
807,69,1074.82,573.84,72.13,244.99,0.7759,-1,-1,-1
807,66,443.95,239.33,55.59,188.06,0.4909,-1,-1,-1
807,72,393.96,238.45,54.48,178.06,0.4863,-1,-1,-1
807,71,282.90,182.97,49.91,180.05,0.3114,-1,-1,-1
807,76,475.96,83.55,60.06,188.14,0.3517,-1,-1,-1
807,75,348.02,192.98,43.57,155.35,0.2599,-1,-1,-1
808,4,1721.93,453.90,75.19,212.54,0.7255,-1,-1,-1
808,60,276.90,530.31,76.98,229.38,0.7948,-1,-1,-1
808,63,880.18,936.60,59.55,143.41,0.6372,-1,-1,-1
808,64,1570.24,594.23,103.84,231.71,0.6523,-1,-1,-1
808,68,997.21,595.28,70.41,232.54,0.7694,-1,-1,-1
808,69,1072.50,572.93,73.58,245.06,0.7735,-1,-1,-1
808,66,442.83,240.95,57.60,186.60,0.5659,-1,-1,-1
808,72,393.35,243.99,54.47,173.89,0.4968,-1,-1,-1
808,71,282.88,185.42,50.05,176.00,0.3018,-1,-1,-1
808,76,475.42,84.78,61.85,190.59,0.3446,-1,-1,-1
808,75,348.88,202.52,42.25,145.51,0.2173,-1,-1,-1
809,4,1721.80,455.10,75.00,210.72,0.7303,-1,-1,-1
809,60,276.05,531.67,77.33,228.64,0.8009,-1,-1,-1
809,63,880.38,936.66,59.14,143.21,0.6373,-1,-1,-1
809,64,1570.10,594.90,103.81,230.16,0.6829,-1,-1,-1
809,68,996.12,593.55,68.84,233.53,0.7700,-1,-1,-1
809,69,1069.95,572.59,75.26,245.77,0.7830,-1,-1,-1
809,66,440.41,240.83,60.56,186.58,0.5262,-1,-1,-1
809,72,392.09,247.12,54.73,174.21,0.4408,-1,-1,-1
809,71,283.03,186.68,49.81,177.02,0.3137,-1,-1,-1
809,76,473.88,84.32,63.99,192.32,0.2676,-1,-1,-1
809,75,349.04,199.75,42.90,148.86,0.2013,-1,-1,-1
810,4,1722.19,453.26,74.07,212.72,0.7342,-1,-1,-1
810,60,275.59,533.18,77.32,228.77,0.7915,-1,-1,-1
810,63,880.00,936.10,59.73,143.06,0.6511,-1,-1,-1
810,64,1570.08,595.75,104.03,229.22,0.6897,-1,-1,-1
810,68,994.76,592.21,69.10,235.60,0.7629,-1,-1,-1
810,69,1067.22,572.56,76.63,244.72,0.7690,-1,-1,-1
810,66,439.61,243.77,61.58,183.88,0.5844,-1,-1,-1
810,72,388.88,250.24,57.03,174.07,0.4380,-1,-1,-1
810,71,283.45,182.52,49.63,180.23,0.2834,-1,-1,-1
810,76,473.31,84.65,64.19,190.36,0.3252,-1,-1,-1
811,4,1722.39,452.64,73.39,212.21,0.7317,-1,-1,-1
811,60,275.09,535.05,77.86,230.56,0.7994,-1,-1,-1
811,63,879.13,935.55,61.95,143.38,0.6638,-1,-1,-1
811,64,1570.78,598.00,103.28,226.49,0.7008,-1,-1,-1
811,68,992.54,591.47,68.84,236.36,0.7657,-1,-1,-1
811,69,1065.70,571.44,77.05,245.53,0.7718,-1,-1,-1
811,66,439.62,244.41,61.93,183.82,0.5259,-1,-1,-1
811,72,390.10,252.07,56.09,175.00,0.4032,-1,-1,-1
811,71,283.86,179.75,49.54,181.19,0.2837,-1,-1,-1
811,76,473.05,84.39,66.00,193.97,0.3104,-1,-1,-1
812,4,1723.14,452.09,72.94,213.05,0.7283,-1,-1,-1
812,60,274.77,536.67,77.86,232.61,0.7989,-1,-1,-1
812,63,878.66,935.30,62.50,143.60,0.6740,-1,-1,-1
812,64,1571.27,595.40,102.42,228.80,0.6670,-1,-1,-1
812,68,991.48,590.49,67.53,238.02,0.7572,-1,-1,-1
812,69,1063.88,570.57,76.14,245.34,0.7600,-1,-1,-1
812,66,440.61,244.48,60.79,182.75,0.5486,-1,-1,-1
812,72,390.13,254.37,54.39,172.90,0.4490,-1,-1,-1
812,71,283.80,179.43,50.56,180.79,0.2835,-1,-1,-1
812,76,471.79,84.89,68.69,192.43,0.2400,-1,-1,-1
813,4,1723.30,451.98,72.75,213.12,0.7349,-1,-1,-1
813,60,273.92,538.27,78.17,236.12,0.7925,-1,-1,-1
813,63,877.98,935.42,63.48,143.56,0.6733,-1,-1,-1
813,64,1570.89,596.78,103.45,227.51,0.6668,-1,-1,-1
813,68,989.14,590.16,67.74,238.93,0.7702,-1,-1,-1
813,69,1063.10,569.28,74.56,246.88,0.7511,-1,-1,-1
813,66,440.22,242.86,60.93,184.28,0.4712,-1,-1,-1
813,72,389.52,256.08,53.77,173.52,0.4941,-1,-1,-1
813,71,283.61,175.90,50.89,182.15,0.2785,-1,-1,-1
813,76,472.05,87.31,67.12,187.13,0.2983,-1,-1,-1
814,4,1723.65,452.40,72.53,212.51,0.7235,-1,-1,-1
814,60,272.96,539.88,78.70,235.60,0.7852,-1,-1,-1
814,63,877.38,935.15,63.71,143.58,0.6512,-1,-1,-1
814,64,1571.09,597.17,103.27,227.48,0.6821,-1,-1,-1
814,68,986.91,589.33,67.29,236.90,0.7690,-1,-1,-1
814,69,1061.90,567.31,73.83,243.70,0.7253,-1,-1,-1
814,66,439.45,244.65,61.60,182.89,0.5471,-1,-1,-1
814,72,388.93,257.48,52.85,175.98,0.4730,-1,-1,-1
814,71,284.02,176.07,50.95,181.17,0.2729,-1,-1,-1
814,76,472.06,88.89,66.27,185.09,0.3129,-1,-1,-1
815,4,1723.75,452.75,72.40,211.68,0.7359,-1,-1,-1
815,60,272.37,541.97,78.70,235.47,0.7998,-1,-1,-1
815,63,877.23,934.86,63.85,144.14,0.6604,-1,-1,-1
815,64,1571.35,596.42,103.83,228.00,0.6791,-1,-1,-1
815,68,985.54,589.19,67.04,233.19,0.7670,-1,-1,-1
815,69,1061.10,565.50,71.72,235.72,0.7496,-1,-1,-1
815,66,438.46,244.48,62.75,185.46,0.4968,-1,-1,-1
815,72,388.28,259.81,52.34,174.88,0.4830,-1,-1,-1
815,71,284.38,181.75,51.52,176.52,0.3370,-1,-1,-1
815,76,471.98,89.69,64.94,184.69,0.3859,-1,-1,-1
816,4,1724.18,452.29,71.76,212.66,0.7309,-1,-1,-1
816,60,271.46,544.76,79.48,237.57,0.8065,-1,-1,-1
816,63,876.53,934.22,64.14,144.83,0.6883,-1,-1,-1
816,64,1571.82,596.53,103.10,227.97,0.6860,-1,-1,-1
816,68,983.45,588.35,67.96,228.01,0.7579,-1,-1,-1
816,69,1060.12,564.08,69.85,230.85,0.7786,-1,-1,-1
816,66,437.10,247.70,63.50,186.04,0.5221,-1,-1,-1
816,72,386.95,261.52,53.91,174.16,0.4868,-1,-1,-1
816,71,284.65,184.08,52.51,174.14,0.3139,-1,-1,-1
816,76,472.25,89.88,63.12,183.64,0.3828,-1,-1,-1
817,4,1723.74,454.20,72.50,210.21,0.7360,-1,-1,-1
817,60,270.94,547.64,80.04,236.47,0.8118,-1,-1,-1
817,63,875.97,933.92,63.60,144.91,0.6947,-1,-1,-1
817,64,1571.13,597.17,103.68,227.28,0.6838,-1,-1,-1
817,68,981.58,586.77,67.83,223.44,0.7638,-1,-1,-1
817,69,1058.45,561.34,67.82,229.62,0.8024,-1,-1,-1
817,66,437.45,250.71,62.37,184.90,0.5882,-1,-1,-1
817,72,386.30,264.03,54.65,170.58,0.5316,-1,-1,-1
817,71,285.27,184.53,53.27,172.87,0.2868,-1,-1,-1
817,76,472.66,91.34,61.77,184.04,0.4445,-1,-1,-1
818,4,1723.00,452.75,72.90,212.75,0.7295,-1,-1,-1
818,60,271.28,550.10,79.94,238.47,0.8096,-1,-1,-1
818,63,874.77,933.58,64.35,145.55,0.7191,-1,-1,-1
818,64,1569.95,594.54,104.46,230.33,0.6828,-1,-1,-1
818,68,980.61,585.57,67.17,218.30,0.7790,-1,-1,-1
818,69,1055.98,558.76,67.78,229.84,0.7994,-1,-1,-1
818,66,437.72,254.67,61.45,184.13,0.5605,-1,-1,-1
818,72,385.76,266.35,53.39,167.63,0.5094,-1,-1,-1
818,71,285.61,185.02,53.76,172.52,0.3164,-1,-1,-1
818,76,473.56,93.17,59.33,183.62,0.3775,-1,-1,-1
819,4,1723.18,452.75,72.65,212.54,0.7257,-1,-1,-1
819,60,271.84,551.69,79.24,238.93,0.7907,-1,-1,-1
819,63,873.65,934.11,65.80,145.20,0.7203,-1,-1,-1
819,64,1570.51,596.31,103.31,228.55,0.7102,-1,-1,-1
819,68,979.44,583.97,65.33,216.57,0.8196,-1,-1,-1
819,69,1052.08,555.02,70.62,233.34,0.8178,-1,-1,-1
819,66,436.89,255.94,61.28,185.94,0.6075,-1,-1,-1
819,72,384.76,265.57,53.84,167.54,0.5215,-1,-1,-1
819,71,286.19,185.19,55.78,173.05,0.2883,-1,-1,-1
819,76,473.10,94.70,59.03,186.44,0.4016,-1,-1,-1
820,4,1722.90,454.92,73.40,210.36,0.7247,-1,-1,-1
820,60,272.66,552.41,78.35,239.59,0.8013,-1,-1,-1
820,63,873.00,934.56,65.20,145.15,0.7123,-1,-1,-1
820,64,1570.66,596.20,103.57,228.42,0.7062,-1,-1,-1
820,68,977.34,580.52,65.51,217.92,0.8338,-1,-1,-1
820,69,1047.47,553.17,73.98,235.01,0.8185,-1,-1,-1
820,66,436.60,259.43,61.70,184.52,0.6610,-1,-1,-1
820,72,383.68,265.56,54.66,168.38,0.5374,-1,-1,-1
820,71,286.56,186.13,56.91,172.79,0.2762,-1,-1,-1
820,76,473.17,93.85,58.46,190.96,0.5041,-1,-1,-1
820,78,789.36,131.21,64.56,180.18,0.3464,-1,-1,-1
821,4,1723.35,453.29,72.74,212.12,0.7162,-1,-1,-1
821,60,272.82,553.06,78.38,238.83,0.7832,-1,-1,-1
821,63,872.87,934.59,65.16,145.32,0.7218,-1,-1,-1
821,64,1570.61,596.84,103.41,227.83,0.6987,-1,-1,-1
821,68,975.26,577.29,66.21,219.50,0.8353,-1,-1,-1
821,69,1044.28,551.58,77.04,235.82,0.8373,-1,-1,-1
821,66,435.51,260.56,62.85,187.12,0.6443,-1,-1,-1
821,72,382.19,265.26,55.31,169.96,0.5344,-1,-1,-1
821,71,286.91,185.02,57.59,174.71,0.2931,-1,-1,-1
821,76,472.83,90.45,59.15,198.50,0.4893,-1,-1,-1
821,78,789.18,132.59,64.57,179.32,0.3236,-1,-1,-1
822,4,1722.92,453.26,73.38,212.31,0.7223,-1,-1,-1
822,60,272.88,554.28,78.98,238.13,0.7678,-1,-1,-1
822,63,872.40,935.22,65.56,144.78,0.7200,-1,-1,-1
822,64,1571.67,596.39,102.64,228.08,0.7125,-1,-1,-1
822,68,973.24,574.19,67.29,216.18,0.8118,-1,-1,-1
822,69,1041.68,550.31,79.90,236.90,0.8328,-1,-1,-1
822,66,435.76,261.58,62.73,187.23,0.6087,-1,-1,-1
822,72,382.96,264.78,54.00,170.66,0.4872,-1,-1,-1
822,71,287.53,182.73,56.57,178.10,0.2754,-1,-1,-1
822,76,472.74,90.06,58.89,201.47,0.4760,-1,-1,-1
822,78,788.48,133.75,65.33,177.38,0.3749,-1,-1,-1
823,4,1722.60,453.30,73.42,212.47,0.7329,-1,-1,-1
823,60,273.02,555.08,79.26,237.18,0.7801,-1,-1,-1
823,63,871.94,936.03,65.22,143.98,0.7139,-1,-1,-1
823,64,1571.23,595.70,102.98,228.60,0.6902,-1,-1,-1
823,68,971.69,570.27,68.05,222.83,0.8125,-1,-1,-1
823,69,1040.48,549.20,82.03,239.57,0.8220,-1,-1,-1
823,66,436.90,262.13,61.45,187.21,0.6338,-1,-1,-1
823,72,381.63,267.39,55.36,168.59,0.5639,-1,-1,-1
823,71,288.17,183.52,57.10,176.91,0.2549,-1,-1,-1
823,76,471.94,91.01,59.85,201.63,0.4620,-1,-1,-1
823,78,788.36,134.19,65.74,177.30,0.3528,-1,-1,-1
824,4,1722.80,453.78,74.00,212.79,0.7125,-1,-1,-1
824,60,272.76,555.73,80.14,236.57,0.7698,-1,-1,-1
824,63,871.12,936.45,66.01,142.70,0.7264,-1,-1,-1
824,64,1570.82,596.22,103.80,228.33,0.6786,-1,-1,-1
824,68,968.14,568.27,68.94,228.60,0.7733,-1,-1,-1
824,69,1037.37,547.84,86.18,242.38,0.7978,-1,-1,-1
824,66,436.99,262.50,61.08,187.37,0.6675,-1,-1,-1
824,72,382.11,269.93,54.65,167.28,0.5498,-1,-1,-1
824,71,289.43,184.88,55.83,175.52,0.2142,-1,-1,-1
824,76,472.27,92.02,59.23,201.45,0.4804,-1,-1,-1
824,78,788.29,133.51,66.27,178.11,0.3809,-1,-1,-1
825,4,1721.97,454.08,75.03,212.38,0.7154,-1,-1,-1
825,60,272.31,557.19,80.80,234.78,0.7743,-1,-1,-1
825,63,870.35,937.17,65.95,142.26,0.6987,-1,-1,-1
825,64,1571.52,598.41,102.48,225.98,0.6949,-1,-1,-1
825,68,966.26,566.57,68.42,231.52,0.7745,-1,-1,-1
825,69,1035.92,547.66,90.14,244.08,0.7936,-1,-1,-1
825,66,436.58,262.98,61.24,187.45,0.6557,-1,-1,-1
825,72,381.89,271.29,54.35,168.08,0.5606,-1,-1,-1
825,71,290.48,182.08,55.82,177.84,0.3282,-1,-1,-1
825,76,471.87,93.65,59.73,200.48,0.4351,-1,-1,-1
825,78,790.00,133.88,64.83,177.96,0.3889,-1,-1,-1
826,4,1720.75,455.27,76.25,210.17,0.7347,-1,-1,-1
826,60,272.08,559.00,81.31,232.83,0.7889,-1,-1,-1
826,63,868.99,937.70,66.94,142.16,0.7043,-1,-1,-1
826,64,1572.13,597.28,102.28,226.76,0.6843,-1,-1,-1
826,68,964.05,565.05,68.41,233.62,0.7712,-1,-1,-1
826,69,1035.05,547.18,91.85,242.77,0.7730,-1,-1,-1
826,66,435.49,263.94,62.08,186.87,0.6902,-1,-1,-1
826,72,381.88,272.13,53.75,167.61,0.5281,-1,-1,-1
826,71,293.25,179.14,53.82,179.82,0.2605,-1,-1,-1
826,76,471.63,93.26,60.41,200.01,0.4355,-1,-1,-1
826,78,793.59,133.99,60.83,178.84,0.3371,-1,-1,-1
827,4,1720.91,454.67,76.32,210.92,0.7304,-1,-1,-1
827,60,271.79,560.31,81.74,231.55,0.7896,-1,-1,-1
827,63,868.77,938.82,67.32,141.23,0.7118,-1,-1,-1
827,64,1571.62,596.94,103.22,227.17,0.6705,-1,-1,-1
827,68,962.82,563.65,67.79,232.40,0.7664,-1,-1,-1
827,69,1033.72,546.48,92.99,242.13,0.7695,-1,-1,-1
827,66,435.74,264.78,61.50,185.74,0.6711,-1,-1,-1
827,72,380.17,271.91,55.84,169.15,0.5155,-1,-1,-1
827,71,294.92,181.55,55.31,176.64,0.2245,-1,-1,-1
827,76,471.23,95.57,61.08,197.02,0.4092,-1,-1,-1
827,78,791.68,132.57,63.98,179.80,0.3422,-1,-1,-1
828,4,1721.02,453.75,75.20,211.70,0.7415,-1,-1,-1
828,60,271.82,561.73,81.60,231.06,0.7896,-1,-1,-1
828,63,868.37,939.29,67.35,140.78,0.7063,-1,-1,-1
828,64,1572.46,596.20,102.65,228.05,0.6731,-1,-1,-1
828,68,960.28,562.89,68.76,231.36,0.7607,-1,-1,-1
828,69,1033.07,544.87,93.98,243.30,0.7915,-1,-1,-1
828,66,436.15,264.68,60.89,185.29,0.6803,-1,-1,-1
828,72,377.11,272.09,57.71,172.14,0.5265,-1,-1,-1
828,71,296.65,177.05,59.49,181.14,0.1907,-1,-1,-1
828,76,471.37,96.59,60.93,195.32,0.4338,-1,-1,-1
828,78,791.37,132.73,64.93,179.26,0.3349,-1,-1,-1
829,4,1721.59,453.13,74.40,212.29,0.7360,-1,-1,-1
829,60,271.74,562.66,81.66,233.04,0.7947,-1,-1,-1
829,63,869.38,939.50,66.04,140.55,0.7157,-1,-1,-1
829,64,1571.99,596.23,103.16,227.69,0.6828,-1,-1,-1
829,68,958.84,561.58,69.07,232.39,0.7780,-1,-1,-1
829,69,1032.02,543.25,93.12,243.91,0.7743,-1,-1,-1
829,66,436.36,264.76,60.71,185.18,0.6980,-1,-1,-1
829,72,377.36,272.66,57.33,174.68,0.5469,-1,-1,-1
829,71,298.44,177.88,61.26,180.87,0.1526,-1,-1,-1
829,76,471.94,98.49,60.51,195.86,0.4354,-1,-1,-1
829,78,793.00,133.30,64.51,178.75,0.3189,-1,-1,-1
830,4,1721.49,452.79,74.40,212.64,0.7459,-1,-1,-1
830,60,272.32,563.76,80.79,236.83,0.7991,-1,-1,-1
830,63,868.30,940.65,67.23,139.40,0.7042,-1,-1,-1
830,64,1572.21,594.53,102.51,229.38,0.6842,-1,-1,-1
830,68,958.07,561.49,68.26,232.49,0.8003,-1,-1,-1
830,69,1031.95,541.14,92.96,245.27,0.7965,-1,-1,-1
830,66,435.79,265.96,61.15,183.94,0.6682,-1,-1,-1
830,72,373.50,272.77,59.98,176.65,0.5590,-1,-1,-1
830,76,472.62,101.62,60.05,194.30,0.3675,-1,-1,-1
830,78,795.35,133.92,62.37,178.68,0.3173,-1,-1,-1
831,4,1721.60,454.85,75.01,210.84,0.7315,-1,-1,-1
831,60,272.38,565.87,80.40,240.94,0.8094,-1,-1,-1
831,63,868.81,941.31,66.53,138.75,0.7119,-1,-1,-1
831,64,1572.91,593.91,101.50,230.17,0.7004,-1,-1,-1
831,68,956.94,561.85,68.10,232.77,0.8018,-1,-1,-1
831,69,1031.40,538.73,92.30,246.59,0.7989,-1,-1,-1
831,66,435.45,266.75,61.37,183.87,0.6206,-1,-1,-1
831,72,371.87,273.71,60.33,179.51,0.5300,-1,-1,-1
831,76,471.91,103.39,62.60,194.58,0.3578,-1,-1,-1
831,78,798.06,134.27,59.27,179.51,0.3391,-1,-1,-1
832,4,1721.20,453.54,74.91,212.19,0.7499,-1,-1,-1
832,60,272.04,568.54,80.67,242.28,0.8222,-1,-1,-1
832,63,868.98,942.13,66.88,137.87,0.6856,-1,-1,-1
832,64,1573.27,592.77,101.53,231.25,0.6936,-1,-1,-1
832,68,955.30,561.87,68.24,231.83,0.7728,-1,-1,-1
832,69,1030.76,535.92,88.90,245.86,0.7806,-1,-1,-1
832,66,435.60,267.64,62.46,183.90,0.6228,-1,-1,-1
832,72,371.10,273.85,60.87,181.17,0.5162,-1,-1,-1
832,76,472.91,104.93,63.24,171.48,0.2593,-1,-1,-1
832,78,798.40,134.36,60.32,179.44,0.3399,-1,-1,-1
833,4,1720.67,453.10,75.30,212.94,0.7513,-1,-1,-1
833,60,271.13,571.22,81.13,243.65,0.8197,-1,-1,-1
833,63,869.11,943.19,67.20,136.82,0.7044,-1,-1,-1
833,64,1572.77,591.34,101.83,232.71,0.6646,-1,-1,-1
833,68,953.46,560.39,68.51,232.18,0.7714,-1,-1,-1
833,69,1030.31,533.40,86.46,236.54,0.7928,-1,-1,-1
833,66,435.42,267.73,62.90,186.36,0.6194,-1,-1,-1
833,72,369.81,272.66,61.93,183.68,0.4366,-1,-1,-1
833,76,473.90,106.21,63.24,152.41,0.2326,-1,-1,-1
833,78,798.70,134.95,60.45,178.20,0.3587,-1,-1,-1
834,4,1719.68,454.57,77.09,211.01,0.7545,-1,-1,-1
834,60,270.31,573.76,81.12,243.89,0.8161,-1,-1,-1
834,63,868.84,943.90,68.79,136.14,0.7142,-1,-1,-1
834,64,1572.18,590.44,102.98,233.73,0.6831,-1,-1,-1
834,68,951.61,555.70,68.89,237.23,0.7567,-1,-1,-1
834,69,1030.61,529.46,83.67,232.98,0.8011,-1,-1,-1
834,66,435.63,268.08,62.42,189.04,0.5850,-1,-1,-1
834,72,368.22,272.77,62.40,183.58,0.3896,-1,-1,-1
834,76,473.90,106.76,62.15,148.18,0.1748,-1,-1,-1
834,78,799.33,135.21,60.89,178.37,0.3473,-1,-1,-1
835,4,1719.59,453.59,77.72,213.23,0.7451,-1,-1,-1
835,60,270.07,576.09,79.86,245.00,0.8262,-1,-1,-1
835,63,867.89,943.61,71.09,136.42,0.6990,-1,-1,-1
835,64,1571.11,589.13,104.02,234.97,0.6462,-1,-1,-1
835,68,949.40,552.97,69.21,238.29,0.7590,-1,-1,-1
835,69,1030.62,526.36,80.98,231.74,0.7957,-1,-1,-1
835,66,437.24,270.43,61.08,189.27,0.6508,-1,-1,-1
835,72,370.94,277.93,58.94,176.31,0.4341,-1,-1,-1
835,76,474.47,107.90,63.19,144.15,0.1541,-1,-1,-1
835,78,802.58,135.34,57.80,176.96,0.3558,-1,-1,-1
836,4,1718.76,455.45,78.36,211.06,0.7410,-1,-1,-1
836,60,269.40,578.59,79.79,245.11,0.8158,-1,-1,-1
836,63,865.41,943.30,75.66,136.69,0.7307,-1,-1,-1
836,64,1570.69,590.32,104.19,234.01,0.6681,-1,-1,-1
836,68,948.53,550.38,68.23,230.87,0.7774,-1,-1,-1
836,69,1031.61,523.39,77.20,232.70,0.7916,-1,-1,-1
836,66,438.58,272.92,59.00,189.51,0.6299,-1,-1,-1
836,72,371.87,279.45,57.77,174.30,0.4681,-1,-1,-1
836,78,803.85,135.71,57.01,176.38,0.3883,-1,-1,-1
837,4,1719.66,454.45,77.60,212.83,0.7499,-1,-1,-1
837,60,268.61,580.25,79.64,244.72,0.8030,-1,-1,-1
837,63,865.11,943.38,76.72,136.61,0.7275,-1,-1,-1
837,64,1569.46,589.72,106.20,234.84,0.6256,-1,-1,-1
837,68,946.93,547.95,67.97,227.88,0.7746,-1,-1,-1
837,69,1032.42,520.64,73.56,233.53,0.7735,-1,-1,-1
837,66,439.92,276.55,57.10,188.01,0.6277,-1,-1,-1
837,72,371.34,280.10,58.17,173.30,0.4108,-1,-1,-1
837,78,801.44,135.20,61.44,177.67,0.3656,-1,-1,-1
838,4,1718.70,455.59,78.60,209.43,0.7584,-1,-1,-1
838,60,267.92,581.74,79.28,243.19,0.7860,-1,-1,-1
838,63,864.97,943.45,77.18,136.50,0.7208,-1,-1,-1
838,64,1570.59,591.20,105.11,233.03,0.6794,-1,-1,-1
838,68,945.00,545.89,67.33,227.55,0.7841,-1,-1,-1
838,69,1033.16,519.10,71.08,234.28,0.7756,-1,-1,-1
838,66,436.70,274.42,60.78,191.93,0.6385,-1,-1,-1
838,72,360.51,277.93,67.68,176.24,0.4533,-1,-1,-1
838,78,803.59,135.46,59.60,177.30,0.3658,-1,-1,-1
839,4,1719.40,453.58,76.95,211.49,0.7574,-1,-1,-1
839,60,266.65,583.05,79.79,241.31,0.7658,-1,-1,-1
839,63,864.97,942.78,77.76,136.97,0.7169,-1,-1,-1
839,64,1570.45,591.35,105.59,232.63,0.6142,-1,-1,-1
839,68,944.21,543.49,66.73,228.56,0.7776,-1,-1,-1
839,69,1033.91,518.62,69.79,234.64,0.7686,-1,-1,-1
839,66,436.24,276.25,61.09,191.46,0.6198,-1,-1,-1
839,72,366.44,280.16,60.98,173.46,0.4414,-1,-1,-1
839,78,804.36,136.54,60.02,176.49,0.3827,-1,-1,-1
840,4,1719.95,453.02,76.27,211.86,0.7562,-1,-1,-1
840,60,264.49,584.20,80.59,239.91,0.7398,-1,-1,-1
840,63,865.18,943.43,77.87,136.14,0.7149,-1,-1,-1
840,64,1570.01,593.22,106.35,231.03,0.6465,-1,-1,-1
840,68,942.89,541.51,66.53,228.99,0.7691,-1,-1,-1
840,69,1033.80,518.25,69.18,233.87,0.7631,-1,-1,-1
840,66,434.94,275.18,62.49,192.80,0.6565,-1,-1,-1
840,72,357.63,277.16,68.83,176.57,0.5065,-1,-1,-1
840,78,805.99,137.13,58.90,175.59,0.4499,-1,-1,-1
841,4,1719.82,452.45,76.51,212.45,0.7450,-1,-1,-1
841,60,263.13,585.35,81.51,237.92,0.7610,-1,-1,-1
841,63,866.35,943.56,78.47,135.95,0.7296,-1,-1,-1
841,64,1570.81,593.73,105.72,230.85,0.6782,-1,-1,-1
841,68,941.48,539.90,66.49,230.34,0.7723,-1,-1,-1
841,69,1032.64,517.87,68.92,233.37,0.7484,-1,-1,-1
841,66,436.52,278.07,59.33,191.32,0.6531,-1,-1,-1
841,72,355.93,276.15,69.76,178.69,0.5065,-1,-1,-1
841,78,804.52,136.45,62.47,175.48,0.3897,-1,-1,-1
841,76,473.13,111.26,61.61,194.50,0.3451,-1,-1,-1
842,4,1719.54,454.86,77.24,210.25,0.7275,-1,-1,-1
842,60,262.35,585.96,82.29,237.14,0.7747,-1,-1,-1
842,63,866.31,943.51,79.19,136.09,0.7155,-1,-1,-1
842,64,1572.04,594.35,104.75,230.07,0.6522,-1,-1,-1
842,68,939.77,538.91,66.05,231.84,0.7718,-1,-1,-1
842,69,1028.98,516.87,71.33,232.93,0.7374,-1,-1,-1
842,66,437.56,278.70,58.30,190.28,0.6423,-1,-1,-1
842,72,364.39,280.88,60.62,174.58,0.5133,-1,-1,-1
842,78,804.73,136.57,62.54,175.05,0.4138,-1,-1,-1
842,76,472.09,111.75,61.50,199.91,0.2923,-1,-1,-1
843,4,1718.84,455.62,78.54,209.03,0.7328,-1,-1,-1
843,60,261.08,586.80,83.57,236.09,0.7889,-1,-1,-1
843,63,866.66,943.68,80.09,135.80,0.7210,-1,-1,-1
843,64,1571.19,593.46,105.28,231.38,0.6288,-1,-1,-1
843,68,938.44,538.25,65.89,232.12,0.7839,-1,-1,-1
843,69,1025.21,516.42,74.26,233.19,0.7533,-1,-1,-1
843,66,438.02,280.46,58.43,188.47,0.6736,-1,-1,-1
843,72,366.08,282.67,59.49,175.21,0.5538,-1,-1,-1
843,78,805.93,137.09,62.13,174.92,0.3583,-1,-1,-1
843,76,470.02,110.91,63.28,203.32,0.3012,-1,-1,-1
844,4,1719.11,454.17,78.45,211.22,0.7414,-1,-1,-1
844,60,261.04,587.77,83.48,235.43,0.7974,-1,-1,-1
844,63,867.05,943.40,80.06,136.14,0.7209,-1,-1,-1
844,64,1571.39,592.67,104.03,232.06,0.6324,-1,-1,-1
844,68,937.65,536.65,65.55,233.27,0.7893,-1,-1,-1
844,69,1022.38,516.14,75.00,232.10,0.7795,-1,-1,-1
844,66,438.16,281.64,58.50,187.41,0.6715,-1,-1,-1
844,72,361.62,281.25,63.91,180.12,0.5285,-1,-1,-1
844,78,806.10,137.09,62.53,174.55,0.3830,-1,-1,-1
844,76,469.55,111.25,63.43,202.77,0.3065,-1,-1,-1
845,4,1718.25,455.86,78.81,208.82,0.7519,-1,-1,-1
845,60,260.96,588.49,83.60,235.41,0.7994,-1,-1,-1
845,63,866.66,943.48,80.67,136.02,0.7121,-1,-1,-1
845,64,1570.82,592.76,103.82,231.64,0.6426,-1,-1,-1
845,68,936.36,535.84,66.26,233.83,0.7751,-1,-1,-1
845,69,1021.48,516.16,73.53,229.80,0.7746,-1,-1,-1
845,66,438.49,281.37,57.81,188.03,0.6707,-1,-1,-1
845,72,360.91,282.50,64.02,181.46,0.5547,-1,-1,-1
845,78,805.84,137.41,63.30,174.29,0.3500,-1,-1,-1
845,76,468.52,112.62,64.13,203.99,0.1842,-1,-1,-1
846,4,1718.08,455.91,79.09,208.40,0.7434,-1,-1,-1
846,60,260.71,589.59,84.21,236.40,0.7937,-1,-1,-1
846,63,866.47,944.26,81.14,135.13,0.7198,-1,-1,-1
846,64,1570.27,594.48,104.24,229.89,0.6632,-1,-1,-1
846,68,934.72,535.08,66.79,232.84,0.7839,-1,-1,-1
846,69,1020.21,515.43,73.77,229.16,0.7745,-1,-1,-1
846,66,438.64,282.24,57.26,187.06,0.6584,-1,-1,-1
846,72,359.27,283.95,65.40,181.92,0.5690,-1,-1,-1
846,78,805.98,137.40,63.30,174.89,0.3666,-1,-1,-1
846,76,468.32,114.67,65.17,202.08,0.2125,-1,-1,-1
847,4,1717.73,454.62,79.94,210.11,0.7455,-1,-1,-1
847,60,260.59,592.56,84.62,236.40,0.7789,-1,-1,-1
847,63,866.70,944.55,81.88,134.94,0.6939,-1,-1,-1
847,64,1569.93,594.02,104.46,230.06,0.6552,-1,-1,-1
847,68,933.55,534.16,66.91,231.16,0.7624,-1,-1,-1
847,69,1018.88,513.26,73.23,232.38,0.7549,-1,-1,-1
847,66,439.05,281.94,56.39,186.50,0.6359,-1,-1,-1
847,72,358.91,287.23,65.52,180.46,0.5601,-1,-1,-1
847,78,803.57,137.95,67.33,174.66,0.3750,-1,-1,-1
847,76,467.74,117.77,67.93,200.47,0.1678,-1,-1,-1
848,4,1717.65,453.42,79.23,211.20,0.7524,-1,-1,-1
848,60,261.28,595.11,84.04,237.42,0.7983,-1,-1,-1
848,63,866.47,944.63,82.31,134.75,0.7064,-1,-1,-1
848,64,1570.16,593.78,104.59,230.03,0.6406,-1,-1,-1
848,68,932.68,532.70,66.56,230.52,0.7654,-1,-1,-1
848,69,1017.56,511.20,72.03,228.82,0.7528,-1,-1,-1
848,66,437.80,281.09,57.07,187.76,0.6349,-1,-1,-1
848,72,357.88,288.32,65.69,180.49,0.5685,-1,-1,-1
848,78,803.84,138.85,68.22,173.51,0.3573,-1,-1,-1
848,76,468.96,118.05,67.06,192.10,0.2098,-1,-1,-1
849,4,1717.76,453.48,79.45,211.13,0.7523,-1,-1,-1
849,60,261.53,597.21,84.13,240.93,0.7930,-1,-1,-1
849,63,866.40,945.09,82.97,134.18,0.6871,-1,-1,-1
849,64,1571.97,594.38,102.94,229.88,0.6757,-1,-1,-1
849,68,931.86,530.49,65.77,230.98,0.7693,-1,-1,-1
849,69,1015.78,509.35,69.38,224.12,0.7446,-1,-1,-1
849,66,437.19,280.14,56.95,188.84,0.6428,-1,-1,-1
849,72,356.09,292.51,67.27,178.27,0.6080,-1,-1,-1
849,78,805.74,138.04,66.16,174.02,0.3704,-1,-1,-1
849,76,469.27,116.84,67.02,190.90,0.2020,-1,-1,-1
850,4,1718.24,453.30,78.99,212.63,0.7485,-1,-1,-1
850,60,261.69,599.31,84.37,241.41,0.7988,-1,-1,-1
850,63,866.90,945.12,82.94,133.81,0.6977,-1,-1,-1
850,64,1572.49,594.82,102.98,229.47,0.6768,-1,-1,-1
850,68,931.40,527.98,64.32,231.93,0.7858,-1,-1,-1
850,69,1013.79,506.69,68.02,224.08,0.8029,-1,-1,-1
850,66,437.60,277.77,59.33,194.11,0.6314,-1,-1,-1
850,72,353.76,295.95,69.55,176.65,0.5994,-1,-1,-1
850,78,806.93,137.76,65.15,174.27,0.3719,-1,-1,-1
850,76,469.17,119.89,65.11,190.14,0.2564,-1,-1,-1
851,4,1717.76,452.90,78.68,211.52,0.7407,-1,-1,-1
851,60,261.88,600.93,84.60,242.64,0.8086,-1,-1,-1
851,63,867.58,945.14,83.57,133.73,0.7024,-1,-1,-1
851,64,1572.44,593.90,103.16,230.39,0.6590,-1,-1,-1
851,68,929.68,525.81,64.58,234.24,0.7968,-1,-1,-1
851,69,1009.73,504.04,69.29,224.63,0.8156,-1,-1,-1
851,66,437.97,283.01,57.92,191.85,0.6275,-1,-1,-1
851,72,351.81,298.31,70.95,174.85,0.5639,-1,-1,-1
851,78,804.94,138.75,67.91,172.93,0.3806,-1,-1,-1
851,76,469.17,122.71,63.34,190.43,0.3284,-1,-1,-1
852,4,1717.50,455.29,79.39,209.40,0.7368,-1,-1,-1
852,60,263.46,603.25,83.59,243.52,0.8039,-1,-1,-1
852,63,868.39,945.14,83.59,133.81,0.7013,-1,-1,-1
852,64,1571.35,593.75,104.53,230.43,0.6428,-1,-1,-1
852,68,928.62,523.24,63.80,222.50,0.7426,-1,-1,-1
852,69,1007.37,502.00,69.25,225.66,0.8067,-1,-1,-1
852,66,437.75,287.21,56.15,189.47,0.5887,-1,-1,-1
852,72,349.83,298.90,72.51,175.28,0.5336,-1,-1,-1
852,78,807.43,138.03,65.05,173.47,0.3582,-1,-1,-1
852,76,468.01,123.77,63.84,189.38,0.4051,-1,-1,-1
853,4,1718.59,454.01,78.87,210.69,0.7236,-1,-1,-1
853,60,264.44,605.88,83.93,243.93,0.8005,-1,-1,-1
853,63,868.64,945.18,83.44,134.00,0.7002,-1,-1,-1
853,64,1570.87,593.30,104.26,230.98,0.6010,-1,-1,-1
853,68,926.97,520.79,65.15,213.87,0.7780,-1,-1,-1
853,69,1003.54,500.40,71.22,226.73,0.8231,-1,-1,-1
853,66,437.12,290.42,57.57,188.93,0.5942,-1,-1,-1
853,72,347.71,298.44,73.89,176.58,0.4830,-1,-1,-1
853,78,807.38,137.86,64.58,174.52,0.3884,-1,-1,-1
853,76,465.54,123.73,65.89,192.93,0.4540,-1,-1,-1
854,4,1717.56,456.01,79.84,208.45,0.7265,-1,-1,-1
854,60,264.68,607.10,84.57,245.37,0.8174,-1,-1,-1
854,63,868.74,944.96,83.80,134.01,0.7023,-1,-1,-1
854,64,1569.16,593.93,106.04,230.29,0.6008,-1,-1,-1
854,68,926.49,518.21,65.49,217.47,0.7969,-1,-1,-1
854,69,998.67,498.74,75.12,228.66,0.8231,-1,-1,-1
854,66,437.20,289.73,57.59,192.75,0.6080,-1,-1,-1
854,72,347.07,297.48,73.50,177.71,0.4769,-1,-1,-1
854,78,807.48,137.81,64.61,174.60,0.3738,-1,-1,-1
854,76,463.18,122.68,67.91,196.66,0.4866,-1,-1,-1
855,4,1717.29,456.49,80.08,207.79,0.7340,-1,-1,-1
855,60,266.11,608.71,84.04,246.01,0.8214,-1,-1,-1
855,63,869.58,944.62,83.20,134.25,0.7200,-1,-1,-1
855,64,1569.87,593.09,105.34,231.15,0.6228,-1,-1,-1
855,68,925.97,515.55,65.08,219.97,0.7906,-1,-1,-1
855,69,996.84,496.87,76.49,230.77,0.7966,-1,-1,-1
855,66,436.29,290.74,58.42,194.09,0.6362,-1,-1,-1
855,72,344.43,299.99,74.91,175.60,0.4916,-1,-1,-1
855,78,807.13,137.67,65.05,175.86,0.3571,-1,-1,-1
855,76,464.59,123.96,66.29,197.66,0.5018,-1,-1,-1
856,4,1717.30,457.00,80.41,208.73,0.7431,-1,-1,-1
856,60,266.99,610.19,83.97,244.32,0.8050,-1,-1,-1
856,63,871.36,944.48,82.07,134.18,0.7287,-1,-1,-1
856,64,1570.87,592.32,105.00,232.17,0.6387,-1,-1,-1
856,68,925.08,512.61,65.26,222.28,0.8039,-1,-1,-1
856,69,995.19,495.27,78.94,232.78,0.8204,-1,-1,-1
856,66,435.73,292.20,58.39,195.18,0.6015,-1,-1,-1
856,72,343.96,299.79,74.29,176.74,0.4827,-1,-1,-1
856,78,807.12,137.27,64.72,175.55,0.3598,-1,-1,-1
856,76,466.45,125.03,63.96,196.71,0.4609,-1,-1,-1
857,4,1717.93,454.86,78.56,211.70,0.7294,-1,-1,-1
857,60,268.50,611.07,83.17,242.55,0.7874,-1,-1,-1
857,63,872.57,943.90,80.77,134.68,0.7174,-1,-1,-1
857,64,1571.64,592.35,104.71,232.16,0.6288,-1,-1,-1
857,68,922.19,510.88,66.46,224.68,0.7819,-1,-1,-1
857,69,994.63,494.53,80.29,234.26,0.8038,-1,-1,-1
857,66,435.07,293.84,59.11,195.20,0.6067,-1,-1,-1
857,72,347.49,303.31,69.22,171.62,0.5091,-1,-1,-1
857,78,807.59,137.44,63.98,174.74,0.3355,-1,-1,-1
857,76,467.83,127.66,62.45,196.84,0.4168,-1,-1,-1
858,4,1717.09,456.68,79.88,209.52,0.7345,-1,-1,-1
858,60,269.83,611.89,82.80,242.40,0.7963,-1,-1,-1
858,63,873.46,943.58,80.36,135.18,0.7258,-1,-1,-1
858,64,1572.75,593.97,103.34,230.49,0.6805,-1,-1,-1
858,68,920.56,509.74,66.65,224.27,0.7669,-1,-1,-1
858,69,991.59,493.87,83.66,235.12,0.7999,-1,-1,-1
858,66,433.17,294.20,63.48,194.78,0.5714,-1,-1,-1
858,72,346.01,304.21,71.82,172.62,0.5353,-1,-1,-1
858,78,806.47,137.41,65.07,173.73,0.3384,-1,-1,-1
858,76,468.05,129.93,62.47,196.18,0.3983,-1,-1,-1
859,4,1715.76,457.32,81.38,209.65,0.7311,-1,-1,-1
859,60,269.71,611.67,84.18,243.35,0.8006,-1,-1,-1
859,63,874.62,943.77,79.71,135.24,0.7381,-1,-1,-1
859,64,1573.00,593.87,103.51,230.71,0.6465,-1,-1,-1
859,68,918.62,507.29,66.71,226.84,0.7697,-1,-1,-1
859,69,991.36,493.94,84.19,234.69,0.7930,-1,-1,-1
859,66,434.42,298.24,61.14,190.28,0.5970,-1,-1,-1
859,72,345.60,303.89,72.97,173.63,0.5210,-1,-1,-1
859,78,807.15,137.25,64.32,173.82,0.3449,-1,-1,-1
859,76,469.46,132.27,61.90,195.23,0.3144,-1,-1,-1
860,4,1715.62,456.66,81.39,209.90,0.7424,-1,-1,-1
860,60,270.03,612.06,84.70,242.34,0.8106,-1,-1,-1
860,63,875.38,942.75,79.59,136.60,0.7248,-1,-1,-1
860,64,1572.72,593.52,104.19,230.69,0.6056,-1,-1,-1
860,68,916.81,505.48,66.81,228.51,0.7682,-1,-1,-1
860,69,989.10,493.45,86.60,234.96,0.7727,-1,-1,-1
860,66,434.16,300.12,60.08,189.11,0.6102,-1,-1,-1
860,72,345.46,301.99,73.43,177.02,0.5336,-1,-1,-1
860,78,806.47,137.60,64.90,172.90,0.3366,-1,-1,-1
860,76,468.92,132.85,63.05,195.45,0.4133,-1,-1,-1
860,80,1403.41,1017.41,68.76,62.42,0.5024,-1,-1,-1
861,4,1715.13,456.49,82.23,209.72,0.7505,-1,-1,-1
861,60,270.15,613.11,85.66,241.18,0.8142,-1,-1,-1
861,63,876.47,942.90,79.93,136.92,0.7459,-1,-1,-1
861,64,1572.36,597.00,103.33,227.25,0.6546,-1,-1,-1
861,68,915.29,503.27,66.57,231.26,0.7794,-1,-1,-1
861,69,988.16,492.70,87.79,234.78,0.7823,-1,-1,-1
861,66,432.03,300.38,63.09,188.55,0.5890,-1,-1,-1
861,72,347.16,302.44,69.20,178.06,0.5316,-1,-1,-1
861,78,806.22,137.58,64.93,173.11,0.3154,-1,-1,-1
861,76,469.09,132.76,63.55,196.05,0.4186,-1,-1,-1
861,80,1400.65,1015.57,73.78,64.38,0.5856,-1,-1,-1
862,4,1715.63,456.62,82.14,210.25,0.7360,-1,-1,-1
862,60,270.16,613.25,85.53,240.51,0.8134,-1,-1,-1
862,63,877.71,943.54,78.98,136.47,0.7282,-1,-1,-1
862,64,1571.94,597.00,104.32,226.99,0.6382,-1,-1,-1
862,68,914.50,501.92,66.13,233.23,0.7648,-1,-1,-1
862,69,988.06,491.34,86.06,234.50,0.7788,-1,-1,-1
862,66,432.92,300.10,60.89,187.54,0.5815,-1,-1,-1
862,72,347.76,303.19,67.83,180.37,0.4918,-1,-1,-1
862,78,806.91,137.45,63.89,174.08,0.3176,-1,-1,-1
862,76,470.30,133.09,64.04,196.52,0.4274,-1,-1,-1
862,80,1394.49,1012.94,80.10,67.07,0.6170,-1,-1,-1
863,4,1716.10,456.60,81.65,210.32,0.7413,-1,-1,-1
863,60,270.32,613.65,85.74,240.64,0.8161,-1,-1,-1
863,63,879.31,942.76,78.28,136.99,0.7322,-1,-1,-1
863,64,1571.66,595.28,104.78,228.56,0.6401,-1,-1,-1
863,68,913.15,500.82,66.07,232.98,0.7732,-1,-1,-1
863,69,988.44,489.35,85.48,235.00,0.7991,-1,-1,-1
863,66,432.70,301.06,60.63,187.34,0.5949,-1,-1,-1
863,72,346.97,306.67,68.06,180.42,0.5696,-1,-1,-1
863,78,805.83,138.08,64.85,173.08,0.2907,-1,-1,-1
863,76,471.30,134.07,64.90,194.05,0.3793,-1,-1,-1
863,80,1390.50,1009.83,82.89,70.18,0.6325,-1,-1,-1
864,4,1716.20,457.13,82.11,209.97,0.7394,-1,-1,-1
864,60,270.92,614.89,85.67,240.06,0.8134,-1,-1,-1
864,63,880.64,942.54,78.26,137.08,0.7424,-1,-1,-1
864,64,1572.36,594.53,104.53,229.20,0.6342,-1,-1,-1
864,68,912.58,500.15,65.66,232.61,0.7635,-1,-1,-1
864,69,986.53,486.73,85.17,235.97,0.8032,-1,-1,-1
864,66,432.49,302.37,61.55,187.06,0.5667,-1,-1,-1
864,72,346.74,309.22,67.34,179.29,0.5458,-1,-1,-1
864,78,805.91,138.17,64.96,173.17,0.2930,-1,-1,-1
864,76,472.36,136.46,64.57,189.97,0.3041,-1,-1,-1
864,80,1387.13,1005.80,85.55,74.22,0.6631,-1,-1,-1
864,81,1083.80,0.01,57.41,126.59,0.3949,-1,-1,-1
865,4,1716.89,456.83,81.35,208.67,0.7302,-1,-1,-1
865,60,272.39,617.36,84.66,243.10,0.8340,-1,-1,-1
865,63,882.02,942.63,78.52,137.25,0.7299,-1,-1,-1
865,64,1572.01,594.21,104.97,229.64,0.6471,-1,-1,-1
865,68,911.23,498.91,65.49,229.65,0.7619,-1,-1,-1
865,69,985.80,484.46,84.31,235.91,0.7997,-1,-1,-1
865,66,432.22,303.11,62.39,186.94,0.5809,-1,-1,-1
865,72,346.63,311.85,69.07,179.08,0.5939,-1,-1,-1
865,78,806.69,137.61,63.53,173.64,0.2976,-1,-1,-1
865,76,472.42,138.14,64.62,186.89,0.2993,-1,-1,-1
865,80,1384.36,1001.82,88.97,78.15,0.6824,-1,-1,-1
865,81,1084.55,1.10,57.53,127.62,0.3846,-1,-1,-1
866,4,1717.82,456.94,80.44,208.85,0.7198,-1,-1,-1
866,60,273.38,619.51,83.98,246.74,0.8295,-1,-1,-1
866,63,883.28,942.60,79.47,137.37,0.7354,-1,-1,-1
866,64,1572.17,594.27,104.99,229.33,0.6134,-1,-1,-1
866,68,909.65,497.39,66.10,227.39,0.7879,-1,-1,-1
866,69,984.79,481.83,84.03,234.56,0.7926,-1,-1,-1
866,66,432.23,303.96,62.67,186.37,0.5395,-1,-1,-1
866,72,345.34,313.68,70.89,178.19,0.5720,-1,-1,-1
866,78,805.68,137.55,64.50,172.72,0.3056,-1,-1,-1
866,76,472.08,138.62,64.39,185.96,0.3210,-1,-1,-1
866,80,1381.78,998.21,91.62,81.76,0.6804,-1,-1,-1
866,81,1085.54,1.30,57.51,130.99,0.3089,-1,-1,-1
867,4,1718.10,456.96,80.23,209.75,0.7131,-1,-1,-1
867,60,273.92,620.76,84.06,249.86,0.8261,-1,-1,-1
867,63,885.64,941.96,79.02,138.03,0.7371,-1,-1,-1
867,64,1572.41,593.29,104.61,230.34,0.6163,-1,-1,-1
867,68,907.22,496.17,67.73,223.04,0.7794,-1,-1,-1
867,69,984.20,478.75,83.06,230.53,0.7737,-1,-1,-1
867,66,432.38,301.74,60.66,189.57,0.5462,-1,-1,-1
867,72,345.09,317.48,70.20,175.70,0.5582,-1,-1,-1
867,78,805.07,137.43,64.34,172.47,0.3252,-1,-1,-1
867,76,471.95,138.10,63.22,185.75,0.3146,-1,-1,-1
867,80,1380.26,994.25,93.26,85.74,0.6754,-1,-1,-1
867,81,1086.11,0.43,57.35,133.43,0.3161,-1,-1,-1
868,4,1718.30,456.90,79.35,209.16,0.7016,-1,-1,-1
868,60,273.29,622.10,85.31,252.44,0.8358,-1,-1,-1
868,63,888.03,941.56,78.76,138.46,0.7425,-1,-1,-1
868,64,1573.31,592.64,103.06,230.71,0.6526,-1,-1,-1
868,68,904.89,494.72,68.96,219.71,0.7652,-1,-1,-1
868,69,985.71,475.97,79.31,224.42,0.7795,-1,-1,-1
868,66,432.73,300.94,58.85,194.95,0.5588,-1,-1,-1
868,72,344.82,318.33,69.74,175.13,0.5315,-1,-1,-1
868,78,805.28,137.86,64.23,173.01,0.2839,-1,-1,-1
868,76,470.62,138.73,64.38,183.12,0.2258,-1,-1,-1
868,80,1379.11,988.92,94.42,91.07,0.6573,-1,-1,-1
868,81,1087.25,0.12,54.83,135.29,0.3573,-1,-1,-1
869,4,1718.31,457.20,79.80,208.82,0.7090,-1,-1,-1
869,60,273.52,624.66,85.63,250.29,0.8312,-1,-1,-1
869,63,891.57,941.01,77.91,139.01,0.7293,-1,-1,-1
869,64,1573.26,593.74,103.33,229.70,0.6362,-1,-1,-1
869,68,903.17,492.76,70.32,214.84,0.7706,-1,-1,-1
869,69,987.01,473.37,75.91,223.99,0.7593,-1,-1,-1
869,66,432.22,301.79,60.35,198.05,0.4985,-1,-1,-1
869,72,346.08,316.11,68.69,176.95,0.4886,-1,-1,-1
869,78,805.01,138.68,65.43,173.53,0.2823,-1,-1,-1
869,76,469.29,139.24,64.98,178.12,0.2409,-1,-1,-1
869,80,1378.91,984.78,94.09,95.19,0.6841,-1,-1,-1
869,81,1087.76,0.42,53.69,135.09,0.3376,-1,-1,-1
870,4,1718.02,457.79,80.16,206.72,0.7187,-1,-1,-1
870,60,273.94,627.23,85.78,251.24,0.8335,-1,-1,-1
870,63,894.06,940.69,76.91,139.27,0.7352,-1,-1,-1
870,64,1573.95,594.41,102.53,229.34,0.6513,-1,-1,-1
870,68,901.41,490.93,70.44,214.85,0.7293,-1,-1,-1
870,69,988.68,471.99,71.52,223.30,0.7482,-1,-1,-1
870,66,433.85,311.19,57.66,193.36,0.5625,-1,-1,-1
870,72,354.72,318.23,61.51,173.20,0.5096,-1,-1,-1
870,78,806.52,137.62,63.27,174.63,0.2738,-1,-1,-1
870,76,467.42,139.36,66.94,175.75,0.2069,-1,-1,-1
870,80,1378.63,982.32,93.84,97.64,0.7185,-1,-1,-1
870,81,1087.99,0.10,52.44,135.34,0.3204,-1,-1,-1
871,4,1717.65,457.63,80.56,207.86,0.7025,-1,-1,-1
871,60,275.04,630.06,85.69,253.67,0.8330,-1,-1,-1
871,63,896.57,941.39,75.54,138.65,0.7383,-1,-1,-1
871,64,1573.81,594.61,102.24,229.76,0.6155,-1,-1,-1
871,68,899.81,488.71,70.59,215.19,0.7349,-1,-1,-1
871,69,989.24,469.86,68.72,224.67,0.7534,-1,-1,-1
871,66,434.68,314.78,55.87,191.43,0.5791,-1,-1,-1
871,72,355.65,316.80,59.55,175.45,0.4941,-1,-1,-1
871,78,806.38,137.55,62.71,175.35,0.2901,-1,-1,-1
871,76,467.92,142.52,67.37,185.34,0.2088,-1,-1,-1
871,80,1377.40,979.70,94.40,100.32,0.7137,-1,-1,-1
871,81,1088.14,0.05,51.49,134.92,0.3004,-1,-1,-1
872,4,1717.30,457.95,80.83,208.13,0.7105,-1,-1,-1
872,60,276.79,632.69,83.72,254.93,0.8345,-1,-1,-1
872,63,898.14,941.55,76.01,138.54,0.7320,-1,-1,-1
872,64,1572.22,595.53,103.73,228.86,0.6100,-1,-1,-1
872,68,898.26,487.39,70.94,216.44,0.7403,-1,-1,-1
872,69,988.84,468.36,67.45,225.86,0.7480,-1,-1,-1
872,66,434.43,317.35,55.06,191.71,0.5832,-1,-1,-1
872,72,355.90,314.65,58.41,178.34,0.4969,-1,-1,-1
872,78,806.09,137.95,62.97,175.33,0.2932,-1,-1,-1
872,76,463.98,142.18,71.67,195.71,0.2783,-1,-1,-1
872,80,1375.42,976.61,96.12,103.42,0.7117,-1,-1,-1
872,81,1087.63,0.02,51.99,136.88,0.3731,-1,-1,-1
873,4,1717.15,458.12,80.74,207.90,0.7082,-1,-1,-1
873,60,277.10,634.14,83.85,255.44,0.8347,-1,-1,-1
873,63,900.17,941.55,76.19,138.51,0.7333,-1,-1,-1
873,64,1571.37,596.04,104.76,228.14,0.5870,-1,-1,-1
873,68,897.78,486.38,70.72,219.09,0.7345,-1,-1,-1
873,69,989.23,467.63,66.19,225.23,0.7415,-1,-1,-1
873,66,433.78,317.30,56.94,193.40,0.6033,-1,-1,-1
873,72,355.98,314.90,57.99,177.64,0.5166,-1,-1,-1
873,78,805.89,137.96,62.62,174.24,0.2880,-1,-1,-1
873,76,464.86,141.61,70.48,198.24,0.2953,-1,-1,-1
873,80,1373.33,974.53,97.13,105.50,0.7210,-1,-1,-1
873,81,1087.42,1.51,52.81,140.85,0.3505,-1,-1,-1
874,4,1718.09,458.36,79.81,208.03,0.6924,-1,-1,-1
874,60,277.29,635.17,84.97,255.12,0.8304,-1,-1,-1
874,63,900.72,941.01,76.86,138.98,0.7368,-1,-1,-1
874,64,1572.13,596.96,104.45,227.28,0.6302,-1,-1,-1
874,68,897.63,484.13,70.07,221.02,0.7178,-1,-1,-1
874,69,989.59,467.16,65.73,224.97,0.7303,-1,-1,-1
874,66,432.27,315.02,58.72,195.83,0.6156,-1,-1,-1
874,72,355.54,315.25,56.89,177.69,0.5334,-1,-1,-1
874,78,804.73,137.62,63.02,174.06,0.2798,-1,-1,-1
874,76,467.10,143.13,69.48,198.04,0.2875,-1,-1,-1
874,80,1371.32,973.46,97.70,106.55,0.7277,-1,-1,-1
874,81,1087.37,1.19,54.20,141.54,0.3402,-1,-1,-1
875,4,1717.96,458.48,79.55,207.25,0.6883,-1,-1,-1
875,60,279.19,635.87,83.70,253.94,0.8213,-1,-1,-1
875,63,902.28,940.32,76.50,139.69,0.7270,-1,-1,-1
875,64,1572.52,597.27,104.13,226.57,0.6250,-1,-1,-1
875,68,896.28,482.96,69.62,220.99,0.7288,-1,-1,-1
875,69,989.85,466.86,65.30,225.15,0.7284,-1,-1,-1
875,66,431.81,313.44,59.76,197.90,0.5709,-1,-1,-1
875,72,355.18,317.88,57.71,175.67,0.5185,-1,-1,-1
875,78,804.41,137.73,62.82,174.11,0.2880,-1,-1,-1
875,76,468.38,144.97,68.81,198.33,0.2621,-1,-1,-1
875,80,1370.00,971.91,97.43,108.09,0.7075,-1,-1,-1
875,81,1086.91,0.46,55.95,143.55,0.2974,-1,-1,-1
876,4,1718.54,458.08,79.19,207.54,0.6898,-1,-1,-1
876,60,279.89,636.43,84.63,253.76,0.8137,-1,-1,-1
876,63,902.46,940.07,78.08,139.95,0.7460,-1,-1,-1
876,64,1572.95,598.19,102.73,225.60,0.6203,-1,-1,-1
876,68,895.70,482.32,68.82,222.39,0.7303,-1,-1,-1
876,69,989.40,466.95,65.13,225.99,0.7277,-1,-1,-1
876,66,431.84,314.02,59.86,196.77,0.5741,-1,-1,-1
876,72,353.77,319.20,60.65,175.93,0.4857,-1,-1,-1
876,78,804.28,137.29,62.45,173.35,0.2767,-1,-1,-1
876,76,468.43,145.75,68.75,195.28,0.2937,-1,-1,-1
876,80,1367.77,970.61,97.76,109.37,0.7051,-1,-1,-1
876,81,1086.84,0.19,57.13,146.20,0.3064,-1,-1,-1
877,4,1718.56,458.07,79.42,207.58,0.6726,-1,-1,-1
877,60,281.12,637.53,83.04,253.11,0.7988,-1,-1,-1
877,63,903.02,939.45,78.26,140.56,0.7300,-1,-1,-1
877,64,1573.15,597.77,103.04,226.20,0.6017,-1,-1,-1
877,68,895.36,482.16,68.71,223.12,0.7215,-1,-1,-1
877,69,987.73,466.15,66.23,226.90,0.7180,-1,-1,-1
877,66,431.15,314.35,61.09,195.76,0.5503,-1,-1,-1
877,72,353.67,321.05,60.39,177.47,0.5163,-1,-1,-1
877,78,805.66,136.90,60.66,173.99,0.2805,-1,-1,-1
877,76,469.08,148.11,68.48,190.86,0.2866,-1,-1,-1
877,80,1365.57,968.44,98.53,111.56,0.6995,-1,-1,-1
877,81,1086.54,0.06,58.43,148.59,0.3411,-1,-1,-1
878,4,1719.18,457.69,78.42,207.51,0.6352,-1,-1,-1
878,60,282.36,638.88,84.12,251.99,0.7850,-1,-1,-1
878,63,903.87,939.20,79.51,140.80,0.7349,-1,-1,-1
878,64,1573.74,597.30,102.45,227.01,0.5765,-1,-1,-1
878,68,895.09,480.76,67.78,224.08,0.7172,-1,-1,-1
878,69,987.21,465.15,65.86,226.76,0.7106,-1,-1,-1
878,66,430.01,316.28,61.39,194.32,0.5511,-1,-1,-1
878,72,354.87,321.55,58.85,181.13,0.4856,-1,-1,-1
878,78,806.57,136.52,59.59,174.96,0.2770,-1,-1,-1
878,76,469.59,148.71,67.98,190.41,0.1958,-1,-1,-1
878,80,1362.20,966.18,101.18,113.81,0.7182,-1,-1,-1
878,81,1086.01,0.02,59.87,149.70,0.4440,-1,-1,-1
879,4,1719.27,457.24,78.35,207.93,0.6277,-1,-1,-1
879,60,283.17,640.36,85.21,250.57,0.7808,-1,-1,-1
879,63,903.85,938.96,80.46,141.02,0.7365,-1,-1,-1
879,64,1573.84,599.00,101.32,225.63,0.5911,-1,-1,-1
879,68,894.52,480.38,66.89,223.54,0.7194,-1,-1,-1
879,69,985.23,464.43,66.51,226.47,0.6851,-1,-1,-1
879,66,429.17,314.40,61.74,196.60,0.5049,-1,-1,-1
879,72,353.18,323.04,60.50,182.89,0.4131,-1,-1,-1
879,78,807.67,136.31,58.16,175.45,0.2869,-1,-1,-1
879,76,470.86,153.44,68.01,174.02,0.1798,-1,-1,-1
879,80,1361.14,963.65,101.40,116.32,0.7322,-1,-1,-1
879,81,1085.93,0.01,60.47,152.16,0.4382,-1,-1,-1
879,82,1772.22,681.39,66.07,246.13,0.3981,-1,-1,-1
880,4,1719.95,457.28,77.46,207.85,0.6363,-1,-1,-1
880,60,284.36,641.47,84.06,249.58,0.7549,-1,-1,-1
880,63,904.91,938.16,80.10,141.83,0.7404,-1,-1,-1
880,64,1574.24,597.58,101.00,226.48,0.6110,-1,-1,-1
880,68,894.18,478.62,66.79,223.41,0.6968,-1,-1,-1
880,69,984.06,462.74,66.70,225.61,0.6947,-1,-1,-1
880,66,428.33,317.84,62.40,191.95,0.5743,-1,-1,-1
880,72,342.69,323.47,71.54,184.70,0.4253,-1,-1,-1
880,78,807.24,136.53,58.20,176.61,0.2796,-1,-1,-1
880,80,1361.08,960.42,101.08,119.55,0.7309,-1,-1,-1
880,81,1086.05,0.00,61.17,154.12,0.3941,-1,-1,-1
880,82,1769.33,680.40,67.21,257.27,0.4028,-1,-1,-1
881,4,1719.81,457.52,78.12,207.98,0.6281,-1,-1,-1
881,60,285.02,642.42,85.07,248.55,0.7755,-1,-1,-1
881,63,905.07,937.75,80.67,142.23,0.7481,-1,-1,-1
881,64,1573.60,598.52,102.08,225.82,0.5645,-1,-1,-1
881,68,894.16,477.10,66.00,221.64,0.6619,-1,-1,-1
881,69,982.73,460.32,65.76,224.17,0.7039,-1,-1,-1
881,66,428.32,319.89,61.47,189.50,0.5265,-1,-1,-1
881,72,339.45,324.60,73.88,187.15,0.4009,-1,-1,-1
881,78,807.15,136.96,57.83,175.11,0.2913,-1,-1,-1
881,80,1360.14,957.25,100.30,122.75,0.7438,-1,-1,-1
881,81,1087.34,0.01,60.18,155.85,0.3401,-1,-1,-1
881,82,1767.24,680.97,69.94,257.62,0.3960,-1,-1,-1
882,4,1720.40,457.74,76.95,208.10,0.6418,-1,-1,-1
882,60,285.58,643.69,85.84,247.37,0.7641,-1,-1,-1
882,63,905.34,937.26,81.49,142.72,0.7535,-1,-1,-1
882,64,1574.44,597.72,101.07,226.58,0.6032,-1,-1,-1
882,68,893.86,474.74,65.31,224.80,0.6666,-1,-1,-1
882,69,981.00,457.17,65.33,222.46,0.6957,-1,-1,-1
882,66,428.59,321.15,60.79,187.84,0.5303,-1,-1,-1
882,72,338.07,328.04,74.13,185.21,0.3438,-1,-1,-1
882,78,807.49,137.57,57.01,175.32,0.3034,-1,-1,-1
882,80,1358.98,952.85,99.72,127.11,0.7454,-1,-1,-1
882,81,1087.70,0.01,61.76,156.52,0.2648,-1,-1,-1
882,82,1764.15,681.24,71.61,253.19,0.4364,-1,-1,-1
883,4,1721.30,457.84,76.32,207.82,0.6434,-1,-1,-1
883,60,286.13,645.20,86.79,246.15,0.7840,-1,-1,-1
883,63,905.12,937.04,81.74,142.98,0.7436,-1,-1,-1
883,64,1575.04,597.10,99.55,227.16,0.5790,-1,-1,-1
883,68,893.34,471.58,64.15,212.73,0.6742,-1,-1,-1
883,69,979.31,454.70,65.99,219.66,0.7291,-1,-1,-1
883,66,427.37,320.54,61.72,187.98,0.5484,-1,-1,-1
883,72,336.37,330.98,75.46,183.23,0.4043,-1,-1,-1
883,78,806.54,137.03,57.84,174.00,0.2919,-1,-1,-1
883,80,1358.19,949.14,98.63,130.35,0.7893,-1,-1,-1
883,81,1090.29,0.43,63.90,157.88,0.1534,-1,-1,-1
883,82,1762.77,682.86,73.24,246.19,0.4768,-1,-1,-1
884,4,1722.10,457.73,75.24,207.79,0.6223,-1,-1,-1
884,60,286.98,647.76,86.29,244.31,0.7822,-1,-1,-1
884,63,905.86,937.66,81.74,142.30,0.7343,-1,-1,-1
884,64,1575.91,597.82,98.60,226.54,0.5571,-1,-1,-1
884,68,892.34,467.73,62.98,217.17,0.6514,-1,-1,-1
884,69,976.83,452.05,66.86,219.38,0.6878,-1,-1,-1
884,66,427.60,320.03,60.61,190.27,0.5486,-1,-1,-1
884,72,333.72,334.10,77.25,180.48,0.3967,-1,-1,-1
884,78,805.53,136.41,58.69,175.83,0.2872,-1,-1,-1
884,80,1356.82,944.35,97.05,134.63,0.7984,-1,-1,-1
884,81,1091.69,0.91,64.12,158.64,0.1557,-1,-1,-1
884,82,1761.68,683.74,73.22,231.48,0.5459,-1,-1,-1
885,4,1722.21,457.83,75.30,207.25,0.6056,-1,-1,-1
885,60,287.31,649.64,85.94,244.34,0.7683,-1,-1,-1
885,63,906.99,937.37,81.11,142.59,0.7218,-1,-1,-1
885,64,1575.23,599.08,99.12,225.33,0.5473,-1,-1,-1
885,68,891.87,464.97,62.34,219.59,0.6924,-1,-1,-1
885,69,974.63,449.51,68.18,219.48,0.7032,-1,-1,-1
885,66,427.51,319.56,60.65,194.76,0.5347,-1,-1,-1
885,72,335.21,333.16,75.96,181.59,0.3674,-1,-1,-1
885,78,805.41,136.95,58.76,175.59,0.2638,-1,-1,-1
885,80,1356.58,939.89,95.11,139.71,0.8062,-1,-1,-1
885,81,1093.75,1.84,62.97,158.57,0.2335,-1,-1,-1
885,82,1759.56,684.48,75.36,222.59,0.5176,-1,-1,-1
886,4,1721.94,457.59,75.14,207.49,0.6148,-1,-1,-1
886,60,288.23,651.87,85.02,245.67,0.7486,-1,-1,-1
886,63,907.06,936.88,81.51,143.13,0.7283,-1,-1,-1
886,64,1575.32,598.47,100.24,226.12,0.5657,-1,-1,-1
886,68,891.37,461.56,62.34,219.87,0.6870,-1,-1,-1
886,69,971.37,446.62,70.68,221.55,0.7013,-1,-1,-1
886,66,427.41,320.42,59.66,197.28,0.4824,-1,-1,-1
886,72,333.18,335.48,77.86,179.12,0.3756,-1,-1,-1
886,78,805.52,137.69,58.33,174.88,0.2345,-1,-1,-1
886,80,1355.89,935.71,93.53,143.90,0.8077,-1,-1,-1
886,81,1095.53,0.69,62.00,158.14,0.2046,-1,-1,-1
886,82,1757.80,684.70,78.48,223.10,0.4772,-1,-1,-1
887,4,1721.87,457.20,75.12,207.77,0.6178,-1,-1,-1
887,60,288.77,654.03,84.05,246.43,0.7591,-1,-1,-1
887,63,908.12,937.13,81.22,142.90,0.7181,-1,-1,-1
887,64,1575.22,599.40,100.20,225.04,0.5511,-1,-1,-1
887,68,890.77,461.37,62.54,215.99,0.7273,-1,-1,-1
887,69,970.13,444.76,71.70,223.25,0.7186,-1,-1,-1
887,66,426.60,322.72,61.08,198.99,0.4813,-1,-1,-1
887,72,330.44,337.26,79.54,177.00,0.3582,-1,-1,-1
887,78,805.73,137.85,58.29,175.38,0.2458,-1,-1,-1
887,80,1354.17,931.65,94.71,146.74,0.7667,-1,-1,-1
887,81,1097.19,1.10,61.44,157.11,0.2492,-1,-1,-1
887,82,1757.58,684.80,77.01,221.81,0.5130,-1,-1,-1
888,4,1721.20,457.99,75.88,206.93,0.6290,-1,-1,-1
888,60,289.88,655.65,82.72,247.82,0.7448,-1,-1,-1
888,63,908.72,936.97,80.56,143.02,0.7099,-1,-1,-1
888,64,1575.46,599.33,100.63,225.59,0.5532,-1,-1,-1
888,68,890.57,458.30,62.87,219.58,0.7334,-1,-1,-1
888,69,968.93,443.82,73.31,223.08,0.7359,-1,-1,-1
888,66,426.83,325.22,61.10,199.74,0.5074,-1,-1,-1
888,72,329.47,338.46,79.37,175.57,0.4269,-1,-1,-1
888,78,805.16,137.45,58.77,176.45,0.2582,-1,-1,-1
888,80,1353.64,929.57,93.91,149.83,0.7715,-1,-1,-1
888,81,1098.92,1.97,60.74,155.35,0.2767,-1,-1,-1
888,82,1756.27,685.42,77.71,222.29,0.5529,-1,-1,-1
889,4,1720.72,457.22,76.88,207.90,0.6437,-1,-1,-1
889,60,291.48,658.42,80.89,247.45,0.7296,-1,-1,-1
889,63,909.63,937.33,80.44,142.69,0.7266,-1,-1,-1
889,64,1575.59,599.66,99.27,224.92,0.5396,-1,-1,-1
889,68,890.43,456.44,62.74,221.33,0.7349,-1,-1,-1
889,69,967.94,443.23,75.10,224.05,0.7417,-1,-1,-1
889,66,427.09,324.97,60.70,199.99,0.5057,-1,-1,-1
889,72,330.07,340.03,77.89,173.57,0.4196,-1,-1,-1
889,78,805.79,137.45,58.18,175.82,0.2457,-1,-1,-1
889,80,1350.76,926.16,96.49,153.35,0.7714,-1,-1,-1
889,81,1100.94,1.11,59.74,158.89,0.3399,-1,-1,-1
889,82,1756.48,684.15,77.57,226.90,0.5121,-1,-1,-1
890,4,1720.27,456.66,77.86,209.25,0.6658,-1,-1,-1
890,60,291.81,659.85,80.70,249.96,0.7121,-1,-1,-1
890,63,911.20,937.29,78.89,142.74,0.7384,-1,-1,-1
890,64,1575.27,599.83,99.31,224.97,0.5311,-1,-1,-1
890,68,890.04,456.39,62.37,219.60,0.7161,-1,-1,-1
890,69,966.07,442.86,76.65,224.59,0.7271,-1,-1,-1
890,66,424.57,328.08,62.14,201.04,0.5094,-1,-1,-1
890,72,332.10,341.61,74.31,171.56,0.4889,-1,-1,-1
890,78,807.56,137.26,56.71,175.95,0.2403,-1,-1,-1
890,80,1347.49,924.58,98.35,155.25,0.7563,-1,-1,-1
890,81,1101.86,4.20,59.87,156.85,0.3591,-1,-1,-1
890,82,1755.34,683.22,78.32,233.29,0.4970,-1,-1,-1
890,76,466.23,162.78,72.25,198.34,0.3464,-1,-1,-1
891,4,1721.08,456.89,76.42,209.09,0.6458,-1,-1,-1
891,60,293.40,661.96,79.50,251.80,0.7012,-1,-1,-1
891,63,911.19,937.61,78.92,142.42,0.7348,-1,-1,-1
891,64,1575.83,598.08,99.18,226.70,0.5409,-1,-1,-1
891,68,889.41,455.09,62.27,219.17,0.7334,-1,-1,-1
891,69,963.72,442.81,80.23,225.56,0.7230,-1,-1,-1
891,66,423.18,329.46,62.96,201.36,0.5163,-1,-1,-1
891,72,335.97,341.11,69.32,172.90,0.4813,-1,-1,-1
891,78,807.92,137.22,56.46,175.16,0.2349,-1,-1,-1
891,80,1345.65,924.59,99.18,155.39,0.7918,-1,-1,-1
891,81,1102.92,5.22,60.02,156.74,0.3881,-1,-1,-1
891,82,1753.99,683.16,79.35,235.33,0.5388,-1,-1,-1
891,76,468.72,165.00,69.65,196.67,0.3706,-1,-1,-1
892,4,1720.99,456.68,76.71,209.19,0.6457,-1,-1,-1
892,60,294.84,663.99,78.70,253.09,0.7619,-1,-1,-1
892,63,911.46,937.64,78.25,142.36,0.7295,-1,-1,-1
892,64,1574.47,596.82,100.27,227.99,0.5355,-1,-1,-1
892,68,888.30,455.41,62.46,219.64,0.6966,-1,-1,-1
892,69,962.06,442.95,82.78,226.41,0.7299,-1,-1,-1
892,66,421.68,331.26,64.14,200.48,0.5440,-1,-1,-1
892,72,337.66,342.07,66.45,172.23,0.5026,-1,-1,-1
892,78,808.57,139.64,55.64,172.61,0.2261,-1,-1,-1
892,80,1342.41,923.49,102.45,156.54,0.7792,-1,-1,-1
892,81,1104.57,7.06,59.00,156.40,0.4666,-1,-1,-1
892,82,1753.34,682.69,79.69,234.87,0.5399,-1,-1,-1
892,76,468.97,165.53,69.74,197.79,0.4126,-1,-1,-1
893,4,1721.48,456.96,76.36,208.81,0.6385,-1,-1,-1
893,60,296.88,664.78,78.03,254.88,0.7772,-1,-1,-1
893,63,912.51,937.85,77.62,142.18,0.7333,-1,-1,-1
893,64,1574.75,595.77,100.10,228.79,0.5351,-1,-1,-1
893,68,886.27,455.09,62.94,219.38,0.7201,-1,-1,-1
893,69,961.26,441.96,83.80,226.78,0.7444,-1,-1,-1
893,66,421.70,333.31,64.41,198.08,0.5463,-1,-1,-1
893,72,338.72,344.54,66.09,171.33,0.5257,-1,-1,-1
893,78,809.68,137.40,54.40,175.03,0.2394,-1,-1,-1
893,80,1338.89,920.98,105.36,159.07,0.7807,-1,-1,-1
893,81,1104.95,8.28,59.32,156.54,0.3934,-1,-1,-1
893,82,1752.43,682.09,81.14,236.79,0.5608,-1,-1,-1
893,76,475.16,170.29,63.47,192.89,0.4138,-1,-1,-1
894,4,1720.70,457.17,77.17,208.41,0.6383,-1,-1,-1
894,60,297.60,666.61,78.55,254.96,0.7552,-1,-1,-1
894,63,913.22,937.91,76.42,142.10,0.7383,-1,-1,-1
894,64,1573.98,593.76,101.01,231.16,0.5021,-1,-1,-1
894,68,885.72,455.06,62.46,218.83,0.6969,-1,-1,-1
894,69,961.00,441.11,84.58,226.86,0.7483,-1,-1,-1
894,66,420.76,333.61,65.31,198.31,0.5132,-1,-1,-1
894,72,340.19,345.46,65.36,172.53,0.4428,-1,-1,-1
894,78,809.75,136.83,54.33,176.51,0.2623,-1,-1,-1
894,80,1335.48,917.70,106.39,162.33,0.7874,-1,-1,-1
894,81,1105.40,10.88,59.74,156.31,0.2992,-1,-1,-1
894,82,1751.52,680.82,82.66,240.86,0.5690,-1,-1,-1
894,76,472.38,169.70,66.81,192.85,0.4282,-1,-1,-1
895,4,1720.34,456.88,77.28,208.67,0.6309,-1,-1,-1
895,60,298.21,668.06,79.19,253.77,0.7257,-1,-1,-1
895,63,913.48,938.15,76.48,141.83,0.7413,-1,-1,-1
895,64,1573.41,595.32,101.23,229.47,0.5251,-1,-1,-1
895,68,884.05,454.83,62.24,218.77,0.7146,-1,-1,-1
895,69,961.39,440.63,84.67,226.25,0.7441,-1,-1,-1
895,66,420.08,333.74,65.25,198.08,0.5184,-1,-1,-1
895,72,340.24,345.93,64.38,177.19,0.4961,-1,-1,-1
895,78,809.35,136.25,54.78,177.49,0.2569,-1,-1,-1
895,80,1332.38,916.43,106.58,163.59,0.7863,-1,-1,-1
895,81,1106.38,13.33,59.28,154.90,0.3739,-1,-1,-1
895,82,1750.94,681.42,83.04,239.06,0.5808,-1,-1,-1
895,76,474.46,170.73,65.40,192.09,0.4872,-1,-1,-1
896,4,1719.87,457.12,77.49,208.59,0.6311,-1,-1,-1
896,60,298.87,668.61,80.80,252.69,0.7384,-1,-1,-1
896,63,913.61,938.49,75.62,141.49,0.7137,-1,-1,-1
896,64,1573.08,596.92,101.36,227.83,0.5777,-1,-1,-1
896,68,884.31,455.02,60.87,216.78,0.6946,-1,-1,-1
896,69,961.41,438.99,84.78,226.44,0.7395,-1,-1,-1
896,66,420.04,334.02,64.99,197.74,0.5074,-1,-1,-1
896,72,340.08,346.85,64.11,178.38,0.5129,-1,-1,-1
896,78,809.41,136.63,54.57,177.95,0.2489,-1,-1,-1
896,80,1331.71,913.57,103.90,166.43,0.7727,-1,-1,-1
896,81,1107.53,15.48,58.66,152.96,0.4133,-1,-1,-1
896,82,1749.94,681.80,84.10,238.89,0.5840,-1,-1,-1
896,76,474.58,170.55,66.11,191.99,0.4865,-1,-1,-1
897,4,1719.84,457.12,77.53,207.90,0.6423,-1,-1,-1
897,60,298.44,669.22,84.25,253.24,0.7481,-1,-1,-1
897,63,913.48,938.94,75.81,141.11,0.7349,-1,-1,-1
897,64,1573.26,598.06,101.02,226.66,0.5732,-1,-1,-1
897,68,882.87,452.67,61.89,218.64,0.7089,-1,-1,-1
897,69,962.24,436.61,83.34,227.08,0.7409,-1,-1,-1
897,66,419.58,335.22,65.54,195.68,0.4865,-1,-1,-1
897,72,339.90,348.80,64.97,179.95,0.4857,-1,-1,-1
897,78,809.52,137.87,54.23,176.39,0.2519,-1,-1,-1
897,80,1330.67,909.24,101.80,170.80,0.7779,-1,-1,-1
897,81,1108.15,16.40,58.10,153.30,0.3380,-1,-1,-1
897,82,1749.90,680.90,83.13,238.76,0.5732,-1,-1,-1
897,76,471.51,170.70,68.85,192.74,0.4453,-1,-1,-1
898,4,1720.00,457.08,77.17,208.35,0.6439,-1,-1,-1
898,60,297.95,670.22,88.35,252.11,0.7632,-1,-1,-1
898,63,912.37,939.69,75.60,140.28,0.7347,-1,-1,-1
898,64,1573.93,597.39,101.55,227.02,0.5850,-1,-1,-1
898,68,881.49,450.83,62.16,218.60,0.6764,-1,-1,-1
898,69,962.30,434.28,82.05,226.22,0.7277,-1,-1,-1
898,66,418.71,335.10,65.59,194.93,0.5065,-1,-1,-1
898,72,339.86,353.19,63.35,179.69,0.4906,-1,-1,-1
898,78,810.69,138.38,53.23,174.80,0.2443,-1,-1,-1
898,80,1328.86,904.66,100.08,175.36,0.7872,-1,-1,-1
898,81,1108.89,17.13,56.25,152.49,0.3031,-1,-1,-1
898,82,1750.47,680.72,81.74,239.19,0.5426,-1,-1,-1
898,76,469.67,171.68,71.96,191.25,0.4349,-1,-1,-1
899,4,1720.30,457.07,76.07,208.81,0.6378,-1,-1,-1
899,60,298.20,670.44,90.61,252.31,0.7684,-1,-1,-1
899,63,912.39,940.57,74.30,139.34,0.7417,-1,-1,-1
899,64,1574.49,599.45,101.42,224.77,0.5778,-1,-1,-1
899,68,879.93,447.73,62.39,214.18,0.6650,-1,-1,-1
899,69,962.15,431.90,80.91,223.65,0.7279,-1,-1,-1
899,66,418.09,336.04,65.86,193.60,0.5085,-1,-1,-1
899,72,338.90,356.01,64.73,178.51,0.5338,-1,-1,-1
899,78,811.08,137.84,52.85,175.34,0.2759,-1,-1,-1
899,80,1327.74,900.25,97.70,179.76,0.7947,-1,-1,-1
899,81,1109.91,17.23,53.89,152.37,0.3600,-1,-1,-1
899,82,1750.68,680.29,80.52,240.08,0.5109,-1,-1,-1
899,76,468.92,171.17,73.54,192.48,0.4391,-1,-1,-1
900,4,1720.52,456.21,75.97,209.47,0.6200,-1,-1,-1
900,60,298.20,671.30,94.03,252.34,0.7704,-1,-1,-1
900,63,912.75,942.17,72.89,137.52,0.7254,-1,-1,-1
900,64,1574.74,600.42,100.52,223.80,0.5747,-1,-1,-1
900,68,878.30,445.60,61.94,213.71,0.6725,-1,-1,-1
900,69,962.14,428.95,79.58,222.83,0.7234,-1,-1,-1
900,66,417.50,336.19,66.23,195.88,0.5183,-1,-1,-1
900,72,337.65,356.37,65.01,180.26,0.5387,-1,-1,-1
900,78,811.27,137.67,52.59,176.25,0.2634,-1,-1,-1
900,80,1326.68,895.96,97.47,184.09,0.7993,-1,-1,-1
900,81,1110.63,16.01,52.44,154.34,0.3766,-1,-1,-1
900,82,1751.43,680.79,78.77,238.98,0.5396,-1,-1,-1
900,76,468.47,171.52,75.11,191.30,0.4061,-1,-1,-1
901,4,1721.32,456.94,75.74,207.87,0.6039,-1,-1,-1
901,60,298.06,672.70,96.87,250.30,0.7865,-1,-1,-1
901,63,912.98,943.15,72.07,136.24,0.7376,-1,-1,-1
901,64,1575.41,599.37,101.36,225.05,0.5802,-1,-1,-1
901,68,876.71,442.83,62.81,211.63,0.6632,-1,-1,-1
901,69,963.52,425.41,76.73,222.59,0.7155,-1,-1,-1
901,66,415.92,337.70,67.41,196.96,0.5249,-1,-1,-1
901,72,335.75,354.21,68.02,181.27,0.4904,-1,-1,-1
901,78,808.64,137.59,55.26,175.20,0.2468,-1,-1,-1
901,80,1325.06,892.39,97.30,187.64,0.8129,-1,-1,-1
901,81,1110.57,15.57,52.55,156.84,0.3344,-1,-1,-1
901,82,1750.04,682.21,78.44,237.60,0.5602,-1,-1,-1
901,76,468.49,172.75,76.95,189.99,0.3443,-1,-1,-1
902,4,1721.48,456.81,75.44,207.99,0.6085,-1,-1,-1
902,60,297.88,674.64,98.88,249.89,0.8124,-1,-1,-1
902,63,913.60,944.10,69.96,135.11,0.7262,-1,-1,-1
902,64,1576.82,599.15,99.76,224.97,0.5816,-1,-1,-1
902,68,875.20,440.56,63.18,210.81,0.6953,-1,-1,-1
902,69,965.05,422.83,73.71,219.17,0.7301,-1,-1,-1
902,66,417.06,338.18,66.53,200.40,0.5160,-1,-1,-1
902,72,334.36,353.17,70.55,181.42,0.4254,-1,-1,-1
902,78,810.01,137.54,53.86,176.98,0.2542,-1,-1,-1
902,80,1323.23,889.04,96.26,190.98,0.8061,-1,-1,-1
902,81,1110.83,16.79,52.15,158.01,0.3091,-1,-1,-1
902,82,1749.71,682.17,78.37,238.42,0.5498,-1,-1,-1
902,76,469.68,173.72,76.41,185.75,0.3178,-1,-1,-1
903,4,1721.06,457.26,75.62,208.25,0.5956,-1,-1,-1
903,60,298.20,676.46,99.12,252.90,0.8223,-1,-1,-1
903,63,913.34,945.19,69.47,134.55,0.7350,-1,-1,-1
903,64,1577.97,598.98,98.52,225.36,0.5933,-1,-1,-1
903,68,874.46,438.43,63.13,210.60,0.6914,-1,-1,-1
903,69,966.14,420.95,71.11,217.91,0.7163,-1,-1,-1
903,66,415.98,340.27,67.51,201.80,0.5508,-1,-1,-1
903,72,332.68,352.38,72.66,181.93,0.3673,-1,-1,-1
903,78,809.60,137.64,54.11,176.73,0.2575,-1,-1,-1
903,80,1321.12,885.19,96.15,194.85,0.7815,-1,-1,-1
903,81,1111.16,18.12,52.06,159.29,0.3008,-1,-1,-1
903,82,1750.62,681.01,78.55,240.95,0.5657,-1,-1,-1
903,76,470.39,174.28,76.15,183.40,0.3098,-1,-1,-1
904,4,1721.96,457.22,74.84,207.72,0.6277,-1,-1,-1
904,60,298.88,678.61,98.53,253.71,0.8374,-1,-1,-1
904,63,913.72,946.23,68.55,133.72,0.7208,-1,-1,-1
904,64,1577.44,599.31,98.95,224.79,0.5481,-1,-1,-1
904,68,873.68,436.97,63.39,213.14,0.7105,-1,-1,-1
904,69,966.86,420.10,69.42,217.17,0.7100,-1,-1,-1
904,66,418.24,343.10,65.35,202.47,0.4946,-1,-1,-1
904,72,328.03,353.41,76.67,180.42,0.3803,-1,-1,-1
904,78,808.01,137.97,55.77,176.50,0.2709,-1,-1,-1
904,80,1318.66,881.27,95.20,198.78,0.7712,-1,-1,-1
904,81,1111.23,19.68,52.82,158.94,0.3781,-1,-1,-1
904,82,1751.16,681.91,79.65,240.54,0.5876,-1,-1,-1
904,76,470.52,174.01,71.62,188.22,0.3138,-1,-1,-1
905,4,1722.15,456.91,74.73,208.04,0.6411,-1,-1,-1
905,60,300.37,680.39,97.42,257.47,0.8373,-1,-1,-1
905,63,913.40,947.41,68.58,132.61,0.7272,-1,-1,-1
905,64,1577.08,598.78,99.27,225.67,0.5773,-1,-1,-1
905,68,873.80,435.21,62.13,213.30,0.7181,-1,-1,-1
905,69,966.52,418.61,69.64,218.34,0.7307,-1,-1,-1
905,66,418.05,347.43,64.59,200.30,0.4795,-1,-1,-1
905,72,340.66,354.65,62.92,179.47,0.4179,-1,-1,-1
905,78,806.68,138.31,57.25,174.68,0.2624,-1,-1,-1
905,80,1316.63,878.03,94.71,201.14,0.7483,-1,-1,-1
905,81,1111.18,21.23,53.80,159.75,0.3492,-1,-1,-1
905,82,1752.23,682.38,79.09,243.07,0.5765,-1,-1,-1
905,76,470.74,173.98,68.66,193.48,0.2666,-1,-1,-1
906,4,1721.45,456.72,74.86,208.76,0.6348,-1,-1,-1
906,60,302.43,682.29,95.44,260.30,0.8411,-1,-1,-1
906,63,913.01,948.96,68.63,131.04,0.7258,-1,-1,-1
906,64,1577.90,598.99,98.60,225.40,0.5947,-1,-1,-1
906,68,872.99,434.40,61.49,214.24,0.7390,-1,-1,-1
906,69,966.35,417.62,68.95,217.84,0.7335,-1,-1,-1
906,66,415.74,348.79,65.30,201.38,0.5889,-1,-1,-1
906,72,347.20,354.28,55.63,180.60,0.4334,-1,-1,-1
906,78,806.52,137.77,57.46,174.28,0.2312,-1,-1,-1
906,80,1315.16,875.89,92.88,203.24,0.7585,-1,-1,-1
906,81,1110.48,22.49,55.22,159.75,0.3370,-1,-1,-1
906,82,1752.49,682.87,79.34,240.28,0.6099,-1,-1,-1
906,76,470.15,171.30,69.28,199.21,0.3108,-1,-1,-1
907,4,1721.28,457.15,74.90,207.97,0.6207,-1,-1,-1
907,60,304.60,684.76,93.03,257.34,0.8387,-1,-1,-1
907,63,910.05,949.34,71.91,130.69,0.7462,-1,-1,-1
907,64,1579.54,599.26,96.63,224.89,0.5623,-1,-1,-1
907,68,871.83,432.80,62.38,214.74,0.7309,-1,-1,-1
907,69,966.60,417.26,68.89,219.41,0.6834,-1,-1,-1
907,66,413.86,346.43,68.58,205.51,0.5855,-1,-1,-1
907,72,348.21,357.95,53.39,177.36,0.4177,-1,-1,-1
907,78,806.35,137.86,57.69,174.92,0.2476,-1,-1,-1
907,80,1313.11,875.54,93.68,204.14,0.7326,-1,-1,-1
907,81,1109.28,24.76,57.59,160.25,0.3282,-1,-1,-1
907,82,1753.07,683.01,79.60,240.57,0.6242,-1,-1,-1
907,76,468.94,170.28,71.33,202.16,0.3332,-1,-1,-1
908,4,1721.61,457.40,74.48,207.11,0.6250,-1,-1,-1
908,60,306.73,687.33,90.98,257.53,0.8391,-1,-1,-1
908,63,910.44,950.71,71.59,129.34,0.7272,-1,-1,-1
908,64,1578.01,598.51,97.43,226.02,0.6039,-1,-1,-1
908,68,870.94,431.89,62.42,217.53,0.7245,-1,-1,-1
908,69,966.74,417.13,67.69,219.57,0.7236,-1,-1,-1
908,66,412.94,346.69,69.68,206.55,0.5887,-1,-1,-1
908,72,329.81,356.74,71.60,178.20,0.4351,-1,-1,-1
908,78,806.57,137.46,57.78,174.49,0.2562,-1,-1,-1
908,80,1310.19,875.16,94.90,204.74,0.7336,-1,-1,-1
908,81,1108.77,27.43,59.54,160.19,0.2391,-1,-1,-1
908,82,1754.41,683.85,79.02,240.72,0.6295,-1,-1,-1
908,76,468.68,171.47,72.09,205.38,0.3509,-1,-1,-1
909,4,1721.87,457.18,73.61,207.22,0.6060,-1,-1,-1
909,60,307.81,689.65,90.03,259.43,0.8418,-1,-1,-1
909,63,908.93,950.62,72.75,129.44,0.7385,-1,-1,-1
909,64,1578.84,597.70,96.34,226.54,0.5939,-1,-1,-1
909,68,870.47,431.49,62.04,218.78,0.7265,-1,-1,-1
909,69,966.49,416.77,67.20,222.03,0.7149,-1,-1,-1
909,66,414.36,352.74,65.71,200.73,0.5977,-1,-1,-1
909,72,324.64,358.35,75.41,179.06,0.5401,-1,-1,-1
909,78,806.71,137.38,57.63,173.25,0.2477,-1,-1,-1
909,80,1308.28,873.79,93.89,206.22,0.7356,-1,-1,-1
909,81,1109.08,30.10,59.63,160.50,0.2491,-1,-1,-1
909,82,1755.16,684.30,78.87,239.38,0.6276,-1,-1,-1
909,76,468.15,173.03,79.46,207.62,0.2794,-1,-1,-1
910,4,1721.91,456.77,74.03,208.30,0.6298,-1,-1,-1
910,60,308.06,691.80,89.83,261.79,0.8391,-1,-1,-1
910,63,907.94,951.17,74.03,128.86,0.7349,-1,-1,-1
910,64,1576.02,598.15,99.50,226.17,0.5758,-1,-1,-1
910,68,870.20,431.00,62.39,219.28,0.7138,-1,-1,-1
910,69,965.08,416.67,68.06,222.43,0.7156,-1,-1,-1
910,66,413.73,351.78,65.97,201.24,0.6179,-1,-1,-1
910,72,322.27,358.59,77.95,182.37,0.5745,-1,-1,-1
910,78,807.11,137.28,57.43,173.24,0.2963,-1,-1,-1
910,80,1306.99,872.01,92.71,208.02,0.7560,-1,-1,-1
910,81,1109.05,31.93,60.88,159.84,0.2483,-1,-1,-1
910,82,1756.29,683.77,77.69,239.85,0.6110,-1,-1,-1
910,76,468.30,176.27,85.33,200.98,0.3874,-1,-1,-1
911,4,1721.47,457.36,75.66,207.23,0.6299,-1,-1,-1
911,60,308.09,693.74,89.27,262.15,0.8371,-1,-1,-1
911,63,907.82,951.77,74.16,128.27,0.7433,-1,-1,-1
911,64,1575.18,598.88,100.16,225.46,0.5522,-1,-1,-1
911,68,869.75,430.27,62.44,220.28,0.7109,-1,-1,-1
911,69,965.21,415.76,67.28,223.37,0.7071,-1,-1,-1
911,66,414.43,355.38,63.30,197.89,0.6228,-1,-1,-1
911,72,322.65,362.69,77.96,182.05,0.5649,-1,-1,-1
911,78,807.26,137.31,57.38,174.55,0.2771,-1,-1,-1
911,80,1304.99,869.43,91.25,210.60,0.7714,-1,-1,-1
911,81,1108.81,33.55,63.29,160.06,0.1885,-1,-1,-1
911,82,1757.01,683.66,77.06,239.95,0.6092,-1,-1,-1
911,76,469.04,177.56,83.41,200.89,0.3049,-1,-1,-1
912,4,1721.69,456.80,75.55,207.53,0.6291,-1,-1,-1
912,60,308.25,695.39,88.59,263.17,0.8344,-1,-1,-1
912,63,908.79,952.90,73.59,127.14,0.7407,-1,-1,-1
912,64,1574.15,598.06,101.23,226.20,0.5383,-1,-1,-1
912,68,869.51,429.17,62.51,219.12,0.6914,-1,-1,-1
912,69,964.52,414.94,66.73,221.19,0.7014,-1,-1,-1
912,66,413.32,353.72,63.71,200.38,0.6216,-1,-1,-1
912,72,323.68,365.97,76.26,181.54,0.5705,-1,-1,-1
912,78,807.28,137.37,57.46,174.52,0.2923,-1,-1,-1
912,80,1303.13,866.62,90.65,213.38,0.7658,-1,-1,-1
912,81,1109.04,34.27,64.99,162.55,0.2033,-1,-1,-1
912,82,1757.67,683.64,76.72,240.48,0.6182,-1,-1,-1
912,76,468.19,178.95,80.85,198.41,0.2209,-1,-1,-1
913,4,1721.60,456.21,75.66,208.15,0.5954,-1,-1,-1
913,60,308.05,696.44,88.03,262.54,0.8278,-1,-1,-1
913,63,909.08,952.99,73.18,126.97,0.7405,-1,-1,-1
913,64,1575.18,598.36,99.72,225.94,0.5482,-1,-1,-1
913,68,868.75,426.85,62.99,221.25,0.7051,-1,-1,-1
913,69,963.39,412.90,66.69,218.80,0.6856,-1,-1,-1
913,66,412.25,352.71,64.99,201.46,0.6022,-1,-1,-1
913,72,325.44,367.39,75.64,182.71,0.5169,-1,-1,-1
913,78,807.94,137.50,56.94,173.76,0.3024,-1,-1,-1
913,80,1301.75,862.09,89.78,217.91,0.7718,-1,-1,-1
913,81,1110.47,34.22,64.07,162.45,0.2731,-1,-1,-1
913,82,1757.79,682.42,77.02,241.66,0.6182,-1,-1,-1
913,76,468.00,180.19,75.57,193.52,0.2437,-1,-1,-1
914,4,1722.36,456.09,74.69,208.26,0.6207,-1,-1,-1
914,60,307.95,697.22,87.95,261.76,0.8216,-1,-1,-1
914,63,908.44,953.35,74.13,126.66,0.7462,-1,-1,-1
914,64,1574.33,597.84,101.32,226.30,0.4653,-1,-1,-1
914,68,868.13,425.84,62.30,218.60,0.6769,-1,-1,-1
914,69,962.12,410.69,66.57,214.29,0.6979,-1,-1,-1
914,66,412.04,355.06,64.61,198.56,0.5554,-1,-1,-1
914,72,326.35,367.46,75.36,184.66,0.5378,-1,-1,-1
914,78,807.96,137.38,56.88,174.36,0.2716,-1,-1,-1
914,80,1299.23,857.96,90.44,222.06,0.7724,-1,-1,-1
914,81,1111.01,34.54,63.07,161.21,0.2437,-1,-1,-1
914,82,1758.71,681.07,76.46,243.55,0.5936,-1,-1,-1
914,76,467.61,181.25,73.71,194.60,0.2176,-1,-1,-1
914,83,1718.86,92.95,52.43,165.56,0.3676,-1,-1,-1
915,4,1722.40,456.40,73.68,207.63,0.6138,-1,-1,-1
915,60,307.82,698.16,87.60,260.77,0.8161,-1,-1,-1
915,63,907.58,953.77,74.87,126.23,0.7470,-1,-1,-1
915,64,1574.25,598.39,101.05,225.87,0.5321,-1,-1,-1
915,68,867.78,422.73,61.28,209.00,0.6626,-1,-1,-1
915,69,961.05,408.77,65.85,210.83,0.7021,-1,-1,-1
915,66,411.42,355.68,64.94,197.47,0.5401,-1,-1,-1
915,72,328.01,368.74,73.49,185.22,0.5386,-1,-1,-1
915,78,809.14,137.41,55.65,172.67,0.3103,-1,-1,-1
915,80,1298.13,854.00,91.48,225.99,0.7734,-1,-1,-1
915,81,1113.02,34.45,61.63,161.91,0.2620,-1,-1,-1
915,82,1758.54,678.63,76.20,245.52,0.5841,-1,-1,-1
915,76,464.88,181.11,74.05,195.80,0.2498,-1,-1,-1
915,83,1721.11,92.72,49.94,165.43,0.3635,-1,-1,-1
916,4,1722.08,456.16,74.13,207.98,0.6023,-1,-1,-1
916,60,307.44,699.54,87.22,259.16,0.7991,-1,-1,-1
916,63,907.07,953.96,75.36,126.03,0.7438,-1,-1,-1
916,64,1573.78,599.54,100.49,224.38,0.5466,-1,-1,-1
916,68,867.69,420.36,60.56,207.16,0.6702,-1,-1,-1
916,69,959.67,406.77,65.08,207.84,0.7081,-1,-1,-1
916,66,407.98,350.26,68.87,203.15,0.4999,-1,-1,-1
916,72,327.98,370.89,72.14,184.19,0.5292,-1,-1,-1
916,78,807.26,137.79,58.02,175.56,0.3083,-1,-1,-1
916,80,1296.07,850.13,92.54,229.86,0.7697,-1,-1,-1
916,81,1114.56,34.50,59.63,161.92,0.2923,-1,-1,-1
916,82,1757.92,677.00,76.23,250.25,0.5582,-1,-1,-1
916,76,465.64,181.77,71.24,194.69,0.3005,-1,-1,-1
916,83,1724.12,92.37,46.81,165.44,0.4350,-1,-1,-1
917,4,1721.53,456.40,74.08,207.92,0.6347,-1,-1,-1
917,60,306.98,701.61,86.76,256.98,0.8085,-1,-1,-1
917,63,906.64,953.93,75.59,126.05,0.7449,-1,-1,-1
917,64,1573.67,599.70,100.79,224.33,0.4557,-1,-1,-1
917,68,867.36,416.76,59.94,210.46,0.6914,-1,-1,-1
917,69,958.12,404.29,64.57,208.16,0.7381,-1,-1,-1
917,66,409.32,353.71,65.71,199.11,0.5348,-1,-1,-1
917,72,327.77,371.54,72.38,183.97,0.5524,-1,-1,-1
917,78,807.11,137.46,58.12,175.82,0.3118,-1,-1,-1
917,80,1294.49,845.82,93.81,234.19,0.7738,-1,-1,-1
917,81,1116.51,34.32,57.72,163.69,0.3199,-1,-1,-1
917,82,1758.28,675.97,76.26,251.35,0.5495,-1,-1,-1
917,76,463.07,182.82,69.69,195.73,0.4037,-1,-1,-1
917,83,1725.63,93.76,45.04,163.42,0.4407,-1,-1,-1
918,4,1721.63,455.87,73.69,208.87,0.6127,-1,-1,-1
918,60,306.92,702.76,86.24,254.99,0.7995,-1,-1,-1
918,63,906.73,954.50,75.56,125.49,0.7496,-1,-1,-1
918,64,1574.12,600.48,99.99,223.62,0.5710,-1,-1,-1
918,68,866.77,414.75,59.82,211.58,0.7005,-1,-1,-1
918,69,955.15,401.46,65.57,209.62,0.7146,-1,-1,-1
918,66,408.08,351.72,68.65,201.90,0.5585,-1,-1,-1
918,72,327.71,371.88,72.52,183.83,0.5278,-1,-1,-1
918,78,808.01,137.10,57.07,175.99,0.2958,-1,-1,-1
918,80,1291.60,841.98,94.42,238.02,0.7654,-1,-1,-1
918,81,1117.62,34.71,57.22,166.30,0.3418,-1,-1,-1
918,82,1757.14,674.59,77.01,252.71,0.5497,-1,-1,-1
918,76,461.55,181.66,68.82,201.34,0.4237,-1,-1,-1
918,83,1727.00,93.90,43.83,165.37,0.4060,-1,-1,-1
919,4,1721.68,455.57,73.95,209.98,0.6044,-1,-1,-1
919,60,307.05,703.70,86.18,253.07,0.7889,-1,-1,-1
919,63,906.66,954.82,76.09,125.18,0.7419,-1,-1,-1
919,64,1574.34,599.32,99.60,224.53,0.5452,-1,-1,-1
919,68,866.01,413.11,60.86,213.16,0.7217,-1,-1,-1
919,69,953.31,399.03,66.85,211.63,0.7159,-1,-1,-1
919,66,406.91,351.78,70.32,205.24,0.5697,-1,-1,-1
919,72,326.61,373.31,73.66,182.56,0.4928,-1,-1,-1
919,78,807.67,136.73,57.31,175.86,0.2965,-1,-1,-1
919,80,1290.36,838.98,94.94,241.02,0.7652,-1,-1,-1
919,81,1119.21,35.11,58.02,165.89,0.3071,-1,-1,-1
919,82,1758.52,676.02,75.68,251.76,0.5605,-1,-1,-1
919,76,458.69,183.26,70.78,204.00,0.4641,-1,-1,-1
919,83,1727.01,95.15,43.99,165.92,0.3181,-1,-1,-1
920,4,1720.97,455.83,74.81,209.34,0.6091,-1,-1,-1
920,60,306.69,705.32,87.38,253.36,0.7923,-1,-1,-1
920,63,906.43,955.46,76.39,124.50,0.7422,-1,-1,-1
920,64,1575.01,599.68,98.74,224.17,0.5442,-1,-1,-1
920,68,865.95,409.26,60.86,213.88,0.7464,-1,-1,-1
920,69,951.41,396.58,68.08,214.16,0.7452,-1,-1,-1
920,66,407.61,353.53,68.92,205.63,0.5472,-1,-1,-1
920,72,327.32,373.92,73.95,182.36,0.4569,-1,-1,-1
920,78,807.90,137.17,57.21,173.90,0.2888,-1,-1,-1
920,80,1287.91,835.64,95.55,244.34,0.7743,-1,-1,-1
920,81,1119.64,35.70,59.08,167.13,0.3686,-1,-1,-1
920,82,1759.20,677.60,75.68,251.21,0.5533,-1,-1,-1
920,76,458.08,184.69,70.91,205.01,0.3807,-1,-1,-1
920,83,1726.60,95.33,45.06,169.59,0.2352,-1,-1,-1
921,4,1720.95,455.47,74.98,210.27,0.6015,-1,-1,-1
921,60,306.60,706.78,87.36,253.94,0.7887,-1,-1,-1
921,63,906.20,955.29,75.75,124.61,0.7198,-1,-1,-1
921,64,1574.77,600.75,99.51,223.29,0.5407,-1,-1,-1
921,68,865.69,407.62,61.02,216.16,0.7615,-1,-1,-1
921,69,948.68,394.84,71.04,216.06,0.7423,-1,-1,-1
921,66,406.96,355.30,69.05,207.10,0.5531,-1,-1,-1
921,72,327.14,374.20,74.07,181.64,0.4750,-1,-1,-1
921,78,807.30,137.25,57.75,173.94,0.2905,-1,-1,-1
921,80,1287.36,833.39,94.06,246.61,0.7706,-1,-1,-1
921,81,1120.50,37.84,59.19,167.35,0.3982,-1,-1,-1
921,82,1759.39,678.35,75.81,250.64,0.5604,-1,-1,-1
921,76,458.02,185.65,70.20,208.03,0.3453,-1,-1,-1
921,83,1725.77,94.54,47.04,171.94,0.1603,-1,-1,-1
922,4,1720.74,455.38,74.83,209.91,0.6098,-1,-1,-1
922,60,306.60,708.34,87.29,256.49,0.7726,-1,-1,-1
922,63,905.71,955.33,76.25,124.66,0.7307,-1,-1,-1
922,64,1575.43,600.05,98.77,223.81,0.4995,-1,-1,-1
922,68,865.75,406.72,60.54,216.38,0.7643,-1,-1,-1
922,69,946.99,393.37,72.82,217.53,0.7356,-1,-1,-1
922,66,406.01,358.13,68.84,205.66,0.5430,-1,-1,-1
922,72,325.98,374.62,76.03,181.39,0.4934,-1,-1,-1
922,78,807.05,136.54,57.81,176.05,0.3108,-1,-1,-1
922,80,1285.58,831.44,93.58,248.35,0.7847,-1,-1,-1
922,81,1121.35,40.66,59.13,165.42,0.4619,-1,-1,-1
922,82,1759.58,677.72,75.76,251.05,0.5391,-1,-1,-1
922,76,457.07,189.05,71.07,204.47,0.4120,-1,-1,-1
922,83,1727.24,97.46,47.44,170.24,0.1512,-1,-1,-1
923,4,1719.96,455.76,75.46,210.02,0.6226,-1,-1,-1
923,60,306.69,710.11,87.14,257.78,0.7699,-1,-1,-1
923,63,905.91,955.70,76.67,124.33,0.7330,-1,-1,-1
923,64,1574.09,599.00,100.71,225.04,0.5152,-1,-1,-1
923,68,865.73,406.21,59.87,217.28,0.7656,-1,-1,-1
923,69,945.53,392.57,75.26,219.23,0.7379,-1,-1,-1
923,66,405.18,360.29,68.93,205.35,0.5237,-1,-1,-1
923,72,326.55,374.95,74.77,181.22,0.4721,-1,-1,-1
923,78,806.57,137.40,57.95,175.20,0.2883,-1,-1,-1
923,80,1284.69,829.72,93.34,250.08,0.7879,-1,-1,-1
923,81,1122.02,42.05,59.00,167.48,0.4179,-1,-1,-1
923,82,1759.32,677.69,74.66,250.43,0.5801,-1,-1,-1
923,76,455.10,191.52,72.71,201.20,0.4591,-1,-1,-1
923,83,1728.40,98.80,48.11,169.52,0.2333,-1,-1,-1
924,4,1719.32,455.58,76.56,209.90,0.6283,-1,-1,-1
924,60,307.15,711.63,86.39,260.97,0.7527,-1,-1,-1
924,63,906.04,955.83,76.75,124.13,0.7353,-1,-1,-1
924,64,1574.25,598.70,100.18,225.42,0.4709,-1,-1,-1
924,68,865.56,405.83,59.94,215.95,0.7514,-1,-1,-1
924,69,943.91,391.77,77.93,221.19,0.7564,-1,-1,-1
924,66,403.89,361.82,70.67,208.17,0.5492,-1,-1,-1
924,72,327.84,376.18,72.43,180.37,0.5065,-1,-1,-1
924,78,806.35,137.38,58.21,175.36,0.3318,-1,-1,-1
924,80,1282.67,828.70,94.69,249.75,0.7899,-1,-1,-1
924,81,1123.07,44.34,58.77,165.43,0.4014,-1,-1,-1
924,82,1756.84,676.05,75.45,249.31,0.5569,-1,-1,-1
924,76,455.95,193.70,71.78,199.38,0.4408,-1,-1,-1
924,83,1728.62,99.08,49.37,176.40,0.3201,-1,-1,-1
925,4,1718.72,455.37,76.92,210.40,0.6067,-1,-1,-1
925,60,307.82,714.20,85.58,261.41,0.7440,-1,-1,-1
925,63,906.26,955.25,76.05,124.75,0.7233,-1,-1,-1
925,64,1576.24,598.12,97.26,227.73,0.3550,-1,-1,-1
925,68,864.80,405.63,60.46,215.59,0.7587,-1,-1,-1
925,69,942.35,391.57,79.00,221.86,0.7580,-1,-1,-1
925,66,402.20,363.24,71.48,210.79,0.5779,-1,-1,-1
925,72,327.92,377.26,71.13,180.25,0.5645,-1,-1,-1
925,78,806.02,137.22,58.27,175.67,0.2982,-1,-1,-1
925,80,1280.17,828.30,96.48,248.96,0.7777,-1,-1,-1
925,81,1123.09,46.25,58.42,163.84,0.4253,-1,-1,-1
925,82,1756.17,676.30,76.28,248.60,0.5363,-1,-1,-1
925,76,455.44,195.80,72.47,199.13,0.3685,-1,-1,-1
925,83,1729.66,100.51,48.62,177.95,0.2234,-1,-1,-1
926,4,1718.94,455.81,76.78,209.73,0.5819,-1,-1,-1
926,60,308.11,717.10,86.23,261.36,0.7455,-1,-1,-1
926,63,906.77,955.44,76.58,124.57,0.7305,-1,-1,-1
926,64,1577.35,598.20,95.43,228.45,0.3217,-1,-1,-1
926,68,864.28,405.29,60.53,215.46,0.7061,-1,-1,-1
926,69,940.64,391.45,80.63,222.10,0.7611,-1,-1,-1
926,66,400.62,363.82,72.76,212.23,0.5023,-1,-1,-1
926,72,328.64,378.92,69.69,180.18,0.5366,-1,-1,-1
926,78,806.07,136.89,58.22,176.00,0.3227,-1,-1,-1
926,80,1279.24,826.94,94.53,250.91,0.7913,-1,-1,-1
926,81,1123.63,46.75,58.65,164.36,0.4182,-1,-1,-1
926,82,1756.45,676.79,76.89,249.80,0.5902,-1,-1,-1
926,76,454.99,199.07,72.48,200.12,0.4080,-1,-1,-1
926,83,1730.26,101.49,49.05,178.91,0.1903,-1,-1,-1
927,4,1719.02,455.96,76.61,209.44,0.6106,-1,-1,-1
927,60,308.63,720.06,86.00,263.41,0.7488,-1,-1,-1
927,63,907.19,955.15,75.57,124.88,0.7388,-1,-1,-1
927,64,1575.05,597.83,98.79,227.09,0.4304,-1,-1,-1
927,68,863.58,404.71,60.64,214.19,0.7409,-1,-1,-1
927,69,940.08,390.90,81.22,221.09,0.7728,-1,-1,-1
927,66,400.94,364.94,71.95,212.10,0.4961,-1,-1,-1
927,72,329.27,381.96,68.06,180.77,0.5715,-1,-1,-1
927,78,806.21,137.00,57.95,175.54,0.3414,-1,-1,-1
927,80,1276.88,825.19,94.25,252.55,0.8027,-1,-1,-1
927,81,1124.54,47.20,57.90,164.18,0.4167,-1,-1,-1
927,82,1756.85,676.64,77.23,252.28,0.5867,-1,-1,-1
927,76,455.51,201.30,71.67,200.37,0.3874,-1,-1,-1
927,83,1730.90,101.50,48.75,180.35,0.1978,-1,-1,-1
928,4,1718.80,456.24,76.52,209.00,0.6038,-1,-1,-1
928,60,310.80,724.44,84.22,264.10,0.7733,-1,-1,-1
928,63,906.93,954.94,75.94,125.10,0.7215,-1,-1,-1
928,64,1577.61,597.99,95.73,228.24,0.4134,-1,-1,-1
928,68,862.78,403.99,60.89,214.49,0.7360,-1,-1,-1
928,69,940.37,389.88,80.77,221.08,0.7677,-1,-1,-1
928,66,399.56,364.43,73.02,212.56,0.5130,-1,-1,-1
928,72,329.55,383.92,67.74,183.82,0.5211,-1,-1,-1
928,78,805.16,136.96,58.94,175.30,0.3210,-1,-1,-1
928,80,1274.64,822.61,93.08,255.74,0.7777,-1,-1,-1
928,81,1125.40,47.00,57.66,165.94,0.4993,-1,-1,-1
928,82,1756.33,676.02,77.93,252.93,0.5877,-1,-1,-1
928,76,456.07,203.92,69.99,198.94,0.3633,-1,-1,-1
928,83,1731.43,100.53,48.33,181.07,0.2222,-1,-1,-1
929,4,1718.53,456.19,76.59,209.25,0.6084,-1,-1,-1
929,60,312.44,726.83,83.90,265.03,0.7940,-1,-1,-1
929,63,907.23,955.03,76.03,124.99,0.7311,-1,-1,-1
929,64,1579.88,598.44,92.98,227.97,0.3674,-1,-1,-1
929,68,861.30,402.01,62.17,215.94,0.7445,-1,-1,-1
929,69,940.39,388.44,79.82,221.40,0.7692,-1,-1,-1
929,66,398.55,364.65,73.86,212.35,0.5727,-1,-1,-1
929,72,329.59,385.46,69.30,186.38,0.5345,-1,-1,-1
929,78,806.95,136.88,57.12,175.94,0.3264,-1,-1,-1
929,80,1273.25,818.13,91.87,259.78,0.7775,-1,-1,-1
929,81,1126.22,46.74,57.07,164.68,0.5015,-1,-1,-1
929,82,1755.69,676.47,78.92,252.13,0.5931,-1,-1,-1
929,76,454.87,204.84,72.62,199.44,0.3309,-1,-1,-1
929,83,1731.72,101.07,46.80,180.47,0.3087,-1,-1,-1
930,4,1719.10,456.29,76.03,209.16,0.5982,-1,-1,-1
930,60,313.79,728.95,83.48,262.59,0.7751,-1,-1,-1
930,63,906.30,954.63,76.40,125.28,0.7199,-1,-1,-1
930,64,1580.73,598.29,91.64,227.97,0.3757,-1,-1,-1
930,68,860.77,399.78,62.64,214.81,0.7165,-1,-1,-1
930,69,940.33,386.27,79.27,222.42,0.7703,-1,-1,-1
930,66,397.86,365.01,73.46,209.89,0.5130,-1,-1,-1
930,72,329.55,387.15,71.04,187.58,0.4999,-1,-1,-1
930,78,807.33,137.24,56.87,175.23,0.3351,-1,-1,-1
930,80,1271.68,814.32,92.05,264.90,0.7960,-1,-1,-1
930,81,1126.42,46.18,56.71,163.98,0.4966,-1,-1,-1
930,82,1753.15,676.91,82.30,251.63,0.5855,-1,-1,-1
930,76,455.21,204.31,71.90,200.00,0.2849,-1,-1,-1
930,83,1732.72,104.63,47.62,179.75,0.3691,-1,-1,-1
930,85,1618.21,78.21,53.49,159.19,0.3847,-1,-1,-1
931,4,1719.09,456.29,76.19,208.91,0.5658,-1,-1,-1
931,60,315.18,730.84,83.67,259.77,0.7859,-1,-1,-1
931,63,906.66,955.00,77.04,125.02,0.7312,-1,-1,-1
931,64,1577.74,597.78,95.40,227.01,0.5226,-1,-1,-1
931,68,860.30,399.14,62.23,205.78,0.6988,-1,-1,-1
931,69,940.65,384.17,77.84,220.92,0.7592,-1,-1,-1
931,66,396.55,367.09,74.10,206.13,0.5001,-1,-1,-1
931,72,329.07,388.45,71.74,189.04,0.5058,-1,-1,-1
931,78,807.72,137.50,56.57,174.04,0.3163,-1,-1,-1
931,80,1270.62,810.19,91.13,269.57,0.7848,-1,-1,-1
931,81,1126.38,46.54,56.61,164.11,0.4467,-1,-1,-1
931,82,1751.33,675.93,83.65,252.50,0.6232,-1,-1,-1
931,76,455.45,206.12,72.93,198.56,0.1849,-1,-1,-1
931,83,1733.51,106.41,47.85,178.69,0.3078,-1,-1,-1
931,85,1620.07,78.56,51.96,158.43,0.3548,-1,-1,-1
932,4,1719.72,456.06,75.50,209.44,0.5773,-1,-1,-1
932,60,316.94,731.95,83.20,257.25,0.7790,-1,-1,-1
932,63,907.26,954.62,76.77,125.37,0.7312,-1,-1,-1
932,64,1577.07,597.96,96.31,226.39,0.5565,-1,-1,-1
932,68,859.65,396.84,62.29,202.50,0.6503,-1,-1,-1
932,69,941.68,381.59,76.71,218.64,0.7429,-1,-1,-1
932,66,396.64,365.90,73.58,208.36,0.4782,-1,-1,-1
932,72,328.97,389.01,71.36,188.12,0.4641,-1,-1,-1
932,78,808.15,137.09,56.34,174.97,0.3140,-1,-1,-1
932,80,1269.51,805.67,90.78,274.26,0.7911,-1,-1,-1
932,81,1126.07,47.52,57.59,165.41,0.4082,-1,-1,-1
932,82,1749.92,675.60,85.24,252.21,0.6176,-1,-1,-1
932,76,454.71,206.72,75.28,197.25,0.1801,-1,-1,-1
932,83,1734.61,107.53,47.98,177.29,0.3087,-1,-1,-1
932,85,1621.03,79.41,51.06,159.16,0.3497,-1,-1,-1
933,4,1719.94,455.97,75.01,209.74,0.5548,-1,-1,-1
933,60,317.71,733.36,84.23,256.99,0.7949,-1,-1,-1
933,63,907.45,954.58,77.07,125.45,0.7419,-1,-1,-1
933,64,1575.70,596.17,98.23,228.21,0.5288,-1,-1,-1
933,68,858.90,395.12,62.52,199.34,0.6492,-1,-1,-1
933,69,941.49,379.22,76.70,214.94,0.7367,-1,-1,-1
933,66,394.81,366.34,74.77,207.76,0.5206,-1,-1,-1
933,72,329.14,390.02,70.39,187.59,0.4273,-1,-1,-1
933,78,808.89,137.14,55.50,175.16,0.3002,-1,-1,-1
933,80,1269.03,802.24,89.90,275.63,0.7760,-1,-1,-1
933,81,1126.44,49.54,57.45,165.54,0.3774,-1,-1,-1
933,82,1749.16,674.95,84.95,253.63,0.6318,-1,-1,-1
933,83,1735.18,107.12,49.62,176.96,0.3052,-1,-1,-1
933,85,1622.57,80.73,49.98,159.55,0.3202,-1,-1,-1
934,4,1720.09,455.93,74.69,210.02,0.5783,-1,-1,-1
934,60,318.24,734.68,85.47,256.28,0.8050,-1,-1,-1
934,63,907.57,954.13,77.44,125.94,0.7532,-1,-1,-1
934,64,1576.12,596.02,97.97,228.51,0.5560,-1,-1,-1
934,68,858.17,393.25,63.04,200.79,0.6639,-1,-1,-1
934,69,942.31,376.76,75.35,213.94,0.7235,-1,-1,-1
934,66,393.54,367.86,75.15,206.72,0.5512,-1,-1,-1
934,72,329.95,391.46,70.03,186.85,0.3431,-1,-1,-1
934,78,808.39,137.39,55.69,175.61,0.3121,-1,-1,-1
934,80,1268.19,799.20,89.16,274.51,0.7778,-1,-1,-1
934,81,1127.25,52.76,57.22,163.16,0.3717,-1,-1,-1
934,82,1748.74,675.25,85.55,252.56,0.6116,-1,-1,-1
934,83,1736.38,106.74,50.09,174.98,0.3332,-1,-1,-1
934,85,1621.67,82.75,51.80,157.76,0.2797,-1,-1,-1
935,4,1720.36,456.23,74.73,209.55,0.5752,-1,-1,-1
935,60,318.69,736.16,87.92,256.15,0.8270,-1,-1,-1
935,63,907.44,953.74,77.56,126.30,0.7410,-1,-1,-1
935,64,1575.90,595.95,98.47,228.89,0.5820,-1,-1,-1
935,68,858.04,391.12,63.13,201.07,0.6726,-1,-1,-1
935,69,943.79,374.42,72.01,211.54,0.7355,-1,-1,-1
935,66,391.77,369.07,76.95,205.97,0.5372,-1,-1,-1
935,72,339.33,394.39,61.85,183.26,0.3330,-1,-1,-1
935,78,808.26,137.31,55.95,175.66,0.3050,-1,-1,-1
935,80,1267.62,796.20,89.22,273.85,0.7688,-1,-1,-1
935,81,1127.58,55.28,57.44,163.58,0.4228,-1,-1,-1
935,82,1748.67,674.51,86.71,254.54,0.6217,-1,-1,-1
935,83,1736.16,108.68,51.41,172.22,0.3076,-1,-1,-1
935,85,1620.48,84.40,54.16,157.30,0.3246,-1,-1,-1
936,4,1720.94,456.03,73.53,209.02,0.5628,-1,-1,-1
936,60,319.00,736.99,89.79,254.89,0.8215,-1,-1,-1
936,63,907.78,952.41,76.97,127.21,0.7263,-1,-1,-1
936,64,1576.52,596.34,98.23,227.97,0.5667,-1,-1,-1
936,68,858.48,389.07,62.69,205.84,0.6700,-1,-1,-1
936,69,944.27,373.49,69.71,210.47,0.7078,-1,-1,-1
936,66,390.27,368.95,78.37,211.48,0.6008,-1,-1,-1
936,72,341.70,395.10,59.55,181.58,0.3719,-1,-1,-1
936,78,807.11,137.09,57.21,175.43,0.2629,-1,-1,-1
936,80,1266.71,793.06,89.98,277.51,0.7685,-1,-1,-1
936,81,1127.34,57.33,58.84,164.06,0.4372,-1,-1,-1
936,82,1748.89,674.35,86.74,254.17,0.6010,-1,-1,-1
936,83,1736.53,110.62,52.57,169.54,0.2498,-1,-1,-1
936,85,1620.39,85.37,55.36,161.88,0.2627,-1,-1,-1
937,4,1721.35,456.37,73.10,208.97,0.5539,-1,-1,-1
937,60,319.24,738.06,92.41,253.77,0.8361,-1,-1,-1
937,63,907.96,952.43,77.18,127.43,0.7438,-1,-1,-1
937,64,1575.72,595.99,99.48,228.27,0.5396,-1,-1,-1
937,68,858.42,388.17,62.43,208.27,0.6909,-1,-1,-1
937,69,944.71,372.76,67.70,210.70,0.6933,-1,-1,-1
937,66,389.05,369.04,79.30,216.45,0.6130,-1,-1,-1
937,72,343.06,395.14,57.91,181.59,0.3769,-1,-1,-1
937,78,808.04,136.80,56.15,175.70,0.2693,-1,-1,-1
937,80,1265.13,790.64,91.23,279.72,0.7771,-1,-1,-1
937,81,1126.52,58.82,60.23,166.13,0.4211,-1,-1,-1
937,82,1748.78,674.11,86.68,255.05,0.6190,-1,-1,-1
937,83,1737.15,111.26,53.88,171.97,0.2093,-1,-1,-1
937,85,1622.08,89.66,54.38,158.22,0.2056,-1,-1,-1
938,4,1720.62,456.60,73.95,208.90,0.5750,-1,-1,-1
938,60,319.44,738.83,94.48,254.52,0.8322,-1,-1,-1
938,63,909.04,951.71,76.35,128.28,0.7535,-1,-1,-1
938,64,1576.04,596.67,98.81,227.67,0.5627,-1,-1,-1
938,68,858.05,386.50,62.30,209.17,0.6819,-1,-1,-1
938,69,944.61,370.88,65.96,213.15,0.7003,-1,-1,-1
938,66,389.40,370.74,79.03,217.86,0.5660,-1,-1,-1
938,72,343.76,394.57,57.85,181.99,0.3938,-1,-1,-1
938,78,807.29,137.07,56.85,174.94,0.2724,-1,-1,-1
938,80,1263.52,788.08,91.34,283.21,0.7856,-1,-1,-1
938,81,1127.02,60.73,60.42,165.60,0.4436,-1,-1,-1
938,82,1748.03,673.71,87.28,254.98,0.6243,-1,-1,-1
938,83,1737.91,109.68,54.64,175.39,0.2258,-1,-1,-1
938,85,1622.50,91.37,55.25,158.99,0.2215,-1,-1,-1
939,4,1720.86,456.53,73.37,209.70,0.5567,-1,-1,-1
939,60,319.82,739.86,94.77,257.08,0.8307,-1,-1,-1
939,63,911.09,950.80,75.25,129.19,0.7239,-1,-1,-1
939,64,1575.20,595.19,99.05,229.18,0.5196,-1,-1,-1
939,68,858.09,386.21,61.96,210.24,0.6652,-1,-1,-1
939,69,944.72,369.82,65.34,214.12,0.6719,-1,-1,-1
939,66,390.24,376.96,78.56,214.72,0.5989,-1,-1,-1
939,72,344.00,393.92,57.62,182.93,0.3962,-1,-1,-1
939,78,808.03,136.98,56.18,174.46,0.2714,-1,-1,-1
939,80,1262.48,785.90,91.07,285.04,0.7898,-1,-1,-1
939,81,1126.75,61.97,61.47,166.56,0.4558,-1,-1,-1
939,82,1747.22,674.58,86.59,254.42,0.6274,-1,-1,-1
939,85,1621.59,93.08,56.58,161.44,0.2268,-1,-1,-1
940,4,1720.84,456.31,73.38,209.88,0.5603,-1,-1,-1
940,60,320.68,740.91,94.04,260.95,0.8254,-1,-1,-1
940,63,911.95,949.73,74.78,130.30,0.7624,-1,-1,-1
940,64,1574.95,595.39,98.90,228.91,0.5342,-1,-1,-1
940,68,858.64,386.11,61.38,210.80,0.6760,-1,-1,-1
940,69,943.95,369.39,65.54,214.53,0.6939,-1,-1,-1
940,66,390.81,381.68,76.99,211.62,0.5964,-1,-1,-1
940,72,343.25,393.70,57.60,183.45,0.4063,-1,-1,-1
940,78,807.92,136.75,56.00,174.40,0.2872,-1,-1,-1
940,80,1260.96,784.35,89.99,285.76,0.7855,-1,-1,-1
940,81,1126.66,63.64,62.94,167.45,0.4511,-1,-1,-1
940,82,1746.42,674.05,86.56,253.92,0.6365,-1,-1,-1
940,85,1623.86,94.89,54.75,161.54,0.2607,-1,-1,-1
941,4,1719.93,456.47,74.17,209.09,0.5799,-1,-1,-1
941,60,321.66,742.98,93.93,266.64,0.8185,-1,-1,-1
941,63,912.33,948.69,75.17,131.35,0.7509,-1,-1,-1
941,64,1574.76,595.33,98.84,229.38,0.5661,-1,-1,-1
941,68,858.48,385.73,61.67,211.61,0.7100,-1,-1,-1
941,69,942.81,368.55,65.38,215.89,0.7171,-1,-1,-1
941,66,390.11,383.26,76.87,212.43,0.6217,-1,-1,-1
941,72,342.98,394.15,55.99,183.54,0.3775,-1,-1,-1
941,78,807.48,136.84,56.46,175.20,0.2792,-1,-1,-1
941,80,1259.26,783.03,89.59,287.81,0.7843,-1,-1,-1
941,81,1127.82,65.20,62.80,167.51,0.4482,-1,-1,-1
941,82,1746.67,674.06,87.30,254.24,0.6635,-1,-1,-1
941,85,1626.09,96.36,52.58,160.17,0.2742,-1,-1,-1
942,4,1720.06,456.25,74.03,209.86,0.5563,-1,-1,-1
942,60,322.56,746.53,93.41,268.59,0.8173,-1,-1,-1
942,63,913.28,947.57,74.50,132.51,0.7630,-1,-1,-1
942,64,1574.60,594.92,99.01,229.88,0.5422,-1,-1,-1
942,68,858.50,384.99,61.81,212.41,0.7002,-1,-1,-1
942,69,942.05,368.21,65.47,215.82,0.7133,-1,-1,-1
942,66,390.82,385.57,76.30,212.11,0.5925,-1,-1,-1
942,72,342.10,393.94,57.27,185.12,0.3793,-1,-1,-1
942,78,807.16,137.15,56.82,174.48,0.2687,-1,-1,-1
942,80,1257.19,782.66,89.89,287.36,0.7773,-1,-1,-1
942,81,1128.85,66.40,63.15,168.36,0.4667,-1,-1,-1
942,82,1746.45,672.82,88.17,253.91,0.6575,-1,-1,-1
942,85,1628.18,96.51,51.07,159.82,0.2869,-1,-1,-1
943,4,1720.06,456.31,73.80,209.49,0.5679,-1,-1,-1
943,60,323.18,750.04,93.21,267.44,0.8185,-1,-1,-1
943,63,914.19,946.02,74.02,134.01,0.7553,-1,-1,-1
943,64,1574.84,595.38,98.75,229.05,0.5499,-1,-1,-1
943,68,858.23,383.74,62.30,212.34,0.6833,-1,-1,-1
943,69,940.78,366.93,66.37,216.83,0.7139,-1,-1,-1
943,66,392.02,387.28,75.44,211.10,0.5723,-1,-1,-1
943,72,339.96,395.75,57.73,185.80,0.3422,-1,-1,-1
943,78,809.71,136.36,54.87,174.18,0.2704,-1,-1,-1
943,80,1255.83,781.77,89.25,287.09,0.7748,-1,-1,-1
943,81,1129.52,66.81,62.72,167.35,0.4228,-1,-1,-1
943,82,1745.89,671.70,88.13,254.81,0.6667,-1,-1,-1
943,85,1629.68,96.69,50.45,160.40,0.2446,-1,-1,-1
944,4,1720.24,456.42,73.15,210.12,0.5650,-1,-1,-1
944,60,323.67,753.61,92.56,264.44,0.8222,-1,-1,-1
944,63,915.46,944.65,73.90,135.38,0.7346,-1,-1,-1
944,64,1574.95,594.67,98.17,229.72,0.5500,-1,-1,-1
944,68,858.04,382.03,62.22,213.60,0.6919,-1,-1,-1
944,69,939.21,366.01,66.57,216.84,0.6972,-1,-1,-1
944,66,392.11,388.18,75.39,209.91,0.5445,-1,-1,-1
944,72,338.84,400.46,58.03,186.44,0.3285,-1,-1,-1
944,78,807.52,137.02,56.69,174.42,0.2607,-1,-1,-1
944,80,1253.59,779.77,90.08,287.23,0.7733,-1,-1,-1
944,81,1131.16,65.91,61.93,166.27,0.4177,-1,-1,-1
944,82,1745.63,672.80,87.54,254.30,0.6762,-1,-1,-1
944,85,1630.58,97.03,50.74,159.12,0.2267,-1,-1,-1
945,4,1719.84,456.01,73.58,211.02,0.5423,-1,-1,-1
945,60,324.09,756.38,91.66,264.06,0.8240,-1,-1,-1
945,63,916.15,943.81,74.00,136.23,0.7563,-1,-1,-1
945,64,1575.40,595.57,98.10,228.88,0.5621,-1,-1,-1
945,68,857.46,379.65,62.83,212.90,0.6945,-1,-1,-1
945,69,939.98,364.44,64.43,216.73,0.6922,-1,-1,-1
945,66,392.47,388.86,75.41,209.48,0.5450,-1,-1,-1
945,72,338.35,408.57,60.07,184.67,0.3736,-1,-1,-1
945,78,806.72,137.06,57.24,174.99,0.2671,-1,-1,-1
945,80,1252.64,777.39,89.50,288.68,0.7646,-1,-1,-1
945,81,1132.61,66.07,60.63,164.71,0.4159,-1,-1,-1
945,82,1745.16,673.35,87.43,253.51,0.6793,-1,-1,-1
945,85,1628.83,94.35,53.53,163.53,0.2190,-1,-1,-1
946,4,1719.63,456.85,73.95,209.17,0.5697,-1,-1,-1
946,60,324.56,759.39,91.14,264.51,0.8212,-1,-1,-1
946,63,918.08,943.38,72.68,136.57,0.7575,-1,-1,-1
946,64,1576.26,596.80,97.12,226.81,0.5649,-1,-1,-1
946,68,856.96,377.16,64.02,214.06,0.6506,-1,-1,-1
946,69,939.22,362.62,63.28,216.19,0.6467,-1,-1,-1
946,66,391.30,388.86,75.61,209.69,0.5928,-1,-1,-1
946,72,330.71,409.40,66.38,187.34,0.4699,-1,-1,-1
946,78,807.51,136.06,56.19,176.64,0.3111,-1,-1,-1
946,80,1250.66,774.81,89.69,284.69,0.7754,-1,-1,-1
946,81,1134.45,66.32,59.41,164.68,0.4414,-1,-1,-1
946,82,1743.30,673.06,89.13,253.13,0.6630,-1,-1,-1
946,85,1630.74,96.14,52.58,161.53,0.2434,-1,-1,-1
946,76,476.94,215.53,59.11,185.10,0.3404,-1,-1,-1
947,4,1719.79,457.54,73.42,208.91,0.5717,-1,-1,-1
947,60,324.21,760.79,91.30,266.98,0.8234,-1,-1,-1
947,63,918.89,941.89,72.15,138.14,0.7546,-1,-1,-1
947,64,1576.54,597.14,97.62,226.97,0.5843,-1,-1,-1
947,68,856.36,374.63,64.49,212.04,0.6630,-1,-1,-1
947,69,937.98,360.94,62.50,212.13,0.6501,-1,-1,-1
947,66,391.86,388.70,74.61,210.04,0.5917,-1,-1,-1
947,72,329.31,411.50,67.17,187.63,0.4792,-1,-1,-1
947,78,807.68,135.78,56.03,177.01,0.2341,-1,-1,-1
947,80,1249.26,771.82,89.26,281.97,0.7637,-1,-1,-1
947,81,1137.27,67.19,56.53,162.76,0.3951,-1,-1,-1
947,82,1743.45,670.02,89.11,254.38,0.6924,-1,-1,-1
947,85,1632.60,96.84,52.33,160.92,0.2441,-1,-1,-1
947,76,476.89,215.76,59.82,184.99,0.3207,-1,-1,-1
948,4,1719.86,457.33,73.04,208.99,0.5739,-1,-1,-1
948,60,323.71,762.68,90.67,268.76,0.8272,-1,-1,-1
948,63,919.64,940.37,72.31,139.62,0.7534,-1,-1,-1
948,64,1576.20,595.85,98.18,228.20,0.5929,-1,-1,-1
948,68,856.06,371.41,64.37,211.80,0.6636,-1,-1,-1
948,69,937.09,358.10,61.41,209.04,0.6516,-1,-1,-1
948,66,391.73,388.67,74.50,209.95,0.5568,-1,-1,-1
948,72,329.03,412.91,66.23,188.11,0.4743,-1,-1,-1
948,78,807.70,135.20,56.18,177.51,0.2493,-1,-1,-1
948,80,1248.06,768.89,87.26,278.89,0.7738,-1,-1,-1
948,81,1139.01,68.04,57.10,163.05,0.4264,-1,-1,-1
948,82,1740.77,669.57,92.91,255.10,0.6817,-1,-1,-1
948,85,1633.86,97.07,52.37,161.58,0.2915,-1,-1,-1
948,76,477.29,215.65,60.05,184.50,0.3197,-1,-1,-1
949,4,1719.79,456.91,72.85,208.92,0.5776,-1,-1,-1
949,60,323.69,764.20,90.80,268.57,0.8216,-1,-1,-1
949,63,920.78,939.31,72.09,140.73,0.7385,-1,-1,-1
949,64,1576.80,594.92,97.90,229.49,0.5767,-1,-1,-1
949,68,855.49,368.93,64.63,211.66,0.6666,-1,-1,-1
949,69,935.13,355.86,62.27,209.38,0.6400,-1,-1,-1
949,66,391.90,390.10,73.91,208.60,0.5631,-1,-1,-1
949,72,325.27,413.52,68.09,190.19,0.5555,-1,-1,-1
949,78,807.65,135.59,56.11,176.35,0.2809,-1,-1,-1
949,80,1247.57,764.61,85.91,275.36,0.7647,-1,-1,-1
949,81,1140.49,68.80,58.28,165.04,0.3903,-1,-1,-1
949,82,1742.11,670.01,90.23,251.79,0.6772,-1,-1,-1
949,85,1634.16,97.79,53.22,161.21,0.2044,-1,-1,-1
949,76,476.33,216.38,60.88,182.42,0.3142,-1,-1,-1
950,4,1719.88,456.38,73.02,209.87,0.5722,-1,-1,-1
950,60,323.06,765.25,90.35,267.69,0.8230,-1,-1,-1
950,63,922.33,937.66,70.75,142.35,0.7550,-1,-1,-1
950,64,1576.05,594.96,98.54,229.05,0.5698,-1,-1,-1
950,68,855.81,366.76,64.56,206.75,0.6537,-1,-1,-1
950,69,931.84,352.68,64.22,209.28,0.6465,-1,-1,-1
950,66,390.94,390.07,74.31,209.03,0.5828,-1,-1,-1
950,72,325.40,414.26,67.69,190.13,0.5088,-1,-1,-1
950,78,808.40,135.62,55.35,176.65,0.2628,-1,-1,-1
950,80,1246.45,759.84,85.21,268.79,0.7694,-1,-1,-1
950,81,1142.71,68.69,60.22,166.96,0.3580,-1,-1,-1
950,82,1742.42,667.90,89.88,255.51,0.6786,-1,-1,-1
950,85,1634.73,100.43,53.13,159.85,0.1752,-1,-1,-1
950,76,475.40,216.72,61.28,180.93,0.3311,-1,-1,-1
951,4,1719.78,456.17,73.24,210.76,0.5727,-1,-1,-1
951,60,322.44,766.72,90.57,266.13,0.8162,-1,-1,-1
951,63,922.50,936.74,70.96,143.26,0.7621,-1,-1,-1
951,64,1575.88,594.76,99.10,229.36,0.5821,-1,-1,-1
951,68,855.14,365.06,65.28,205.91,0.6686,-1,-1,-1
951,69,930.31,349.78,65.12,210.11,0.6526,-1,-1,-1
951,66,390.76,390.56,74.43,207.53,0.5051,-1,-1,-1
951,72,322.85,414.70,70.89,189.94,0.4991,-1,-1,-1
951,78,809.02,135.82,54.66,176.40,0.2903,-1,-1,-1
951,80,1245.05,754.92,85.01,266.78,0.7679,-1,-1,-1
951,81,1143.98,70.52,61.42,164.53,0.3804,-1,-1,-1
951,82,1742.76,667.53,89.27,255.22,0.6556,-1,-1,-1
951,85,1635.32,104.58,52.77,156.88,0.2071,-1,-1,-1
951,76,475.21,217.94,61.98,179.43,0.3399,-1,-1,-1
952,4,1719.55,456.29,73.27,210.96,0.5727,-1,-1,-1
952,60,322.33,768.29,90.13,264.99,0.8044,-1,-1,-1
952,63,923.51,935.93,70.84,144.10,0.7727,-1,-1,-1
952,64,1575.34,595.63,100.09,228.42,0.5735,-1,-1,-1
952,68,854.43,363.65,66.02,205.79,0.6924,-1,-1,-1
952,69,929.50,347.30,65.45,211.80,0.6933,-1,-1,-1
952,66,391.79,390.79,73.54,206.91,0.5190,-1,-1,-1
952,72,323.43,415.02,70.48,189.54,0.4302,-1,-1,-1
952,78,809.03,135.67,54.57,175.45,0.2660,-1,-1,-1
952,80,1242.69,751.50,86.11,266.90,0.7632,-1,-1,-1
952,81,1146.19,72.96,59.95,163.78,0.3475,-1,-1,-1
952,82,1742.23,667.77,90.48,256.23,0.6679,-1,-1,-1
952,85,1636.17,105.83,53.17,156.32,0.2057,-1,-1,-1
952,76,474.80,219.91,63.04,177.01,0.3205,-1,-1,-1
953,4,1719.31,456.79,73.73,209.98,0.5690,-1,-1,-1
953,60,321.74,769.87,89.67,263.54,0.8140,-1,-1,-1
953,63,924.64,935.24,70.69,144.78,0.7795,-1,-1,-1
953,64,1575.86,594.85,99.80,229.04,0.6086,-1,-1,-1
953,68,853.03,362.26,67.88,206.64,0.6849,-1,-1,-1
953,69,927.61,345.95,66.60,211.71,0.7092,-1,-1,-1
953,66,391.24,393.40,74.63,207.68,0.5568,-1,-1,-1
953,72,321.95,414.43,71.96,190.51,0.4319,-1,-1,-1
953,78,809.24,136.11,54.55,176.28,0.2914,-1,-1,-1
953,80,1241.32,749.89,86.24,265.98,0.7808,-1,-1,-1
953,81,1146.90,74.31,59.42,165.30,0.3898,-1,-1,-1
953,82,1741.94,668.17,90.88,255.79,0.6721,-1,-1,-1
953,85,1636.57,107.38,53.66,155.66,0.2114,-1,-1,-1
953,76,475.89,220.52,62.64,176.23,0.3690,-1,-1,-1
954,4,1719.67,456.65,73.76,209.75,0.5799,-1,-1,-1
954,60,322.31,771.36,88.91,262.13,0.8179,-1,-1,-1
954,63,925.46,934.50,70.27,145.49,0.7648,-1,-1,-1
954,64,1576.25,596.06,98.97,228.27,0.5795,-1,-1,-1
954,68,852.36,360.78,67.90,207.66,0.6721,-1,-1,-1
954,69,925.83,344.94,67.96,211.75,0.7076,-1,-1,-1
954,66,389.50,394.14,76.19,210.12,0.6118,-1,-1,-1
954,72,321.59,414.71,70.27,189.75,0.4593,-1,-1,-1
954,78,808.61,136.33,54.72,175.56,0.3045,-1,-1,-1
954,80,1238.30,748.28,88.11,266.28,0.7782,-1,-1,-1
954,81,1147.57,76.64,59.39,165.73,0.3978,-1,-1,-1
954,82,1741.87,669.11,91.01,255.16,0.6837,-1,-1,-1
954,85,1637.26,109.00,54.36,155.56,0.2142,-1,-1,-1
954,76,476.65,221.42,62.96,175.57,0.3798,-1,-1,-1
955,4,1719.16,456.21,74.48,210.25,0.5748,-1,-1,-1
955,60,322.32,772.96,88.53,260.38,0.8190,-1,-1,-1
955,63,926.33,934.16,69.23,145.84,0.7776,-1,-1,-1
955,64,1576.23,594.41,99.20,229.68,0.5889,-1,-1,-1
955,68,852.28,360.17,67.48,208.49,0.6666,-1,-1,-1
955,69,925.31,343.78,68.86,211.88,0.6883,-1,-1,-1
955,66,389.14,396.32,77.46,212.14,0.5812,-1,-1,-1
955,72,320.36,417.10,70.46,182.28,0.4151,-1,-1,-1
955,78,808.15,136.96,55.04,175.21,0.2790,-1,-1,-1
955,80,1237.05,746.11,87.85,267.80,0.7886,-1,-1,-1
955,81,1148.44,79.02,60.26,164.83,0.3770,-1,-1,-1
955,82,1741.90,668.69,90.80,254.32,0.6740,-1,-1,-1
955,85,1637.65,108.72,55.66,156.03,0.1969,-1,-1,-1
955,76,476.84,222.64,64.41,176.09,0.3836,-1,-1,-1
956,4,1719.64,456.44,74.04,210.20,0.5840,-1,-1,-1
956,60,321.96,773.55,88.71,259.50,0.8289,-1,-1,-1
956,63,926.46,933.55,69.66,146.50,0.7815,-1,-1,-1
956,64,1578.29,594.64,97.36,229.36,0.5550,-1,-1,-1
956,68,851.53,360.11,67.70,209.83,0.6592,-1,-1,-1
956,69,924.05,343.58,70.77,214.21,0.6933,-1,-1,-1
956,66,389.25,399.77,77.39,212.57,0.6061,-1,-1,-1
956,72,320.60,418.45,69.62,180.94,0.4534,-1,-1,-1
956,78,807.65,137.36,55.45,176.03,0.2885,-1,-1,-1
956,80,1235.23,744.05,87.73,268.96,0.7903,-1,-1,-1
956,81,1149.48,80.63,60.86,163.64,0.3015,-1,-1,-1
956,82,1741.69,668.02,91.02,254.17,0.6594,-1,-1,-1
956,85,1638.99,108.86,54.98,156.03,0.2277,-1,-1,-1
956,76,478.23,222.30,64.92,178.78,0.4054,-1,-1,-1
957,4,1719.25,456.27,74.27,210.17,0.5698,-1,-1,-1
957,60,322.02,774.14,88.16,259.41,0.8344,-1,-1,-1
957,63,926.42,933.08,70.47,146.92,0.7784,-1,-1,-1
957,64,1580.99,593.71,94.77,230.24,0.5686,-1,-1,-1
957,68,850.87,360.41,67.50,208.20,0.6748,-1,-1,-1
957,69,921.72,343.43,73.06,214.83,0.6917,-1,-1,-1
957,66,388.41,403.30,77.71,213.19,0.6148,-1,-1,-1
957,72,321.96,418.99,67.54,181.31,0.4295,-1,-1,-1
957,78,807.45,136.90,55.56,175.98,0.2783,-1,-1,-1
957,80,1232.57,742.77,90.25,260.29,0.7516,-1,-1,-1
957,81,1150.16,80.73,60.53,162.31,0.2780,-1,-1,-1
957,82,1739.80,669.12,93.31,251.88,0.6710,-1,-1,-1
957,85,1640.68,109.13,54.70,155.97,0.2612,-1,-1,-1
957,76,477.83,224.43,66.94,177.74,0.4345,-1,-1,-1
958,4,1719.13,456.00,74.48,210.50,0.5805,-1,-1,-1
958,60,322.12,775.08,87.82,261.98,0.8282,-1,-1,-1
958,63,926.90,932.65,70.68,147.33,0.7847,-1,-1,-1
958,64,1580.52,594.93,95.28,228.78,0.5446,-1,-1,-1
958,68,850.17,359.94,67.93,207.88,0.6791,-1,-1,-1
958,69,922.36,343.21,73.15,215.39,0.6937,-1,-1,-1
958,66,387.61,404.99,77.69,215.09,0.6000,-1,-1,-1
958,72,323.19,419.49,66.63,183.06,0.4488,-1,-1,-1
958,78,807.31,136.61,55.51,177.10,0.2889,-1,-1,-1
958,80,1231.03,741.50,90.84,259.72,0.7563,-1,-1,-1
958,81,1150.87,80.52,60.05,162.65,0.3155,-1,-1,-1
958,82,1739.21,668.13,94.32,253.51,0.6621,-1,-1,-1
958,85,1642.49,109.39,53.57,156.80,0.2780,-1,-1,-1
958,76,479.87,227.46,66.18,176.94,0.3703,-1,-1,-1
958,86,424.27,236.50,59.76,193.24,0.4603,-1,-1,-1
959,4,1719.07,456.34,74.50,209.50,0.5790,-1,-1,-1
959,60,321.95,777.09,87.37,262.89,0.7966,-1,-1,-1
959,63,927.31,932.62,70.63,147.39,0.7852,-1,-1,-1
959,64,1581.02,596.08,94.37,228.07,0.5647,-1,-1,-1
959,68,850.14,359.14,67.96,206.03,0.6792,-1,-1,-1
959,69,923.37,342.86,72.11,216.02,0.6846,-1,-1,-1
959,66,386.60,408.20,77.46,214.16,0.6066,-1,-1,-1
959,72,321.90,420.81,67.57,185.72,0.5237,-1,-1,-1
959,78,806.74,136.61,56.19,176.31,0.2544,-1,-1,-1
959,80,1228.30,740.40,92.70,253.17,0.7572,-1,-1,-1
959,81,1151.61,80.60,59.79,164.22,0.3736,-1,-1,-1
959,82,1740.81,668.44,90.97,252.32,0.6474,-1,-1,-1
959,85,1644.07,109.88,52.84,158.27,0.2690,-1,-1,-1
959,76,484.11,231.01,63.27,176.53,0.3645,-1,-1,-1
959,86,423.32,236.93,60.76,193.94,0.4962,-1,-1,-1
960,4,1719.00,455.73,74.77,210.33,0.5903,-1,-1,-1
960,60,321.84,779.44,87.03,262.98,0.8038,-1,-1,-1
960,63,927.54,932.23,71.01,147.79,0.7892,-1,-1,-1
960,64,1580.02,593.39,96.33,230.57,0.5784,-1,-1,-1
960,68,849.89,356.27,67.57,206.89,0.6897,-1,-1,-1
960,69,923.79,341.53,71.65,216.25,0.6973,-1,-1,-1
960,66,389.89,411.88,75.26,211.98,0.5338,-1,-1,-1
960,72,323.09,420.48,65.19,187.75,0.4978,-1,-1,-1
960,78,807.27,136.70,55.54,175.87,0.2656,-1,-1,-1
960,80,1225.31,738.81,93.79,255.95,0.7922,-1,-1,-1
960,81,1152.05,80.80,59.67,165.76,0.4256,-1,-1,-1
960,82,1741.36,668.69,90.96,252.20,0.6833,-1,-1,-1
960,85,1645.65,110.83,52.59,158.62,0.2770,-1,-1,-1
960,76,486.39,232.36,62.44,177.79,0.3806,-1,-1,-1
960,86,422.61,237.16,61.58,195.93,0.5244,-1,-1,-1
961,4,1719.27,455.59,74.84,210.54,0.5974,-1,-1,-1
961,60,322.35,783.44,86.31,261.59,0.8183,-1,-1,-1
961,63,927.99,931.81,70.80,148.18,0.7792,-1,-1,-1
961,64,1577.94,593.44,98.36,230.40,0.5444,-1,-1,-1
961,68,849.13,352.99,66.60,205.86,0.6870,-1,-1,-1
961,69,924.10,340.29,71.71,217.04,0.6919,-1,-1,-1
961,66,390.72,412.95,74.75,211.42,0.5706,-1,-1,-1
961,72,321.51,421.73,65.30,190.49,0.5799,-1,-1,-1
961,78,807.09,136.56,55.68,174.60,0.2378,-1,-1,-1
961,80,1222.15,736.58,95.00,256.04,0.7767,-1,-1,-1
961,81,1153.03,79.54,58.47,167.54,0.4798,-1,-1,-1
961,82,1741.42,669.58,91.10,252.35,0.6776,-1,-1,-1
961,85,1646.27,110.75,53.40,159.44,0.2724,-1,-1,-1
961,76,487.77,230.59,62.15,181.27,0.3735,-1,-1,-1
961,86,422.42,238.63,61.89,196.67,0.4802,-1,-1,-1
962,4,1719.38,455.45,74.24,209.88,0.5952,-1,-1,-1
962,60,322.55,786.27,85.84,260.58,0.8295,-1,-1,-1
962,63,928.21,931.77,71.03,148.21,0.7878,-1,-1,-1
962,64,1576.95,591.13,100.13,232.66,0.5477,-1,-1,-1
962,68,848.44,349.99,66.57,203.88,0.6834,-1,-1,-1
962,69,924.98,338.54,71.45,216.75,0.6876,-1,-1,-1
962,66,391.96,415.02,74.04,209.59,0.5331,-1,-1,-1
962,72,320.10,421.13,65.90,195.23,0.5736,-1,-1,-1
962,78,807.33,137.04,55.38,174.03,0.2347,-1,-1,-1
962,80,1220.47,733.21,94.16,256.00,0.7650,-1,-1,-1
962,81,1153.87,80.90,58.32,167.93,0.4082,-1,-1,-1
962,82,1741.47,666.94,92.02,257.74,0.6725,-1,-1,-1
962,85,1645.83,111.78,54.86,158.87,0.2324,-1,-1,-1
962,76,489.29,231.64,61.48,181.76,0.3579,-1,-1,-1
962,86,421.02,241.59,63.30,196.30,0.4943,-1,-1,-1
963,4,1719.41,455.32,74.23,209.81,0.5760,-1,-1,-1
963,60,323.22,789.33,86.15,262.82,0.8185,-1,-1,-1
963,63,928.62,931.68,70.99,148.35,0.7772,-1,-1,-1
963,64,1575.01,591.42,102.92,232.52,0.5531,-1,-1,-1
963,68,848.53,348.10,65.06,203.12,0.6767,-1,-1,-1
963,69,924.56,336.36,70.97,218.01,0.6828,-1,-1,-1
963,66,392.17,415.74,74.05,209.15,0.5554,-1,-1,-1
963,72,319.79,420.47,65.97,199.60,0.5824,-1,-1,-1
963,78,806.95,137.27,55.57,174.07,0.2268,-1,-1,-1
963,80,1219.15,730.36,92.57,259.28,0.7673,-1,-1,-1
963,81,1154.13,82.54,58.50,167.11,0.2923,-1,-1,-1
963,82,1741.40,667.77,92.01,255.40,0.6643,-1,-1,-1
963,85,1645.36,113.21,56.38,159.32,0.2387,-1,-1,-1
963,76,489.48,232.06,62.40,181.67,0.3810,-1,-1,-1
963,86,420.08,242.22,64.13,196.57,0.4982,-1,-1,-1
964,4,1719.16,455.61,74.10,210.09,0.5699,-1,-1,-1
964,60,324.48,792.19,85.14,266.63,0.8268,-1,-1,-1
964,63,928.43,931.83,71.26,148.17,0.7844,-1,-1,-1
964,64,1575.02,589.52,101.97,234.85,0.5436,-1,-1,-1
964,68,848.03,346.59,63.73,202.48,0.6549,-1,-1,-1
964,69,923.51,333.99,71.23,217.54,0.6621,-1,-1,-1
964,66,392.14,416.79,73.87,207.99,0.5664,-1,-1,-1
964,72,319.70,420.91,66.76,202.27,0.6054,-1,-1,-1
964,78,805.38,136.79,56.73,174.52,0.2028,-1,-1,-1
964,80,1218.45,727.45,89.99,265.76,0.7786,-1,-1,-1
964,81,1152.60,85.33,60.57,166.77,0.3099,-1,-1,-1
964,82,1741.35,665.77,92.16,257.56,0.6721,-1,-1,-1
964,85,1644.73,114.75,58.00,161.36,0.2424,-1,-1,-1
964,76,490.46,231.64,62.08,181.66,0.3877,-1,-1,-1
964,86,420.14,242.83,62.66,199.49,0.4694,-1,-1,-1
965,4,1719.33,455.72,74.23,209.43,0.5923,-1,-1,-1
965,60,325.74,795.02,84.61,271.35,0.8257,-1,-1,-1
965,63,928.52,931.72,71.36,148.15,0.7782,-1,-1,-1
965,64,1575.24,589.36,101.20,234.99,0.5985,-1,-1,-1
965,68,848.81,344.25,61.50,201.18,0.6581,-1,-1,-1
965,69,923.70,331.55,71.39,214.92,0.6828,-1,-1,-1
965,66,392.29,417.46,73.37,206.81,0.5658,-1,-1,-1
965,72,318.64,426.32,67.16,197.19,0.6125,-1,-1,-1
965,78,806.59,136.37,55.54,175.41,0.2508,-1,-1,-1
965,80,1216.93,723.38,89.57,266.28,0.7901,-1,-1,-1
965,81,1152.89,88.13,62.39,165.10,0.3246,-1,-1,-1
965,82,1741.60,668.17,92.48,255.42,0.6872,-1,-1,-1
965,85,1644.77,117.61,59.19,158.31,0.2994,-1,-1,-1
965,76,490.95,231.08,62.87,182.93,0.4313,-1,-1,-1
965,86,419.79,243.76,61.71,199.61,0.4531,-1,-1,-1
966,4,1719.17,455.89,74.11,209.74,0.5746,-1,-1,-1
966,60,327.23,797.79,83.32,275.19,0.8302,-1,-1,-1
966,63,928.21,931.98,71.91,147.97,0.7737,-1,-1,-1
966,64,1574.86,590.32,102.08,233.88,0.6060,-1,-1,-1
966,68,849.08,342.70,60.74,200.40,0.6745,-1,-1,-1
966,69,924.27,330.09,70.72,209.59,0.7018,-1,-1,-1
966,66,389.53,415.61,75.19,208.71,0.5526,-1,-1,-1
966,72,319.05,431.97,66.05,191.47,0.6091,-1,-1,-1
966,78,807.40,136.35,54.74,177.01,0.2154,-1,-1,-1
966,80,1215.96,719.76,89.58,262.24,0.7829,-1,-1,-1
966,81,1152.75,90.57,63.83,165.34,0.3645,-1,-1,-1
966,82,1742.10,669.05,92.49,255.16,0.6890,-1,-1,-1
966,85,1645.65,119.95,59.38,158.24,0.3056,-1,-1,-1
966,76,491.52,230.99,63.17,182.75,0.4292,-1,-1,-1
966,86,419.70,244.16,60.80,199.86,0.4305,-1,-1,-1
967,4,1719.11,455.81,74.11,210.05,0.5820,-1,-1,-1
967,60,328.55,799.45,82.53,274.68,0.7979,-1,-1,-1
967,63,927.97,932.00,72.47,147.99,0.7770,-1,-1,-1
967,64,1573.75,590.25,103.81,233.83,0.5917,-1,-1,-1
967,68,849.68,340.87,60.57,201.66,0.6839,-1,-1,-1
967,69,925.68,328.36,69.39,207.84,0.7083,-1,-1,-1
967,66,391.64,417.95,73.19,205.68,0.5480,-1,-1,-1
967,72,315.88,433.09,69.17,191.66,0.5867,-1,-1,-1
967,78,809.21,136.98,52.84,177.02,0.2004,-1,-1,-1
967,80,1216.26,715.95,87.98,260.96,0.7859,-1,-1,-1
967,81,1152.68,92.18,64.77,165.89,0.2851,-1,-1,-1
967,82,1741.90,669.76,91.94,254.36,0.7124,-1,-1,-1
967,85,1646.58,121.62,59.71,160.06,0.2515,-1,-1,-1
967,76,492.58,231.19,62.74,183.00,0.4411,-1,-1,-1
967,86,418.10,245.25,63.19,198.31,0.3980,-1,-1,-1
968,4,1719.02,455.97,73.85,210.42,0.5837,-1,-1,-1
968,60,329.53,800.46,83.37,275.23,0.7966,-1,-1,-1
968,63,927.65,931.61,72.53,148.35,0.7810,-1,-1,-1
968,64,1574.13,589.57,103.48,234.63,0.6150,-1,-1,-1
968,68,848.68,339.51,61.27,203.54,0.6944,-1,-1,-1
968,69,926.41,325.73,68.98,207.93,0.7235,-1,-1,-1
968,66,393.02,418.78,72.15,203.98,0.5529,-1,-1,-1
968,72,313.45,433.46,71.09,191.74,0.5849,-1,-1,-1
968,78,809.48,136.66,52.73,176.75,0.1857,-1,-1,-1
968,80,1215.04,712.61,88.04,261.76,0.7841,-1,-1,-1
968,81,1152.80,93.23,65.57,169.67,0.3206,-1,-1,-1
968,82,1741.02,669.03,93.33,255.50,0.6956,-1,-1,-1
968,85,1647.39,123.44,59.21,163.23,0.3129,-1,-1,-1
968,76,493.36,231.32,62.17,183.52,0.5045,-1,-1,-1
968,86,416.11,245.56,65.64,197.27,0.3638,-1,-1,-1
969,4,1719.02,456.32,73.61,210.46,0.5892,-1,-1,-1
969,60,330.48,802.02,84.50,274.10,0.7832,-1,-1,-1
969,63,927.62,931.88,71.96,148.08,0.7818,-1,-1,-1
969,64,1574.02,590.29,104.85,233.85,0.6188,-1,-1,-1
969,68,848.75,338.58,60.81,205.20,0.6958,-1,-1,-1
969,69,926.94,323.99,68.51,207.52,0.7283,-1,-1,-1
969,66,393.58,420.51,71.59,202.91,0.5214,-1,-1,-1
969,72,308.40,433.45,76.93,192.14,0.5695,-1,-1,-1
969,78,809.15,137.19,53.00,176.75,0.1916,-1,-1,-1
969,80,1213.42,709.52,89.43,263.65,0.7818,-1,-1,-1
969,81,1152.19,94.56,68.60,170.50,0.2320,-1,-1,-1
969,82,1740.36,668.52,93.26,254.65,0.6977,-1,-1,-1
969,85,1648.12,124.93,58.77,164.49,0.3089,-1,-1,-1
969,76,493.45,232.86,62.68,184.04,0.4680,-1,-1,-1
969,86,415.28,246.78,66.75,196.98,0.2236,-1,-1,-1
970,4,1719.04,455.95,73.69,210.19,0.5886,-1,-1,-1
970,60,331.38,803.69,85.55,272.85,0.7936,-1,-1,-1
970,63,927.28,931.98,71.84,148.07,0.7810,-1,-1,-1
970,64,1574.87,591.21,104.08,233.15,0.6193,-1,-1,-1
970,68,848.62,338.18,60.73,206.07,0.6996,-1,-1,-1
970,69,927.54,323.07,66.79,207.85,0.7033,-1,-1,-1
970,66,390.75,418.37,74.58,208.82,0.5196,-1,-1,-1
970,72,303.53,435.78,82.15,189.84,0.4563,-1,-1,-1
970,78,808.58,137.14,53.51,176.53,0.1982,-1,-1,-1
970,80,1211.95,707.49,90.44,265.92,0.7811,-1,-1,-1
970,81,1154.11,95.67,67.62,171.47,0.1669,-1,-1,-1
970,82,1739.97,668.36,93.63,253.58,0.6945,-1,-1,-1
970,85,1649.10,125.63,57.79,164.82,0.3218,-1,-1,-1
970,76,494.06,234.68,63.44,184.86,0.4769,-1,-1,-1
970,86,414.23,247.24,66.95,198.51,0.2346,-1,-1,-1
971,4,1719.10,456.11,74.26,210.48,0.5868,-1,-1,-1
971,60,330.69,804.17,88.47,272.00,0.7873,-1,-1,-1
971,63,927.05,932.25,71.48,147.79,0.7795,-1,-1,-1
971,64,1575.02,590.67,104.11,233.68,0.5858,-1,-1,-1
971,68,848.58,337.71,60.42,207.45,0.7054,-1,-1,-1
971,69,927.83,322.48,66.08,207.67,0.7120,-1,-1,-1
971,66,391.74,421.67,74.48,212.43,0.5195,-1,-1,-1
971,72,301.68,435.52,84.26,190.25,0.3819,-1,-1,-1
971,78,808.31,137.03,53.66,177.42,0.1919,-1,-1,-1
971,80,1210.42,706.42,90.70,267.90,0.7934,-1,-1,-1
971,81,1155.34,96.84,67.20,171.09,0.1753,-1,-1,-1
971,82,1740.07,669.84,92.60,252.38,0.6853,-1,-1,-1
971,85,1649.82,126.67,57.11,164.59,0.3217,-1,-1,-1
971,76,494.28,235.99,63.88,186.40,0.4627,-1,-1,-1
971,86,414.22,248.42,65.66,196.09,0.2973,-1,-1,-1
972,4,1719.54,455.97,73.70,209.99,0.5872,-1,-1,-1
972,60,330.12,804.92,91.54,270.55,0.7705,-1,-1,-1
972,63,926.97,932.48,70.31,147.55,0.7639,-1,-1,-1
972,64,1575.03,590.39,103.90,233.78,0.5746,-1,-1,-1
972,68,848.46,337.59,60.25,208.22,0.6767,-1,-1,-1
972,69,927.71,321.86,65.73,207.23,0.6950,-1,-1,-1
972,66,388.50,419.85,77.28,215.89,0.5287,-1,-1,-1
972,72,316.81,437.40,69.45,188.34,0.3569,-1,-1,-1
972,78,808.10,136.92,53.76,177.18,0.1772,-1,-1,-1
972,80,1208.15,705.99,91.93,268.67,0.7899,-1,-1,-1
972,81,1158.30,99.00,66.57,169.56,0.1583,-1,-1,-1
972,82,1740.31,669.23,92.48,254.48,0.6968,-1,-1,-1
972,85,1650.91,128.05,56.44,162.73,0.2626,-1,-1,-1
972,76,494.00,238.32,64.58,185.59,0.4046,-1,-1,-1
972,86,415.02,249.99,62.68,164.15,0.2214,-1,-1,-1
973,4,1719.14,455.87,73.97,210.46,0.5751,-1,-1,-1
973,60,329.63,806.32,94.56,268.19,0.7738,-1,-1,-1
973,63,926.44,933.23,70.44,146.79,0.7776,-1,-1,-1
973,64,1574.86,590.83,103.89,233.48,0.6073,-1,-1,-1
973,68,847.60,336.35,61.22,208.26,0.6860,-1,-1,-1
973,69,927.83,321.28,65.09,207.28,0.6988,-1,-1,-1
973,66,387.90,419.66,77.47,218.49,0.5481,-1,-1,-1
973,72,324.17,436.03,61.78,190.81,0.4685,-1,-1,-1
973,78,808.60,137.23,53.58,177.41,0.2062,-1,-1,-1
973,80,1206.81,704.76,90.45,268.86,0.7941,-1,-1,-1
973,82,1738.62,668.97,95.50,254.75,0.6943,-1,-1,-1
973,85,1651.06,128.96,56.50,160.67,0.2209,-1,-1,-1
973,76,494.79,240.23,63.47,184.97,0.4480,-1,-1,-1
973,86,414.02,250.26,64.02,182.38,0.3066,-1,-1,-1
974,4,1719.29,455.51,73.20,210.08,0.5486,-1,-1,-1
974,60,328.98,807.51,97.18,266.94,0.7685,-1,-1,-1
974,63,926.18,933.00,69.64,147.07,0.7694,-1,-1,-1
974,64,1576.21,589.60,102.78,234.50,0.6300,-1,-1,-1
974,68,847.49,335.41,61.24,208.58,0.6665,-1,-1,-1
974,69,927.25,321.25,65.00,207.05,0.7108,-1,-1,-1
974,66,387.58,421.49,76.78,219.05,0.5676,-1,-1,-1
974,72,326.42,436.44,59.50,190.80,0.4758,-1,-1,-1
974,78,808.48,136.67,53.87,177.60,0.1794,-1,-1,-1
974,80,1205.39,703.09,90.90,270.05,0.7962,-1,-1,-1
974,82,1739.61,670.16,93.48,253.61,0.6887,-1,-1,-1
974,85,1651.50,127.69,57.78,157.20,0.2407,-1,-1,-1
974,76,496.00,242.58,62.41,184.86,0.4498,-1,-1,-1
974,86,413.51,250.93,64.71,186.44,0.3232,-1,-1,-1
975,4,1718.94,455.28,73.67,210.65,0.5847,-1,-1,-1
975,60,328.48,808.88,99.04,265.21,0.7803,-1,-1,-1
975,63,925.03,933.49,69.75,146.55,0.7595,-1,-1,-1
975,64,1577.42,589.70,101.93,234.49,0.6049,-1,-1,-1
975,68,847.09,333.60,61.43,208.63,0.6644,-1,-1,-1
975,69,927.02,320.67,64.49,208.50,0.6909,-1,-1,-1
975,66,387.46,423.41,76.79,218.69,0.5706,-1,-1,-1
975,72,326.91,437.32,58.63,191.05,0.4975,-1,-1,-1
975,78,807.69,136.33,54.47,176.89,0.1893,-1,-1,-1
975,80,1203.97,702.12,89.52,270.40,0.7914,-1,-1,-1
975,82,1738.13,669.52,95.61,254.40,0.6919,-1,-1,-1
975,85,1651.98,127.84,58.52,160.75,0.3290,-1,-1,-1
975,76,496.24,244.14,63.02,186.57,0.4648,-1,-1,-1
975,86,411.54,251.46,67.80,189.53,0.4291,-1,-1,-1
976,4,1719.26,456.73,73.44,209.17,0.5701,-1,-1,-1
976,60,328.54,811.01,100.25,264.55,0.7746,-1,-1,-1
976,63,924.42,933.88,68.95,146.15,0.7338,-1,-1,-1
976,64,1578.41,588.97,101.36,235.10,0.6044,-1,-1,-1
976,68,846.55,332.31,61.65,205.94,0.6728,-1,-1,-1
976,69,925.71,320.11,64.91,210.61,0.6926,-1,-1,-1
976,66,387.92,425.74,75.97,218.79,0.5749,-1,-1,-1
976,72,325.90,437.19,59.20,191.27,0.5088,-1,-1,-1
976,78,808.22,137.23,53.98,176.38,0.2179,-1,-1,-1
976,80,1201.70,700.60,89.61,270.52,0.8042,-1,-1,-1
976,82,1737.65,670.76,96.39,252.74,0.7114,-1,-1,-1
976,85,1655.39,128.04,55.78,158.61,0.3454,-1,-1,-1
976,76,496.43,245.58,63.39,188.63,0.4559,-1,-1,-1
976,86,410.97,252.34,68.21,190.55,0.4367,-1,-1,-1
977,4,1719.28,456.64,73.45,209.86,0.5576,-1,-1,-1
977,60,328.56,813.25,101.65,265.29,0.7846,-1,-1,-1
977,63,922.72,933.79,69.71,146.25,0.7407,-1,-1,-1
977,64,1577.70,588.41,102.59,235.93,0.6114,-1,-1,-1
977,68,846.31,330.56,61.54,203.72,0.6670,-1,-1,-1
977,69,923.62,317.91,64.97,213.07,0.6805,-1,-1,-1
977,66,387.33,428.13,75.76,217.51,0.5713,-1,-1,-1
977,72,324.18,436.92,62.12,193.96,0.4866,-1,-1,-1
977,78,807.06,137.86,55.09,176.01,0.2123,-1,-1,-1
977,80,1201.05,698.58,87.56,272.74,0.7905,-1,-1,-1
977,82,1737.18,669.83,96.54,252.69,0.7139,-1,-1,-1
977,85,1657.30,129.19,55.40,158.70,0.4572,-1,-1,-1
977,76,495.73,247.54,64.11,188.37,0.4395,-1,-1,-1
977,86,408.26,254.89,70.17,189.05,0.4146,-1,-1,-1
977,83,1780.03,161.94,56.43,174.75,0.3463,-1,-1,-1
978,4,1719.30,457.24,73.52,209.16,0.5444,-1,-1,-1
978,60,329.12,815.90,100.95,264.08,0.7918,-1,-1,-1
978,63,922.35,934.18,68.81,145.82,0.7363,-1,-1,-1
978,64,1577.55,589.04,102.57,235.26,0.6100,-1,-1,-1
978,68,845.53,328.37,62.24,200.71,0.6669,-1,-1,-1
978,69,923.00,316.90,64.89,212.03,0.6798,-1,-1,-1
978,66,387.65,429.64,74.43,216.76,0.5477,-1,-1,-1
978,72,322.25,438.44,65.24,195.65,0.4361,-1,-1,-1
978,78,807.57,137.13,54.51,176.24,0.2091,-1,-1,-1
978,80,1199.68,696.02,86.37,273.91,0.7883,-1,-1,-1
978,82,1737.04,669.81,95.89,252.74,0.7104,-1,-1,-1
978,85,1658.51,130.76,54.77,159.50,0.4046,-1,-1,-1
978,76,495.70,249.18,64.39,187.48,0.4552,-1,-1,-1
978,86,407.66,258.60,69.98,186.81,0.4141,-1,-1,-1
978,83,1780.46,164.04,56.57,171.94,0.3128,-1,-1,-1
979,4,1718.97,456.85,73.51,209.68,0.5313,-1,-1,-1
979,60,329.98,818.39,100.09,262.05,0.8078,-1,-1,-1
979,63,921.95,934.77,67.95,145.21,0.7401,-1,-1,-1
979,64,1576.19,589.96,103.61,234.01,0.6150,-1,-1,-1
979,68,845.11,325.57,62.45,199.01,0.6505,-1,-1,-1
979,69,922.51,315.95,64.10,209.88,0.6808,-1,-1,-1
979,66,387.87,431.64,74.69,215.53,0.5980,-1,-1,-1
979,72,312.70,439.06,75.85,199.67,0.5161,-1,-1,-1
979,78,807.19,137.26,55.27,175.73,0.2149,-1,-1,-1
979,80,1199.15,692.49,85.83,275.61,0.7896,-1,-1,-1
979,82,1736.89,669.34,96.16,252.83,0.7058,-1,-1,-1
979,85,1660.02,132.26,54.20,159.30,0.3728,-1,-1,-1
979,76,496.24,249.72,63.66,187.18,0.4906,-1,-1,-1
979,86,405.62,260.48,70.74,185.66,0.4548,-1,-1,-1
979,83,1780.98,163.59,56.48,169.93,0.2360,-1,-1,-1
980,4,1719.68,456.80,72.84,209.29,0.5468,-1,-1,-1
980,60,330.10,821.59,99.19,259.00,0.8207,-1,-1,-1
980,63,921.38,935.58,66.86,144.41,0.7516,-1,-1,-1
980,64,1575.11,590.51,105.13,233.72,0.6263,-1,-1,-1
980,68,845.06,324.40,61.20,198.37,0.6299,-1,-1,-1
980,69,922.01,314.79,63.45,208.69,0.6863,-1,-1,-1
980,66,388.09,432.02,74.94,216.24,0.6379,-1,-1,-1
980,72,309.46,438.55,79.04,205.73,0.6050,-1,-1,-1
980,78,806.86,136.80,55.45,174.64,0.2198,-1,-1,-1
980,80,1198.84,688.64,85.98,273.19,0.7734,-1,-1,-1
980,82,1737.20,668.16,96.95,254.25,0.6968,-1,-1,-1
980,85,1661.58,133.51,53.75,160.20,0.4012,-1,-1,-1
980,76,495.47,249.40,65.04,187.99,0.4456,-1,-1,-1
980,86,404.13,258.84,72.93,187.82,0.4440,-1,-1,-1
980,83,1781.74,168.59,57.25,164.17,0.1594,-1,-1,-1
980,81,1176.38,110.90,61.55,164.64,0.3733,-1,-1,-1
981,4,1719.19,456.69,73.91,209.60,0.5476,-1,-1,-1
981,60,330.19,825.47,98.76,255.23,0.8242,-1,-1,-1
981,63,920.71,936.37,66.60,143.68,0.7439,-1,-1,-1
981,64,1575.13,590.29,105.02,234.06,0.6278,-1,-1,-1
981,68,844.62,322.64,60.37,199.30,0.6145,-1,-1,-1
981,69,920.58,313.25,63.51,207.62,0.6632,-1,-1,-1
981,66,387.87,433.16,74.12,215.90,0.5309,-1,-1,-1
981,72,309.02,440.14,79.56,206.69,0.5153,-1,-1,-1
981,78,807.55,136.04,54.85,175.85,0.1931,-1,-1,-1
981,80,1197.93,684.90,85.76,268.24,0.7787,-1,-1,-1
981,82,1738.91,669.10,93.42,253.04,0.6993,-1,-1,-1
981,85,1661.92,135.63,54.59,159.32,0.3922,-1,-1,-1
981,76,495.49,249.21,64.65,187.12,0.4570,-1,-1,-1
981,86,402.94,257.82,74.69,190.71,0.4357,-1,-1,-1
981,81,1178.02,112.34,61.16,163.82,0.3761,-1,-1,-1
982,4,1719.41,457.08,73.78,209.24,0.5406,-1,-1,-1
982,60,330.43,828.77,97.63,251.79,0.8211,-1,-1,-1
982,63,919.24,937.05,67.18,142.96,0.7423,-1,-1,-1
982,64,1575.14,590.05,105.77,233.94,0.6248,-1,-1,-1
982,68,841.89,319.92,63.42,198.49,0.6028,-1,-1,-1
982,69,921.36,311.13,62.12,204.85,0.6535,-1,-1,-1
982,66,390.10,439.33,71.94,209.75,0.5095,-1,-1,-1
982,72,309.93,442.36,79.05,207.45,0.4845,-1,-1,-1
982,78,808.62,134.94,54.29,175.07,0.1882,-1,-1,-1
982,80,1196.80,681.14,85.69,264.98,0.7701,-1,-1,-1
982,82,1737.63,668.50,96.08,254.16,0.7036,-1,-1,-1
982,85,1661.66,138.37,55.74,157.60,0.4021,-1,-1,-1
982,76,495.46,249.28,64.56,185.40,0.4609,-1,-1,-1
982,86,400.46,259.28,76.91,191.53,0.4463,-1,-1,-1
982,81,1179.93,114.20,61.09,163.91,0.3610,-1,-1,-1
983,4,1719.76,456.89,73.77,209.99,0.5336,-1,-1,-1
983,60,330.36,832.18,95.78,248.28,0.8259,-1,-1,-1
983,63,917.57,937.63,67.57,142.36,0.7391,-1,-1,-1
983,64,1575.22,589.20,105.72,234.85,0.6072,-1,-1,-1
983,68,840.48,317.81,64.41,202.76,0.6489,-1,-1,-1
983,69,922.16,309.10,61.22,204.56,0.6713,-1,-1,-1
983,66,389.28,437.03,71.60,212.58,0.5052,-1,-1,-1
983,72,309.46,445.23,77.06,206.68,0.5077,-1,-1,-1
983,78,809.05,133.90,53.96,175.60,0.1955,-1,-1,-1
983,80,1194.89,677.84,86.68,259.23,0.7638,-1,-1,-1
983,82,1739.02,670.13,92.07,251.82,0.6793,-1,-1,-1
983,85,1661.29,139.80,57.37,157.14,0.3753,-1,-1,-1
983,76,494.72,249.41,65.33,184.86,0.4812,-1,-1,-1
983,86,397.55,259.39,79.96,193.05,0.4448,-1,-1,-1
983,81,1180.90,114.80,61.60,165.28,0.3235,-1,-1,-1
984,4,1719.34,457.36,74.57,210.16,0.5409,-1,-1,-1
984,60,329.80,834.62,95.55,245.78,0.8257,-1,-1,-1
984,63,917.37,938.51,67.17,141.49,0.7369,-1,-1,-1
984,64,1575.14,586.98,106.26,236.85,0.6224,-1,-1,-1
984,68,839.30,316.85,66.68,201.98,0.6539,-1,-1,-1
984,69,921.67,308.05,61.56,203.78,0.6789,-1,-1,-1
984,66,391.54,441.87,69.91,207.36,0.5221,-1,-1,-1
984,72,310.08,449.39,74.95,204.38,0.4629,-1,-1,-1
984,78,809.47,134.14,53.76,174.78,0.1846,-1,-1,-1
984,80,1193.58,674.18,87.83,256.47,0.7553,-1,-1,-1
984,82,1739.59,669.46,92.25,252.35,0.6943,-1,-1,-1
984,85,1661.88,140.99,57.68,157.88,0.3629,-1,-1,-1
984,76,494.27,250.32,65.74,184.31,0.5096,-1,-1,-1
984,86,397.62,259.42,81.33,192.81,0.3958,-1,-1,-1
984,81,1182.15,116.98,60.58,163.82,0.3200,-1,-1,-1
984,87,320.64,260.44,58.10,185.23,0.3917,-1,-1,-1
985,4,1719.37,457.98,74.87,209.22,0.5178,-1,-1,-1
985,60,329.32,836.52,95.32,243.87,0.8158,-1,-1,-1
985,63,915.68,939.70,67.48,140.31,0.7295,-1,-1,-1
985,64,1574.98,587.23,107.05,236.67,0.6106,-1,-1,-1
985,68,837.54,316.06,69.16,201.94,0.6294,-1,-1,-1
985,69,920.92,306.02,61.93,204.41,0.6608,-1,-1,-1
985,66,391.24,443.86,70.35,205.73,0.5321,-1,-1,-1
985,72,306.37,454.70,75.46,196.96,0.4353,-1,-1,-1
985,78,810.01,133.85,53.01,174.75,0.1958,-1,-1,-1
985,80,1191.79,670.93,89.17,258.59,0.7660,-1,-1,-1
985,82,1739.88,670.42,90.55,251.32,0.6749,-1,-1,-1
985,85,1663.30,141.99,57.06,159.17,0.3614,-1,-1,-1
985,76,494.02,251.11,66.51,185.18,0.5407,-1,-1,-1
985,86,397.68,260.29,80.35,191.92,0.3306,-1,-1,-1
985,81,1183.19,118.35,60.53,162.62,0.3205,-1,-1,-1
985,87,319.96,262.05,56.38,185.22,0.3796,-1,-1,-1
986,4,1720.09,457.74,74.15,208.97,0.4965,-1,-1,-1
986,60,329.29,837.63,94.79,242.67,0.7986,-1,-1,-1
986,63,915.04,940.40,67.34,139.58,0.7140,-1,-1,-1
986,64,1574.91,585.12,107.45,238.94,0.6149,-1,-1,-1
986,68,837.90,316.19,67.73,204.69,0.6418,-1,-1,-1
986,69,920.25,303.99,62.91,205.58,0.6643,-1,-1,-1
986,66,391.52,444.91,70.10,205.27,0.5416,-1,-1,-1
986,72,303.22,457.79,77.16,193.90,0.4433,-1,-1,-1
986,78,809.54,134.05,53.69,174.14,0.1901,-1,-1,-1
986,80,1190.49,667.95,88.71,257.84,0.7545,-1,-1,-1
986,82,1740.01,670.29,90.67,252.00,0.6858,-1,-1,-1
986,85,1665.23,142.97,55.81,157.24,0.3685,-1,-1,-1
986,76,493.65,252.73,67.29,185.06,0.5201,-1,-1,-1
986,86,396.04,259.24,82.17,194.15,0.3925,-1,-1,-1
986,81,1184.82,119.44,58.69,160.94,0.2586,-1,-1,-1
986,87,320.14,263.61,55.11,185.53,0.3518,-1,-1,-1
987,4,1719.68,457.59,74.68,209.26,0.5070,-1,-1,-1
987,60,329.59,838.96,93.59,241.30,0.7835,-1,-1,-1
987,63,913.01,940.79,68.27,139.21,0.7142,-1,-1,-1
987,64,1574.69,585.37,107.14,239.05,0.6257,-1,-1,-1
987,68,835.77,315.41,70.30,203.77,0.6328,-1,-1,-1
987,69,919.44,302.36,64.58,205.52,0.6764,-1,-1,-1
987,66,391.36,445.40,70.29,205.56,0.5454,-1,-1,-1
987,72,301.59,458.11,78.43,194.43,0.4664,-1,-1,-1
987,78,810.45,134.60,52.82,173.67,0.1892,-1,-1,-1
987,80,1190.55,666.02,88.05,257.77,0.7519,-1,-1,-1
987,82,1740.23,670.45,90.77,251.85,0.6776,-1,-1,-1
987,85,1667.56,144.37,54.79,155.62,0.3982,-1,-1,-1
987,76,493.92,253.80,67.24,187.10,0.5081,-1,-1,-1
987,86,395.48,257.35,80.55,196.26,0.3740,-1,-1,-1
987,81,1186.78,120.31,56.76,160.69,0.2540,-1,-1,-1
987,87,318.70,265.08,54.96,187.06,0.3695,-1,-1,-1
988,4,1720.20,457.70,74.56,209.73,0.5133,-1,-1,-1
988,60,329.21,840.38,93.40,239.96,0.7764,-1,-1,-1
988,63,912.88,941.31,67.34,138.73,0.7179,-1,-1,-1
988,64,1574.99,585.79,106.21,238.54,0.6247,-1,-1,-1
988,68,835.10,314.70,70.95,204.34,0.6254,-1,-1,-1
988,69,919.20,301.06,65.87,207.32,0.6510,-1,-1,-1
988,66,388.72,442.58,72.45,211.69,0.5703,-1,-1,-1
988,72,300.02,459.39,79.10,194.19,0.4700,-1,-1,-1
988,78,811.71,134.51,51.45,173.67,0.2219,-1,-1,-1
988,80,1189.56,664.49,88.27,258.13,0.7259,-1,-1,-1
988,82,1740.13,669.41,91.09,252.43,0.6803,-1,-1,-1
988,85,1670.27,144.64,53.46,154.83,0.4022,-1,-1,-1
988,76,494.03,255.30,67.79,187.59,0.4962,-1,-1,-1
988,86,397.11,256.83,76.90,197.16,0.4428,-1,-1,-1
988,81,1187.52,120.18,56.64,162.43,0.2730,-1,-1,-1
988,87,315.54,269.50,55.73,183.92,0.3978,-1,-1,-1
989,4,1720.45,458.55,75.21,208.87,0.4903,-1,-1,-1
989,60,328.50,841.97,94.02,238.28,0.7704,-1,-1,-1
989,63,911.94,941.66,66.67,138.37,0.7060,-1,-1,-1
989,64,1575.56,585.01,105.21,239.44,0.6466,-1,-1,-1
989,68,834.78,313.60,70.94,204.12,0.6215,-1,-1,-1
989,69,918.94,300.36,67.05,207.86,0.6218,-1,-1,-1
989,66,388.08,442.93,72.52,216.06,0.6151,-1,-1,-1
989,72,299.17,460.22,78.91,193.90,0.4845,-1,-1,-1
989,78,809.93,134.34,53.28,174.14,0.2117,-1,-1,-1
989,80,1187.89,663.90,88.73,248.76,0.7234,-1,-1,-1
989,82,1740.34,669.55,91.21,252.57,0.6845,-1,-1,-1
989,85,1671.95,145.52,52.93,156.44,0.4347,-1,-1,-1
989,76,494.43,256.78,67.06,187.12,0.4880,-1,-1,-1
989,86,398.13,257.67,73.93,199.07,0.4669,-1,-1,-1
989,81,1188.94,122.67,53.70,165.01,0.3303,-1,-1,-1
989,87,314.20,274.00,55.87,178.20,0.3818,-1,-1,-1
990,4,1721.03,457.94,75.50,208.50,0.5165,-1,-1,-1
990,60,327.91,843.60,94.33,236.57,0.7771,-1,-1,-1
990,63,910.36,941.81,66.77,138.18,0.7077,-1,-1,-1
990,64,1574.67,585.00,105.55,239.43,0.6419,-1,-1,-1
990,68,834.76,312.58,71.08,204.63,0.6356,-1,-1,-1
990,69,919.70,300.07,66.84,207.09,0.6098,-1,-1,-1
990,66,387.98,444.29,72.80,217.60,0.6317,-1,-1,-1
990,72,298.56,460.33,78.53,194.43,0.4839,-1,-1,-1
990,78,808.57,135.79,54.69,172.87,0.2086,-1,-1,-1
990,80,1186.84,663.11,87.45,242.09,0.7090,-1,-1,-1
990,82,1740.40,668.87,90.55,252.97,0.6727,-1,-1,-1
990,85,1673.23,145.42,53.23,158.93,0.4370,-1,-1,-1
990,76,496.70,258.89,64.85,186.30,0.4605,-1,-1,-1
990,86,404.15,260.90,65.22,199.38,0.4407,-1,-1,-1
990,81,1190.88,122.33,51.48,167.27,0.4003,-1,-1,-1
990,87,314.55,275.94,55.13,175.57,0.3133,-1,-1,-1
991,4,1720.12,458.03,77.55,208.64,0.5166,-1,-1,-1
991,60,327.60,845.14,94.14,234.99,0.7794,-1,-1,-1
991,63,909.82,942.64,66.67,137.33,0.7295,-1,-1,-1
991,64,1574.47,585.39,107.10,239.14,0.6630,-1,-1,-1
991,68,835.07,311.78,70.27,203.54,0.6166,-1,-1,-1
991,69,920.14,299.37,66.31,210.30,0.5674,-1,-1,-1
991,66,387.07,445.07,73.25,219.76,0.5915,-1,-1,-1
991,72,298.45,459.44,78.14,194.94,0.4333,-1,-1,-1
991,78,809.61,135.06,54.69,173.90,0.2018,-1,-1,-1
991,80,1186.29,661.19,87.39,250.40,0.7372,-1,-1,-1
991,82,1739.63,668.13,90.45,254.09,0.6913,-1,-1,-1
991,85,1673.74,145.72,54.65,160.93,0.4351,-1,-1,-1
991,76,498.18,260.42,62.86,186.72,0.5422,-1,-1,-1
991,86,402.43,262.44,65.26,201.84,0.4700,-1,-1,-1
991,81,1191.53,119.73,55.10,169.90,0.2971,-1,-1,-1
991,87,314.85,275.05,55.99,177.32,0.3040,-1,-1,-1
992,4,1719.41,457.99,78.98,208.51,0.5464,-1,-1,-1
992,60,327.60,846.72,93.40,233.47,0.7837,-1,-1,-1
992,63,909.00,943.13,66.60,136.87,0.7291,-1,-1,-1
992,64,1574.96,585.04,107.12,239.34,0.6798,-1,-1,-1
992,68,835.12,311.01,69.34,199.05,0.6177,-1,-1,-1
992,69,919.77,299.55,66.74,210.97,0.6110,-1,-1,-1
992,66,385.78,447.78,73.72,219.05,0.6131,-1,-1,-1
992,72,298.98,457.99,78.17,196.30,0.4766,-1,-1,-1
992,78,810.18,134.30,54.27,174.44,0.1959,-1,-1,-1
992,80,1184.39,659.68,87.53,255.77,0.7236,-1,-1,-1
992,82,1739.82,668.41,89.61,254.27,0.6795,-1,-1,-1
992,85,1673.21,146.61,57.25,161.68,0.4457,-1,-1,-1
992,76,497.01,261.81,63.88,187.45,0.5680,-1,-1,-1
992,86,400.62,263.16,67.19,205.18,0.5012,-1,-1,-1
992,81,1191.60,119.38,58.16,172.64,0.3272,-1,-1,-1
992,87,313.70,275.76,56.25,177.26,0.2699,-1,-1,-1
993,4,1719.49,457.39,78.65,209.80,0.5245,-1,-1,-1
993,60,327.53,847.91,92.82,232.18,0.7817,-1,-1,-1
993,63,908.38,943.81,67.15,136.15,0.7399,-1,-1,-1
993,64,1574.84,585.22,107.01,238.94,0.6826,-1,-1,-1
993,68,836.23,310.30,67.60,197.98,0.6130,-1,-1,-1
993,69,921.05,298.89,64.92,211.16,0.5872,-1,-1,-1
993,66,384.02,451.24,74.76,219.00,0.6143,-1,-1,-1
993,72,301.22,460.58,76.75,194.54,0.5125,-1,-1,-1
993,78,810.16,134.01,53.80,174.21,0.1711,-1,-1,-1
993,80,1182.72,658.23,88.08,254.43,0.7073,-1,-1,-1
993,82,1740.07,667.75,90.72,255.29,0.6830,-1,-1,-1
993,85,1672.79,147.64,59.43,163.90,0.3878,-1,-1,-1
993,76,497.26,263.06,63.89,186.68,0.5458,-1,-1,-1
993,86,402.96,265.44,64.12,201.84,0.5005,-1,-1,-1
993,81,1192.17,120.17,60.09,173.96,0.3520,-1,-1,-1
993,87,313.01,277.85,57.13,177.13,0.3270,-1,-1,-1
994,4,1718.93,457.87,79.50,209.52,0.5425,-1,-1,-1
994,60,328.31,849.79,90.92,230.27,0.7848,-1,-1,-1
994,63,906.83,944.01,68.99,135.95,0.7346,-1,-1,-1
994,64,1575.46,585.26,106.06,238.96,0.6777,-1,-1,-1
994,68,838.14,307.97,64.52,199.63,0.6281,-1,-1,-1
994,69,922.04,297.61,65.57,210.52,0.5908,-1,-1,-1
994,66,382.04,453.84,75.68,217.84,0.6202,-1,-1,-1
994,72,303.91,462.50,74.14,194.33,0.5325,-1,-1,-1
994,78,810.76,134.12,53.34,173.77,0.1936,-1,-1,-1
994,80,1181.30,656.11,88.01,258.21,0.7174,-1,-1,-1
994,82,1738.26,669.83,95.52,254.02,0.6772,-1,-1,-1
994,85,1671.06,149.55,62.25,162.99,0.3433,-1,-1,-1
994,76,498.82,264.52,62.97,184.99,0.5246,-1,-1,-1
994,86,402.15,265.96,64.81,203.24,0.5159,-1,-1,-1
994,81,1192.86,121.77,60.60,176.18,0.3024,-1,-1,-1
994,87,314.48,279.60,58.20,174.52,0.3576,-1,-1,-1
995,4,1719.19,458.12,79.43,208.98,0.5495,-1,-1,-1
995,60,329.01,852.24,90.49,227.85,0.7779,-1,-1,-1
995,63,906.40,944.61,69.17,135.37,0.7333,-1,-1,-1
995,64,1576.34,586.06,104.63,238.11,0.6637,-1,-1,-1
995,68,839.31,306.17,63.04,197.32,0.5838,-1,-1,-1
995,69,921.92,295.73,66.28,210.53,0.5861,-1,-1,-1
995,66,381.58,455.39,75.30,217.92,0.6162,-1,-1,-1
995,72,305.20,463.40,72.65,196.48,0.5614,-1,-1,-1
995,78,809.25,133.91,54.94,174.14,0.1729,-1,-1,-1
995,80,1178.34,654.24,87.09,254.36,0.7372,-1,-1,-1
995,82,1737.90,670.16,96.58,254.43,0.6799,-1,-1,-1
995,85,1669.90,152.23,64.81,162.06,0.3464,-1,-1,-1
995,76,499.62,265.80,62.61,184.35,0.4957,-1,-1,-1
995,86,402.37,265.88,63.86,206.38,0.5075,-1,-1,-1
995,81,1191.58,122.42,61.44,177.80,0.2483,-1,-1,-1
995,87,313.47,279.83,58.86,177.51,0.3526,-1,-1,-1
996,4,1719.82,458.36,78.55,208.31,0.5565,-1,-1,-1
996,60,329.35,853.70,90.32,226.34,0.7834,-1,-1,-1
996,63,906.50,945.17,68.33,134.80,0.7316,-1,-1,-1
996,64,1576.14,586.01,104.32,238.05,0.6564,-1,-1,-1
996,68,840.12,304.39,62.24,195.85,0.6335,-1,-1,-1
996,69,922.08,293.95,67.94,210.00,0.5693,-1,-1,-1
996,66,380.52,456.35,75.84,217.39,0.6265,-1,-1,-1
996,72,306.93,463.51,70.37,202.14,0.5758,-1,-1,-1
996,78,808.42,133.57,56.15,175.12,0.1927,-1,-1,-1
996,80,1177.19,651.68,86.12,257.12,0.7637,-1,-1,-1
996,82,1739.50,670.05,92.53,253.26,0.6786,-1,-1,-1
996,85,1670.27,153.75,64.66,163.65,0.3364,-1,-1,-1
996,76,499.88,265.94,63.09,184.95,0.4850,-1,-1,-1
996,86,402.74,267.78,62.95,207.88,0.5282,-1,-1,-1
996,81,1192.19,126.54,61.18,176.17,0.2232,-1,-1,-1
996,87,312.28,279.34,58.33,178.53,0.3618,-1,-1,-1
997,4,1720.08,458.15,78.66,208.61,0.5356,-1,-1,-1
997,60,329.15,856.75,91.12,223.22,0.7795,-1,-1,-1
997,63,906.01,945.50,68.59,134.42,0.7350,-1,-1,-1
997,64,1576.28,586.39,103.50,237.49,0.6558,-1,-1,-1
997,68,841.32,302.38,60.68,194.94,0.6103,-1,-1,-1
997,69,922.67,291.37,66.49,210.99,0.5854,-1,-1,-1
997,66,380.65,457.01,76.00,216.95,0.6300,-1,-1,-1
997,72,307.42,464.71,70.19,204.20,0.5935,-1,-1,-1
997,78,808.78,133.69,55.63,174.82,0.2167,-1,-1,-1
997,80,1176.03,648.41,84.78,256.82,0.7591,-1,-1,-1
997,82,1740.71,670.27,89.64,252.23,0.6760,-1,-1,-1
997,85,1670.12,155.86,65.71,162.93,0.3438,-1,-1,-1
997,76,502.32,264.80,61.61,185.59,0.5051,-1,-1,-1
997,86,401.41,267.46,63.59,209.09,0.4739,-1,-1,-1
997,81,1193.05,127.01,62.82,179.17,0.2317,-1,-1,-1
997,87,311.11,278.62,57.88,182.38,0.3518,-1,-1,-1
998,4,1721.22,458.29,77.29,208.91,0.5770,-1,-1,-1
998,60,329.32,860.05,91.14,219.97,0.7689,-1,-1,-1
998,63,905.30,945.65,69.04,134.32,0.7315,-1,-1,-1
998,64,1576.51,586.56,103.83,237.79,0.6740,-1,-1,-1
998,68,842.21,299.30,60.69,195.95,0.5725,-1,-1,-1
998,69,923.01,288.96,66.88,210.66,0.5797,-1,-1,-1
998,66,379.97,457.74,77.51,216.56,0.5858,-1,-1,-1
998,72,307.51,467.78,70.73,203.24,0.5813,-1,-1,-1
998,78,809.20,133.81,55.19,174.83,0.2290,-1,-1,-1
998,80,1175.71,643.41,83.77,256.68,0.7625,-1,-1,-1
998,82,1741.19,670.06,88.33,254.04,0.6840,-1,-1,-1
998,85,1670.06,158.86,66.59,160.35,0.4053,-1,-1,-1
998,76,503.64,264.59,61.03,186.07,0.5319,-1,-1,-1
998,86,400.55,268.73,63.39,207.58,0.4004,-1,-1,-1
998,81,1193.72,130.73,64.73,177.27,0.2686,-1,-1,-1
998,87,311.12,279.08,58.88,182.86,0.3910,-1,-1,-1
999,4,1721.14,458.19,76.93,209.28,0.5488,-1,-1,-1
999,60,329.70,863.82,91.44,216.27,0.7804,-1,-1,-1
999,63,905.19,945.99,68.96,134.00,0.7228,-1,-1,-1
999,64,1577.71,586.72,102.83,237.31,0.6479,-1,-1,-1
999,68,842.91,296.93,60.46,197.06,0.5640,-1,-1,-1
999,69,923.85,286.61,68.54,210.69,0.5777,-1,-1,-1
999,66,379.04,457.80,79.20,216.75,0.5334,-1,-1,-1
999,72,307.81,467.90,70.48,205.29,0.5904,-1,-1,-1
999,78,809.66,133.89,54.91,174.67,0.1903,-1,-1,-1
999,80,1175.46,639.33,82.75,255.17,0.7533,-1,-1,-1
999,82,1741.38,669.48,88.48,254.25,0.6789,-1,-1,-1
999,85,1671.09,161.41,65.87,160.45,0.4195,-1,-1,-1
999,76,503.92,264.69,61.30,185.86,0.5097,-1,-1,-1
999,86,401.12,269.80,62.15,205.91,0.4262,-1,-1,-1
999,81,1195.04,132.51,65.21,179.86,0.2263,-1,-1,-1
999,87,310.23,278.02,59.80,186.50,0.2928,-1,-1,-1
1000,4,1721.38,457.81,75.95,209.63,0.5487,-1,-1,-1
1000,60,330.32,867.26,91.33,212.81,0.7950,-1,-1,-1
1000,63,905.33,946.24,68.51,133.78,0.7310,-1,-1,-1
1000,64,1577.23,586.35,102.51,237.73,0.6533,-1,-1,-1
1000,68,843.07,295.18,60.62,199.53,0.5321,-1,-1,-1
1000,69,925.29,284.69,66.56,207.41,0.5489,-1,-1,-1
1000,66,377.60,458.08,82.26,216.81,0.5380,-1,-1,-1
1000,72,307.26,470.24,71.20,204.24,0.6246,-1,-1,-1
1000,78,810.09,133.47,54.69,175.25,0.1772,-1,-1,-1
1000,80,1174.20,636.84,83.91,253.45,0.7517,-1,-1,-1
1000,82,1741.90,671.27,88.64,252.70,0.6621,-1,-1,-1
1000,85,1672.62,163.06,64.12,161.41,0.3707,-1,-1,-1
1000,76,503.85,264.88,61.70,185.85,0.4704,-1,-1,-1
1000,86,400.50,269.74,64.79,207.24,0.3392,-1,-1,-1
1000,81,1197.57,132.94,65.36,183.43,0.2382,-1,-1,-1
1000,87,309.74,279.32,59.69,186.61,0.3016,-1,-1,-1
1001,4,1720.85,458.42,75.58,209.23,0.5611,-1,-1,-1
1001,60,332.09,870.11,90.90,209.89,0.7964,-1,-1,-1
1001,63,905.09,946.62,68.93,133.39,0.7319,-1,-1,-1
1001,64,1575.30,586.27,104.46,237.79,0.6567,-1,-1,-1
1001,68,843.49,294.28,60.29,200.61,0.5514,-1,-1,-1
1001,69,926.23,283.05,65.80,203.74,0.5581,-1,-1,-1
1001,66,377.04,458.17,81.58,216.66,0.5258,-1,-1,-1
1001,72,306.82,471.81,72.09,202.77,0.5714,-1,-1,-1
1001,78,811.37,133.64,53.49,174.74,0.1557,-1,-1,-1
1001,80,1174.45,634.66,84.13,253.88,0.7634,-1,-1,-1
1001,82,1741.88,669.16,86.89,254.90,0.6403,-1,-1,-1
1001,85,1673.80,164.22,62.43,161.22,0.3793,-1,-1,-1
1001,76,503.56,266.69,61.81,186.23,0.4802,-1,-1,-1
1001,86,399.53,269.81,67.06,206.44,0.3874,-1,-1,-1
1001,81,1199.66,136.72,64.73,176.69,0.2690,-1,-1,-1
1001,87,308.63,280.15,60.38,186.41,0.3203,-1,-1,-1
1002,4,1721.01,458.29,74.41,210.02,0.5530,-1,-1,-1
1002,60,333.87,873.40,90.77,206.68,0.7897,-1,-1,-1
1002,63,904.23,946.83,69.47,133.20,0.7414,-1,-1,-1
1002,64,1573.76,586.63,106.37,237.59,0.6618,-1,-1,-1
1002,68,843.38,293.89,60.11,202.41,0.5458,-1,-1,-1
1002,69,927.19,281.89,63.59,203.46,0.5644,-1,-1,-1
1002,66,378.20,458.53,80.99,216.28,0.5524,-1,-1,-1
1002,72,305.42,475.46,73.64,199.59,0.5344,-1,-1,-1
1002,78,811.39,133.85,53.12,174.51,0.1559,-1,-1,-1
1002,80,1174.92,632.74,84.02,255.65,0.7693,-1,-1,-1
1002,82,1742.77,670.72,84.23,253.61,0.6523,-1,-1,-1
1002,85,1674.66,164.59,61.40,160.88,0.3230,-1,-1,-1
1002,76,502.72,268.04,62.71,187.63,0.5043,-1,-1,-1
1002,86,398.16,264.59,69.04,210.23,0.2999,-1,-1,-1
1002,81,1200.72,132.68,66.02,182.50,0.1951,-1,-1,-1
1002,87,306.95,280.63,62.33,188.04,0.3098,-1,-1,-1
1003,4,1720.81,459.32,73.56,209.45,0.5568,-1,-1,-1
1003,60,335.91,875.92,89.58,204.14,0.7922,-1,-1,-1
1003,63,904.82,947.46,68.81,132.56,0.7487,-1,-1,-1
1003,64,1573.86,587.69,106.71,236.44,0.6750,-1,-1,-1
1003,68,843.22,293.44,60.47,202.91,0.5564,-1,-1,-1
1003,69,927.16,279.98,64.38,202.88,0.5803,-1,-1,-1
1003,66,378.67,459.36,79.75,215.84,0.5890,-1,-1,-1
1003,72,303.62,474.53,75.73,200.38,0.5408,-1,-1,-1
1003,78,811.07,134.47,53.58,174.17,0.1726,-1,-1,-1
1003,80,1174.22,629.89,84.22,258.69,0.7758,-1,-1,-1
1003,82,1743.77,672.68,84.52,252.52,0.6629,-1,-1,-1
1003,85,1676.18,164.18,59.83,161.41,0.3412,-1,-1,-1
1003,76,501.50,269.72,64.26,190.20,0.5758,-1,-1,-1
1003,86,397.56,263.78,70.62,211.86,0.3293,-1,-1,-1
1003,81,1202.29,122.48,66.05,193.13,0.2259,-1,-1,-1
1003,87,306.81,281.47,63.29,187.92,0.3866,-1,-1,-1
1004,4,1719.91,458.68,74.23,210.34,0.5257,-1,-1,-1
1004,60,338.01,878.01,89.27,201.98,0.7992,-1,-1,-1
1004,63,904.48,947.66,68.91,132.32,0.7351,-1,-1,-1
1004,64,1574.03,587.82,106.68,236.45,0.6683,-1,-1,-1
1004,68,844.31,293.43,58.35,204.71,0.5931,-1,-1,-1
1004,69,927.01,279.92,63.58,202.32,0.6023,-1,-1,-1
1004,66,379.19,458.69,79.70,218.39,0.6279,-1,-1,-1
1004,72,302.08,474.13,76.05,199.70,0.4463,-1,-1,-1
1004,78,811.69,134.34,52.90,174.21,0.1616,-1,-1,-1
1004,80,1172.77,629.27,85.02,258.38,0.7752,-1,-1,-1
1004,82,1744.26,673.06,85.67,253.48,0.6368,-1,-1,-1
1004,85,1678.37,164.37,58.39,161.85,0.3167,-1,-1,-1
1004,76,501.53,271.76,64.20,190.59,0.5793,-1,-1,-1
1004,81,1204.27,102.62,67.16,211.56,0.2214,-1,-1,-1
1004,87,306.32,283.45,63.59,185.10,0.4082,-1,-1,-1
1005,4,1720.03,458.20,73.60,211.64,0.5426,-1,-1,-1
1005,60,340.34,879.23,88.90,200.72,0.8004,-1,-1,-1
1005,63,904.17,947.80,69.15,132.16,0.7349,-1,-1,-1
1005,64,1574.52,587.75,106.48,236.81,0.6476,-1,-1,-1
1005,68,844.62,293.26,57.57,205.03,0.6139,-1,-1,-1
1005,69,927.70,279.11,63.18,202.45,0.6230,-1,-1,-1
1005,66,379.62,459.42,79.43,221.21,0.5917,-1,-1,-1
1005,72,313.56,480.58,65.36,191.82,0.4012,-1,-1,-1
1005,78,810.74,134.57,53.79,174.23,0.1992,-1,-1,-1
1005,80,1171.25,627.97,85.41,259.65,0.7779,-1,-1,-1
1005,82,1744.55,673.69,86.98,253.62,0.6364,-1,-1,-1
1005,85,1678.78,165.17,58.81,159.71,0.3722,-1,-1,-1
1005,76,500.67,274.27,64.55,188.56,0.6124,-1,-1,-1
1005,81,1206.40,93.60,67.71,222.18,0.2689,-1,-1,-1
1005,87,305.70,285.38,63.90,184.53,0.4617,-1,-1,-1
1005,88,599.34,548.02,77.61,243.16,0.4584,-1,-1,-1
1006,4,1719.62,457.98,73.79,211.15,0.5257,-1,-1,-1
1006,60,342.05,881.22,89.45,198.91,0.8021,-1,-1,-1
1006,63,904.52,948.81,68.69,131.25,0.7280,-1,-1,-1
1006,64,1574.52,588.46,106.51,236.12,0.6680,-1,-1,-1
1006,68,844.29,292.29,58.56,203.95,0.6564,-1,-1,-1
1006,69,928.71,278.79,62.19,202.12,0.5953,-1,-1,-1
1006,66,380.82,460.53,78.77,222.12,0.5395,-1,-1,-1
1006,72,319.04,483.12,60.32,188.16,0.4032,-1,-1,-1
1006,78,810.66,135.44,53.88,173.26,0.1705,-1,-1,-1
1006,80,1169.41,627.34,86.87,260.91,0.7659,-1,-1,-1
1006,82,1745.37,671.94,87.73,254.30,0.5953,-1,-1,-1
1006,85,1679.91,165.76,59.21,158.42,0.3658,-1,-1,-1
1006,76,501.72,276.80,62.97,187.29,0.5684,-1,-1,-1
1006,81,1208.69,90.67,66.75,224.48,0.2705,-1,-1,-1
1006,87,306.95,288.18,62.93,184.71,0.4341,-1,-1,-1
1006,88,598.41,547.65,78.82,244.24,0.4770,-1,-1,-1
1007,4,1719.22,458.30,75.12,210.94,0.5489,-1,-1,-1
1007,60,343.56,882.87,90.56,197.19,0.8143,-1,-1,-1
1007,63,904.76,948.91,68.10,131.13,0.7241,-1,-1,-1
1007,64,1575.17,589.57,105.38,234.85,0.6649,-1,-1,-1
1007,68,844.29,291.16,59.06,202.38,0.6935,-1,-1,-1
1007,69,930.59,275.87,59.54,204.98,0.6569,-1,-1,-1
1007,66,383.55,464.81,79.30,224.73,0.5612,-1,-1,-1
1007,72,320.16,483.02,59.82,187.97,0.4472,-1,-1,-1
1007,78,811.77,135.87,52.72,173.48,0.2061,-1,-1,-1
1007,80,1167.55,627.45,87.93,259.59,0.7634,-1,-1,-1
1007,82,1746.22,670.98,88.56,256.66,0.6236,-1,-1,-1
1007,85,1682.80,166.14,57.44,157.89,0.3578,-1,-1,-1
1007,76,502.13,279.31,62.59,187.66,0.6002,-1,-1,-1
1007,81,1210.99,88.39,65.56,226.15,0.2516,-1,-1,-1
1007,87,306.63,290.70,63.18,185.60,0.4829,-1,-1,-1
1007,88,597.95,547.90,79.23,243.81,0.4774,-1,-1,-1
1008,4,1718.97,458.38,75.36,211.22,0.5504,-1,-1,-1
1008,60,344.83,883.95,91.73,196.08,0.8084,-1,-1,-1
1008,63,904.70,949.25,68.05,130.77,0.7353,-1,-1,-1
1008,64,1575.31,589.03,105.52,235.76,0.6723,-1,-1,-1
1008,68,844.65,289.01,59.13,202.08,0.6846,-1,-1,-1
1008,69,931.47,274.08,58.10,207.18,0.6631,-1,-1,-1
1008,66,382.73,464.48,79.34,224.17,0.5747,-1,-1,-1
1008,72,319.53,483.78,61.25,188.79,0.4977,-1,-1,-1
1008,78,810.95,135.46,53.25,173.82,0.1851,-1,-1,-1
1008,80,1165.60,626.42,87.62,259.63,0.7602,-1,-1,-1
1008,82,1746.35,672.24,88.42,255.94,0.5958,-1,-1,-1
1008,85,1685.16,166.23,56.10,157.46,0.3616,-1,-1,-1
1008,76,501.03,280.77,63.32,188.91,0.5672,-1,-1,-1
1008,81,1211.44,87.90,68.13,228.15,0.2542,-1,-1,-1
1008,87,305.83,292.10,63.75,186.48,0.4914,-1,-1,-1
1008,88,597.24,548.14,79.84,244.04,0.5273,-1,-1,-1
1009,4,1719.43,458.17,76.46,211.98,0.5569,-1,-1,-1
1009,60,345.50,886.15,94.87,193.87,0.8106,-1,-1,-1
1009,63,904.77,949.73,67.88,130.27,0.7388,-1,-1,-1
1009,64,1575.37,589.29,105.85,235.65,0.6876,-1,-1,-1
1009,68,844.73,287.80,59.60,198.05,0.6420,-1,-1,-1
1009,69,930.03,276.08,59.69,205.24,0.6116,-1,-1,-1
1009,66,381.74,465.64,81.32,224.64,0.5716,-1,-1,-1
1009,72,318.85,484.42,62.48,189.42,0.4907,-1,-1,-1
1009,78,810.14,135.14,53.76,173.80,0.1804,-1,-1,-1
1009,80,1161.66,624.86,87.39,260.03,0.7598,-1,-1,-1
1009,82,1745.57,672.00,89.89,253.82,0.5846,-1,-1,-1
1009,85,1686.90,167.16,55.13,158.26,0.3437,-1,-1,-1
1009,76,501.29,280.55,62.24,190.51,0.5672,-1,-1,-1
1009,81,1213.83,89.14,71.21,229.22,0.2201,-1,-1,-1
1009,87,305.28,293.95,63.19,183.63,0.4540,-1,-1,-1
1009,88,594.28,548.06,82.77,244.41,0.5680,-1,-1,-1
1010,4,1718.92,457.86,78.01,212.26,0.5379,-1,-1,-1
1010,60,346.42,888.04,96.05,191.99,0.8098,-1,-1,-1
1010,63,904.46,949.76,68.50,130.25,0.7316,-1,-1,-1
1010,64,1575.48,589.13,105.71,235.20,0.6760,-1,-1,-1
1010,68,844.50,285.67,60.17,197.62,0.6319,-1,-1,-1
1010,69,929.79,276.16,60.50,206.04,0.6285,-1,-1,-1
1010,66,381.17,467.02,82.06,226.27,0.5132,-1,-1,-1
1010,72,317.70,484.47,63.79,191.43,0.4839,-1,-1,-1
1010,78,810.69,135.37,52.96,172.86,0.1600,-1,-1,-1
1010,80,1158.54,623.28,88.81,259.16,0.7590,-1,-1,-1
1010,82,1743.96,671.27,92.68,251.62,0.5455,-1,-1,-1
1010,85,1688.45,167.47,54.87,158.68,0.3132,-1,-1,-1
1010,76,501.47,282.48,61.02,189.88,0.5172,-1,-1,-1
1010,87,305.28,294.62,61.96,182.57,0.4089,-1,-1,-1
1010,88,592.53,549.45,84.65,243.01,0.5756,-1,-1,-1
1011,4,1718.19,457.12,78.89,213.02,0.5521,-1,-1,-1
1011,60,348.02,890.29,96.70,189.66,0.8001,-1,-1,-1
1011,63,904.21,949.74,68.47,130.24,0.7364,-1,-1,-1
1011,64,1575.15,589.92,105.40,234.76,0.6665,-1,-1,-1
1011,68,845.08,283.09,60.66,195.46,0.5818,-1,-1,-1
1011,69,929.03,276.06,61.74,205.48,0.6177,-1,-1,-1
1011,66,380.33,467.83,82.74,227.95,0.4550,-1,-1,-1
1011,72,316.67,484.91,64.45,194.48,0.4336,-1,-1,-1
1011,80,1156.55,621.44,89.75,259.87,0.7503,-1,-1,-1
1011,82,1739.75,671.80,97.43,251.27,0.4296,-1,-1,-1
1011,85,1689.12,168.90,55.01,158.51,0.3300,-1,-1,-1
1011,76,501.45,282.86,60.06,190.59,0.4515,-1,-1,-1
1011,87,306.08,295.78,59.86,183.42,0.3646,-1,-1,-1
1011,88,591.77,549.19,85.72,243.29,0.5554,-1,-1,-1
1012,4,1718.01,456.52,79.01,213.17,0.5416,-1,-1,-1
1012,60,348.64,892.93,99.14,187.05,0.8093,-1,-1,-1
1012,63,903.88,949.57,69.26,130.41,0.7306,-1,-1,-1
1012,64,1574.52,588.84,105.93,235.85,0.6592,-1,-1,-1
1012,68,845.02,281.45,60.04,194.37,0.5905,-1,-1,-1
1012,69,930.19,274.23,61.20,205.74,0.5724,-1,-1,-1
1012,66,380.26,469.41,81.61,227.58,0.4323,-1,-1,-1
1012,72,315.93,486.10,65.50,199.41,0.4081,-1,-1,-1
1012,80,1154.57,618.90,90.00,260.76,0.7543,-1,-1,-1
1012,82,1737.05,674.59,99.79,251.11,0.4112,-1,-1,-1
1012,85,1689.20,170.38,56.06,157.79,0.3013,-1,-1,-1
1012,76,500.01,283.90,60.97,189.03,0.4223,-1,-1,-1
1012,87,305.88,296.67,58.63,183.60,0.3181,-1,-1,-1
1012,88,590.30,550.02,87.21,242.84,0.5632,-1,-1,-1
1013,4,1717.43,456.26,79.85,213.06,0.5710,-1,-1,-1
1013,60,349.74,895.61,100.53,184.37,0.8034,-1,-1,-1
1013,63,903.84,949.36,69.03,130.62,0.7070,-1,-1,-1
1013,64,1574.78,589.38,106.03,235.32,0.6643,-1,-1,-1
1013,68,845.39,279.83,59.39,195.93,0.6108,-1,-1,-1
1013,69,930.16,272.32,61.39,206.24,0.5832,-1,-1,-1
1013,66,380.32,471.08,81.26,227.09,0.4638,-1,-1,-1
1013,72,314.68,487.16,66.02,204.62,0.3969,-1,-1,-1
1013,80,1154.19,616.59,88.92,259.21,0.7502,-1,-1,-1
1013,82,1733.74,673.67,104.09,253.60,0.3509,-1,-1,-1
1013,85,1690.50,171.53,56.01,157.54,0.2712,-1,-1,-1
1013,76,497.94,284.33,62.04,188.40,0.4210,-1,-1,-1
1013,87,302.03,297.67,61.63,186.68,0.3834,-1,-1,-1
1013,88,589.22,550.57,88.39,242.71,0.6113,-1,-1,-1
1013,86,384.52,277.24,74.49,203.03,0.3615,-1,-1,-1
1014,4,1717.30,456.23,80.61,212.82,0.5492,-1,-1,-1
1014,60,350.34,897.67,101.66,182.32,0.8028,-1,-1,-1
1014,63,904.30,948.96,69.08,131.03,0.7122,-1,-1,-1
1014,64,1573.39,588.04,106.68,236.35,0.6495,-1,-1,-1
1014,68,843.92,278.49,60.30,197.10,0.5995,-1,-1,-1
1014,69,929.91,270.90,60.88,201.34,0.5361,-1,-1,-1
1014,66,380.99,473.02,78.27,226.68,0.4531,-1,-1,-1
1014,72,300.57,488.76,78.27,206.92,0.4490,-1,-1,-1
1014,80,1153.10,613.56,88.44,260.02,0.7437,-1,-1,-1
1014,82,1725.52,671.28,111.53,255.82,0.4744,-1,-1,-1
1014,85,1692.29,172.98,55.20,157.62,0.2757,-1,-1,-1
1014,76,495.88,285.27,63.96,188.02,0.4462,-1,-1,-1
1014,87,302.42,298.12,60.71,185.43,0.3517,-1,-1,-1
1014,88,588.23,551.05,88.50,242.65,0.5939,-1,-1,-1
1014,86,383.47,276.44,76.09,201.55,0.2680,-1,-1,-1
1015,4,1717.19,456.03,81.46,212.83,0.5460,-1,-1,-1
1015,60,351.38,900.53,101.54,179.47,0.7934,-1,-1,-1
1015,63,903.85,949.21,69.35,130.82,0.7081,-1,-1,-1
1015,64,1573.48,588.90,107.02,235.96,0.6604,-1,-1,-1
1015,68,842.66,275.41,61.74,201.47,0.5942,-1,-1,-1
1015,69,929.82,270.15,59.41,200.79,0.5478,-1,-1,-1
1015,66,380.66,474.09,79.66,226.49,0.5080,-1,-1,-1
1015,72,295.30,491.51,81.37,207.45,0.4845,-1,-1,-1
1015,80,1153.79,611.41,84.94,256.37,0.7575,-1,-1,-1
1015,82,1721.20,671.05,115.77,257.39,0.4077,-1,-1,-1
1015,85,1693.93,174.96,53.65,155.60,0.2921,-1,-1,-1
1015,76,496.37,286.27,63.06,188.05,0.4477,-1,-1,-1
1015,87,300.21,299.61,62.38,185.06,0.3008,-1,-1,-1
1015,88,588.17,551.74,87.12,241.67,0.5567,-1,-1,-1
1015,86,381.99,279.77,84.30,195.67,0.2238,-1,-1,-1
1016,4,1716.97,456.11,81.88,212.25,0.5180,-1,-1,-1
1016,60,352.08,903.45,102.33,176.45,0.8084,-1,-1,-1
1016,63,903.91,948.85,68.56,131.20,0.7222,-1,-1,-1
1016,64,1573.34,588.19,107.01,236.78,0.6535,-1,-1,-1
1016,68,842.64,275.86,61.89,199.72,0.5848,-1,-1,-1
1016,69,929.77,268.86,58.46,198.46,0.5464,-1,-1,-1
1016,66,379.74,476.91,78.82,225.22,0.5186,-1,-1,-1
1016,72,293.50,494.92,81.40,206.23,0.4959,-1,-1,-1
1016,80,1153.40,607.92,83.52,251.19,0.7733,-1,-1,-1
1016,82,1717.73,669.14,118.63,259.53,0.3897,-1,-1,-1
1016,85,1695.32,176.66,53.20,155.77,0.3258,-1,-1,-1
1016,76,495.88,286.53,62.89,188.15,0.4503,-1,-1,-1
1016,87,298.03,299.62,64.36,188.44,0.3601,-1,-1,-1
1016,88,587.12,551.34,87.14,242.32,0.5575,-1,-1,-1
1016,86,381.46,283.01,82.58,192.03,0.1716,-1,-1,-1
1017,4,1716.98,456.62,81.82,212.73,0.4717,-1,-1,-1
1017,60,353.15,907.03,102.21,172.22,0.8148,-1,-1,-1
1017,63,903.82,948.72,68.36,131.27,0.7081,-1,-1,-1
1017,64,1573.49,588.30,106.06,236.97,0.6687,-1,-1,-1
1017,68,843.55,275.98,61.68,199.81,0.5928,-1,-1,-1
1017,69,929.52,266.34,58.79,197.31,0.5280,-1,-1,-1
1017,66,379.25,478.87,78.27,223.65,0.4748,-1,-1,-1
1017,72,291.72,502.10,82.01,201.63,0.4688,-1,-1,-1
1017,80,1152.37,604.29,82.98,247.21,0.7650,-1,-1,-1
1017,82,1720.38,673.81,112.21,255.22,0.4352,-1,-1,-1
1017,85,1695.36,178.01,55.17,158.50,0.3135,-1,-1,-1
1017,76,494.40,287.19,64.17,188.60,0.4713,-1,-1,-1
1017,87,296.84,299.41,65.69,190.28,0.3539,-1,-1,-1
1017,88,587.05,551.72,84.89,240.18,0.5837,-1,-1,-1
1017,86,381.57,282.35,77.96,176.36,0.1707,-1,-1,-1
1018,4,1716.41,457.36,82.94,210.75,0.4676,-1,-1,-1
1018,60,353.89,910.83,102.91,168.00,0.8029,-1,-1,-1
1018,63,904.06,948.56,67.88,131.40,0.7167,-1,-1,-1
1018,64,1573.59,590.24,104.98,234.98,0.6462,-1,-1,-1
1018,68,843.42,275.69,62.08,200.74,0.5860,-1,-1,-1
1018,69,929.82,262.95,60.03,199.17,0.5211,-1,-1,-1
1018,66,379.61,480.00,76.91,220.84,0.5377,-1,-1,-1
1018,72,289.95,506.31,83.35,199.95,0.4977,-1,-1,-1
1018,80,1152.40,601.15,81.29,246.92,0.7484,-1,-1,-1
1018,82,1721.72,678.42,105.55,248.88,0.4470,-1,-1,-1
1018,85,1698.65,178.26,54.41,159.18,0.3383,-1,-1,-1
1018,76,493.74,288.31,64.33,190.19,0.4835,-1,-1,-1
1018,87,296.53,299.49,65.27,190.14,0.3589,-1,-1,-1
1018,88,586.54,551.70,84.13,239.45,0.5342,-1,-1,-1
1018,86,381.38,282.03,80.83,189.29,0.1697,-1,-1,-1
1019,4,1716.25,457.43,83.20,209.98,0.4869,-1,-1,-1
1019,60,354.30,914.27,102.98,164.24,0.8015,-1,-1,-1
1019,63,903.39,948.33,67.76,131.65,0.7166,-1,-1,-1
1019,64,1573.60,590.46,104.34,235.20,0.6635,-1,-1,-1
1019,68,843.26,273.58,61.93,202.60,0.5805,-1,-1,-1
1019,69,927.57,260.71,63.72,200.13,0.5772,-1,-1,-1
1019,66,379.68,481.90,76.59,217.44,0.5530,-1,-1,-1
1019,72,288.68,508.51,83.63,199.09,0.5361,-1,-1,-1
1019,80,1152.19,598.79,81.01,247.02,0.7361,-1,-1,-1
1019,82,1721.29,677.61,100.51,247.55,0.4617,-1,-1,-1
1019,85,1700.85,177.63,54.23,160.52,0.3700,-1,-1,-1
1019,76,493.18,288.98,65.07,193.67,0.4641,-1,-1,-1
1019,87,294.98,299.36,65.03,190.86,0.3833,-1,-1,-1
1019,88,586.64,551.16,83.96,241.05,0.4867,-1,-1,-1
1020,4,1717.44,455.56,81.86,206.35,0.4871,-1,-1,-1
1020,60,354.89,917.11,102.94,161.61,0.8049,-1,-1,-1
1020,63,903.36,947.65,67.76,132.27,0.7095,-1,-1,-1
1020,64,1574.56,589.74,103.74,236.10,0.6435,-1,-1,-1
1020,68,843.40,274.63,62.06,200.63,0.5935,-1,-1,-1
1020,69,925.38,259.72,65.88,199.15,0.5336,-1,-1,-1
1020,66,379.53,483.01,77.06,215.47,0.5439,-1,-1,-1
1020,72,287.26,509.14,83.77,198.07,0.4308,-1,-1,-1
1020,80,1150.54,596.19,82.60,248.90,0.7271,-1,-1,-1
1020,82,1720.30,673.96,97.66,250.92,0.4653,-1,-1,-1
1020,85,1702.81,177.65,53.35,161.28,0.4362,-1,-1,-1
1020,76,493.52,291.33,65.08,193.07,0.4691,-1,-1,-1
1020,87,294.16,299.01,64.78,190.95,0.4001,-1,-1,-1
1020,88,585.23,551.43,84.82,240.45,0.5327,-1,-1,-1
1021,4,1718.22,454.85,81.31,203.70,0.5035,-1,-1,-1
1021,60,356.12,918.65,101.82,159.97,0.8075,-1,-1,-1
1021,63,902.55,946.21,68.46,133.68,0.7017,-1,-1,-1
1021,64,1574.79,589.51,103.45,237.00,0.6529,-1,-1,-1
1021,68,843.55,274.28,61.99,200.11,0.6060,-1,-1,-1
1021,69,925.88,258.19,65.95,196.97,0.5383,-1,-1,-1
1021,66,378.83,484.53,78.31,215.43,0.5572,-1,-1,-1
1021,72,284.58,508.07,87.09,198.75,0.5319,-1,-1,-1
1021,80,1148.44,593.66,83.52,250.52,0.7217,-1,-1,-1
1021,82,1716.95,672.93,94.00,250.57,0.5406,-1,-1,-1
1021,85,1703.70,178.26,53.89,161.51,0.4319,-1,-1,-1
1021,76,492.50,293.90,66.06,190.93,0.4920,-1,-1,-1
1021,87,292.70,299.56,65.93,192.76,0.4332,-1,-1,-1
1021,88,584.09,550.80,85.89,240.34,0.5173,-1,-1,-1
1022,4,1718.56,454.62,80.73,199.78,0.5126,-1,-1,-1
1022,60,357.94,920.46,100.06,158.30,0.8164,-1,-1,-1
1022,63,902.67,946.27,67.78,133.47,0.7123,-1,-1,-1
1022,64,1576.12,589.22,101.99,237.38,0.6496,-1,-1,-1
1022,68,843.58,273.28,61.87,199.39,0.6095,-1,-1,-1
1022,69,925.44,257.87,66.72,196.98,0.5725,-1,-1,-1
1022,66,378.28,485.52,79.93,222.53,0.5689,-1,-1,-1
1022,72,299.31,509.22,72.42,196.24,0.4175,-1,-1,-1
1022,80,1147.45,592.63,85.03,251.87,0.7302,-1,-1,-1
1022,82,1714.90,672.17,92.50,248.40,0.5992,-1,-1,-1
1022,85,1703.30,178.33,56.20,162.79,0.4390,-1,-1,-1
1022,76,492.31,295.99,66.20,189.15,0.4947,-1,-1,-1
1022,87,292.18,299.73,65.61,193.51,0.4441,-1,-1,-1
1022,88,583.48,550.10,85.56,240.62,0.5296,-1,-1,-1
1022,86,376.43,294.94,74.03,194.29,0.3472,-1,-1,-1
1023,4,1718.97,454.92,80.75,195.18,0.5304,-1,-1,-1
1023,60,358.62,922.71,99.34,156.09,0.8095,-1,-1,-1
1023,63,902.66,945.97,67.19,133.76,0.7108,-1,-1,-1
1023,64,1575.17,588.21,103.09,238.69,0.5952,-1,-1,-1
1023,68,843.42,273.22,61.76,196.14,0.5967,-1,-1,-1
1023,69,926.31,257.21,65.71,198.60,0.5375,-1,-1,-1
1023,66,378.16,486.15,80.58,227.42,0.5629,-1,-1,-1
1023,72,290.78,506.33,80.30,199.69,0.4446,-1,-1,-1
1023,80,1147.34,590.88,84.89,254.02,0.7127,-1,-1,-1
1023,82,1713.05,673.87,92.49,246.34,0.6408,-1,-1,-1
1023,85,1702.82,178.83,57.87,164.91,0.4239,-1,-1,-1
1023,76,491.62,297.79,66.85,191.02,0.5014,-1,-1,-1
1023,87,290.45,300.62,66.39,192.58,0.4702,-1,-1,-1
1023,88,583.14,550.12,84.45,239.87,0.4699,-1,-1,-1
1023,86,375.97,297.37,71.12,196.30,0.3459,-1,-1,-1
1024,4,1719.17,454.69,79.80,191.96,0.5642,-1,-1,-1
1024,60,359.20,924.84,99.11,154.12,0.8090,-1,-1,-1
1024,63,903.06,946.20,66.95,133.67,0.7228,-1,-1,-1
1024,64,1574.88,587.77,103.19,239.11,0.6002,-1,-1,-1
1024,68,842.97,271.92,62.00,193.67,0.6217,-1,-1,-1
1024,69,927.24,256.84,64.56,201.14,0.5890,-1,-1,-1
1024,66,378.23,487.39,80.54,228.80,0.5554,-1,-1,-1
1024,72,287.58,505.79,82.68,200.08,0.4660,-1,-1,-1
1024,80,1146.06,589.35,86.05,254.60,0.6898,-1,-1,-1
1024,82,1711.69,675.26,91.94,244.65,0.5934,-1,-1,-1
1024,85,1702.26,180.06,59.56,166.39,0.3551,-1,-1,-1
1024,76,491.59,298.75,66.55,193.66,0.5341,-1,-1,-1
1024,87,289.18,301.81,66.55,192.33,0.4820,-1,-1,-1
1024,88,584.03,549.75,82.18,239.81,0.4888,-1,-1,-1
1024,86,375.20,298.53,70.08,185.63,0.2281,-1,-1,-1
1025,4,1718.92,454.40,80.49,191.78,0.5432,-1,-1,-1
1025,60,360.28,926.47,98.48,152.91,0.8112,-1,-1,-1
1025,63,902.98,946.02,66.13,133.74,0.7141,-1,-1,-1
1025,64,1574.64,587.51,102.61,239.46,0.5715,-1,-1,-1
1025,68,842.83,269.02,61.98,195.15,0.6655,-1,-1,-1
1025,69,929.56,256.93,61.94,203.28,0.5804,-1,-1,-1
1025,66,377.96,488.45,79.32,231.45,0.5165,-1,-1,-1
1025,72,286.59,506.59,82.63,199.01,0.4788,-1,-1,-1
1025,80,1144.14,588.16,88.03,254.37,0.6883,-1,-1,-1
1025,82,1710.85,677.25,89.04,242.72,0.6034,-1,-1,-1
1025,85,1700.48,181.55,61.70,171.21,0.3619,-1,-1,-1
1025,76,492.14,300.22,66.32,194.66,0.5058,-1,-1,-1
1025,87,288.20,302.87,66.88,193.29,0.4812,-1,-1,-1
1025,88,584.22,547.56,79.79,241.81,0.4628,-1,-1,-1
1025,86,371.84,301.60,71.55,164.74,0.2163,-1,-1,-1
1026,4,1718.92,454.19,80.51,190.48,0.5662,-1,-1,-1
1026,60,361.77,928.22,97.41,150.96,0.8078,-1,-1,-1
1026,63,902.32,945.77,66.36,134.01,0.7178,-1,-1,-1
1026,64,1575.73,588.52,101.79,238.63,0.6186,-1,-1,-1
1026,68,843.49,267.32,61.48,191.52,0.6341,-1,-1,-1
1026,69,931.72,256.51,60.11,203.80,0.5998,-1,-1,-1
1026,66,377.75,490.99,77.75,232.17,0.5377,-1,-1,-1
1026,72,287.84,505.15,80.96,199.69,0.4842,-1,-1,-1
1026,80,1143.23,587.84,87.58,251.52,0.6915,-1,-1,-1
1026,82,1710.16,681.57,85.56,239.66,0.6238,-1,-1,-1
1026,85,1699.00,183.93,64.46,174.68,0.3747,-1,-1,-1
1026,76,492.52,300.69,66.75,195.51,0.5993,-1,-1,-1
1026,87,288.33,304.16,66.78,194.07,0.4594,-1,-1,-1
1026,88,584.84,546.79,77.47,242.05,0.4335,-1,-1,-1
1026,86,371.36,301.09,70.25,182.79,0.4350,-1,-1,-1
1027,4,1719.04,454.55,81.20,189.72,0.5376,-1,-1,-1
1027,60,363.65,930.06,96.97,148.83,0.8123,-1,-1,-1
1027,63,902.34,945.76,64.97,133.85,0.7182,-1,-1,-1
1027,64,1575.40,589.15,102.54,238.19,0.6724,-1,-1,-1
1027,68,844.78,265.51,59.95,189.02,0.6331,-1,-1,-1
1027,69,933.51,256.18,58.45,205.02,0.5790,-1,-1,-1
1027,66,376.89,493.48,75.09,232.60,0.5659,-1,-1,-1
1027,72,290.21,505.43,77.87,199.51,0.5616,-1,-1,-1
1027,80,1142.22,587.71,86.80,252.15,0.7253,-1,-1,-1
1027,82,1706.55,675.81,84.31,242.14,0.5735,-1,-1,-1
1027,85,1698.47,187.04,66.26,175.20,0.3429,-1,-1,-1
1027,76,493.06,302.12,66.32,194.54,0.6046,-1,-1,-1
1027,87,289.15,306.14,65.93,193.46,0.4444,-1,-1,-1
1027,88,584.83,546.77,73.65,242.45,0.4400,-1,-1,-1
1027,86,370.26,302.25,70.15,189.66,0.5205,-1,-1,-1
1028,4,1718.06,456.66,82.20,197.38,0.5754,-1,-1,-1
1028,60,365.11,931.98,96.23,147.10,0.8204,-1,-1,-1
1028,63,902.29,945.67,64.43,134.20,0.7132,-1,-1,-1
1028,64,1575.06,589.25,102.37,238.20,0.6739,-1,-1,-1
1028,68,845.84,263.14,59.38,188.27,0.6017,-1,-1,-1
1028,69,935.28,255.92,58.03,200.55,0.5855,-1,-1,-1
1028,66,375.69,496.41,76.16,231.19,0.5986,-1,-1,-1
1028,72,294.17,508.59,73.05,197.48,0.5645,-1,-1,-1
1028,80,1141.32,586.71,85.50,249.90,0.7230,-1,-1,-1
1028,82,1705.33,664.15,82.54,251.24,0.5206,-1,-1,-1
1028,85,1698.60,190.40,66.34,173.12,0.3505,-1,-1,-1
1028,76,494.90,303.55,64.35,192.99,0.5128,-1,-1,-1
1028,87,289.29,308.10,64.35,192.92,0.4424,-1,-1,-1
1028,88,585.41,546.42,71.06,242.97,0.4768,-1,-1,-1
1028,86,369.89,305.54,70.18,190.67,0.5330,-1,-1,-1
1029,4,1717.90,458.31,83.32,199.81,0.5829,-1,-1,-1
1029,60,367.21,933.18,95.31,145.57,0.8127,-1,-1,-1
1029,63,901.82,945.41,63.80,134.54,0.6992,-1,-1,-1
1029,64,1574.49,589.52,102.83,237.93,0.6889,-1,-1,-1
1029,68,847.11,261.72,58.69,189.08,0.5968,-1,-1,-1
1029,69,936.31,255.37,58.31,201.49,0.6222,-1,-1,-1
1029,66,374.99,499.25,76.92,229.12,0.6167,-1,-1,-1
1029,72,294.82,511.55,71.36,197.27,0.5983,-1,-1,-1
1029,80,1140.94,585.83,82.89,249.18,0.7396,-1,-1,-1
1029,82,1703.01,647.48,82.74,266.38,0.4042,-1,-1,-1
1029,85,1699.15,192.72,66.29,170.65,0.3557,-1,-1,-1
1029,76,494.25,304.60,64.60,191.84,0.5335,-1,-1,-1
1029,87,289.90,310.54,62.91,192.73,0.3668,-1,-1,-1
1029,88,586.11,545.65,66.57,244.18,0.5003,-1,-1,-1
1029,86,370.03,307.32,68.63,192.60,0.5066,-1,-1,-1
1030,4,1717.83,458.18,83.00,201.19,0.5789,-1,-1,-1
1030,60,368.22,935.65,95.22,142.93,0.8003,-1,-1,-1
1030,63,901.49,945.09,62.53,134.90,0.7172,-1,-1,-1
1030,64,1574.16,588.74,102.08,239.13,0.6456,-1,-1,-1
1030,68,848.03,260.78,57.52,191.35,0.5868,-1,-1,-1
1030,69,936.75,254.44,58.80,200.65,0.5629,-1,-1,-1
1030,66,373.79,500.84,73.49,227.71,0.6121,-1,-1,-1
1030,72,294.90,512.25,71.15,200.76,0.6499,-1,-1,-1
1030,80,1140.42,584.15,80.33,249.27,0.7755,-1,-1,-1
1030,82,1701.66,641.09,83.07,271.80,0.4541,-1,-1,-1
1030,85,1700.06,195.62,65.45,165.00,0.3174,-1,-1,-1
1030,76,493.64,303.78,65.10,192.81,0.5339,-1,-1,-1
1030,87,291.15,311.94,62.37,190.54,0.4057,-1,-1,-1
1030,88,586.09,544.81,65.63,245.28,0.4715,-1,-1,-1
1030,86,368.84,308.60,68.80,194.10,0.5656,-1,-1,-1
1031,4,1717.80,458.48,83.05,204.02,0.6016,-1,-1,-1
1031,60,370.67,937.42,93.41,140.94,0.7951,-1,-1,-1
1031,63,900.44,944.64,61.92,135.36,0.7212,-1,-1,-1
1031,64,1573.33,589.97,102.93,237.76,0.6566,-1,-1,-1
1031,68,848.40,259.34,57.32,193.16,0.5695,-1,-1,-1
1031,69,938.14,251.68,57.90,198.27,0.5690,-1,-1,-1
1031,66,373.25,501.11,77.15,228.79,0.6373,-1,-1,-1
1031,72,294.62,513.69,70.91,207.94,0.6803,-1,-1,-1
1031,80,1139.80,579.64,78.78,248.58,0.7785,-1,-1,-1
1031,82,1689.44,637.81,93.09,276.57,0.5304,-1,-1,-1
1031,85,1700.96,197.94,64.51,163.89,0.3376,-1,-1,-1
1031,76,493.15,303.09,65.22,190.86,0.5713,-1,-1,-1
1031,87,292.37,314.02,62.46,190.50,0.4001,-1,-1,-1
1031,88,585.73,544.35,63.99,246.38,0.4737,-1,-1,-1
1031,86,367.68,309.88,69.27,194.16,0.5658,-1,-1,-1
1032,4,1717.88,458.60,82.99,206.63,0.5973,-1,-1,-1
1032,60,372.68,940.57,91.66,137.80,0.7707,-1,-1,-1
1032,63,899.74,944.18,61.15,135.83,0.7005,-1,-1,-1
1032,64,1573.43,590.22,102.03,237.63,0.6400,-1,-1,-1
1032,68,848.59,256.82,57.78,194.00,0.5800,-1,-1,-1
1032,69,939.37,249.31,56.99,195.36,0.6193,-1,-1,-1
1032,66,373.53,501.42,77.58,229.62,0.6624,-1,-1,-1
1032,72,294.72,515.75,70.95,211.64,0.6870,-1,-1,-1
1032,80,1139.24,575.86,77.55,246.45,0.7700,-1,-1,-1
1032,82,1682.53,638.84,96.69,277.12,0.4879,-1,-1,-1
1032,85,1701.48,200.10,63.55,164.36,0.3730,-1,-1,-1
1032,76,493.63,304.52,63.93,188.43,0.4874,-1,-1,-1
1032,87,292.84,315.98,64.03,190.23,0.4100,-1,-1,-1
1032,88,585.89,543.77,62.25,247.06,0.4721,-1,-1,-1
1032,86,366.69,311.01,69.48,193.92,0.5062,-1,-1,-1
1033,4,1718.20,458.52,82.37,207.05,0.5883,-1,-1,-1
1033,60,373.51,943.58,91.60,134.27,0.7609,-1,-1,-1
1033,63,898.97,944.00,60.11,136.02,0.6957,-1,-1,-1
1033,64,1574.27,591.29,99.91,236.95,0.6251,-1,-1,-1
1033,68,848.30,255.61,58.58,194.91,0.5529,-1,-1,-1
1033,69,940.15,247.48,57.86,194.64,0.6342,-1,-1,-1
1033,66,373.03,502.05,77.60,229.13,0.6444,-1,-1,-1
1033,72,294.38,517.77,71.13,213.35,0.6682,-1,-1,-1
1033,80,1138.97,572.72,76.51,243.30,0.7704,-1,-1,-1
1033,82,1677.27,637.66,99.73,279.39,0.5392,-1,-1,-1
1033,85,1701.59,200.96,63.23,162.94,0.2968,-1,-1,-1
1033,76,492.74,305.98,64.41,189.53,0.4657,-1,-1,-1
1033,87,293.11,317.51,64.88,190.48,0.3547,-1,-1,-1
1033,88,585.53,542.54,61.17,241.09,0.4312,-1,-1,-1
1033,86,365.62,311.89,69.89,193.28,0.5323,-1,-1,-1
1034,4,1717.62,458.03,82.47,206.73,0.5860,-1,-1,-1
1034,60,375.89,946.98,89.29,131.46,0.7546,-1,-1,-1
1034,63,897.64,943.73,60.48,136.28,0.7088,-1,-1,-1
1034,64,1573.95,593.98,100.46,233.59,0.5893,-1,-1,-1
1034,68,848.14,255.49,59.44,194.49,0.5586,-1,-1,-1
1034,69,940.38,244.99,57.79,194.98,0.6028,-1,-1,-1
1034,66,372.55,503.34,75.15,227.72,0.6248,-1,-1,-1
1034,72,294.08,520.39,72.36,213.38,0.6706,-1,-1,-1
1034,80,1139.48,569.44,75.02,242.58,0.7689,-1,-1,-1
1034,82,1674.76,636.83,100.32,280.45,0.5390,-1,-1,-1
1034,85,1702.20,201.77,63.46,159.40,0.2693,-1,-1,-1
1034,76,490.54,307.70,65.72,191.58,0.4868,-1,-1,-1
1034,87,294.06,319.12,65.49,190.03,0.3831,-1,-1,-1
1034,88,585.17,541.65,59.36,246.21,0.4507,-1,-1,-1
1034,86,365.34,312.68,69.43,193.87,0.5747,-1,-1,-1
1035,4,1718.15,458.42,80.94,204.58,0.5954,-1,-1,-1
1035,60,377.71,950.25,88.73,128.80,0.7439,-1,-1,-1
1035,63,896.85,942.98,59.81,136.91,0.7050,-1,-1,-1
1035,64,1573.14,594.22,100.40,233.03,0.6064,-1,-1,-1
1035,68,848.58,254.81,59.08,194.42,0.5658,-1,-1,-1
1035,69,940.26,242.99,58.49,196.63,0.6454,-1,-1,-1
1035,66,371.89,504.24,76.52,225.40,0.6205,-1,-1,-1
1035,72,292.05,522.90,77.36,212.44,0.6423,-1,-1,-1
1035,80,1138.59,567.70,75.32,241.65,0.7608,-1,-1,-1
1035,82,1674.63,635.01,95.22,280.80,0.6025,-1,-1,-1
1035,85,1703.77,202.17,62.33,155.56,0.2789,-1,-1,-1
1035,76,489.24,310.64,66.95,192.62,0.4538,-1,-1,-1
1035,87,294.55,320.55,65.56,188.61,0.4262,-1,-1,-1
1035,88,585.21,540.63,58.91,248.92,0.4085,-1,-1,-1
1035,86,365.55,312.88,68.92,195.05,0.5552,-1,-1,-1
1036,4,1718.61,459.94,80.46,203.08,0.5843,-1,-1,-1
1036,60,379.94,953.50,88.57,126.23,0.7318,-1,-1,-1
1036,63,895.77,941.86,59.58,138.12,0.7197,-1,-1,-1
1036,64,1573.38,595.09,99.64,232.35,0.6052,-1,-1,-1
1036,68,849.43,254.08,58.19,195.18,0.5764,-1,-1,-1
1036,69,940.17,241.16,58.03,197.20,0.6593,-1,-1,-1
1036,66,371.35,504.64,77.12,224.62,0.6312,-1,-1,-1
1036,72,291.90,525.38,77.94,210.50,0.5832,-1,-1,-1
1036,80,1137.82,565.83,75.08,244.93,0.7363,-1,-1,-1
1036,82,1674.80,633.36,91.03,281.88,0.6312,-1,-1,-1
1036,85,1704.49,203.38,62.94,156.27,0.2965,-1,-1,-1
1036,76,488.83,310.00,68.08,194.89,0.4482,-1,-1,-1
1036,87,293.86,320.73,67.12,190.67,0.4074,-1,-1,-1
1036,88,585.06,541.16,59.09,249.33,0.4099,-1,-1,-1
1036,86,364.76,314.37,68.91,187.73,0.3822,-1,-1,-1
1036,81,1275.70,180.55,58.91,140.73,0.3393,-1,-1,-1
1037,4,1718.73,460.12,79.92,202.92,0.6306,-1,-1,-1
1037,60,383.01,956.29,87.86,123.66,0.7571,-1,-1,-1
1037,63,895.45,940.76,58.29,139.23,0.7297,-1,-1,-1
1037,64,1573.06,595.38,98.93,231.82,0.6303,-1,-1,-1
1037,68,849.58,252.81,58.52,195.98,0.5738,-1,-1,-1
1037,69,940.35,240.42,57.91,197.74,0.6871,-1,-1,-1
1037,66,370.96,505.41,78.70,223.07,0.6695,-1,-1,-1
1037,72,288.74,527.59,81.06,208.38,0.5521,-1,-1,-1
1037,80,1136.80,563.83,75.33,247.68,0.7501,-1,-1,-1
1037,82,1674.00,631.24,88.56,281.47,0.6190,-1,-1,-1
1037,85,1706.58,203.70,61.69,159.28,0.4035,-1,-1,-1
1037,76,488.61,310.89,70.01,195.65,0.4498,-1,-1,-1
1037,87,293.17,321.47,67.73,189.12,0.4185,-1,-1,-1
1037,88,586.26,540.11,57.22,251.14,0.4473,-1,-1,-1
1037,86,363.38,318.19,71.16,166.89,0.3062,-1,-1,-1
1037,81,1275.94,180.49,58.89,142.13,0.3306,-1,-1,-1
1038,4,1718.96,460.43,79.46,202.06,0.6306,-1,-1,-1
1038,60,384.96,958.85,89.36,121.24,0.7811,-1,-1,-1
1038,63,894.07,939.24,57.76,140.80,0.7230,-1,-1,-1
1038,64,1573.34,595.34,98.11,231.79,0.6315,-1,-1,-1
1038,68,849.63,251.83,59.29,196.50,0.5640,-1,-1,-1
1038,69,940.38,239.66,57.50,198.60,0.6838,-1,-1,-1
1038,66,370.94,505.80,78.73,223.06,0.6656,-1,-1,-1
1038,72,294.64,530.70,72.73,205.21,0.4906,-1,-1,-1
1038,80,1134.93,562.75,77.84,251.60,0.7535,-1,-1,-1
1038,82,1670.32,630.53,91.67,280.86,0.6218,-1,-1,-1
1038,85,1709.01,204.40,59.97,161.28,0.3250,-1,-1,-1
1038,76,488.53,313.01,70.37,195.99,0.4431,-1,-1,-1
1038,87,294.19,322.09,64.57,188.05,0.3780,-1,-1,-1
1038,88,586.66,539.57,57.07,251.79,0.4576,-1,-1,-1
1038,86,362.28,319.61,73.67,160.29,0.3117,-1,-1,-1
1038,81,1277.04,183.60,59.14,138.94,0.2082,-1,-1,-1
1039,4,1718.89,460.19,79.20,203.32,0.6355,-1,-1,-1
1039,60,388.38,959.87,87.93,120.15,0.7463,-1,-1,-1
1039,63,893.00,939.12,58.25,140.84,0.7283,-1,-1,-1
1039,64,1572.90,594.25,98.28,232.60,0.6042,-1,-1,-1
1039,68,850.16,251.20,59.09,195.82,0.5379,-1,-1,-1
1039,69,940.30,238.65,57.09,199.20,0.6590,-1,-1,-1
1039,66,370.78,506.37,77.86,223.05,0.6575,-1,-1,-1
1039,72,299.22,532.39,65.33,203.14,0.5366,-1,-1,-1
1039,80,1131.27,561.94,80.93,253.46,0.7656,-1,-1,-1
1039,82,1664.94,630.89,94.73,279.84,0.6260,-1,-1,-1
1039,85,1711.40,205.89,58.44,161.50,0.3328,-1,-1,-1
1039,76,488.04,314.45,68.85,197.04,0.4420,-1,-1,-1
1039,87,294.00,322.25,64.38,188.26,0.3929,-1,-1,-1
1039,88,587.14,539.13,56.46,252.43,0.4550,-1,-1,-1
1039,86,360.94,319.47,76.04,157.24,0.3404,-1,-1,-1
1039,81,1280.37,191.83,53.75,129.76,0.1640,-1,-1,-1
1040,4,1719.11,459.93,78.67,204.43,0.6543,-1,-1,-1
1040,60,391.45,961.63,87.53,118.42,0.7246,-1,-1,-1
1040,63,891.60,938.61,58.89,141.38,0.7288,-1,-1,-1
1040,64,1572.71,595.33,98.49,231.23,0.6023,-1,-1,-1
1040,68,850.89,249.30,59.46,193.85,0.5334,-1,-1,-1
1040,69,939.79,238.07,57.45,199.33,0.6256,-1,-1,-1
1040,66,371.01,507.85,78.88,224.69,0.6861,-1,-1,-1
1040,72,301.04,535.25,61.17,200.62,0.4556,-1,-1,-1
1040,80,1127.84,561.73,82.12,254.42,0.7764,-1,-1,-1
1040,82,1661.33,632.14,95.80,280.11,0.6287,-1,-1,-1
1040,85,1713.05,207.01,57.66,158.86,0.3708,-1,-1,-1
1040,76,487.68,318.48,67.13,195.69,0.4491,-1,-1,-1
1040,87,292.26,323.52,69.83,188.04,0.3838,-1,-1,-1
1040,88,587.76,538.67,55.78,252.38,0.4955,-1,-1,-1
1040,86,360.25,320.56,77.31,155.19,0.3175,-1,-1,-1
1041,4,1719.18,459.66,78.89,205.44,0.6579,-1,-1,-1
1041,60,394.65,963.79,88.66,116.26,0.7477,-1,-1,-1
1041,63,889.61,938.32,57.82,141.69,0.7128,-1,-1,-1
1041,64,1572.78,594.29,99.11,231.76,0.6039,-1,-1,-1
1041,68,850.50,247.41,61.03,191.51,0.5408,-1,-1,-1
1041,69,939.76,237.33,57.70,200.10,0.6497,-1,-1,-1
1041,66,371.31,509.91,78.79,226.41,0.6520,-1,-1,-1
1041,72,302.35,535.55,58.87,199.61,0.4483,-1,-1,-1
1041,80,1126.06,560.65,83.65,253.57,0.7933,-1,-1,-1
1041,82,1660.19,634.36,93.69,277.56,0.5464,-1,-1,-1
1041,85,1713.89,208.84,57.99,155.58,0.3555,-1,-1,-1
1041,76,486.77,322.37,66.15,192.90,0.4601,-1,-1,-1
1041,87,291.92,324.56,72.39,186.44,0.4103,-1,-1,-1
1041,88,588.20,538.62,55.65,253.65,0.4993,-1,-1,-1
1041,86,360.59,321.06,76.86,155.06,0.2579,-1,-1,-1
1042,4,1719.43,460.21,77.75,205.53,0.6196,-1,-1,-1
1042,60,396.82,964.95,91.61,114.99,0.7534,-1,-1,-1
1042,63,887.72,937.75,57.69,142.23,0.7262,-1,-1,-1
1042,64,1572.67,592.90,99.64,232.32,0.5841,-1,-1,-1
1042,68,850.71,244.88,62.44,188.88,0.5138,-1,-1,-1
1042,69,940.23,237.22,57.59,200.04,0.6357,-1,-1,-1
1042,66,371.38,510.45,79.45,229.41,0.6636,-1,-1,-1
1042,72,301.32,536.52,58.30,196.58,0.3848,-1,-1,-1
1042,80,1125.09,559.53,83.57,251.15,0.7840,-1,-1,-1
1042,82,1658.40,636.47,93.34,274.62,0.5480,-1,-1,-1
1042,85,1715.36,210.72,57.01,154.23,0.2810,-1,-1,-1
1042,76,486.87,324.91,64.53,190.70,0.4336,-1,-1,-1
1042,87,291.53,325.43,73.34,187.18,0.3874,-1,-1,-1
1042,88,588.18,538.64,56.09,252.81,0.4916,-1,-1,-1
1042,86,360.53,322.45,76.19,155.17,0.2777,-1,-1,-1
1043,4,1719.65,459.13,77.55,207.19,0.6047,-1,-1,-1
1043,60,397.75,966.27,94.25,113.70,0.7561,-1,-1,-1
1043,63,886.02,937.45,58.44,142.51,0.7179,-1,-1,-1
1043,64,1571.81,592.96,101.25,231.95,0.5415,-1,-1,-1
1043,68,850.46,242.18,63.73,189.75,0.5041,-1,-1,-1
1043,69,940.93,236.95,56.71,199.63,0.6315,-1,-1,-1
1043,66,371.50,511.40,80.06,231.45,0.6772,-1,-1,-1
1043,72,301.49,536.43,58.36,196.43,0.3843,-1,-1,-1
1043,80,1123.55,558.77,83.68,248.70,0.7816,-1,-1,-1
1043,82,1659.64,639.20,90.48,272.68,0.4611,-1,-1,-1
1043,85,1717.43,212.91,55.61,155.05,0.2818,-1,-1,-1
1043,76,484.81,325.26,65.08,190.20,0.4368,-1,-1,-1
1043,87,291.55,326.00,72.35,192.35,0.3637,-1,-1,-1
1043,88,588.53,538.23,55.55,252.89,0.5036,-1,-1,-1
1043,86,359.13,323.89,75.75,153.34,0.3147,-1,-1,-1
1044,4,1719.52,459.12,77.14,207.57,0.6035,-1,-1,-1
1044,60,398.90,968.21,96.36,111.83,0.7457,-1,-1,-1
1044,63,884.34,937.36,58.79,142.64,0.7012,-1,-1,-1
1044,64,1571.30,590.75,103.17,233.26,0.4594,-1,-1,-1
1044,68,851.04,240.26,64.13,189.64,0.4886,-1,-1,-1
1044,69,941.33,236.32,56.03,199.30,0.6268,-1,-1,-1
1044,66,372.27,513.98,78.87,233.24,0.6526,-1,-1,-1
1044,72,286.60,534.67,75.46,199.58,0.3495,-1,-1,-1
1044,80,1122.40,557.34,82.38,248.18,0.7760,-1,-1,-1
1044,82,1657.19,641.15,93.24,273.57,0.5208,-1,-1,-1
1044,85,1717.53,213.68,56.93,161.17,0.2924,-1,-1,-1
1044,76,484.77,325.03,65.26,191.16,0.4434,-1,-1,-1
1044,87,290.69,325.84,71.02,199.13,0.4063,-1,-1,-1
1044,88,588.53,538.56,56.15,252.41,0.4969,-1,-1,-1
1044,86,355.24,323.43,82.25,186.68,0.3863,-1,-1,-1
1045,4,1719.53,460.56,76.86,206.94,0.6023,-1,-1,-1
1045,60,399.31,969.12,100.20,110.93,0.7486,-1,-1,-1
1045,63,883.69,937.15,59.78,142.88,0.7089,-1,-1,-1
1045,64,1570.84,591.92,103.82,231.83,0.4730,-1,-1,-1
1045,68,851.53,238.69,64.06,191.38,0.5564,-1,-1,-1
1045,69,941.40,235.13,55.71,199.61,0.6048,-1,-1,-1
1045,66,372.80,516.81,79.18,233.20,0.6510,-1,-1,-1
1045,72,294.03,537.23,67.63,199.01,0.4012,-1,-1,-1
1045,80,1120.26,554.90,82.69,249.47,0.7755,-1,-1,-1
1045,82,1652.37,642.29,95.99,272.41,0.5492,-1,-1,-1
1045,85,1718.33,214.69,57.11,163.87,0.3118,-1,-1,-1
1045,76,483.69,325.30,65.47,191.19,0.4035,-1,-1,-1
1045,87,290.16,325.99,69.91,201.24,0.4342,-1,-1,-1
1045,88,588.70,538.23,55.54,252.83,0.4990,-1,-1,-1
1045,86,354.04,323.97,82.41,200.24,0.5335,-1,-1,-1
1046,4,1718.86,460.95,77.22,206.64,0.6028,-1,-1,-1
1046,60,400.20,971.00,102.57,109.08,0.7447,-1,-1,-1
1046,63,882.25,936.27,59.47,143.77,0.6691,-1,-1,-1
1046,64,1573.77,592.68,101.68,231.59,0.4335,-1,-1,-1
1046,68,851.17,238.08,64.63,191.91,0.5474,-1,-1,-1
1046,69,941.31,234.30,54.96,200.10,0.5947,-1,-1,-1
1046,66,373.66,519.59,76.94,233.84,0.6336,-1,-1,-1
1046,72,286.88,537.61,75.08,204.22,0.4970,-1,-1,-1
1046,80,1119.74,553.37,81.58,247.60,0.7771,-1,-1,-1
1046,82,1651.28,643.32,95.28,270.75,0.5412,-1,-1,-1
1046,85,1719.94,215.83,57.14,165.77,0.2711,-1,-1,-1
1046,76,482.84,325.07,66.66,191.54,0.4164,-1,-1,-1
1046,87,290.59,327.55,67.68,202.24,0.4214,-1,-1,-1
1046,88,588.94,538.73,55.16,252.16,0.4662,-1,-1,-1
1046,86,351.20,326.35,82.49,205.26,0.5152,-1,-1,-1
1047,4,1718.29,462.19,77.47,205.34,0.6161,-1,-1,-1
1047,60,400.81,973.79,105.03,106.25,0.7392,-1,-1,-1
1047,63,881.26,935.96,59.82,144.06,0.6669,-1,-1,-1
1047,64,1574.08,591.50,100.97,232.81,0.3963,-1,-1,-1
1047,68,850.28,235.83,67.26,193.94,0.5415,-1,-1,-1
1047,69,939.78,233.27,55.74,199.99,0.5753,-1,-1,-1
1047,66,373.56,521.99,77.19,233.13,0.6460,-1,-1,-1
1047,72,280.11,539.37,81.80,208.62,0.5357,-1,-1,-1
1047,80,1118.85,551.20,81.27,248.68,0.7551,-1,-1,-1
1047,82,1652.97,648.99,91.78,264.08,0.6156,-1,-1,-1
1047,85,1722.01,216.53,56.61,164.68,0.2743,-1,-1,-1
1047,76,482.43,326.37,66.58,189.80,0.4613,-1,-1,-1
1047,87,289.29,331.56,66.91,200.93,0.4333,-1,-1,-1
1047,88,588.65,538.51,56.26,252.91,0.4661,-1,-1,-1
1047,86,349.76,328.72,81.77,207.18,0.5400,-1,-1,-1
1048,4,1718.87,462.07,76.72,205.30,0.5861,-1,-1,-1
1048,60,402.56,977.11,106.41,102.92,0.7364,-1,-1,-1
1048,63,880.98,935.26,59.51,144.74,0.6471,-1,-1,-1
1048,64,1574.94,590.70,100.15,233.42,0.3946,-1,-1,-1
1048,68,850.52,234.81,68.20,194.48,0.5538,-1,-1,-1
1048,69,939.34,231.35,55.22,194.54,0.5807,-1,-1,-1
1048,66,373.03,522.63,77.23,232.81,0.6372,-1,-1,-1
1048,72,276.25,541.33,85.15,211.73,0.5875,-1,-1,-1
1048,80,1117.67,548.08,81.42,246.65,0.7448,-1,-1,-1
1048,82,1651.04,651.64,91.63,260.11,0.6472,-1,-1,-1
1048,85,1723.54,218.40,55.98,155.22,0.2610,-1,-1,-1
1048,76,481.69,326.63,66.77,190.67,0.4613,-1,-1,-1
1048,87,288.56,334.08,65.83,200.31,0.3921,-1,-1,-1
1048,88,588.24,538.66,57.29,253.29,0.4505,-1,-1,-1
1048,86,348.79,330.29,81.03,206.45,0.4543,-1,-1,-1
1049,4,1718.73,462.22,76.94,205.87,0.6214,-1,-1,-1
1049,60,403.80,979.56,107.53,100.46,0.7478,-1,-1,-1
1049,63,879.94,934.19,60.34,145.80,0.6695,-1,-1,-1
1049,64,1573.39,592.53,100.21,232.16,0.4402,-1,-1,-1
1049,68,851.13,234.58,68.36,194.15,0.5667,-1,-1,-1
1049,69,938.48,229.59,55.75,192.42,0.6106,-1,-1,-1
1049,66,372.43,523.88,77.07,231.51,0.6468,-1,-1,-1
1049,72,277.33,543.75,83.48,211.86,0.5539,-1,-1,-1
1049,80,1117.41,545.33,78.85,243.76,0.7429,-1,-1,-1
1049,82,1650.11,649.94,91.07,260.98,0.6961,-1,-1,-1
1049,85,1725.47,217.90,54.15,161.60,0.2468,-1,-1,-1
1049,76,479.96,326.56,68.52,192.21,0.5068,-1,-1,-1
1049,87,287.16,334.97,64.79,200.66,0.3944,-1,-1,-1
1049,88,588.10,538.02,57.18,253.48,0.4953,-1,-1,-1
1049,86,346.47,330.93,82.69,206.84,0.4497,-1,-1,-1
1050,4,1718.43,461.54,77.51,206.61,0.6452,-1,-1,-1
1050,60,406.86,982.73,106.26,97.31,0.7519,-1,-1,-1
1050,63,879.08,933.23,61.02,146.77,0.6684,-1,-1,-1
1050,64,1571.46,592.61,102.12,232.03,0.4432,-1,-1,-1
1050,68,852.35,234.34,67.19,193.92,0.5898,-1,-1,-1
1050,69,937.95,228.05,56.08,191.01,0.6084,-1,-1,-1
1050,66,372.40,524.45,77.92,230.27,0.6634,-1,-1,-1
1050,72,278.27,546.96,81.45,212.04,0.6139,-1,-1,-1
1050,80,1115.59,542.67,77.98,238.66,0.7530,-1,-1,-1
1050,82,1649.23,649.50,89.41,260.03,0.6887,-1,-1,-1
1050,85,1725.25,218.06,55.42,165.61,0.3082,-1,-1,-1
1050,76,479.39,327.57,68.49,194.15,0.4495,-1,-1,-1
1050,87,287.41,336.39,63.75,199.91,0.4398,-1,-1,-1
1050,88,588.14,537.95,58.05,253.71,0.5120,-1,-1,-1
1050,86,345.69,331.97,82.82,204.35,0.4348,-1,-1,-1
